contact_key,contact_id,account_id,contact_name,email,phone,date_of_birth,facebook,university,location,job_title,created_at,effective_date,end_date,is_current
9ad620ab-4821-2ddb-45b8-9cd927cb6f2a,1,0,Đặng Anh Dung,contact1@example.com,0928024248,1988,,,Bình Dương,Account Manager,2026-09-19 23:00:42,2026-09-19,,true
a319dcb4-217d-65a0-c568-11cd5563f616,2,0,Lý Thanh Bình,contact2@example.com,0922388090,1993,,,Hà Nội,Marketing Executive,2025-12-18 13:43:40,2025-12-18,,true
e623a689-5d59-cd2a-4eea-04e70ab54bde,3,0,Hoàng Gia Bình,contact3@example.com,0959555330,1989,,,Hải Phòng,Business Analyst,2025-06-15 20:35:00,2025-06-15,,true
dd56cc94-3c9a-d14c-ee0c-aeb5ecfedb99,4,0,Phạm Quốc Tâm,contact4@example.com,0964543049,,,,Bình Dương,Business Analyst,2025-02-10 18:13:43,2025-02-10,,true
33173470-38f1-6a81-787f-2425dbccc477,5,0,Bùi Hải Vy,contact5@example.com,0943308443,1988,,,Hải Phòng,Marketing Executive,2025-07-01 20:01:11,2025-07-01,,true
59e4b671-4774-bc58-c5f8-bc16f7860b50,6,0,Vũ Ngọc An,contact6@example.com,0998588154,1995,,,Đà Nẵng,Data Analyst,2026-04-17 18:19:52,2026-04-17,,true
6fb78271-504d-281f-c953-5b63ba81edd9,7,0,Võ Minh Thảo,contact7@example.com,0945630292,2004,,,Hải Phòng,Brand Manager,2026-02-14 17:01:07,2026-02-14,,true
f2e9702d-11e9-cdaa-6e69-81a35d3d9e56,8,0,Võ Văn Yến,contact8@example.com,0968526649,2002,,,Bình Dương,Sales Executive,2026-06-08 10:24:57,2026-06-08,,true
6ba25efe-311c-6eb6-2095-eef68dedf9fb,9,0,Đặng Gia Linh,contact9@example.com,0999508850,1997,,,Bình Dương,Student,2025-12-05 17:42:54,2025-12-05,,true
acf5e81e-7131-6269-7118-e36477097749,10,0,Nguyễn Thanh Linh,contact10@example.com,0938210242,2003,,,Cần Thơ,Brand Manager,2026-01-24 12:39:36,2026-01-24,,true
79a28903-fbe3-3b24-3eae-00320bd4a990,11,0,Bùi Thị Khoa,contact11@example.com,0951663795,1991,,,TP. Hồ Chí Minh,Marketing Executive,2026-04-30 12:42:05,2026-04-30,,true
f53d4330-cdda-24ba-2d06-e8cf3805f907,12,0,Hồ Ngọc Giang,contact12@example.com,0998054615,1988,,,Huế,Product Owner,2025-03-16 13:45:44,2025-03-16,,true
714c7df4-e434-7d51-c158-1092f335cba3,13,0,Phạm Thu Giang,contact13@example.com,0972363359,2002,,,Cần Thơ,Brand Manager,2026-04-21 08:35:15,2026-04-21,,true
7c0e8cd8-8573-e793-c715-b2b9c40c5d91,14,0,Huỳnh Thu Phúc,contact14@example.com,0944788100,,,,Huế,Student,2026-06-01 20:53:58,2026-06-01,,true
36c59dac-b4d7-e28e-271e-3ee2b1a6b1f1,15,0,Võ Quốc Long,contact15@example.com,0982498004,1989,,,TP. Hồ Chí Minh,Product Owner,2025-10-09 21:04:45,2025-10-09,,true
f1578470-0182-67c4-7a1b-58066160a6b4,16,0,Hồ Bảo Yến,contact16@example.com,0912621534,,,,Huế,,2026-02-20 20:03:13,2026-02-20,,true
67814c1f-cc53-0e36-addc-3e13ab3b4d37,17,0,Vũ Thu Khoa,contact17@example.com,0946632757,1985,,,Hải Phòng,Brand Manager,2026-02-04 20:34:47,2026-02-04,,true
362f5e5c-53cd-6268-610c-f37342999aa4,18,26,Nguyễn Thị Tuấn,contact18@example.com,0967527432,1999,,,TP. Hồ Chí Minh,Marketing Executive,2026-04-24 11:39:34,2026-04-24,,true
c7fee39f-1190-f938-a66f-d7f739669fa7,19,0,Ngô Thanh Châu,contact19@example.com,0973123515,2002,,,Hà Nội,Brand Manager,2025-12-12 19:17:48,2025-12-12,,true
5e6fea07-c453-6f1d-4199-2fdfb31022f0,20,0,Hoàng Ngọc Giang,contact20@example.com,0973560289,2003,,,TP. Hồ Chí Minh,Founder,2025-02-11 07:15:12,2025-02-11,,true
32c5bd89-b70b-3420-f104-3785658b2523,21,0,Đặng Thị Thảo,contact21@example.com,0913446499,,,,Cần Thơ,Product Owner,2026-09-14 10:49:52,2026-09-14,,true
d284476c-6b88-f83d-d97d-c9cd033d2bce,22,0,Đỗ Gia Nhi,contact22@example.com,0998787891,2001,,,Bình Dương,Brand Manager,2025-09-04 10:50:36,2025-09-04,,true
c64ee6e3-89c5-b31a-eb6c-1016cee624d0,23,0,Hoàng Hải Hà,contact23@example.com,0980027662,,,,Đà Nẵng,,2026-03-20 18:40:57,2026-03-20,,true
0758e201-561e-16d1-6105-716bab0e664e,24,0,Lê Thanh Phúc,contact24@example.com,0942730796,,,,Cần Thơ,,2026-03-23 15:20:54,2026-03-23,,true
8e200724-7d13-7018-680b-ac63b856d035,25,0,Võ Gia An,contact25@example.com,0979340535,,,,Hà Nội,Sales Executive,2025-11-28 18:51:16,2025-11-28,,true
6cedd15d-5800-7c02-87ea-7ff58db06746,26,19,Vũ Hải Yến,contact26@example.com,0942655866,2003,,,Đà Nẵng,Founder,2026-05-03 22:28:50,2026-05-03,,true
7bf47042-bd15-31c8-3764-fbda3108d448,27,0,Phan Quốc Dung,contact27@example.com,0981922443,,,,Bình Dương,Business Analyst,2026-07-16 15:19:16,2026-07-16,,true
f96b648a-0ba6-eab9-4639-447b2067bdac,28,0,Phan Thanh Khoa,contact28@example.com,0958436637,1985,,,Bình Dương,Account Manager,2026-08-27 23:38:18,2026-08-27,,true
f0e98b3b-40a2-6c60-0d27-0659f72ada9b,29,0,Phạm Văn Thảo,contact29@example.com,0948163378,1999,,,Đà Nẵng,Business Analyst,2025-10-27 11:40:55,2025-10-27,,true
6a8a616f-c3b2-90d0-8edd-dfcd1e52d770,30,0,Trần Minh Giang,contact30@example.com,0985543051,,,,Hà Nội,Sales Executive,2025-04-27 19:31:04,2025-04-27,,true
a911d192-43bf-d931-3605-bf54a021c0ca,31,0,Ngô Thanh Thảo,contact31@example.com,0993352876,1988,,,Huế,Sales Executive,2026-09-24 21:58:28,2026-09-24,,true
dc0f2fcf-b3f6-fe0d-4860-3b32b4fb0eb9,32,0,Ngô Thu Yến,contact32@example.com,0989699989,1986,,,TP. Hồ Chí Minh,Student,2025-09-03 12:35:04,2025-09-03,,true
cae9b4a7-2a79-ea68-0f44-704f1247ea4e,33,0,Phan Hải Dung,contact33@example.com,0983089925,1989,,,Đà Nẵng,Business Analyst,2025-08-28 15:50:50,2025-08-28,,true
bc0a6a5d-6e99-6e3e-e3b1-37fc0a3450fc,34,0,Đặng Hải Lan,contact34@example.com,0977172238,1999,,,Hà Nội,,2026-08-06 16:28:07,2026-08-06,,true
7de1bdfe-d072-5b5c-a281-40446f962882,35,0,Trần Minh Quân,contact35@example.com,0979654147,1993,,,TP. Hồ Chí Minh,,2025-09-13 07:48:43,2025-09-13,,true
0964fbbf-8cd3-21b0-c2b0-1cfdd045dd1c,36,0,Phạm Minh Long,contact36@example.com,0965250068,1994,,,Bình Dương,Product Owner,2026-04-27 18:26:21,2026-04-27,,true
5c9d927d-84b8-71bb-3005-68d20de051a6,37,0,Hồ Gia An,contact37@example.com,0998269682,,,,Hải Phòng,Product Owner,2025-11-19 15:20:07,2025-11-19,,true
8d03c91e-4f8d-5238-288b-78b5b5b453ca,38,0,Hoàng Thanh Phúc,contact38@example.com,0975056916,2005,,,Cần Thơ,Sales Executive,2026-05-26 21:48:03,2026-05-26,2026-08-16,false
d7665cda-fe04-9059-3985-fb6217dc8eff,38,0,Hoàng Thanh Phúc,contact38@example.com,0975056916,2005,,,Cần Thơ,Data Analyst,2026-05-26 21:48:03,2026-08-16,,true
821c1336-9970-cf60-ebff-8d1530cbd755,39,0,Võ Hải Quân,contact39@example.com,0973380266,2002,,,TP. Hồ Chí Minh,Product Owner,2026-04-18 11:31:59,2026-04-18,,true
ffb8102d-9475-dbc9-9641-8cedd664d264,40,0,Ngô Quốc Sơn,contact40@example.com,0945859307,,,,Đà Nẵng,Student,2025-05-20 09:17:49,2025-05-20,,true
c68a152f-db23-aa8c-3bca-bf85620a60ac,41,0,Hồ Thu Long,contact41@example.com,0935320492,,,,TP. Hồ Chí Minh,,2025-06-02 21:34:30,2025-06-02,,true
1986b4b2-70b7-e868-d854-80f0dfcaf0b7,42,0,Hoàng Thu Bình,contact42@example.com,0926944487,2003,,,Đà Nẵng,Data Analyst,2025-11-22 19:24:42,2025-11-22,,true
aca2b148-da33-0aa1-541c-dfcdda0d4a5f,43,0,Hoàng Thị Quân,contact43@example.com,0945570755,1997,,,Bình Dương,Data Analyst,2026-04-13 07:46:09,2026-04-13,,true
c2a79689-1933-918c-fa74-57616f18c108,44,5,Vũ Anh Vy,contact44@example.com,0948571356,,,,Bình Dương,Data Analyst,2026-01-25 22:55:34,2026-01-25,,true
2b840c67-2e18-3554-cae2-8e66ae8a7813,45,4,Đặng Quốc Mai,contact45@example.com,0967805802,2001,,,Hải Phòng,,2025-04-13 16:57:01,2025-04-13,,true
e6b5a92c-771a-d655-cdfc-6ee0e61ede90,46,0,Hoàng Ngọc Phúc,contact46@example.com,0995618110,1993,,,Bình Dương,Marketing Executive,2026-09-17 19:39:43,2026-09-17,,true
3cb98350-1b4d-a0fe-7bb3-8605da743152,47,0,Đặng Anh Nhi,contact47@example.com,0943567615,1994,,,TP. Hồ Chí Minh,Product Owner,2026-07-14 12:04:28,2026-07-14,,true
4944051b-e726-be23-e776-b886d534ee1d,48,0,Võ Văn Thảo,contact48@example.com,0916582607,,,,Bình Dương,Founder,2026-01-03 16:01:53,2026-01-03,,true
088a93ec-70d9-c9f8-c9e2-60744f1639a0,49,0,Võ Anh Vy,contact49@example.com,0928358198,2005,,,Bình Dương,Marketing Executive,2025-08-24 18:14:40,2025-08-24,,true
d499da99-45c4-5a3e-e9da-484a80759f1f,50,0,Ngô Minh Hùng,contact50@example.com,0927738187,,,,Đà Nẵng,Account Manager,2025-05-15 09:58:18,2025-05-15,,true
8eac0a33-cdf9-74a7-d882-b5c1f79efd70,51,0,Phạm Thu Châu,contact51@example.com,0928892086,,,,TP. Hồ Chí Minh,Product Owner,2026-05-09 16:47:55,2026-05-09,,true
066803ee-78b2-b549-3bdb-c09eacc216a0,52,0,Đỗ Anh Vy,contact52@example.com,0945186708,2005,,,Đà Nẵng,Data Analyst,2026-02-09 07:16:34,2026-02-09,,true
fef518a6-4dea-d645-0986-bbebf23e323d,53,0,Lê Anh Phúc,contact53@example.com,0950559278,1988,,,TP. Hồ Chí Minh,Marketing Executive,2026-07-29 17:58:39,2026-07-29,,true
687a4850-9d9b-6231-7d45-d8efd56ce8ea,54,0,Dương Quốc Vy,contact54@example.com,0982503409,1989,,,Hải Phòng,Data Analyst,2025-04-10 14:56:34,2025-04-10,,true
5bd20c98-a513-5ea0-fa53-e34de6d5901d,55,0,Dương Ngọc Mai,contact55@example.com,0923335151,,,,Đà Nẵng,Account Manager,2025-10-14 08:44:23,2025-10-14,,true
c9776598-203c-8c25-fd23-5def3e5a87e3,56,0,Lê Anh Hùng,contact56@example.com,0996128115,1985,,,Hà Nội,Brand Manager,2025-10-10 13:07:54,2025-10-10,,true
1c24220e-2cab-d7e7-cc6b-66e5402adf9c,57,0,Vũ Quốc Giang,contact57@example.com,0989991301,1989,,,TP. Hồ Chí Minh,Account Manager,2025-03-12 13:37:13,2025-03-12,,true
104556e5-bee3-eb79-1d18-1ee986ad8a8c,58,0,Vũ Bảo Long,contact58@example.com,0912118101,1986,,,TP. Hồ Chí Minh,Product Owner,2025-01-27 11:00:22,2025-01-27,,true
d8e88ebb-7a9e-8eef-ffa3-61be0f9240e1,59,0,Vũ Bảo Bình,contact59@example.com,0998436473,1999,,,Bình Dương,Marketing Executive,2026-01-06 23:37:06,2026-01-06,,true
6182f347-533f-5a72-b64f-a54a8c611654,60,0,Lê Quốc Trang,contact60@example.com,0929909029,1993,,,Cần Thơ,,2025-04-21 22:45:58,2025-04-21,,true
6d4067f4-5003-2b35-1857-8bafbac7e2b9,61,0,Phan Hải Phúc,contact61@example.com,0940667888,1999,,,Hải Phòng,Product Owner,2026-06-26 10:50:44,2026-06-26,,true
f4e559e5-9622-9348-0f5a-e9d38e6e5003,62,0,Lê Thị Châu,contact62@example.com,0922513132,1996,,,Huế,Business Analyst,2025-09-19 18:09:43,2025-09-19,,true
7b70c3b8-a81f-dec3-279c-658a36760ce5,63,0,Ngô Văn Linh,contact63@example.com,0990585678,1988,,,Cần Thơ,Account Manager,2025-12-04 10:26:22,2025-12-04,,true
8e867f3c-a487-eeab-accb-461a9d132363,64,0,Võ Bảo Khoa,contact64@example.com,0967594492,,,,Huế,,2025-04-21 18:54:35,2025-04-21,2026-09-08,false
44777442-b187-53e6-d457-8ad9a867a096,64,0,Võ Bảo Khoa,contact64@example.com,0967594492,,,,Huế,Marketing Executive,2025-04-21 18:54:35,2026-09-08,,true
a2178f84-bdb0-25ff-2451-e5a411d059b2,65,0,Bùi Quốc An,contact65@example.com,0934347841,,,,Cần Thơ,Product Owner,2025-07-04 15:44:48,2025-07-04,,true
284c03d2-27d4-15b6-0d77-c5a0e222b6a6,66,0,Bùi Minh Mai,contact66@example.com,0951827259,2003,,,Cần Thơ,Data Analyst,2025-04-04 23:13:24,2025-04-04,,true
ad9fb00d-4882-d73c-1c63-45ab6e0ed1e8,67,0,Lý Bảo Phúc,contact67@example.com,0965590800,2001,,,Hà Nội,Brand Manager,2025-02-20 09:17:28,2025-02-20,,true
53ffd3a2-4a19-3501-4169-b9fcc3a00c6f,68,26,Trần Văn Hùng,contact68@example.com,0950455821,,,,Huế,Business Analyst,2026-05-14 23:42:19,2026-05-14,,true
6fac1673-0ad4-5230-bdf6-6ba5dc9c96de,69,0,Vũ Gia Tâm,contact69@example.com,0999663907,,,,Hà Nội,Product Owner,2026-05-25 20:11:08,2026-05-25,2026-07-03,false
6de59332-9364-f3d0-5024-bdc6dcb33df3,69,0,Vũ Gia Tâm,contact69@example.com,0999663907,,,,Hà Nội,Product Owner,2026-05-25 20:11:08,2026-07-03,,true
1422373f-8622-68d1-6683-e10796c044d0,70,21,Huỳnh Bảo Phúc,contact70@example.com,0958567046,1988,,,TP. Hồ Chí Minh,Product Owner,2026-03-04 16:07:25,2026-03-04,,true
d1a69d87-f54e-2019-ba35-844e59e1ac09,71,0,Lê Gia Tuấn,contact71@example.com,0925304396,1991,,,Huế,Brand Manager,2025-11-14 17:14:21,2025-11-14,,true
e1cde87f-ec95-5f87-ae5e-c36572eb7474,72,0,Lê Minh Tuấn,contact72@example.com,0976319264,2003,,,Huế,,2025-05-31 15:12:11,2025-05-31,,true
09a0a0f6-73b0-a091-7634-c1694f76e388,73,0,Dương Anh Linh,contact73@example.com,0946866075,1996,,,Cần Thơ,Data Analyst,2025-11-27 17:09:28,2025-11-27,,true
925817b7-cf50-1889-e8b7-7f7b7321bf6b,74,0,Lê Bảo Trang,contact74@example.com,0978057490,2003,,,Cần Thơ,Marketing Executive,2025-10-21 09:41:55,2025-10-21,,true
707df251-fdb1-429e-7010-ed13b526b22d,75,0,Dương Thị Long,contact75@example.com,0921318464,1990,,,Hà Nội,Sales Executive,2025-11-26 22:32:09,2025-11-26,,true
8ed6ad5e-1831-8aa3-5466-9d1910df9974,76,0,Hồ Hải Long,contact76@example.com,0990246882,2005,,,Bình Dương,Brand Manager,2026-09-17 12:23:23,2026-09-17,,true
a4bbf962-606e-0e1c-8f15-84494f40c22f,77,0,Đỗ Thanh Tuấn,contact77@example.com,0998870276,2004,,,Bình Dương,Data Analyst,2025-10-17 17:05:37,2025-10-17,,true
23377bbc-fffe-77c8-39fe-b99c31274148,78,0,Đỗ Văn Mai,contact78@example.com,0951455302,1991,,,Đà Nẵng,Founder,2025-05-11 23:05:41,2025-05-11,,true
c566aa81-b15e-54f6-d4d3-07952e4bebc4,79,0,Trần Anh Long,contact79@example.com,0992950779,1997,,,TP. Hồ Chí Minh,Business Analyst,2025-10-30 10:32:49,2025-10-30,,true
4f3949a8-3d3a-2582-88b4-f4743be79df4,80,0,Vũ Thu Trang,contact80@example.com,0948242379,,,,Huế,Founder,2025-06-19 21:02:26,2025-06-19,,true
df7d0dd7-236e-1608-9acb-394acd1f5318,81,0,Dương Thu Linh,contact81@example.com,0961254050,1998,,,TP. Hồ Chí Minh,Sales Executive,2026-04-26 13:23:43,2026-04-26,,true
38d77b9a-e916-da57-f248-23ab177a8a5f,82,0,Phạm Thanh Châu,contact82@example.com,0931516757,2001,,,TP. Hồ Chí Minh,Product Owner,2026-05-08 18:35:59,2026-05-08,,true
55d596af-a663-d2cd-b6f6-dbf1d6d441cc,83,0,Đỗ Ngọc Nam,contact83@example.com,0920952896,1985,,,Đà Nẵng,Data Analyst,2025-12-24 07:26:03,2025-12-24,,true
8c7e6f42-2646-eaf9-d5c0-244d3735262d,84,0,Hoàng Thu Phúc,contact84@example.com,0992590645,1987,,,Hà Nội,Student,2025-05-21 08:18:58,2025-05-21,,true
d6312a80-1c61-2ec2-1014-2131750565f5,85,0,Vũ Thanh Dung,contact85@example.com,0916408822,2005,,,Huế,,2026-09-16 23:27:07,2026-09-16,,true
15eacbcf-ab10-21ce-aa14-3cd82ff3cde4,86,0,Hoàng Thanh Nhi,contact86@example.com,0910209961,1992,,,Cần Thơ,Product Owner,2026-09-04 07:40:32,2026-09-04,,true
5844f9fc-114b-9547-c9dc-72b85b6a8102,87,0,Nguyễn Hải Quân,contact87@example.com,0915843091,1996,,,Đà Nẵng,Marketing Executive,2026-01-05 09:33:34,2026-01-05,,true
b74eba93-1027-5b53-2285-b2efcfbe4fe9,88,0,Bùi Anh Hà,contact88@example.com,0972360629,,,,Hải Phòng,Business Analyst,2025-04-17 17:08:02,2025-04-17,,true
30ec2796-a59b-457f-c0d7-ac73095ffa81,89,13,Trần Quốc Linh,contact89@example.com,0979173614,2002,,,Hải Phòng,Student,2026-04-14 08:18:12,2026-04-14,,true
84ef4324-cc1b-4157-ec9f-9c545e0a72ab,90,0,Ngô Hải Phúc,contact90@example.com,0961894582,1990,,,Hải Phòng,Founder,2025-02-18 17:17:07,2025-02-18,,true
b7b8c1a5-9a45-693d-7227-890e4e76833a,91,0,Huỳnh Gia Linh,contact91@example.com,0953112268,1995,,,Bình Dương,Student,2025-03-26 20:05:27,2025-03-26,,true
bff9507d-cd14-a03e-8359-9af65d01f55f,92,0,Đỗ Bảo Nhi,contact92@example.com,0946850196,1986,,,Hà Nội,Product Owner,2026-03-31 18:28:02,2026-03-31,,true
71a6014c-5f3c-44dc-5ef7-87b8f2e6195f,93,0,Đỗ Quốc Nam,contact93@example.com,0986134287,1989,,,Bình Dương,Founder,2025-01-30 08:08:04,2025-01-30,,true
4303cbc1-1e25-95b8-8fc9-c86be9ddebf5,94,0,Võ Ngọc Dung,contact94@example.com,0913478029,2000,,,Cần Thơ,Product Owner,2026-08-11 11:33:23,2026-08-11,,true
ff4c96d6-71f2-ce8f-b69f-68c3e60fd420,95,0,Lý Ngọc Dung,contact95@example.com,0928217159,,,,Hải Phòng,Business Analyst,2026-04-02 13:39:18,2026-04-02,,true
cac4d0eb-3373-730e-fc31-a5971f119c0f,96,0,Đặng Thanh Hà,contact96@example.com,0995590648,1996,,,Cần Thơ,Sales Executive,2025-11-24 18:45:04,2025-11-24,,true
b807d78a-b788-f5d1-ffe5-75f665edcfe3,97,0,Dương Gia Giang,contact97@example.com,0992134318,,,,Hà Nội,Student,2026-05-21 07:23:35,2026-05-21,,true
8d2238e6-c7bf-4fbc-d43c-dd6de0c1ff1e,98,0,Bùi Anh Châu,contact98@example.com,0970394554,2001,,,Đà Nẵng,Business Analyst,2026-02-25 20:52:36,2026-02-25,,true
84d67c4f-f0df-1684-f28e-41225894f7f1,99,0,Trần Thị Sơn,contact99@example.com,0930537388,1990,,,Đà Nẵng,Sales Executive,2025-07-06 11:27:32,2025-07-06,,true
e6e987ca-b87b-6384-9fdd-de2ea8a2b7ad,100,0,Lê Gia Tuấn,contact100@example.com,0932633927,2003,,,TP. Hồ Chí Minh,Business Analyst,2025-03-20 11:40:19,2025-03-20,,true
4a27ebf2-8baa-f744-a08d-d21be3954cb1,101,0,Võ Anh Hùng,contact101@example.com,0986790955,2005,,,Hà Nội,Founder,2026-07-31 09:02:41,2026-07-31,,true
5716dc2e-343a-da2a-76e5-ae787bf7e1d3,102,0,Hồ Thanh Phúc,contact102@example.com,0919794273,1990,,,Hải Phòng,Product Owner,2025-11-06 22:15:51,2025-11-06,,true
3f779cae-7318-b96d-4479-06121f5d988f,103,0,Hồ Minh Mai,contact103@example.com,0979119463,1995,,,TP. Hồ Chí Minh,Founder,2025-11-17 17:46:55,2025-11-17,,true
7781321e-83c5-01cb-fef7-d9ea7f8e5483,104,0,Vũ Minh Long,contact104@example.com,0987535841,1991,,,Huế,Business Analyst,2025-02-21 16:24:55,2025-02-21,,true
a77d95f1-d7c4-fe9c-e1e0-fffc98f6fd7f,105,0,Dương Ngọc Hùng,contact105@example.com,0988295121,1986,,,Đà Nẵng,Founder,2025-11-12 22:01:05,2025-11-12,,true
49e1cd13-8da0-0495-5cce-5ba931d4ee09,106,0,Võ Quốc Nam,contact106@example.com,0959115280,1986,,,Cần Thơ,Account Manager,2025-10-20 07:54:06,2025-10-20,,true
9a3b0319-32f5-7510-24ee-b4a6c14565c7,107,0,Phạm Minh Dung,contact107@example.com,0962868861,1995,,,Cần Thơ,Brand Manager,2026-06-01 21:48:35,2026-06-01,,true
2999bbef-518b-2f21-9cf2-0859ee6e2e72,108,0,Bùi Thu Sơn,contact108@example.com,0971335966,2001,,,TP. Hồ Chí Minh,Brand Manager,2026-05-28 08:02:02,2026-05-28,,true
6aa26216-fada-98f5-1c0f-0bdcac7e937c,109,0,Lý Bảo Linh,contact109@example.com,0973739005,,,,Đà Nẵng,Brand Manager,2026-09-24 16:37:21,2026-09-24,,true
25d4a0fc-6154-2765-d756-ba9cc64c9647,110,0,Vũ Văn Thảo,contact110@example.com,0974484744,2005,,,Bình Dương,,2025-01-28 22:16:41,2025-01-28,,true
35145890-84c8-6c46-2359-5fa4b4adaf89,111,0,Hoàng Hải Yến,contact111@example.com,0937365878,2004,,,Hải Phòng,Marketing Executive,2025-09-05 13:01:28,2025-09-05,,true
f5141058-3138-3975-7bf3-3a349c2dfa97,112,0,Dương Gia Long,contact112@example.com,0983319550,2005,,,Huế,Student,2026-05-05 23:24:20,2026-05-05,,true
6133a34d-8b0e-8eb1-ad37-1d9e92cf6021,113,0,Lý Quốc Quân,contact113@example.com,0956815569,1993,,,Đà Nẵng,Data Analyst,2026-07-24 16:45:13,2026-07-24,,true
33baba88-36c7-d6fa-7aa4-f052bf519362,114,0,Trần Thanh Yến,contact114@example.com,0920607151,1999,,,Bình Dương,Student,2026-02-09 18:49:51,2026-02-09,,true
548e1f6b-69ce-1e4e-19a6-92c90d700ea4,115,0,Vũ Ngọc Bình,contact115@example.com,0999903592,,,,TP. Hồ Chí Minh,Sales Executive,2025-10-05 15:08:06,2025-10-05,,true
0f25477d-a559-90e7-4910-fade52380bf2,116,0,Huỳnh Hải Tuấn,contact116@example.com,0973847325,1991,,,Huế,Student,2025-04-13 11:00:35,2025-04-13,,true
efc59738-2fb2-1e66-7ed1-7aabc9b7c9bc,117,0,Trần Minh Nhi,contact117@example.com,0933593960,,,,Hà Nội,Product Owner,2025-04-02 14:34:47,2025-04-02,,true
225aed6c-f045-8043-e3a6-8a707e710b55,118,0,Phạm Quốc Linh,contact118@example.com,0970981700,,,,Cần Thơ,Account Manager,2025-10-24 08:00:19,2025-10-24,,true
a383889a-db2c-6ac8-9c67-83932ced3c0d,119,0,Võ Minh An,contact119@example.com,0955246430,,,,Cần Thơ,Sales Executive,2026-04-24 17:10:46,2026-04-24,,true
546252e7-f43b-a052-4459-bd6ec0f63229,120,0,Hoàng Thu Long,contact120@example.com,0943292316,1997,,,TP. Hồ Chí Minh,Founder,2026-03-14 09:25:42,2026-03-14,,true
b41c504f-e346-f415-e526-7a2bec50ace4,121,0,Vũ Văn Vy,contact121@example.com,0925867870,1990,,,Hải Phòng,Account Manager,2026-08-10 07:16:41,2026-08-10,,true
e9ad0e9b-8c9a-a1e9-b3b2-63376a74dbb7,122,0,Hoàng Thu Giang,contact122@example.com,0971066203,,,,Cần Thơ,Brand Manager,2025-05-01 16:23:39,2025-05-01,,true
e723ada3-8c32-bdb2-d42a-895e0fcf601f,123,0,Lê Gia Phúc,contact123@example.com,0980890196,1987,,,Cần Thơ,Data Analyst,2026-07-05 13:48:15,2026-07-05,,true
741423b5-0e3e-25f2-cf06-71c7720b274b,124,0,Dương Thị Vy,contact124@example.com,0937568520,2000,,,Hà Nội,Account Manager,2026-08-10 11:10:20,2026-08-10,,true
6c776e95-0b98-1ccd-12b2-102d940c3503,125,0,Đặng Văn Nam,contact125@example.com,0944152669,,,,Bình Dương,Sales Executive,2026-03-02 21:36:03,2026-03-02,,true
61ea2f30-e42e-707a-fe2b-d9875fdcabbf,126,0,Lý Văn Linh,contact126@example.com,0964877191,1989,,,Huế,Product Owner,2025-03-07 08:59:57,2025-03-07,,true
390239d9-fa8d-ae42-ba54-e9202099d180,127,0,Hoàng Anh Mai,contact127@example.com,0925922674,2002,,,Hải Phòng,Account Manager,2026-01-22 19:05:43,2026-01-22,,true
b99b2b5a-e00d-a49d-effa-20023040413c,128,0,Ngô Gia Nam,contact128@example.com,0940824989,1996,,,TP. Hồ Chí Minh,Student,2025-01-24 16:29:43,2025-01-24,,true
0c760d28-df49-5037-b40a-9181ac09bdb7,129,0,Nguyễn Ngọc Hùng,contact129@example.com,0919031632,1986,,,Hải Phòng,,2025-02-02 20:39:49,2025-02-02,,true
d18183d1-ac2b-0cfc-c5c5-1060991121e7,130,0,Trần Minh Sơn,contact130@example.com,0948824283,2003,,,Đà Nẵng,,2025-02-15 14:34:13,2025-02-15,,true
8e4c3ab5-6d5d-0477-adc2-9178a0411612,131,0,Đặng Thanh Bình,contact131@example.com,0984721440,,,,Bình Dương,Business Analyst,2025-11-06 11:42:33,2025-11-06,,true
db87d29c-4cfd-0fc1-39b0-2e2ad96e684f,132,0,Ngô Hải Giang,contact132@example.com,0950250352,2002,,,Hải Phòng,Sales Executive,2025-12-19 19:50:33,2025-12-19,,true
891f6912-17ab-b863-5efe-ef4fd8ddbbc0,133,0,Hoàng Hải Khoa,contact133@example.com,0944224936,2005,,,Hà Nội,Founder,2026-04-20 08:35:26,2026-04-20,,true
553d2625-e833-4da5-de95-d6953579c143,134,0,Trần Thị Hùng,contact134@example.com,0988864147,2002,,,TP. Hồ Chí Minh,Founder,2025-07-15 08:17:24,2025-07-15,,true
61730c48-4876-9153-c688-13fe52555c75,135,0,Phạm Thu Khoa,contact135@example.com,0991121400,1997,,,TP. Hồ Chí Minh,Account Manager,2025-01-16 13:59:12,2025-01-16,,true
42c21797-0426-fcc9-255b-30e2bdc2b74b,136,0,Lý Quốc Hùng,contact136@example.com,0959755172,1986,,,Cần Thơ,Sales Executive,2026-01-01 23:56:31,2026-01-01,,true
7d1645a0-d253-d966-c36b-9a0a41e02a89,137,0,Vũ Hải Thảo,contact137@example.com,0942981324,2005,,,Bình Dương,Brand Manager,2026-08-22 20:18:09,2026-08-22,,true
d8c128e7-d6cd-3155-08a8-ac7f862138ad,138,0,Huỳnh Minh Tâm,contact138@example.com,0975540707,2002,,,Bình Dương,Marketing Executive,2026-05-18 21:10:46,2026-05-18,,true
aab07015-a342-2e50-9e2a-73240f79a8a7,139,0,Vũ Thị Yến,contact139@example.com,0930270856,2001,,,Hải Phòng,Brand Manager,2025-02-19 07:26:08,2025-02-19,,true
6e3a0ba8-ac8d-6c7d-b2a6-e468d02b1243,140,0,Nguyễn Văn Sơn,contact140@example.com,0946875077,1994,,,Hà Nội,Account Manager,2026-05-10 07:00:34,2026-05-10,,true
67f1698c-f594-8a54-5f80-4eeb143a9aff,141,0,Vũ Ngọc Trang,contact141@example.com,0980659726,1996,,,Đà Nẵng,Product Owner,2025-07-03 10:58:06,2025-07-03,,true
026b5383-a301-ec03-0e5d-8c6a79db7862,142,0,Lê Anh Tuấn,contact142@example.com,0914252622,1997,,,Hải Phòng,Account Manager,2025-09-07 14:19:43,2025-09-07,,true
e336c243-b139-c476-de3c-e88be6b9d31a,143,0,Bùi Bảo Dung,contact143@example.com,0980888325,,,,TP. Hồ Chí Minh,Sales Executive,2025-03-26 22:54:27,2025-03-26,,true
d226a8b3-b674-410d-d218-c9d6c093bfb0,144,0,Trần Minh Long,contact144@example.com,0912101593,,,,Cần Thơ,Business Analyst,2025-10-04 15:57:34,2025-10-04,,true
588a3f87-f96d-40f8-bed6-3da08033f5c2,145,0,Hồ Anh Tâm,contact145@example.com,0954524025,1989,,,Huế,Data Analyst,2025-03-20 16:10:36,2025-03-20,,true
601bfbcb-f0ee-bcce-8d93-e14a5b167158,146,0,Hồ Quốc An,contact146@example.com,0995110541,1999,,,Hải Phòng,Sales Executive,2026-03-24 14:53:04,2026-03-24,,true
176de21f-1b46-ebdc-5c56-d9bc5111d31d,147,0,Vũ Thị Châu,contact147@example.com,0945966597,2005,,,TP. Hồ Chí Minh,Product Owner,2026-08-23 09:49:39,2026-08-23,,true
5a9a206a-16f1-42a2-06b9-19aa1a7167c7,148,0,Hoàng Thị Hà,contact148@example.com,0967845091,2002,,,Cần Thơ,Product Owner,2025-11-12 21:23:48,2025-11-12,,true
4d16f049-44d7-df9a-238b-05b72b64777c,149,27,Hồ Thị Tâm,contact149@example.com,0942580349,1990,,,Bình Dương,Product Owner,2026-09-04 17:55:24,2026-09-04,,true
75366b9f-320f-72c0-9dde-01889803b22e,150,0,Đặng Thu Châu,contact150@example.com,0958469365,1992,,,Bình Dương,Founder,2025-05-30 09:10:27,2025-05-30,,true
9a6c0db9-5217-1c88-4ce9-53a722d90db3,151,0,Bùi Thu Long,contact151@example.com,0967796330,,,,Huế,,2025-11-06 17:53:39,2025-11-06,,true
d105c8d6-47c1-c017-6045-2909536d47d7,152,0,Bùi Thanh Yến,contact152@example.com,0994946730,2003,,,Huế,Sales Executive,2025-07-25 22:20:11,2025-07-25,,true
d4cee27c-4a94-ae9f-cc35-1e4f703e957f,153,0,Huỳnh Anh Tâm,contact153@example.com,0913612618,,,,Hải Phòng,Sales Executive,2026-01-09 10:59:36,2026-01-09,,true
950df1a0-7aaf-2001-9912-316afd9e8e20,154,0,Võ Anh Giang,contact154@example.com,0966791272,,,,Hà Nội,Founder,2026-02-23 22:08:40,2026-02-23,,true
2a9528c3-5ae1-dbad-aa29-60fda85894df,155,0,Đỗ Gia Trang,contact155@example.com,0995655118,,,,Hà Nội,Sales Executive,2026-06-03 20:34:02,2026-06-03,,true
9342a09f-b00a-c64c-949c-d8d48ed8a80d,156,0,Ngô Thị An,contact156@example.com,0923234748,2001,,,Bình Dương,Account Manager,2025-02-15 19:48:21,2025-02-15,,true
2444d301-baeb-286b-f0d0-270fd4d13d55,157,0,Hoàng Quốc An,contact157@example.com,0974796438,1998,,,Hà Nội,Data Analyst,2026-01-19 19:29:49,2026-01-19,,true
b5f59cb0-cf68-5878-0b70-59334cde1b6b,158,0,Đỗ Thu Dung,contact158@example.com,0968809636,1999,,,Đà Nẵng,Data Analyst,2025-12-18 21:50:13,2025-12-18,,true
a137f8e4-67b1-3040-cc39-b9253b5ae288,159,0,Vũ Gia Hà,contact159@example.com,0984076145,2002,,,Hải Phòng,Founder,2025-12-18 10:43:51,2025-12-18,,true
cbc72f1a-cf08-ea54-b429-9924c0986750,160,0,Phan Thu Thảo,contact160@example.com,0967653606,1991,,,TP. Hồ Chí Minh,Student,2026-03-19 19:01:47,2026-03-19,,true
9645f0e4-647d-c392-9c7e-b575637ddcd6,161,0,Phạm Thanh Vy,contact161@example.com,0975697427,2005,,,Đà Nẵng,,2025-04-15 12:23:20,2025-04-15,,true
5f90fc87-2edc-017e-1df0-5d184e2d6255,162,0,Đặng Bảo Thảo,contact162@example.com,0921375216,1995,,,Hà Nội,Sales Executive,2025-12-27 12:52:43,2025-12-27,,true
23ea7956-49f1-137d-7d59-2e192ab7b2ef,163,0,Hồ Hải Hà,contact163@example.com,0975319770,2005,,,TP. Hồ Chí Minh,Account Manager,2026-06-08 19:26:38,2026-06-08,,true
6a66c184-7de1-bf5d-af48-47f068bd075b,164,0,Lý Minh Hùng,contact164@example.com,0961532114,,,,Cần Thơ,Founder,2026-04-07 08:55:22,2026-04-07,,true
c4134dc2-c5c5-ae8a-be15-ad1290ce77e9,165,0,Vũ Thanh Bình,contact165@example.com,0946890134,1994,,,TP. Hồ Chí Minh,Founder,2026-03-31 22:10:05,2026-03-31,,true
0840405a-ffd2-f491-dff3-89aa4c36a70c,166,0,Đỗ Gia Bình,contact166@example.com,0969239219,1998,,,Hà Nội,Sales Executive,2026-06-08 10:36:07,2026-06-08,,true
c8ebe27a-23a4-e70e-9dbc-15c02a7dc57c,167,0,Vũ Ngọc Thảo,contact167@example.com,0957060874,,,,Cần Thơ,Product Owner,2025-12-23 09:28:55,2025-12-23,,true
d0afb235-ade6-8f51-e670-93a0fc48f615,168,0,Huỳnh Quốc Yến,contact168@example.com,0949276764,1993,,,Huế,Account Manager,2025-07-31 08:36:22,2025-07-31,,true
a1e518a2-93d2-28d4-2465-5c397d4d2add,169,0,Hoàng Ngọc Giang,contact169@example.com,0953231088,,,,Huế,Product Owner,2026-02-26 08:17:55,2026-02-26,,true
5bb47c18-b281-87c4-aa05-5442a284e8fd,170,0,Đỗ Thu Quân,contact170@example.com,0953928023,1987,,,Bình Dương,Founder,2026-02-28 09:25:32,2026-02-28,,true
57ff51d9-c9ce-44bd-7c3f-1addda385db5,171,0,Lý Thanh Long,contact171@example.com,0948063218,2003,,,TP. Hồ Chí Minh,,2026-07-02 19:13:27,2026-07-02,,true
21c50e41-e8ce-e951-b047-8ea4fee5ce69,172,0,Dương Văn Dung,contact172@example.com,0931204188,1985,,,Hải Phòng,Sales Executive,2025-02-19 08:06:40,2025-02-19,,true
b9da5f8c-4e35-da80-a027-9a186576a410,173,0,Lê Anh Mai,contact173@example.com,0943606680,2005,,,TP. Hồ Chí Minh,Marketing Executive,2025-11-06 12:55:59,2025-11-06,,true
57f479b5-b212-a6ee-0210-63710260a123,174,0,Nguyễn Ngọc Quân,contact174@example.com,0920460758,1992,,,Cần Thơ,Founder,2025-08-28 20:41:05,2025-08-28,,true
dfdf0e05-c0ce-f31b-d038-e153c601818b,175,0,Lê Thị Dung,contact175@example.com,0952057323,1994,,,TP. Hồ Chí Minh,Product Owner,2026-03-09 11:30:04,2026-03-09,,true
379d58f9-dc26-8108-7140-11a1afc2ccfc,176,11,Dương Quốc Hùng,contact176@example.com,0994299475,,,,Hải Phòng,,2025-05-27 09:33:36,2025-05-27,,true
c76a8e0f-48f0-91f0-9b8b-38aeb89f3a92,177,0,Hoàng Ngọc Lan,contact177@example.com,0996519508,2002,,,Cần Thơ,,2025-04-12 19:22:27,2025-04-12,,true
a3595d1f-7fe4-a42e-3db7-88a61cdcc4c2,178,0,Phan Hải Linh,contact178@example.com,0996727439,1992,,,Hải Phòng,Product Owner,2025-01-28 16:13:33,2025-01-28,,true
12af97e4-c536-c66e-fcc4-091bf45707c6,179,0,Hồ Bảo Nhi,contact179@example.com,0959044830,1990,,,Huế,Founder,2026-06-25 07:23:59,2026-06-25,2026-08-02,false
0a3217d2-373a-edf8-431e-930f0387f74d,179,0,Hồ Bảo Nhi,contact179@example.com,0959044830,1990,,,Huế,Marketing Executive,2026-06-25 07:23:59,2026-08-02,,true
4f560ed5-1566-9e36-4708-203b271610c1,180,0,Ngô Hải Yến,contact180@example.com,0963992760,2002,,,Cần Thơ,,2026-02-12 23:18:40,2026-02-12,,true
1db14bfc-6f3a-5115-ecb4-678c16120aa6,181,0,Lê Thanh Yến,contact181@example.com,0968718382,1992,,,Hà Nội,Sales Executive,2025-07-28 11:34:20,2025-07-28,,true
d28fcf68-c871-d7b3-8468-b74d85e3ade5,182,0,Huỳnh Thị An,contact182@example.com,0928416255,1990,,,Hải Phòng,Brand Manager,2026-09-16 08:19:42,2026-09-16,,true
f99cea5c-b65a-d0f1-4350-ab061059ea28,183,0,Võ Thị An,contact183@example.com,0954964418,,,,Đà Nẵng,Account Manager,2025-06-20 18:08:47,2025-06-20,,true
00a85473-8242-5912-bda3-c1623a78b64a,184,0,Lý Bảo Hà,contact184@example.com,0959350218,1988,,,Cần Thơ,Data Analyst,2025-03-20 22:29:32,2025-03-20,2025-05-01,false
5d2d904f-78c5-9073-0bc5-72073e9aec86,184,0,Lý Bảo Hà,contact184@example.com,0959350218,1988,,,Cần Thơ,Product Owner,2025-03-20 22:29:32,2025-05-01,,true
5f705b25-9250-2e59-13f0-6822d3748a11,185,27,Vũ Quốc Khoa,contact185@example.com,0965869014,,,,Đà Nẵng,Student,2025-06-03 12:59:54,2025-06-03,,true
4dcd0009-c8d5-7717-9055-a36f4aa5f9d3,186,0,Đặng Thanh Long,contact186@example.com,0921594468,1985,,,Đà Nẵng,Sales Executive,2025-02-22 19:04:56,2025-02-22,,true
c2492e5e-005f-d0e6-55c3-b2dbf374190d,187,0,Vũ Minh An,contact187@example.com,0965034115,2002,,,Đà Nẵng,Marketing Executive,2025-09-06 22:49:49,2025-09-06,,true
69be173a-850e-f0ad-d872-f72ee5b4a1ae,188,0,Ngô Thu Bình,contact188@example.com,0929109045,1987,,,Hà Nội,Sales Executive,2025-11-11 10:13:33,2025-11-11,,true
ed1115d7-50a4-6c85-d9d5-7b0242d04d55,189,0,Hồ Thị Thảo,contact189@example.com,0986211608,1989,,,TP. Hồ Chí Minh,Student,2026-01-17 09:37:06,2026-01-17,,true
893259f3-1ee8-9a4c-6811-34e250647c59,190,0,Phan Minh Thảo,contact190@example.com,0924626086,1990,,,Hải Phòng,Founder,2025-12-01 17:28:17,2025-12-01,,true
db4862c2-d5ff-2a1f-370b-9a290a530df9,191,0,Phạm Thị Hà,contact191@example.com,0950831043,,,,Bình Dương,,2025-08-01 21:19:29,2025-08-01,,true
3ff6579e-8cd4-b90a-bf82-11bc8e52fc42,192,0,Đặng Thanh Hà,contact192@example.com,0914171767,,,,Huế,Founder,2025-04-04 14:22:25,2025-04-04,,true
eadc9960-4242-11e2-960b-e0f495132c22,193,0,Vũ Minh Hùng,contact193@example.com,0963765180,2005,,,Bình Dương,Data Analyst,2025-04-15 11:07:00,2025-04-15,,true
d259f960-6ee3-5607-92ea-1324ec93e596,194,0,Hoàng Thị Long,contact194@example.com,0926445384,1999,,,Hà Nội,Business Analyst,2025-01-23 09:12:57,2025-01-23,,true
69785221-7fb7-5c57-4b8c-031fa5b40983,195,0,Võ Thanh Phúc,contact195@example.com,0929948970,2004,,,Cần Thơ,Sales Executive,2026-05-22 12:22:13,2026-05-22,,true
b69f75c5-c82b-a1be-61eb-64e6fd498e20,196,0,Ngô Ngọc Tuấn,contact196@example.com,0980573568,2002,,,Huế,Marketing Executive,2026-05-06 08:05:17,2026-05-06,,true
78c04ed8-fdd4-ff21-cf03-f0c80effd5bd,197,0,Hồ Thanh Hà,contact197@example.com,0913498112,1992,,,Hà Nội,Student,2026-07-12 18:58:36,2026-07-12,,true
5168bbf2-97af-5bde-3c8e-9d782d14e9f4,198,0,Võ Gia Bình,contact198@example.com,0939448924,1997,,,Đà Nẵng,Business Analyst,2026-08-22 12:06:15,2026-08-22,,true
9a069295-3b8d-3447-0e61-065f171b1b80,199,0,Hoàng Bảo Hùng,contact199@example.com,0976065552,1990,,,Hải Phòng,Marketing Executive,2026-01-03 07:45:44,2026-01-03,,true
962c04dd-25d0-7461-059c-15740f3f0f48,200,0,Phan Minh Long,contact200@example.com,0933818260,,,,Huế,Brand Manager,2026-06-24 22:00:21,2026-06-24,,true
28522ca2-f9d2-014a-22ee-7f0752961fb3,201,0,Lê Quốc Yến,contact201@example.com,0998870866,1988,,,Đà Nẵng,Student,2025-05-26 10:54:33,2025-05-26,,true
2099e71f-4b65-7bcc-b041-6f19bbe71835,202,0,Đỗ Ngọc Vy,contact202@example.com,0989047551,,,,Hải Phòng,Student,2026-03-24 22:41:20,2026-03-24,,true
efcac577-1aa6-f7cb-90c7-e6aca3bfe403,203,0,Trần Minh Trang,contact203@example.com,0952710350,,,,Cần Thơ,Sales Executive,2025-01-02 19:54:49,2025-01-02,,true
41b455b8-59b9-222c-115a-ffacb173fcdf,204,0,Lê Anh Tuấn,contact204@example.com,0955063530,1993,,,TP. Hồ Chí Minh,Sales Executive,2025-12-06 14:22:20,2025-12-06,,true
a6a5f0ff-93fb-71d0-dd32-6d9cc9ea356a,205,0,Huỳnh Hải Quân,contact205@example.com,0960829941,1997,,,Hà Nội,Founder,2025-01-02 08:24:28,2025-01-02,,true
29310971-601e-0211-e34f-76b42b8c03bf,206,0,Trần Thanh An,contact206@example.com,0952777459,1988,,,Hà Nội,Brand Manager,2025-08-19 12:28:04,2025-08-19,,true
f9722cc1-349e-f4a9-54c2-9d5c19ec0829,207,0,Lý Văn Nhi,contact207@example.com,0997729428,1998,,,TP. Hồ Chí Minh,Marketing Executive,2026-07-15 09:21:38,2026-07-15,,true
166ecfe3-6d77-9595-00fa-0eb45c5f48d4,208,0,Phạm Văn Nam,contact208@example.com,0986741644,2000,,,TP. Hồ Chí Minh,Marketing Executive,2026-07-22 15:42:18,2026-07-22,,true
1754bf08-43d7-5413-a939-ebd1e516b0d4,209,11,Đặng Thị Quân,contact209@example.com,0925503345,1997,,,Hải Phòng,Founder,2026-09-07 22:12:06,2026-09-07,,true
cee4e512-5802-b640-ab0b-4cc515f0ea19,210,29,Dương Thanh Khoa,contact210@example.com,0946045780,1989,,,Huế,Data Analyst,2026-01-30 18:11:28,2026-01-30,,true
da9bccc1-e71c-681a-6511-e61a143665f5,211,0,Ngô Gia Vy,contact211@example.com,0973729850,1992,,,Hải Phòng,Student,2026-08-27 14:35:03,2026-08-27,,true
0aeccec7-204d-b9da-3156-7f2acef74829,212,0,Hoàng Thị Phúc,contact212@example.com,0933203422,,,,TP. Hồ Chí Minh,Sales Executive,2026-05-30 23:51:36,2026-05-30,,true
df9b7c1f-eacb-1f6d-7549-c9f9850a48d4,213,0,Lê Thị Nam,contact213@example.com,0984673939,1995,,,Huế,Student,2026-03-21 15:20:58,2026-03-21,2026-09-26,false
6b6a8061-c81c-8d31-85c6-9fbf966b62ea,213,0,Lê Thị Nam,contact213@example.com,0984673939,1995,,,Huế,Data Analyst,2026-03-21 15:20:58,2026-09-26,,true
2c154804-0997-59a3-7919-955c9be4f19f,214,0,Đặng Gia Mai,contact214@example.com,0965148727,2005,,,Hải Phòng,,2026-02-28 10:36:49,2026-02-28,,true
4d950273-cb2c-c805-d140-3430567e642e,215,0,Bùi Ngọc Bình,contact215@example.com,0973782705,,,,Đà Nẵng,Marketing Executive,2025-05-28 19:02:25,2025-05-28,,true
683c510e-d2ef-a93b-e9d6-bb7e361db014,216,0,Dương Quốc Lan,contact216@example.com,0965938288,1987,,,TP. Hồ Chí Minh,Founder,2026-05-19 10:55:14,2026-05-19,,true
e00bd534-3158-f1fb-2c7a-0d3107692583,217,0,Đặng Gia Nam,contact217@example.com,0928206610,,,,Cần Thơ,,2026-06-13 08:32:50,2026-06-13,,true
98133da1-7d21-20ad-5f59-fb4d3defa7ba,218,0,Võ Quốc Phúc,contact218@example.com,0977796914,1988,,,Bình Dương,Marketing Executive,2025-02-27 08:58:23,2025-02-27,,true
db6ba39b-36dd-9529-f704-d72fc7a2f280,219,0,Võ Thị Linh,contact219@example.com,0913684342,1990,,,Huế,,2026-05-01 18:22:10,2026-05-01,,true
3948fe22-022a-adda-cd05-79e299e4704c,220,0,Nguyễn Anh An,contact220@example.com,0973632249,,,,Bình Dương,Business Analyst,2025-08-19 13:17:41,2025-08-19,,true
01e187d8-1a31-2044-95a0-f35665abc9ff,221,0,Đỗ Thu Lan,contact221@example.com,0939287523,2001,,,Huế,,2025-11-09 15:27:57,2025-11-09,,true
c3f62136-846d-5a3b-2661-c42630385dd7,222,0,Lê Quốc Lan,contact222@example.com,0995979171,1993,,,Đà Nẵng,Student,2026-01-19 16:19:43,2026-01-19,,true
b54401cb-9541-0a9d-090a-aa93bc9a7998,223,0,Nguyễn Anh Quân,contact223@example.com,0949675382,1998,,,Hải Phòng,Product Owner,2025-02-28 19:42:20,2025-02-28,,true
7885187d-18fc-83b7-4b35-6e9a2e5eeb6a,224,0,Lý Anh Mai,contact224@example.com,0978090647,1990,,,Huế,Account Manager,2025-07-14 17:46:45,2025-07-14,,true
5f269466-54d1-332a-e308-2ddcc9c04b7d,225,0,Lê Ngọc Mai,contact225@example.com,0939974566,,,,Đà Nẵng,Product Owner,2025-09-22 12:43:57,2025-09-22,,true
daaf7529-deef-f82a-0dd7-015869c165ae,226,0,Lê Thu Hùng,contact226@example.com,0977172936,1997,,,Cần Thơ,Student,2025-10-29 21:54:07,2025-10-29,,true
503be788-2d44-5af8-fc94-76b1a18b5d15,227,0,Dương Minh Long,contact227@example.com,0934207075,,,,Hải Phòng,Brand Manager,2025-07-25 17:26:36,2025-07-25,,true
62210670-7a36-e788-f71f-b9a66dd49c96,228,0,Huỳnh Thu Châu,contact228@example.com,0927368573,2005,,,Hải Phòng,Product Owner,2025-01-05 13:48:49,2025-01-05,2026-08-04,false
f337b261-5f83-92d5-bb0c-7919330ccff5,228,0,Huỳnh Thu Châu,contact228@example.com,0927368573,2005,,,Hải Phòng,Marketing Executive,2025-01-05 13:48:49,2026-08-04,,true
10b6a662-2ac1-d5ca-4e5d-8f1296b31f4a,229,0,Vũ Ngọc Yến,contact229@example.com,0956217844,1988,,,Hải Phòng,Account Manager,2025-11-26 23:12:01,2025-11-26,,true
eb0f827c-e82a-3879-f2b5-a7ea2a35ce30,230,0,Bùi Hải Vy,contact230@example.com,0927956913,2000,,,Đà Nẵng,Sales Executive,2025-11-02 21:46:33,2025-11-02,,true
417b6634-a3ec-152c-e065-3245600c9c71,231,0,Phan Văn Thảo,contact231@example.com,0977730769,1996,,,Bình Dương,Marketing Executive,2025-01-20 14:14:46,2025-01-20,,true
27335670-b3ad-a2ba-7972-09c040b374f8,232,0,Nguyễn Văn Yến,contact232@example.com,0925541047,1997,,,Hà Nội,Account Manager,2025-02-19 08:42:06,2025-02-19,,true
c8e60939-1d2f-ed2a-485f-78881e23da4b,233,0,Võ Bảo Trang,contact233@example.com,0928409776,1988,,,Cần Thơ,,2025-01-10 16:26:42,2025-01-10,,true
eee13cae-b02e-21aa-352b-6ec8e90d21cb,234,0,Phan Quốc Yến,contact234@example.com,0964996550,1986,,,Cần Thơ,Founder,2025-07-23 13:49:16,2025-07-23,,true
19ee2c3b-b93c-4b0b-b93b-770c13365c0c,235,0,Phạm Bảo Vy,contact235@example.com,0976317520,1987,,,Huế,Account Manager,2025-08-29 07:00:42,2025-08-29,,true
e3ea2d7f-c219-a845-d9eb-404c1851d1cf,236,0,Phạm Minh Bình,contact236@example.com,0948999266,1995,,,Hải Phòng,Data Analyst,2025-08-25 21:18:16,2025-08-25,2025-12-03,false
54231dbe-2ba6-b158-a5ae-cf37a9d1a28e,236,0,Phạm Minh Bình,contact236@example.com,0948999266,1995,,,Hải Phòng,Brand Manager,2025-08-25 21:18:16,2025-12-03,,true
ccc62fed-7a6e-43d0-d9c5-9cd9b09d721b,237,0,Bùi Minh Dung,contact237@example.com,0963791447,1999,,,Đà Nẵng,Product Owner,2026-03-25 15:56:46,2026-03-25,,true
c7774fae-6137-58c3-9c7f-aca62e671784,238,0,Huỳnh Thị Nhi,contact238@example.com,0989289163,2003,,,Bình Dương,Founder,2025-06-20 10:08:44,2025-06-20,,true
b9493906-939f-44eb-be5e-215ec47cc30b,239,0,Ngô Thu Bình,contact239@example.com,0918500820,1995,,,Hà Nội,Account Manager,2025-01-30 11:30:58,2025-01-30,,true
282c6470-ef32-f72a-a4b5-c72302fb2869,240,0,Lý Quốc Vy,contact240@example.com,0996087848,2002,,,Cần Thơ,Marketing Executive,2025-12-13 10:27:42,2025-12-13,,true
142e3df0-3c28-f5dc-d12d-aea8673d2920,241,0,Vũ Quốc Lan,contact241@example.com,0916757958,2002,,,Bình Dương,Product Owner,2026-04-26 12:04:48,2026-04-26,,true
d36ec1bd-000b-1f5e-8c91-bd138ea02346,242,0,Bùi Thị Quân,contact242@example.com,0997694240,1997,,,Hải Phòng,Marketing Executive,2026-08-10 21:05:54,2026-08-10,,true
9ea87552-c475-66bf-8f66-0bbd54fc286f,243,0,Dương Quốc Mai,contact243@example.com,0917284695,,,,Huế,Founder,2026-09-11 16:56:32,2026-09-11,,true
b3bc912f-5fb7-474e-85a0-d0898c357321,244,0,Vũ Văn Long,contact244@example.com,0957665946,,,,Huế,Student,2026-01-08 21:07:06,2026-01-08,,true
c80b2af7-d315-fafa-7500-f7853730dfba,245,0,Ngô Thị Lan,contact245@example.com,0991987136,1988,,,Huế,Product Owner,2025-06-18 22:08:52,2025-06-18,,true
0c6f3051-bc78-8423-87c5-f526011c4544,246,0,Phạm Thu Phúc,contact246@example.com,0998376561,2001,,,TP. Hồ Chí Minh,Founder,2025-12-11 08:59:40,2025-12-11,,true
6b2d9ccc-6279-403c-e1a2-cfe7810d5c57,247,0,Huỳnh Bảo Hà,contact247@example.com,0927231111,2004,,,Cần Thơ,Brand Manager,2026-03-20 22:59:32,2026-03-20,,true
bca0258e-b63d-65d5-505c-7527dc57546d,248,0,Dương Minh Giang,contact248@example.com,0965397759,2001,,,Đà Nẵng,Account Manager,2025-09-12 15:25:21,2025-09-12,,true
5287964d-a30a-6658-b1be-6df28ae0b8a0,249,0,Đỗ Anh Giang,contact249@example.com,0997253117,,,,TP. Hồ Chí Minh,Account Manager,2025-08-11 13:13:39,2025-08-11,,true
4458b006-332c-ce0a-0e7d-a698ab95c72f,250,0,Đặng Hải An,contact250@example.com,0980159631,1997,,,TP. Hồ Chí Minh,Marketing Executive,2025-12-27 20:43:47,2025-12-27,,true
8fd7b1a1-bd4f-6118-acef-45c4de3790fb,251,0,Đặng Ngọc Tâm,contact251@example.com,0914336089,1999,,,Hà Nội,,2025-06-14 15:09:53,2025-06-14,,true
33fd862d-4057-e470-be61-27a80351b09d,252,0,Đặng Anh Bình,contact252@example.com,0961215153,1995,,,Cần Thơ,Marketing Executive,2026-07-29 19:15:32,2026-07-29,,true
13106665-aec2-bb19-fbc3-98d82d6bc882,253,0,Đỗ Bảo Tâm,contact253@example.com,0990985229,1991,,,Đà Nẵng,Founder,2026-03-30 14:58:40,2026-03-30,,true
27a158a0-efff-a2f4-b5ae-329d77617d80,254,18,Võ Minh Hà,contact254@example.com,0988381281,,,,Hà Nội,Brand Manager,2025-06-27 23:07:24,2025-06-27,2026-01-08,false
eeb093fe-c60e-a4d5-0d04-dcb698cd2655,254,18,Võ Minh Hà,contact254@example.com,0988381281,,,,Hà Nội,Student,2025-06-27 23:07:24,2026-01-08,,true
1789be63-6746-5743-897b-303d8b074d1a,255,0,Vũ Minh Sơn,contact255@example.com,0919150490,,,,TP. Hồ Chí Minh,Product Owner,2026-05-18 18:04:50,2026-05-18,,true
eb29d912-9d1b-83df-a46b-6fcee78d147c,256,0,Lý Gia Tuấn,contact256@example.com,0911181612,1996,,,Hải Phòng,Sales Executive,2025-08-07 17:21:23,2025-08-07,,true
7210045a-823c-7ef9-cd85-65ce83a9c235,257,0,Phạm Hải Lan,contact257@example.com,0982509424,1985,,,Cần Thơ,Brand Manager,2025-02-10 17:24:58,2025-02-10,,true
d5ee2587-6c98-fd9b-af76-b6c2dd6d6b41,258,0,Phạm Minh Tâm,contact258@example.com,0981565674,1987,,,TP. Hồ Chí Minh,Sales Executive,2025-10-31 13:20:32,2025-10-31,,true
12087e20-8ede-9b46-407d-0affcb51a911,259,0,Hoàng Văn Phúc,contact259@example.com,0954522084,1987,,,Hà Nội,Business Analyst,2026-07-05 20:41:52,2026-07-05,,true
103056b7-9e4c-24dd-b864-a47ba43447fb,260,0,Hồ Hải Long,contact260@example.com,0912267067,1988,,,Cần Thơ,Marketing Executive,2025-08-22 15:26:24,2025-08-22,,true
07e3c39a-a925-2745-d276-9c9665262474,261,0,Đặng Bảo Châu,contact261@example.com,0947784631,,,,Hải Phòng,Product Owner,2026-08-22 18:59:32,2026-08-22,,true
243113fd-8e19-0d07-dff0-b9bf8db3c2c1,262,0,Đặng Anh Giang,contact262@example.com,0950004466,2005,,,Đà Nẵng,Marketing Executive,2026-07-01 14:08:47,2026-07-01,,true
38858f7e-2f1a-25a8-2934-4e152477f047,263,0,Đặng Ngọc Mai,contact263@example.com,0938418851,2005,,,Huế,Account Manager,2025-01-06 19:34:35,2025-01-06,,true
b9c037aa-3289-f58b-1923-cafc402d105b,264,0,Trần Gia Phúc,contact264@example.com,0996526748,1994,,,Bình Dương,Data Analyst,2025-09-16 13:07:11,2025-09-16,,true
a8cfe589-9dc8-9e1a-540e-7d01735d88f3,265,0,Phạm Thanh Trang,contact265@example.com,0919369589,,,,Đà Nẵng,Founder,2025-12-05 18:08:42,2025-12-05,,true
7202fae5-767d-3b27-7ade-4367e0bd202c,266,16,Vũ Anh Nhi,contact266@example.com,0947135338,,,,TP. Hồ Chí Minh,Brand Manager,2026-08-20 17:27:10,2026-08-20,,true
81d67019-d97e-8d3c-04c4-f46ae4610160,267,0,Võ Minh Tâm,contact267@example.com,0936364647,2005,,,Hà Nội,Data Analyst,2025-11-09 10:11:41,2025-11-09,,true
5da64a3a-260c-cfb4-c673-5380a7668617,268,0,Trần Gia Lan,contact268@example.com,0982943217,,,,Cần Thơ,Founder,2026-08-19 19:49:37,2026-08-19,,true
839e7623-c1d8-41d3-2a74-b90caf2537f5,269,0,Lê Hải Mai,contact269@example.com,0977399750,1992,,,Huế,,2026-08-27 16:08:29,2026-08-27,,true
0af57e60-3be8-a5df-5e93-4de043ace875,270,0,Hoàng Thu Mai,contact270@example.com,0915425057,2000,,,TP. Hồ Chí Minh,Data Analyst,2025-06-13 12:36:36,2025-06-13,,true
94213090-4368-ae93-bded-cb7ad5ba304c,271,0,Trần Văn Tuấn,contact271@example.com,0953496088,2001,,,Bình Dương,Student,2026-06-15 18:24:30,2026-06-15,,true
de22dc3f-d136-6db1-5a57-860767e54646,272,0,Lê Gia Lan,contact272@example.com,0960509993,,,,TP. Hồ Chí Minh,Account Manager,2025-06-26 18:37:41,2025-06-26,,true
b7a1267e-9a1e-0036-5cba-a49628489240,273,0,Huỳnh Ngọc Châu,contact273@example.com,0979060560,1991,,,TP. Hồ Chí Minh,Business Analyst,2026-05-09 07:32:56,2026-05-09,,true
97a418b8-92d0-0319-20bd-14220b0b81de,274,0,Lý Thu Hùng,contact274@example.com,0989294612,1998,,,Hà Nội,Sales Executive,2025-08-24 17:46:07,2025-08-24,,true
b8344070-e0e5-f6e5-04c4-4853a33b3dfd,275,0,Huỳnh Thanh Hà,contact275@example.com,0979342339,,,,Cần Thơ,,2026-06-09 08:57:36,2026-06-09,,true
43b7a0ef-82c4-1c54-a8de-bd889f8acdeb,276,0,Lý Minh Khoa,contact276@example.com,0965132193,2003,,,Huế,Business Analyst,2025-10-18 13:28:38,2025-10-18,,true
2649a478-d396-6f0a-6b77-af9eaf32baf8,277,0,Hồ Hải Giang,contact277@example.com,0924572034,2001,,,Huế,Account Manager,2025-12-17 21:38:37,2025-12-17,,true
adb610f4-c65d-e86e-f00f-63efe59fc1c2,278,0,Phạm Thị Quân,contact278@example.com,0998502178,2004,,,Cần Thơ,Marketing Executive,2025-07-01 22:57:39,2025-07-01,,true
c40f5405-7a25-ed81-4128-17eb224629cd,279,34,Ngô Ngọc Quân,contact279@example.com,0961168696,2003,,,Hà Nội,Product Owner,2026-06-19 20:23:55,2026-06-19,,true
b0117b0a-3496-51d6-a790-55b06001f54d,280,0,Võ Ngọc An,contact280@example.com,0910954835,1988,,,Cần Thơ,Marketing Executive,2025-03-27 16:38:56,2025-03-27,,true
8d56bff6-69c9-520f-3425-449cc145d6ba,281,0,Võ Thanh Tâm,contact281@example.com,0966849468,2004,,,Đà Nẵng,Product Owner,2026-02-23 18:06:09,2026-02-23,,true
668b28da-8222-cd7f-36e6-ba8519abdc15,282,0,Hồ Minh Vy,contact282@example.com,0925983420,,,,Hải Phòng,Business Analyst,2026-05-08 15:19:36,2026-05-08,,true
5eef0d1e-38c5-ef5e-4359-ff43106793b6,283,0,Nguyễn Thị Giang,contact283@example.com,0973306295,,,,Hải Phòng,Data Analyst,2026-07-18 08:10:24,2026-07-18,,true
c8b190e1-089a-9f4f-31da-e8174937b90f,284,0,Trần Minh Tuấn,contact284@example.com,0976353000,1991,,,Huế,Account Manager,2025-02-08 19:39:41,2025-02-08,,true
848ac924-3347-8a91-9609-598e67cba27a,285,0,Nguyễn Minh Châu,contact285@example.com,0947035619,,,,Đà Nẵng,Product Owner,2026-06-13 12:43:02,2026-06-13,2026-07-21,false
48d495a4-8cb2-1aa2-1715-1c03eb4f3638,285,0,Nguyễn Minh Châu,contact285@example.com,0947035619,,,,Đà Nẵng,Account Manager,2026-06-13 12:43:02,2026-07-21,,true
80cfb1db-1287-e313-8f02-6c2c1b414999,286,0,Phan Thu Nam,contact286@example.com,0987162674,1990,,,Hải Phòng,Account Manager,2026-08-20 18:22:52,2026-08-20,,true
ae7cfd14-7577-1730-c68d-a4b2f613bda0,287,0,Võ Thu Nam,contact287@example.com,0985587210,1992,,,Huế,Brand Manager,2025-04-30 23:16:56,2025-04-30,,true
b368d836-027d-3808-8920-7bc484399ed9,288,0,Hồ Anh Khoa,contact288@example.com,0940860700,,,,Hải Phòng,Brand Manager,2026-08-24 07:30:07,2026-08-24,,true
bf0418a9-f276-5513-2eca-f62944e22691,289,0,Bùi Thị Tâm,contact289@example.com,0933955951,1996,,,TP. Hồ Chí Minh,,2025-09-12 16:05:25,2025-09-12,,true
1b4ffd5f-c768-8339-27ef-53575b249c2a,290,0,Vũ Thanh Hùng,contact290@example.com,0940763714,1992,,,Huế,,2025-07-14 22:47:12,2025-07-14,,true
c3a6b204-fc01-4a22-2ed0-b0b27da56b6e,291,0,Trần Thu Mai,contact291@example.com,0993304578,2003,,,Huế,Student,2025-03-22 22:39:00,2025-03-22,,true
afb3e3ad-dc43-2ed5-64ca-a1c758e7edf8,292,0,Trần Gia Nhi,contact292@example.com,0974199033,,,,Hà Nội,Account Manager,2025-10-14 19:14:48,2025-10-14,,true
2fe938e4-427b-bffb-dca1-adcc9cdf0664,293,0,Nguyễn Văn Vy,contact293@example.com,0938286706,1988,,,Đà Nẵng,Brand Manager,2026-04-14 10:44:33,2026-04-14,,true
3a8359b6-af9e-7a0e-936d-b4a7fab1996a,294,0,Ngô Quốc Mai,contact294@example.com,0963766628,1990,,,Cần Thơ,Business Analyst,2025-08-29 18:11:31,2025-08-29,,true
c90b9454-50d3-802d-b876-a45588b3152d,295,0,Hoàng Thu An,contact295@example.com,0933703827,1989,,,Huế,Account Manager,2025-10-04 20:54:24,2025-10-04,,true
5c6801d6-4280-3aa0-55ac-0d06be9da951,296,0,Trần Ngọc Lan,contact296@example.com,0973960038,,,,Hà Nội,Founder,2025-09-14 08:25:06,2025-09-14,,true
48dc1e26-c7c2-564a-fab8-328f2cae93a2,297,0,Đỗ Anh Trang,contact297@example.com,0936703705,2005,,,Bình Dương,Account Manager,2026-07-25 15:22:01,2026-07-25,,true
9256d707-9cc0-5b67-a19b-224a6bfc2a47,298,0,Đặng Thu Tuấn,contact298@example.com,0929441214,,,,Bình Dương,Brand Manager,2026-06-07 21:56:05,2026-06-07,,true
f72cb6c8-855c-0a97-9640-5fcdbf761449,299,0,Võ Bảo Tuấn,contact299@example.com,0963077115,1999,,,Huế,Brand Manager,2025-03-13 14:20:20,2025-03-13,,true
65a29cc8-c55b-e95d-06bf-d9c40dc78104,300,0,Lê Ngọc Hà,contact300@example.com,0963290556,1987,,,Hải Phòng,Account Manager,2025-06-20 11:46:15,2025-06-20,,true
2bacf712-d6a9-19e8-86d8-95e5219b606d,301,0,Hồ Thanh Khoa,contact301@example.com,0943204998,1999,,,Bình Dương,Business Analyst,2025-03-27 10:16:39,2025-03-27,2026-04-26,false
dd3ee854-5340-64b0-ea4f-4a80dc412176,301,0,Hồ Thanh Khoa,contact301@example.com,0943204998,1999,,,Bình Dương,Founder,2025-03-27 10:16:39,2026-04-26,,true
88a613b4-a3b8-1f92-a3c9-0c6a86017633,302,0,Huỳnh Bảo Trang,contact302@example.com,0971276220,2005,,,Cần Thơ,Product Owner,2026-04-24 15:35:28,2026-04-24,,true
d913057d-c21f-84fc-d0bc-bad585f80d9b,303,0,Dương Thanh Mai,contact303@example.com,0965325058,1994,,,Hà Nội,Marketing Executive,2025-12-22 22:34:14,2025-12-22,,true
01d909b4-cbf8-f29e-3b30-ee9798d53cf5,304,0,Lý Thu Linh,contact304@example.com,0911225756,,,,Huế,Student,2025-10-21 22:34:00,2025-10-21,,true
9cfbbce7-e8f2-c584-ccca-1e14c3b8c80f,305,0,Hồ Hải Khoa,contact305@example.com,0945296615,2005,,,TP. Hồ Chí Minh,Account Manager,2025-07-13 20:25:15,2025-07-13,,true
b3522c18-45aa-9503-73e8-8db69e2383d0,306,0,Võ Hải Hùng,contact306@example.com,0919189076,1994,,,Hà Nội,Founder,2025-10-06 16:41:47,2025-10-06,,true
3799a376-7e5b-3ac9-03c5-01fe269334ef,307,0,Phạm Thanh Lan,contact307@example.com,0926782477,1985,,,TP. Hồ Chí Minh,Data Analyst,2025-07-11 08:34:01,2025-07-11,,true
e54c8739-3133-839e-2e7d-952b785b8a07,308,0,Trần Quốc Châu,contact308@example.com,0929607576,1997,,,Hà Nội,Account Manager,2025-11-16 22:23:29,2025-11-16,,true
f6121d2c-ae73-00eb-639d-8fe7790b185c,309,0,Hồ Thu Khoa,contact309@example.com,0914497675,1988,,,Cần Thơ,Sales Executive,2026-01-26 07:07:49,2026-01-26,,true
a206527c-3c68-41d6-1ce8-e12ff9287d26,310,36,Phạm Thanh Quân,contact310@example.com,0995700705,1996,,,Hà Nội,Sales Executive,2025-11-27 12:40:46,2025-11-27,,true
16e827b0-c552-f3c5-5f13-fb9827ad8d51,311,0,Hồ Ngọc An,contact311@example.com,0915636254,2000,,,Bình Dương,,2025-01-16 12:50:17,2025-01-16,,true
5115d7ee-3b90-908e-7ce3-456320363a73,312,0,Trần Văn Mai,contact312@example.com,0996513378,2002,,,Huế,Data Analyst,2026-05-27 09:43:39,2026-05-27,,true
30952621-7d76-ab58-b271-115b8af09ec3,313,25,Đỗ Minh Lan,contact313@example.com,0915300062,1999,,,Cần Thơ,Student,2025-12-22 21:46:12,2025-12-22,,true
a355ad05-c6a2-8e4e-002f-2ca4743e8531,314,0,Huỳnh Thị Sơn,contact314@example.com,0930807167,1993,,,Cần Thơ,Brand Manager,2026-07-09 15:55:53,2026-07-09,,true
7f5f61aa-aee7-c7a5-8629-6fbe309b48dd,315,0,Vũ Quốc Châu,contact315@example.com,0998354109,,,,Huế,Product Owner,2025-07-09 07:39:54,2025-07-09,,true
310dc9d1-7c41-3a2a-1b67-f7bb33bb7382,316,0,Phạm Gia Vy,contact316@example.com,0918949617,1989,,,TP. Hồ Chí Minh,Marketing Executive,2025-06-07 17:26:41,2025-06-07,,true
e3c7ca9a-edab-ddab-7dcc-c026a7df30b2,317,0,Võ Văn Mai,contact317@example.com,0939624910,1987,,,Hà Nội,Sales Executive,2026-08-08 19:42:31,2026-08-08,,true
d59ef0fd-1204-f4d6-bbfb-1b710a683eb8,318,0,Ngô Quốc Yến,contact318@example.com,0917824896,,,,Đà Nẵng,Account Manager,2026-04-25 08:23:35,2026-04-25,,true
6a4989a6-8ee2-5e54-bfcb-33888ef4d74b,319,0,Hồ Ngọc Hùng,contact319@example.com,0980624297,2003,,,Bình Dương,Business Analyst,2025-08-10 10:06:46,2025-08-10,,true
71693ed5-9994-13cc-ff99-57a888adb388,320,0,Ngô Thị Hà,contact320@example.com,0934212413,2001,,,Đà Nẵng,Business Analyst,2026-08-14 18:43:29,2026-08-14,,true
5c29850b-410b-fc29-be9c-afcfed17f6e9,321,0,Ngô Quốc Trang,contact321@example.com,0942309234,1991,,,Hải Phòng,Account Manager,2025-11-19 17:54:23,2025-11-19,,true
f17f3f92-d26a-a790-c582-8939058e389e,322,0,Nguyễn Gia Giang,contact322@example.com,0950512501,1992,,,TP. Hồ Chí Minh,Brand Manager,2026-04-04 07:46:02,2026-04-04,,true
3ba58126-3ff6-9f41-9508-2801e3be7ca0,323,0,Hoàng Thị Bình,contact323@example.com,0971789789,1989,,,Đà Nẵng,Brand Manager,2025-10-10 23:35:36,2025-10-10,,true
09912f46-4ce6-928b-a46a-cc9a98611260,324,0,Phan Thị Long,contact324@example.com,0974764506,2003,,,Huế,Data Analyst,2025-11-04 09:36:25,2025-11-04,,true
9a307096-d977-66be-a71c-8948bf67de42,325,0,Bùi Quốc Nhi,contact325@example.com,0965904597,,,,Hà Nội,Sales Executive,2026-08-14 19:05:49,2026-08-14,,true
38da9a90-170f-ad32-8135-f15a9343e6ea,326,35,Hoàng Quốc Sơn,contact326@example.com,0939634895,1997,,,Hải Phòng,,2026-01-27 08:19:33,2026-01-27,,true
7ce4770e-32b7-3d80-8f2e-08d37b1dbca3,327,0,Hồ Thanh Châu,contact327@example.com,0963489393,1989,,,Huế,Business Analyst,2026-02-06 09:30:36,2026-02-06,,true
5832c8de-521b-e8c2-30c3-ef8a592ab43d,328,0,Bùi Anh Thảo,contact328@example.com,0922025190,1998,,,Hải Phòng,Brand Manager,2026-08-08 14:04:17,2026-08-08,,true
da4ec04c-ba7e-1b86-c1fa-d75327ef0a4b,329,0,Dương Bảo Giang,contact329@example.com,0969118000,1992,,,TP. Hồ Chí Minh,Brand Manager,2025-01-25 12:22:39,2025-01-25,,true
363d75f1-89ba-b9c8-bd71-7da33581a632,330,0,Đặng Văn Long,contact330@example.com,0924935479,2000,,,Hà Nội,Brand Manager,2025-02-25 14:39:59,2025-02-25,,true
b24f92b9-ca08-41de-3360-d11548b51c88,331,0,Nguyễn Hải Thảo,contact331@example.com,0999057266,1993,,,TP. Hồ Chí Minh,Marketing Executive,2026-06-20 22:39:46,2026-06-20,,true
62f32fae-a63f-cf12-e226-a768de0e9c53,332,0,Võ Anh Vy,contact332@example.com,0958347794,,,,Hà Nội,Student,2025-02-24 21:41:00,2025-02-24,,true
8787c3f4-ec19-e4eb-3f55-17400a2d36a6,333,0,Lê Minh Hùng,contact333@example.com,0977196215,,,,Cần Thơ,Marketing Executive,2026-01-25 10:57:20,2026-01-25,,true
fffcd743-e3f1-6406-631d-9c8be0f0fe79,334,0,Đặng Ngọc Sơn,contact334@example.com,0947027755,,,,Bình Dương,Student,2026-05-16 07:22:43,2026-05-16,,true
3a38b844-afbf-fde4-a022-6155df695d17,335,0,Hồ Anh Giang,contact335@example.com,0921783647,2001,,,Bình Dương,,2025-01-31 15:14:09,2025-01-31,,true
dcd28b97-33ca-9a6b-ccd3-af7caf1dcfb8,336,0,Bùi Thu Tâm,contact336@example.com,0927686156,1989,,,Cần Thơ,Account Manager,2026-08-10 11:27:19,2026-08-10,,true
ba21e269-2540-fbfe-e12f-f6cdd6eaf269,337,0,Huỳnh Quốc Châu,contact337@example.com,0984804948,1988,,,TP. Hồ Chí Minh,Brand Manager,2026-06-21 20:58:49,2026-06-21,2026-08-30,false
f610f40d-69fe-890f-f90f-b6e4e15052f3,337,0,Huỳnh Quốc Châu,contact337@example.com,0984804948,1988,,,TP. Hồ Chí Minh,Product Owner,2026-06-21 20:58:49,2026-08-30,,true
9129bc75-9b08-e5a8-4451-1ba09df034d3,338,0,Võ Minh Hùng,contact338@example.com,0924330619,1985,,,Huế,,2025-11-07 21:47:59,2025-11-07,,true
794e0838-7dcf-60fd-6330-98edda252795,339,6,Lý Minh Sơn,contact339@example.com,0991163038,2005,,,Đà Nẵng,Business Analyst,2026-09-03 14:14:43,2026-09-03,,true
f4672866-ed56-a2a0-2d54-ff2b10ee4f77,340,0,Nguyễn Thanh Nhi,contact340@example.com,0939870720,,,,TP. Hồ Chí Minh,Sales Executive,2025-07-17 14:02:26,2025-07-17,,true
be125f8f-f06b-6c12-9c8b-955064e70f9a,341,0,Vũ Hải Nam,contact341@example.com,0915613827,1997,,,Bình Dương,Brand Manager,2026-09-24 22:44:20,2026-09-24,,true
f66c7331-a172-2ee3-c3e1-847c8420e0d8,342,0,Trần Ngọc Sơn,contact342@example.com,0982191574,1986,,,Cần Thơ,Product Owner,2026-07-04 08:33:06,2026-07-04,2026-08-21,false
4df742ae-e267-e12b-65e5-f13f70869a45,342,0,Trần Ngọc Sơn,contact342@example.com,0982191574,1986,,,Cần Thơ,Student,2026-07-04 08:33:06,2026-08-21,,true
8be15610-b234-8948-e4f2-ae4cf016716b,343,0,Dương Anh Phúc,contact343@example.com,0922138759,1988,,,TP. Hồ Chí Minh,,2026-04-16 08:44:33,2026-04-16,,true
17584f23-1fa0-9802-bbb7-1494b7e767d4,344,0,Phan Thu Châu,contact344@example.com,0943565477,2005,,,Bình Dương,Business Analyst,2026-02-27 12:29:37,2026-02-27,,true
266c47fb-dcd8-1a8b-a8d6-faf6df0ddef1,345,0,Huỳnh Hải Tâm,contact345@example.com,0961084208,1990,,,Đà Nẵng,,2026-04-06 18:05:33,2026-04-06,,true
40cbe188-c3f0-fac3-9f60-1d1700e78824,346,0,Đặng Thanh Phúc,contact346@example.com,0948759467,1988,,,TP. Hồ Chí Minh,Sales Executive,2025-05-29 12:49:45,2025-05-29,2026-03-09,false
ceb557ac-8b22-e445-7fa7-0485dafc3805,346,0,Đặng Thanh Phúc,contact346@example.com,0948759467,1988,,,TP. Hồ Chí Minh,Marketing Executive,2025-05-29 12:49:45,2026-03-09,,true
9ea8fcb1-4732-68c9-8c1e-9464e1d5c0dc,347,0,Lý Thu Nhi,contact347@example.com,0969307507,2004,,,Hà Nội,Sales Executive,2026-09-15 22:15:13,2026-09-15,,true
1be00f8e-0c8d-51d2-1673-aefbeb9e54e0,348,0,Đỗ Văn Giang,contact348@example.com,0914352961,2004,,,Đà Nẵng,Brand Manager,2025-08-01 08:11:09,2025-08-01,,true
61022b56-e5c4-82ff-5e5a-90c152a473f9,349,0,Huỳnh Thu Thảo,contact349@example.com,0958343701,,,,Hà Nội,Student,2025-07-02 12:43:18,2025-07-02,,true
fab6ad91-bacf-7cfc-9245-1cc41bfb3b3d,350,0,Võ Quốc Sơn,contact350@example.com,0965533646,1991,,,Cần Thơ,Marketing Executive,2026-03-14 09:18:30,2026-03-14,,true
9008cdc9-9d42-1bae-2134-e15bed56c714,351,0,Đặng Hải Trang,contact351@example.com,0952478375,2003,,,Cần Thơ,Brand Manager,2025-03-31 22:46:44,2025-03-31,,true
ccb03fc5-3513-a238-d91b-1a04bccaba38,352,0,Vũ Thanh Hùng,contact352@example.com,0910212187,1999,,,Bình Dương,Data Analyst,2026-05-25 22:51:11,2026-05-25,,true
8ccc617e-81b6-6951-4cdf-697f4eca2e96,353,0,Phan Văn Tuấn,contact353@example.com,0937002880,1993,,,Huế,Data Analyst,2026-03-01 17:22:35,2026-03-01,,true
091a5875-cc18-dd0e-7978-dc84ea89a979,354,0,Nguyễn Minh Hùng,contact354@example.com,0954360949,,,,Bình Dương,Founder,2025-01-07 10:43:21,2025-01-07,,true
af7c7d2b-93d0-54e4-3550-b07e04cabb38,355,0,Trần Gia Linh,contact355@example.com,0985825317,1995,,,Cần Thơ,Account Manager,2026-05-07 17:29:50,2026-05-07,,true
1de987a2-985e-7e89-2ff8-107a63ba9d86,356,0,Bùi Hải Tuấn,contact356@example.com,0981708931,,,,Cần Thơ,,2025-12-29 09:09:17,2025-12-29,,true
5fcc997d-1cbb-304b-2ccd-a2af4d64bb63,357,0,Lê Thu Khoa,contact357@example.com,0959873103,1994,,,TP. Hồ Chí Minh,Account Manager,2025-11-12 17:45:02,2025-11-12,,true
192703a7-df2e-37e7-c4fc-bb8424aefbea,358,0,Hoàng Ngọc Long,contact358@example.com,0974890505,2001,,,Đà Nẵng,Brand Manager,2025-07-26 21:32:01,2025-07-26,,true
0bcfd0fc-e3a1-af97-7785-2ddb55527a3c,359,25,Phạm Văn Linh,contact359@example.com,0915909601,2004,,,Huế,Data Analyst,2026-06-13 11:13:46,2026-06-13,,true
f5530567-03e7-dd21-1d4d-46d6460d113d,360,0,Võ Gia Long,contact360@example.com,0969205536,1993,,,TP. Hồ Chí Minh,Business Analyst,2025-11-14 13:20:12,2025-11-14,,true
8a6342ca-56b7-979e-e46a-0b429cfecbd8,361,0,Bùi Thanh Giang,contact361@example.com,0948019546,1990,,,Hà Nội,Student,2026-06-11 10:13:34,2026-06-11,,true
d60f8680-a124-fdb2-97be-df31e42aa836,362,0,Phạm Hải Bình,contact362@example.com,0921558774,1990,,,Bình Dương,,2025-05-14 07:30:57,2025-05-14,,true
b5d0b595-a4f8-9e23-af39-f2ce4f75d45a,363,0,Lê Thu Thảo,contact363@example.com,0927689263,1999,,,Hà Nội,Founder,2026-04-02 18:19:21,2026-04-02,,true
10bbc60d-07bf-63ee-7ccd-3dc0740a5bed,364,0,Võ Quốc Nam,contact364@example.com,0934609232,1995,,,Huế,Brand Manager,2026-04-27 14:14:09,2026-04-27,,true
1228130b-a642-72a2-8e5f-d65f536c32d0,365,0,Đỗ Bảo Thảo,contact365@example.com,0927098533,1997,,,Huế,Data Analyst,2025-12-26 22:29:54,2025-12-26,,true
6f73573b-faee-bacd-c8c8-ccf96e5fbf71,366,0,Vũ Gia Hà,contact366@example.com,0974743230,1995,,,TP. Hồ Chí Minh,,2026-06-30 21:25:37,2026-06-30,,true
67e2189b-f4b4-c704-4edb-6dc82d19bd52,367,0,Lý Thị Thảo,contact367@example.com,0990003898,2002,,,Hà Nội,Founder,2025-12-17 14:11:42,2025-12-17,,true
26330c43-a92f-85fe-258f-cafcc1cfd878,368,0,Trần Thị Hùng,contact368@example.com,0928645088,,,,Huế,Marketing Executive,2025-04-22 19:20:31,2025-04-22,,true
02141a68-952d-986c-16db-8a18fd8398c3,369,0,Đặng Bảo Vy,contact369@example.com,0950876026,,,,Hải Phòng,Brand Manager,2025-10-24 13:13:43,2025-10-24,,true
07fbb920-dd9d-2e4d-483e-dd69dc7abd16,370,0,Trần Văn Yến,contact370@example.com,0985165988,,,,Đà Nẵng,Data Analyst,2026-06-07 11:54:18,2026-06-07,,true
d7e4527a-6274-d240-8e30-1bcc302fa247,371,0,Hồ Hải Nhi,contact371@example.com,0983164605,1990,,,Hải Phòng,Business Analyst,2026-08-28 19:40:20,2026-08-28,,true
15ac80e4-22c2-3308-fd7e-e75cf997f697,372,0,Hoàng Văn Châu,contact372@example.com,0997025331,2000,,,Bình Dương,Product Owner,2026-03-04 11:18:55,2026-03-04,,true
2f900058-39ca-2826-5af5-6a23627ca9f7,373,0,Ngô Bảo Hà,contact373@example.com,0970987778,2002,,,Huế,Founder,2026-03-02 21:57:50,2026-03-02,,true
948c7eb4-1cf8-570b-5e5b-2ad8b4732eb6,374,0,Võ Hải Tâm,contact374@example.com,0987356703,1986,,,Cần Thơ,Founder,2025-01-08 22:54:46,2025-01-08,,true
cc502a89-8a08-d40e-a239-5ad5af1f798c,375,0,Lê Ngọc Quân,contact375@example.com,0994646134,,,,Bình Dương,Data Analyst,2025-03-21 21:33:05,2025-03-21,,true
98feb4f3-ec40-d95a-b1ee-df64090b23ed,376,0,Lý Bảo Long,contact376@example.com,0966507825,1994,,,Đà Nẵng,Business Analyst,2026-09-18 07:30:29,2026-09-18,,true
408669bb-4721-194b-c8a4-ae21d9f850e9,377,0,Đặng Bảo An,contact377@example.com,0948495745,1989,,,Cần Thơ,Data Analyst,2026-07-30 12:36:03,2026-07-30,,true
8702f4ad-cca3-a4c4-2e49-82cf7c239ebc,378,8,Huỳnh Bảo Giang,contact378@example.com,0998470372,1990,,,Đà Nẵng,Sales Executive,2025-10-15 15:54:16,2025-10-15,,true
d7825ea3-bbff-16e9-93e7-e89335fab528,379,0,Hoàng Thu Nhi,contact379@example.com,0961427803,1999,,,Bình Dương,Business Analyst,2025-12-18 09:09:38,2025-12-18,,true
6f4abfcc-deca-8598-87cb-0e2a25288a1b,380,0,Lý Thanh Quân,contact380@example.com,0981473736,1997,,,Hải Phòng,Student,2025-09-28 10:03:10,2025-09-28,2026-06-14,false
f63614f5-50d0-f83d-adb1-be7a61cb0527,380,0,Lý Thanh Quân,contact380@example.com,0981473736,1997,,,Hải Phòng,Account Manager,2025-09-28 10:03:10,2026-06-14,,true
6422a73e-958c-9cfd-a783-0a8f415e3805,381,0,Ngô Bảo Tuấn,contact381@example.com,0946586490,1993,,,Huế,Data Analyst,2025-02-12 10:58:34,2025-02-12,,true
af7ce609-1a99-aae0-8677-b81d1902c93b,382,0,Huỳnh Quốc Tâm,contact382@example.com,0911419753,1987,,,Hà Nội,Product Owner,2025-09-05 13:33:21,2025-09-05,,true
f5321352-b544-68e4-1f2d-a344a3596667,383,40,Lê Văn Trang,contact383@example.com,0998128100,,,,TP. Hồ Chí Minh,,2025-08-13 16:16:12,2025-08-13,,true
c516e394-aae6-787e-e744-aa30b1356d67,384,0,Dương Anh Châu,contact384@example.com,0995735668,1993,,,Huế,Product Owner,2026-09-11 10:44:11,2026-09-11,,true
a53e62ba-2dae-62c0-6483-b0e79c3cbe9d,385,0,Bùi Văn Lan,contact385@example.com,0945522715,1987,,,Hải Phòng,Sales Executive,2025-09-20 15:49:03,2025-09-20,,true
e581d601-04cd-c4e8-7225-539dc6f903cf,386,0,Dương Thanh Dung,contact386@example.com,0914678950,2003,,,Bình Dương,Student,2025-05-28 20:13:39,2025-05-28,,true
c7eb7d43-ba4e-f72f-d813-9af76766d37b,387,0,Bùi Hải Thảo,contact387@example.com,0910497109,2000,,,Hải Phòng,Product Owner,2025-01-01 08:42:24,2025-01-01,,true
0e213ce5-668e-b10e-4d86-2412ae8cc97b,388,0,Lý Thị Thảo,contact388@example.com,0981847296,,,,Đà Nẵng,Brand Manager,2025-03-13 14:00:24,2025-03-13,,true
b225574e-4c82-c445-30e5-9543a925de85,389,0,Lê Thu Linh,contact389@example.com,0996945247,2002,,,Hà Nội,Product Owner,2025-04-03 18:34:54,2025-04-03,,true
8a619e64-caf0-f442-1020-48e6638644e0,390,0,Dương Ngọc Giang,contact390@example.com,0914791343,2003,,,TP. Hồ Chí Minh,Founder,2025-04-20 18:31:05,2025-04-20,,true
dec56dc3-ad96-8213-f0a9-b97f7557c28c,391,0,Bùi Văn Nam,contact391@example.com,0925862805,2005,,,Bình Dương,Account Manager,2026-05-27 21:01:02,2026-05-27,,true
216aebcf-a616-dde4-b388-300a3e20718a,392,10,Lý Anh An,contact392@example.com,0973246028,,,,Cần Thơ,Marketing Executive,2025-06-02 14:59:04,2025-06-02,2026-05-21,false
d21bf733-4ead-a8d3-e797-f3ae0cca0c05,392,10,Lý Anh An,contact392@example.com,0973246028,,,,Cần Thơ,Data Analyst,2025-06-02 14:59:04,2026-05-21,,true
565c1e3f-6d1c-31d6-33e0-4a38cdf0aaba,393,0,Phạm Thị Quân,contact393@example.com,0989856515,,,,TP. Hồ Chí Minh,Data Analyst,2026-04-13 12:53:37,2026-04-13,,true
6a478ddf-c1ee-cd7a-2428-185a461de017,394,0,Hoàng Quốc Hùng,contact394@example.com,0916118522,1995,,,Hà Nội,Data Analyst,2026-02-16 17:07:43,2026-02-16,,true
2dee003e-01d9-6e96-01a0-204714aa3ca3,395,0,Trần Minh Dung,contact395@example.com,0994851724,1990,,,Hà Nội,Founder,2026-01-14 12:28:15,2026-01-14,,true
9c4c37b3-2caf-3d2f-f026-a4183d3fbbec,396,0,Lý Minh Hùng,contact396@example.com,0929204927,2001,,,Hải Phòng,Product Owner,2026-08-31 16:26:44,2026-08-31,,true
fa0f01a4-87bb-1f6d-fc92-0c731e14fe04,397,0,Lê Anh Linh,contact397@example.com,0956688115,2002,,,TP. Hồ Chí Minh,Sales Executive,2026-09-03 12:45:31,2026-09-03,,true
ab8e77a1-28e6-0130-2d23-8ed17f5d21f2,398,0,Phan Thanh Bình,contact398@example.com,0936000523,1989,,,Bình Dương,Founder,2026-01-06 23:14:29,2026-01-06,,true
7c2cfbcf-0770-d18f-c916-01472875ad5d,399,0,Bùi Bảo Phúc,contact399@example.com,0915813974,1986,,,Cần Thơ,Business Analyst,2025-02-25 18:18:13,2025-02-25,,true
699fdb02-bcdd-0b48-3cb3-c9fa191abb3d,400,0,Bùi Hải Hùng,contact400@example.com,0953712695,1988,,,Đà Nẵng,Sales Executive,2025-03-14 14:46:28,2025-03-14,,true
752e7613-22eb-69b1-5f9c-b7e06328143e,401,0,Trần Hải Giang,contact401@example.com,0939013196,,,,Hải Phòng,Business Analyst,2026-01-20 14:04:30,2026-01-20,,true
384852b6-57f4-98e0-c2a5-9d7b2bd3d971,402,37,Trần Thanh Giang,contact402@example.com,0924912833,,,,Hải Phòng,Product Owner,2026-01-03 13:21:08,2026-01-03,,true
7677a166-d644-e9ae-7936-931e9771d80b,403,0,Huỳnh Bảo Tâm,contact403@example.com,0940830120,2001,,,Hải Phòng,Sales Executive,2026-09-11 12:50:50,2026-09-11,,true
bbc51a50-787c-b0d3-fdc4-19b20a414919,404,0,Vũ Bảo Giang,contact404@example.com,0987000815,,,,Hải Phòng,Marketing Executive,2026-03-15 14:15:20,2026-03-15,,true
5bc07988-21f9-69e9-37cf-45f6f32ede3c,405,0,Phạm Thu Quân,contact405@example.com,0942280906,1985,,,Bình Dương,Product Owner,2025-02-04 20:33:25,2025-02-04,,true
2f589a81-67c5-b29b-b400-a5e1dfcb821b,406,0,Dương Bảo Thảo,contact406@example.com,0913276720,,,,Hải Phòng,Business Analyst,2025-04-03 07:30:42,2025-04-03,,true
35078c5d-cb62-f5b6-9342-3b4f8add06f9,407,5,Hồ Quốc Sơn,contact407@example.com,0914390822,1993,,,Bình Dương,,2026-01-15 21:45:40,2026-01-15,,true
8f0ce422-a5ee-a4a2-2cde-531f5dce8d9b,408,0,Đỗ Văn Dung,contact408@example.com,0961399349,2004,,,Hà Nội,Brand Manager,2025-03-24 17:47:59,2025-03-24,,true
39b6410e-c2c9-6b28-beb9-6a4ac0cffa73,409,0,Phạm Anh Quân,contact409@example.com,0987862305,,,,Bình Dương,Sales Executive,2026-07-29 13:08:21,2026-07-29,,true
ada59cb2-882a-e449-b5b7-1c24785ca87b,410,0,Lê Quốc Mai,contact410@example.com,0970721529,2001,,,Huế,Data Analyst,2025-10-01 23:43:27,2025-10-01,,true
1cada48a-46a4-2ee1-2a2e-1e6a1bff56f4,411,0,Lê Ngọc Phúc,contact411@example.com,0921718382,1990,,,Đà Nẵng,Data Analyst,2025-10-27 21:39:23,2025-10-27,,true
df2ddf20-05a4-3113-101d-759e3066478c,412,0,Hoàng Thu Mai,contact412@example.com,0966388890,2005,,,Hà Nội,Student,2026-05-23 23:40:01,2026-05-23,,true
e5f5cdc8-21c7-c0f6-9137-67ab4dd85715,413,0,Bùi Thu Thảo,contact413@example.com,0999369591,2002,,,Hải Phòng,Founder,2026-06-17 17:26:37,2026-06-17,,true
2ea9ef6c-4905-eb93-890a-83b4b639529e,414,0,Đặng Văn Giang,contact414@example.com,0957395084,1990,,,Cần Thơ,Business Analyst,2025-06-25 15:14:30,2025-06-25,,true
5f775a7a-25df-ac07-5806-5baefa5fafdb,415,0,Võ Quốc Hà,contact415@example.com,0937535486,1986,,,Bình Dương,Brand Manager,2025-06-06 08:20:36,2025-06-06,,true
795235ad-4ba9-9d78-b498-75d0a5b1c799,416,32,Hoàng Thu Long,contact416@example.com,0930945115,2002,,,Cần Thơ,Brand Manager,2025-06-16 16:07:58,2025-06-16,,true
66d137f6-0659-010a-4ede-79b61deb979d,417,0,Dương Quốc Yến,contact417@example.com,0925074747,1986,,,TP. Hồ Chí Minh,Account Manager,2026-08-11 11:51:36,2026-08-11,,true
89d56357-1566-1feb-05c5-bf8d321a6c3f,418,0,Phan Bảo Sơn,contact418@example.com,0939815643,,,,Huế,Student,2025-08-14 21:22:05,2025-08-14,,true
584cb0f7-48de-d8be-031e-ef965f71dcc4,419,0,Trần Anh Mai,contact419@example.com,0963359331,1998,,,Đà Nẵng,Product Owner,2025-03-31 23:25:12,2025-03-31,,true
99125090-9651-6ec2-d5e4-157d23bab528,420,0,Ngô Thu Linh,contact420@example.com,0931983567,,,,Hải Phòng,Product Owner,2026-04-02 09:13:46,2026-04-02,,true
764d7e7c-8e49-d0f9-2cc5-c9de6a1d9731,421,0,Bùi Thị Thảo,contact421@example.com,0960435319,1998,,,Bình Dương,Student,2025-08-01 16:30:55,2025-08-01,,true
00a0586e-ca8d-5d5a-06de-fca8397a284f,422,0,Lý Văn Linh,contact422@example.com,0988545322,2002,,,Bình Dương,Founder,2025-05-21 13:11:53,2025-05-21,,true
46f7b20a-c3c4-9506-1e8e-06ed07480379,423,0,Đặng Hải Hà,contact423@example.com,0976019888,,,,Bình Dương,Sales Executive,2025-11-04 22:07:41,2025-11-04,,true
93447b2f-bba3-1668-8334-e5245f8a2e3c,424,0,Võ Anh Vy,contact424@example.com,0973893102,,,,Huế,Data Analyst,2025-03-10 18:37:30,2025-03-10,2025-12-30,false
25693e13-0efa-8993-94e7-4f2629b05b37,424,0,Võ Anh Vy,contact424@example.com,0973893102,,,,Huế,Brand Manager,2025-03-10 18:37:30,2025-12-30,,true
a0c69223-c435-9252-319d-d940838cc137,425,0,Đỗ Hải Tuấn,contact425@example.com,0957779407,1994,,,Cần Thơ,Data Analyst,2026-04-18 11:22:10,2026-04-18,,true
480afe9f-84a6-d693-230f-1e69034d42fd,426,0,Đặng Thanh Vy,contact426@example.com,0958656970,2003,,,Đà Nẵng,Business Analyst,2025-04-07 12:34:20,2025-04-07,,true
f3d6b9f2-d4d7-b0ca-b08d-16769d09a404,427,0,Phạm Ngọc Giang,contact427@example.com,0977562908,1991,,,Huế,Account Manager,2026-05-12 20:21:58,2026-05-12,,true
85eb43c8-98ff-805c-fcd2-280ee3c51ba8,428,0,Phạm Minh An,contact428@example.com,0974359847,1996,,,TP. Hồ Chí Minh,Founder,2026-06-29 10:26:29,2026-06-29,,true
6cc0067f-141f-746e-fb29-ff362155fba8,429,8,Vũ Minh Yến,contact429@example.com,0929107146,1994,,,TP. Hồ Chí Minh,Sales Executive,2025-12-17 12:45:19,2025-12-17,,true
40c56cf6-e895-6041-1e71-afa97815c7df,430,0,Ngô Văn Hùng,contact430@example.com,0924471004,2001,,,Cần Thơ,Marketing Executive,2025-04-25 09:01:49,2025-04-25,2025-10-26,false
18b475b1-c12a-34f4-02a1-3629aae6f1a1,430,0,Ngô Văn Hùng,contact430@example.com,0924471004,2001,,,Cần Thơ,Data Analyst,2025-04-25 09:01:49,2025-10-26,,true
daea544a-291a-4905-5a29-fe6b590bd0c6,431,0,Đỗ Văn Châu,contact431@example.com,0929536326,,,,Đà Nẵng,,2026-09-09 13:37:57,2026-09-09,,true
ec9a799e-1943-7791-b9b0-7ec4f93c8859,432,0,Phan Ngọc Linh,contact432@example.com,0933055043,,,,Cần Thơ,Marketing Executive,2026-09-19 10:52:37,2026-09-19,,true
685707ac-3a40-fe39-83a5-f42136daa93a,433,0,Dương Anh Dung,contact433@example.com,0934273079,,,,Hải Phòng,Product Owner,2026-06-01 22:23:44,2026-06-01,,true
489ac27e-6281-03f0-1d9f-ff257e63f654,434,0,Lý Quốc Yến,contact434@example.com,0948691113,1986,,,Hà Nội,Brand Manager,2025-11-18 10:29:07,2025-11-18,,true
7ddcaaf6-ac95-adb1-ffac-54fd0345eeda,435,0,Ngô Ngọc Châu,contact435@example.com,0973844258,,,,Đà Nẵng,Business Analyst,2025-11-16 21:14:35,2025-11-16,,true
32f75350-f9a7-32dc-5d1c-19061090dc9d,436,0,Phạm Minh Nam,contact436@example.com,0963770881,1988,,,Bình Dương,Business Analyst,2026-02-10 21:33:42,2026-02-10,,true
f33c4c36-9a69-0cad-aaab-583079cfc04f,437,0,Lý Thanh Yến,contact437@example.com,0988103795,2005,,,Hải Phòng,Brand Manager,2026-09-02 19:07:14,2026-09-02,,true
d48f5ba3-0d87-bc72-bce0-5a63197f9b8d,438,0,Phạm Thị Lan,contact438@example.com,0975678288,2005,,,TP. Hồ Chí Minh,Marketing Executive,2026-05-12 23:17:09,2026-05-12,,true
774d34f5-caf0-7226-7e00-0029c47f9b05,439,0,Hoàng Thanh Trang,contact439@example.com,0993648866,1987,,,Bình Dương,Account Manager,2025-01-28 12:24:38,2025-01-28,,true
08697ffa-0936-0f02-75ac-0819714b5c03,440,0,Nguyễn Văn Nhi,contact440@example.com,0925989909,1995,,,Huế,Product Owner,2026-05-25 22:32:16,2026-05-25,,true
8feff87b-79d5-4e9f-7846-0474927c5ea7,441,0,Hồ Thu Dung,contact441@example.com,0986350455,2002,,,Bình Dương,Account Manager,2025-11-07 12:31:27,2025-11-07,,true
0b8ce21f-9728-9c5e-0734-a4030fb97b5d,442,0,Hồ Bảo Vy,contact442@example.com,0957347151,,,,Đà Nẵng,Brand Manager,2026-06-03 08:25:16,2026-06-03,,true
b020321b-e90f-4137-15be-bdd097b027ce,443,0,Đỗ Hải Mai,contact443@example.com,0917576489,1992,,,TP. Hồ Chí Minh,Student,2026-01-10 17:24:06,2026-01-10,,true
19048ca7-9291-e493-528a-34f363eac0a1,444,28,Ngô Thanh An,contact444@example.com,0973042053,1995,,,Hải Phòng,,2025-11-08 07:34:20,2025-11-08,,true
c982a300-f95f-17e6-d8ea-e31ba2ac7896,445,0,Bùi Minh Trang,contact445@example.com,0950201014,1998,,,TP. Hồ Chí Minh,Founder,2025-04-13 13:21:31,2025-04-13,,true
910171d2-1138-978b-45fb-3e8a563b04fa,446,37,Hồ Ngọc Trang,contact446@example.com,0922342371,2003,,,Hà Nội,,2026-07-03 13:18:16,2026-07-03,,true
83ef3ce9-9ffd-a1e7-4052-e3a566fd3215,447,0,Đặng Gia Linh,contact447@example.com,0968104261,1995,,,TP. Hồ Chí Minh,Product Owner,2026-05-02 18:50:04,2026-05-02,,true
c4e4fe52-da4f-706b-9d4a-c78bcf1643a0,448,0,Huỳnh Bảo Quân,contact448@example.com,0938582041,1999,,,Đà Nẵng,Account Manager,2026-07-15 12:56:01,2026-07-15,,true
107e528c-e940-53af-d488-edffdc352577,449,0,Hoàng Ngọc Giang,contact449@example.com,0950302318,,,,Hải Phòng,Brand Manager,2026-08-03 08:33:12,2026-08-03,,true
d3c544a3-cc0b-200d-3ede-c38e07179ef3,450,0,Võ Anh Trang,contact450@example.com,0941692809,1988,,,TP. Hồ Chí Minh,Sales Executive,2026-02-27 15:52:18,2026-02-27,,true
0acfbd89-da3e-d15a-a4f0-708a2d0d5e1d,451,0,Phan Minh Lan,contact451@example.com,0928311409,1993,,,Bình Dương,Account Manager,2026-05-13 20:27:41,2026-05-13,,true
171e5028-e2be-80e1-a84d-5f25abf2b369,452,0,Bùi Bảo Linh,contact452@example.com,0918533790,,,,Hải Phòng,Brand Manager,2026-05-13 07:03:55,2026-05-13,,true
bf957403-ce4b-a2bb-63d3-ce8ebcbb859a,453,0,Võ Thu Châu,contact453@example.com,0941954134,1995,,,Đà Nẵng,,2025-05-23 23:42:53,2025-05-23,,true
f2deb798-b31a-25b5-5fec-aa6e88917cf5,454,0,Võ Thu Nhi,contact454@example.com,0944132362,,,,Hà Nội,Founder,2026-03-10 13:09:06,2026-03-10,,true
a987799b-bd4c-938c-d76a-c5a808e94548,455,0,Võ Minh Mai,contact455@example.com,0973783187,1994,,,Hà Nội,,2026-07-13 20:30:43,2026-07-13,,true
f5f3943a-e8e7-f030-0203-83406372d635,456,0,Đỗ Anh Dung,contact456@example.com,0981794497,,,,Huế,Founder,2025-02-25 14:16:35,2025-02-25,,true
a4f954fc-c449-21b6-cfef-7811e124c3f2,457,0,Vũ Thanh Hùng,contact457@example.com,0931505334,,,,Bình Dương,Brand Manager,2025-09-19 16:05:59,2025-09-19,,true
10fd7164-819f-2393-42ce-ef41b2cfba8b,458,0,Lý Thu Nhi,contact458@example.com,0954657219,1988,,,Huế,Business Analyst,2025-02-04 15:55:05,2025-02-04,,true
1c5f3cba-150d-28eb-9368-3dd65050127e,459,4,Huỳnh Anh Phúc,contact459@example.com,0996046825,1997,,,TP. Hồ Chí Minh,Student,2026-09-09 17:29:44,2026-09-09,,true
159b2b6b-32db-a028-4823-debeccade92e,460,0,Bùi Thu Quân,contact460@example.com,0927919382,2003,,,Huế,Brand Manager,2026-06-13 11:54:38,2026-06-13,,true
4299b351-99b3-568d-6dcc-9c609e35836f,461,0,Vũ Thị Phúc,contact461@example.com,0936610839,1990,,,Hà Nội,Product Owner,2025-07-04 14:01:01,2025-07-04,,true
61cf91fb-7e81-cdfa-bf16-e3e949b7e037,462,34,Ngô Thu Vy,contact462@example.com,0976323560,1991,,,TP. Hồ Chí Minh,Student,2026-01-12 12:36:07,2026-01-12,,true
9e204ac7-3c48-c936-4305-4a31f9e38905,463,0,Phan Hải Hà,contact463@example.com,0964831176,,,,Hà Nội,Student,2025-07-31 13:52:18,2025-07-31,,true
622cc212-b69d-2f48-3653-e588afd58fe7,464,0,Lê Văn Quân,contact464@example.com,0927878463,,,,Bình Dương,Product Owner,2025-09-12 18:37:43,2025-09-12,,true
0ba6aa86-cf52-85f7-bf8c-c6f9b5a61d61,465,0,Trần Quốc Khoa,contact465@example.com,0973207479,,,,Cần Thơ,,2026-09-04 15:04:06,2026-09-04,,true
77d468ea-e0bd-d765-56d4-4952ee29e80e,466,0,Hoàng Gia Bình,contact466@example.com,0987911634,1990,,,Cần Thơ,Founder,2026-06-01 19:19:25,2026-06-01,,true
6e1a1e1b-ed1d-defa-5c4f-c55ebf715a28,467,0,Bùi Văn Giang,contact467@example.com,0977002914,,,,Huế,Student,2025-11-21 23:27:09,2025-11-21,,true
0df81d2b-260c-037e-305d-0ef70d9ff83d,468,0,Huỳnh Quốc Quân,contact468@example.com,0930302410,2005,,,Huế,Founder,2025-09-27 15:33:20,2025-09-27,,true
b8427379-d888-dcb6-1ccc-33c17e347f69,469,0,Ngô Thị Quân,contact469@example.com,0915474970,2002,,,Hải Phòng,Founder,2025-02-06 22:16:10,2025-02-06,,true
86a8f21a-010e-622b-f8bc-920cff7d39f7,470,0,Huỳnh Minh Sơn,contact470@example.com,0946613462,2003,,,TP. Hồ Chí Minh,,2025-05-07 18:05:13,2025-05-07,,true
1b2765f6-f383-24f7-eddc-ac0a97206c66,471,0,Lý Anh Dung,contact471@example.com,0954111700,1988,,,Hải Phòng,Brand Manager,2025-07-04 20:58:04,2025-07-04,,true
0c767092-dcff-d7b6-361c-2373211b20eb,472,0,Nguyễn Quốc Bình,contact472@example.com,0998070016,1999,,,Đà Nẵng,,2025-06-05 22:29:40,2025-06-05,,true
6374ed14-29b6-7b14-354e-15ecda33562c,473,0,Hồ Thị Nam,contact473@example.com,0944247519,1997,,,Hà Nội,Marketing Executive,2025-10-17 17:51:03,2025-10-17,,true
7208838e-7d57-ef69-332a-c35a833d3df1,474,0,Ngô Thanh Vy,contact474@example.com,0991002225,1988,,,Huế,Brand Manager,2025-10-19 11:07:19,2025-10-19,,true
afad328e-a5c9-cf20-3967-26aaad2b2c82,475,0,Huỳnh Hải Tuấn,contact475@example.com,0967179047,2001,,,Đà Nẵng,Founder,2026-05-01 09:48:27,2026-05-01,,true
6d7fd4e2-85e9-5c6c-3fa7-c199d76f0813,476,0,Lê Thu Linh,contact476@example.com,0929945631,,,,Bình Dương,Student,2026-05-23 23:05:18,2026-05-23,,true
14eed987-95e7-c6e4-413e-84bd5aff4594,477,0,Ngô Hải Dung,contact477@example.com,0972365138,2003,,,Huế,Student,2025-02-18 09:58:02,2025-02-18,,true
ab962697-c1e1-f813-747a-c231b95e44e3,478,0,Huỳnh Hải Bình,contact478@example.com,0921179070,1994,,,Đà Nẵng,,2025-01-17 10:47:42,2025-01-17,,true
1ddea07d-651a-6277-017f-319f04961795,479,0,Phan Minh Châu,contact479@example.com,0991074604,1988,,,Hải Phòng,Account Manager,2025-09-29 17:58:55,2025-09-29,2026-06-30,false
de68666d-67b4-1520-b11a-369675cd3e5c,479,0,Phan Minh Châu,contact479@example.com,0991074604,1988,,,Hải Phòng,Founder,2025-09-29 17:58:55,2026-06-30,,true
dbe83664-302f-420e-f874-05cab22f2e91,480,0,Hồ Thanh Châu,contact480@example.com,0926789227,1991,,,Hà Nội,Marketing Executive,2025-11-07 18:44:43,2025-11-07,2026-08-10,false
3de54ee2-a655-596c-2528-d32da60c2bed,480,0,Hồ Thanh Châu,contact480@example.com,0926789227,1991,,,Hà Nội,Product Owner,2025-11-07 18:44:43,2026-08-10,,true
0506536c-78b3-842a-7c2c-0791f6bffaa9,481,0,Hoàng Thu Nhi,contact481@example.com,0912928205,1989,,,Bình Dương,Founder,2026-07-06 13:05:19,2026-07-06,,true
974e598d-836b-47c3-7c71-1cc8665173fa,482,28,Ngô Thu Thảo,contact482@example.com,0989972230,1994,,,Hà Nội,Founder,2026-08-21 19:03:21,2026-08-21,,true
f05ff9c3-9f69-0cde-7eaa-7a911defd401,483,0,Ngô Bảo Long,contact483@example.com,0984256721,2005,,,Hải Phòng,Founder,2026-05-15 14:45:03,2026-05-15,,true
d7abed02-da7b-f28b-9a23-3be3ebf6dd32,484,0,Lý Quốc Phúc,contact484@example.com,0941152352,2003,,,Bình Dương,Brand Manager,2026-04-05 07:10:18,2026-04-05,,true
2804335a-3311-65e0-2c5c-ce54210c78d9,485,0,Đỗ Thu Hà,contact485@example.com,0993462271,1987,,,Bình Dương,Founder,2026-04-23 19:26:53,2026-04-23,,true
5675c8f3-104c-6350-ce8b-76a2082f2fb9,486,0,Trần Văn Mai,contact486@example.com,0945005058,1990,,,TP. Hồ Chí Minh,Account Manager,2025-04-14 20:31:19,2025-04-14,,true
b0acb9ba-da78-f4c5-26b3-a03ae57513a5,487,0,Võ Quốc Mai,contact487@example.com,0916264794,,,,Cần Thơ,Student,2026-09-25 14:07:35,2026-09-25,,true
81dec9db-0abe-8257-8ffe-38c9d2d81eb3,488,0,Dương Thu Dung,contact488@example.com,0924212564,,,,Cần Thơ,Data Analyst,2026-09-11 10:45:03,2026-09-11,,true
1f7bd82f-2345-0e72-d1b4-856255a8d6a1,489,0,Đặng Thu Sơn,contact489@example.com,0976892907,1988,,,TP. Hồ Chí Minh,Brand Manager,2025-05-01 13:58:23,2025-05-01,,true
3ed5e52e-aa3d-2111-a123-01935c532042,490,31,Bùi Thanh Sơn,contact490@example.com,0932986369,1996,,,Bình Dương,Product Owner,2026-03-26 20:49:49,2026-03-26,,true
ce6631cb-b7b6-51ee-028b-ffb6c528ac36,491,0,Ngô Thu Sơn,contact491@example.com,0958556533,,,,Hải Phòng,Business Analyst,2026-06-27 14:08:51,2026-06-27,,true
fa4cb559-0ecc-9ff5-9316-2f53e70af828,492,0,Huỳnh Hải Bình,contact492@example.com,0962783304,,,,Bình Dương,Business Analyst,2025-03-13 09:21:20,2025-03-13,,true
67687c42-b346-8999-2598-bc54eba2a67c,493,0,Đặng Quốc Mai,contact493@example.com,0911060619,,,,Cần Thơ,,2026-06-17 16:26:25,2026-06-17,,true
48af7f10-8a71-3a73-fdee-baa1853d8090,494,0,Hồ Ngọc Linh,contact494@example.com,0921311994,1995,,,Hải Phòng,Business Analyst,2025-07-30 21:44:22,2025-07-30,,true
8159ace5-fca9-1028-6c39-12efb9fc829f,495,0,Huỳnh Văn An,contact495@example.com,0982468532,1992,,,Huế,Student,2026-06-08 16:33:21,2026-06-08,,true
3c70dfca-fba2-a5f1-56c7-6990740173c1,496,0,Phạm Văn Tuấn,contact496@example.com,0926743635,2003,,,Bình Dương,Marketing Executive,2025-03-03 18:16:40,2025-03-03,,true
744da236-5c7c-0778-c74f-054fd2a5d216,497,0,Hoàng Hải Sơn,contact497@example.com,0943236783,2001,,,Cần Thơ,Sales Executive,2026-08-19 14:22:19,2026-08-19,,true
651076d6-c761-0e83-84d9-94518f188e72,498,0,Hoàng Thu Hùng,contact498@example.com,0969883130,2001,,,Hải Phòng,,2026-03-12 20:05:05,2026-03-12,,true
83601fb5-b45b-bad3-f7d0-eea0211f632b,499,0,Lý Hải Hà,contact499@example.com,0929373816,2000,,,Bình Dương,Founder,2026-08-22 20:28:44,2026-08-22,,true
1e245a97-273e-f6f4-85d4-bf0f0a4fee3b,500,11,Đỗ Thị Trang,contact500@example.com,0964844029,1996,,,Cần Thơ,Student,2025-05-01 13:29:30,2025-05-01,,true
bd5a6112-d1b2-2e3c-2ede-2487373058be,501,10,Hoàng Bảo Nhi,contact501@example.com,0916529832,,,,Đà Nẵng,Student,2026-01-19 16:18:31,2026-01-19,,true
81383447-2376-324f-c30f-3c6921ffcf72,502,31,Đặng Bảo Phúc,contact502@example.com,0955341868,,,,Hải Phòng,,2025-05-06 18:04:55,2025-05-06,,true
aba23511-f544-b28c-0bba-d72a8a7e9cce,503,0,Lê Bảo Vy,contact503@example.com,0993696762,1992,,,Hải Phòng,Brand Manager,2026-04-06 21:09:55,2026-04-06,,true
0d892ced-c1f3-1143-93ac-ceb88ab5a799,504,0,Đặng Gia Tuấn,contact504@example.com,0926613686,1987,,,TP. Hồ Chí Minh,,2025-10-12 12:45:01,2025-10-12,,true
d6c34b19-b4a3-5c95-d466-99843ecb1bd6,505,0,Nguyễn Thị Vy,contact505@example.com,0981384965,1985,,,Đà Nẵng,Sales Executive,2026-06-19 13:48:30,2026-06-19,,true
06289878-6a39-4607-2e35-c5c86fe05fa2,506,0,Hồ Bảo Bình,contact506@example.com,0975964394,,,,Hà Nội,Brand Manager,2026-03-31 09:51:34,2026-03-31,,true
684344a1-f3c1-114d-4e8a-10cb277b71ea,507,0,Phạm Gia Hà,contact507@example.com,0948299260,1993,,,Huế,Data Analyst,2025-11-21 19:16:05,2025-11-21,,true
1ef7a52e-e645-bb00-d3e6-dc21f10b394d,508,0,Đặng Hải Dung,contact508@example.com,0952955238,1995,,,Đà Nẵng,Product Owner,2025-03-02 17:11:01,2025-03-02,,true
a22fc331-6851-8341-0766-699f7bf2aa06,509,0,Hồ Thị Lan,contact509@example.com,0918137886,2002,,,Hải Phòng,Data Analyst,2025-09-03 14:31:32,2025-09-03,,true
3415c076-801c-5617-a2c3-b917d8a5aa52,510,0,Vũ Gia Tuấn,contact510@example.com,0926853900,1998,,,Hải Phòng,Data Analyst,2025-01-20 15:35:37,2025-01-20,,true
2ad98682-f8da-5a79-a72e-dd5f4a0c408d,511,0,Ngô Gia Phúc,contact511@example.com,0915609238,1999,,,Huế,,2025-05-26 18:34:10,2025-05-26,2026-02-26,false
d6e8aad3-403a-423a-990d-dc7345f72e6c,511,0,Ngô Gia Phúc,contact511@example.com,0915609238,1999,,,Huế,Product Owner,2025-05-26 18:34:10,2026-02-26,,true
8e7569bc-b99e-6f7b-23c0-1eb1d49b862d,512,0,Trần Minh Tâm,contact512@example.com,0985575530,1987,,,Hải Phòng,Data Analyst,2025-12-26 13:37:53,2025-12-26,,true
57750d0f-5256-e276-fba7-5385a98afcb0,513,0,Bùi Anh Long,contact513@example.com,0995251058,1999,,,Đà Nẵng,Sales Executive,2026-03-19 13:39:32,2026-03-19,,true
a6b96653-a62b-3d30-e070-bdb9c98cd5fb,514,1,Huỳnh Hải Tâm,contact514@example.com,0975629343,,,,Cần Thơ,Data Analyst,2026-09-05 07:38:30,2026-09-05,,true
71cfd772-3167-d947-efad-f0695ed7d1a6,515,0,Hồ Bảo Mai,contact515@example.com,0961908845,1985,,,Hà Nội,Founder,2025-02-01 21:43:07,2025-02-01,2025-03-23,false
ebe0c8c1-ae38-cf46-47f8-6de4c227e0f2,515,0,Hồ Bảo Mai,contact515@example.com,0961908845,1985,,,Hà Nội,Brand Manager,2025-02-01 21:43:07,2025-03-23,,true
fbf8b1fe-3232-be72-01d3-a0333586ae6f,516,0,Vũ Ngọc Quân,contact516@example.com,0958720925,2000,,,Bình Dương,,2025-07-16 09:52:39,2025-07-16,,true
9691f45d-10bb-794e-2cef-755790ad07c6,517,0,Lý Minh Tâm,contact517@example.com,0936007403,2003,,,Bình Dương,,2026-02-10 10:55:17,2026-02-10,,true
ac504475-a416-5dd1-6d57-5fd1f019955f,518,0,Nguyễn Anh Tâm,contact518@example.com,0992470962,2002,,,Hải Phòng,Marketing Executive,2025-03-07 23:46:50,2025-03-07,,true
0c05e009-397b-fdd7-b8a1-e477e240e060,519,0,Võ Thị Vy,contact519@example.com,0979564413,1996,,,Cần Thơ,Marketing Executive,2025-02-23 17:27:54,2025-02-23,,true
2a1b76e3-3266-84ff-3ffe-f652eac032fa,520,0,Lê Bảo An,contact520@example.com,0940283277,,,,Hải Phòng,Data Analyst,2026-03-07 17:00:25,2026-03-07,,true
573ecc3a-f574-175b-3d05-1bf4793c4fbf,521,0,Nguyễn Bảo Tuấn,contact521@example.com,0954869326,,,,TP. Hồ Chí Minh,Data Analyst,2025-03-06 10:01:30,2025-03-06,,true
d9025a2c-e3dc-8702-5033-14b1609cf7af,522,0,Dương Thị Tuấn,contact522@example.com,0969922335,1987,,,Hà Nội,Marketing Executive,2025-12-08 23:50:15,2025-12-08,,true
c080aba4-9e07-809d-1888-54db66d4b394,523,0,Lê Thị Vy,contact523@example.com,0917488001,1994,,,Huế,Product Owner,2025-05-09 08:19:39,2025-05-09,,true
1ba651ed-3146-74a6-967a-efbb5404801d,524,0,Ngô Bảo Trang,contact524@example.com,0923593293,1985,,,Hải Phòng,Account Manager,2026-09-06 07:29:24,2026-09-06,,true
233e84ac-3e3f-3da0-2f98-ad3371d2e63f,525,0,Hoàng Anh Sơn,contact525@example.com,0944398138,2000,,,Bình Dương,,2026-09-02 09:37:50,2026-09-02,,true
4a832ab5-57c8-50b0-9a73-cd2f4f05495e,526,0,Đỗ Thanh Thảo,contact526@example.com,0982631078,,,,TP. Hồ Chí Minh,Founder,2025-03-03 11:19:37,2025-03-03,,true
a3fb6609-334b-92a2-f9fc-9c3f32063388,527,0,Trần Ngọc Sơn,contact527@example.com,0985088096,,,,Hải Phòng,Brand Manager,2025-01-09 23:37:42,2025-01-09,,true
542060ce-6b2f-9d47-4cb4-a7f69db8ef7e,528,0,Dương Bảo Yến,contact528@example.com,0954445587,,,,Cần Thơ,Brand Manager,2025-03-12 17:12:42,2025-03-12,,true
348f9ce0-603b-c183-bd75-f95ccea95510,529,0,Vũ Ngọc Phúc,contact529@example.com,0993741127,2000,,,Bình Dương,Brand Manager,2026-04-11 08:31:14,2026-04-11,,true
32f9b771-0799-7940-f9ad-de7d0b3d58ad,530,0,Phạm Minh Linh,contact530@example.com,0969110577,2003,,,Huế,Brand Manager,2025-01-07 18:00:04,2025-01-07,,true
610114f4-2322-6464-ad6d-84efd4d9a0ae,531,0,Huỳnh Ngọc An,contact531@example.com,0933632711,,,,Hà Nội,Marketing Executive,2025-06-26 12:21:54,2025-06-26,,true
b6004df4-e0de-0676-6f08-2598e1b4b7ef,532,0,Vũ Quốc Mai,contact532@example.com,0998705666,2001,,,Huế,,2025-04-24 17:59:13,2025-04-24,,true
3068ffdd-965a-fd0f-9db4-02f1c3595dc2,533,0,Hồ Quốc Long,contact533@example.com,0990470126,2005,,,TP. Hồ Chí Minh,Marketing Executive,2025-05-28 11:50:12,2025-05-28,,true
a9db47b9-ca7e-cb33-787d-a6d7c8dfd1f1,534,0,Võ Minh Sơn,contact534@example.com,0988394188,,,,TP. Hồ Chí Minh,Data Analyst,2025-10-29 11:20:15,2025-10-29,,true
66a466d4-94c8-a69d-44b1-a1ee794836f2,535,0,Huỳnh Quốc Yến,contact535@example.com,0960181152,2000,,,Bình Dương,Founder,2025-06-21 23:23:31,2025-06-21,,true
4128d40b-5fc5-7ff4-d7a9-98eaef7cdb39,536,0,Dương Ngọc Nam,contact536@example.com,0939339153,1997,,,Cần Thơ,Business Analyst,2026-08-21 08:13:14,2026-08-21,,true
7f5efb6b-cdf4-0137-5e15-433b68b1211a,537,0,Trần Thu Sơn,contact537@example.com,0993366096,1999,,,Hải Phòng,Product Owner,2025-05-18 16:28:33,2025-05-18,,true
46c3c90c-c92e-fe01-1402-3a93a4c688ec,538,0,Lê Quốc Châu,contact538@example.com,0949529512,,,,Cần Thơ,Account Manager,2026-01-27 07:11:28,2026-01-27,,true
dae13a7f-ff97-79f7-234b-20fdff7ca58f,539,13,Bùi Ngọc Vy,contact539@example.com,0954190018,1993,,,TP. Hồ Chí Minh,,2025-04-11 10:04:23,2025-04-11,,true
c2db6aab-fd41-1a05-833c-d4f2a7728290,540,0,Đỗ Hải Nam,contact540@example.com,0987840078,,,,Hà Nội,Founder,2026-07-11 07:49:19,2026-07-11,,true
5735773c-761e-6287-d07c-5e53b8f6703b,541,0,Lý Ngọc Sơn,contact541@example.com,0988786294,,,,Huế,Founder,2026-02-12 14:14:46,2026-02-12,,true
20db4294-dfae-1803-93d7-97e723923df4,542,0,Ngô Ngọc Phúc,contact542@example.com,0970394210,,,,Hà Nội,Brand Manager,2025-11-17 13:27:49,2025-11-17,,true
05f30bc5-9642-b052-5379-f2794cb50625,543,0,Bùi Ngọc Nhi,contact543@example.com,0967139083,1997,,,Huế,Account Manager,2025-01-10 22:51:42,2025-01-10,,true
f6419405-91cb-bc49-542e-f29e1bcfb92f,544,0,Hồ Hải Hùng,contact544@example.com,0962430296,1997,,,TP. Hồ Chí Minh,Founder,2025-02-02 11:21:36,2025-02-02,,true
863ecbe2-a8d9-9292-4a85-e4433ba878d9,545,0,Lý Văn Hà,contact545@example.com,0936709158,1997,,,Đà Nẵng,Sales Executive,2025-11-07 12:02:52,2025-11-07,,true
dd9e7b6d-e751-82a4-f481-38b5639509c4,546,0,Ngô Hải Hà,contact546@example.com,0924863801,1998,,,Hải Phòng,Data Analyst,2025-02-28 18:33:00,2025-02-28,,true
757e2b43-af51-6850-b77e-5f7a80a233e3,547,0,Lý Minh Trang,contact547@example.com,0987187458,,,,Cần Thơ,Sales Executive,2025-07-30 16:27:52,2025-07-30,,true
1752815c-bcbf-1583-0a01-75e5937d6fb1,548,0,Vũ Gia Long,contact548@example.com,0986400632,,,,Hải Phòng,Founder,2025-01-08 11:28:04,2025-01-08,,true
a8b97820-e92c-5b92-6279-67a3753439c0,549,0,Đặng Hải Trang,contact549@example.com,0933505052,1990,,,Cần Thơ,Product Owner,2026-04-13 18:44:53,2026-04-13,,true
fe0d40b4-6949-8671-7e55-33bae8a2f417,550,0,Vũ Minh Lan,contact550@example.com,0994299900,1987,,,Bình Dương,Sales Executive,2026-08-06 10:25:44,2026-08-06,,true
b1c9d0dc-a38c-c35f-12bc-f09006d6fba7,551,0,Bùi Hải Phúc,contact551@example.com,0932124330,2001,,,Hà Nội,Founder,2025-05-05 18:04:48,2025-05-05,,true
f334685d-b6ad-478c-3e06-f427a832a228,552,8,Hoàng Quốc Vy,contact552@example.com,0972309982,1987,,,Hà Nội,Account Manager,2026-04-16 13:25:02,2026-04-16,,true
c37a927b-abe0-5b22-13dc-a1542b1fc2ab,553,0,Nguyễn Bảo Dung,contact553@example.com,0933788294,2002,,,Bình Dương,Product Owner,2026-04-28 15:53:10,2026-04-28,2026-07-01,false
2d8d7db8-5bab-96cc-70ce-f646274b8b98,553,0,Nguyễn Bảo Dung,contact553@example.com,0933788294,2002,,,Bình Dương,Sales Executive,2026-04-28 15:53:10,2026-07-01,,true
33a51ac6-c461-994d-609c-fe40c5bca449,554,34,Phạm Hải Yến,contact554@example.com,0951382580,2004,,,Hà Nội,Marketing Executive,2025-02-05 13:28:44,2025-02-05,,true
6a6a0149-0b44-676d-2ac3-9be9b958d153,555,2,Nguyễn Quốc Hùng,contact555@example.com,0999784876,1988,,,Huế,Business Analyst,2026-01-19 14:12:05,2026-01-19,,true
66f29d1d-03d6-af3f-2c72-767552c83bfc,556,0,Phan Gia Nam,contact556@example.com,0967429121,1991,,,Hà Nội,Brand Manager,2025-12-01 17:35:40,2025-12-01,,true
fbac9ade-7fe4-36d1-994f-7c31c47dd678,557,0,Võ Anh Trang,contact557@example.com,0959523652,1991,,,Hải Phòng,Student,2025-01-13 19:13:29,2025-01-13,,true
7b6ce596-aa97-435d-d9ff-74ebfa5f9e72,558,0,Hồ Anh Yến,contact558@example.com,0927841755,2005,,,Huế,Brand Manager,2026-07-04 12:16:06,2026-07-04,,true
6db2094b-bce7-e298-3c84-78214f10b422,559,0,Vũ Gia Thảo,contact559@example.com,0911783979,2004,,,Huế,Data Analyst,2025-01-19 21:24:32,2025-01-19,,true
a4c31af7-514a-36bf-4733-4b73225f52ab,560,0,Hồ Ngọc Tuấn,contact560@example.com,0915087753,2004,,,Hải Phòng,Brand Manager,2026-09-26 18:31:18,2026-09-26,,true
fd063a58-aa3d-d585-eaec-f4e0e81909ce,561,0,Đặng Văn Khoa,contact561@example.com,0954462343,1991,,,Cần Thơ,Marketing Executive,2025-02-10 23:50:26,2025-02-10,,true
177d8b26-2024-c407-3447-c34af032c262,562,0,Nguyễn Thị Quân,contact562@example.com,0919393216,,,,Hà Nội,Business Analyst,2025-08-16 19:33:20,2025-08-16,,true
72c1e68e-9390-6193-490c-e3154d980202,563,0,Dương Thanh Hà,contact563@example.com,0936512868,1990,,,Cần Thơ,Sales Executive,2026-07-17 13:15:32,2026-07-17,,true
7b64665c-cb26-a809-f429-73f5d1d18e0b,564,0,Lý Thu Nhi,contact564@example.com,0977819218,1998,,,Huế,Business Analyst,2025-07-24 09:23:25,2025-07-24,2026-03-06,false
c24489e1-154e-bf91-daa2-82b46d69e88c,564,0,Lý Thu Nhi,contact564@example.com,0977819218,1998,,,Huế,Student,2025-07-24 09:23:25,2026-03-06,,true
b7014925-22fb-e906-554e-d52c126aa315,565,0,Hồ Thu Linh,contact565@example.com,0970881578,2002,,,Cần Thơ,Founder,2026-09-02 11:35:46,2026-09-02,,true
a41bc4c2-4ecc-b0ab-7d53-38ca625046c0,566,0,Đỗ Thu Nam,contact566@example.com,0965810437,,,,Bình Dương,Brand Manager,2025-06-08 07:00:55,2025-06-08,,true
a28e0841-7d16-5228-b589-717e8275b18a,567,0,Phạm Hải Thảo,contact567@example.com,0931791910,1998,,,Đà Nẵng,Brand Manager,2025-03-14 20:56:02,2025-03-14,,true
ae5a5f99-f1bb-5d9b-7499-bb6b9afdd464,568,0,Trần Quốc Tuấn,contact568@example.com,0913792466,2005,,,TP. Hồ Chí Minh,Student,2025-03-01 20:47:15,2025-03-01,,true
6c461d48-e041-f0a3-3056-b87fe8f26d63,569,0,Hồ Hải Yến,contact569@example.com,0988673120,,,,Hà Nội,Account Manager,2025-09-11 12:00:07,2025-09-11,,true
ee1595cf-35a3-7765-bfac-c63e44de950f,570,0,Đặng Hải Châu,contact570@example.com,0924666517,1996,,,Huế,Business Analyst,2026-03-12 23:34:42,2026-03-12,,true
2fb7e9bd-5fe9-2750-2d28-a2a82baeafc7,571,0,Phạm Thị Yến,contact571@example.com,0966081482,2005,,,Đà Nẵng,Product Owner,2025-11-12 07:10:52,2025-11-12,,true
df223246-e6fb-61d3-fba2-6c214264e318,572,0,Dương Bảo Hùng,contact572@example.com,0934915916,1990,,,Huế,Sales Executive,2025-07-22 22:11:32,2025-07-22,,true
026f05f6-19ce-a0c3-c2b2-547dac3cebe3,573,0,Phạm Thanh Châu,contact573@example.com,0955922853,1992,,,Hải Phòng,Founder,2025-04-22 12:05:18,2025-04-22,,true
c1c4f618-7925-b7d5-7c65-a804ee9ff73c,574,0,Nguyễn Hải Trang,contact574@example.com,0979803166,,,,Huế,Student,2025-01-08 08:06:13,2025-01-08,,true
19a53942-ce67-b962-548b-9bb7df8200b8,575,0,Bùi Ngọc Mai,contact575@example.com,0999265296,2004,,,Hà Nội,Brand Manager,2026-03-16 17:23:43,2026-03-16,2026-07-26,false
eccf3b91-e352-09a0-d5de-293bb9a807ba,575,0,Bùi Ngọc Mai,contact575@example.com,0999265296,2004,,,Hà Nội,Business Analyst,2026-03-16 17:23:43,2026-07-26,,true
fc76627b-00cd-11a8-301c-8108a904babd,576,0,Vũ Quốc Phúc,contact576@example.com,0992993759,2000,,,Cần Thơ,Product Owner,2025-01-27 10:55:33,2025-01-27,,true
6d8bebc3-592c-6a0e-14d4-9d3acb40fcdd,577,0,Bùi Anh Phúc,contact577@example.com,0941347711,1997,,,Bình Dương,,2025-11-26 07:40:23,2025-11-26,,true
cbfc721c-7f78-0428-20bb-859a08207d4e,578,0,Phan Minh Sơn,contact578@example.com,0986758128,,,,Bình Dương,Account Manager,2026-05-03 10:46:24,2026-05-03,,true
b73c62ab-fe4c-efed-6f55-2c9e1b000f9f,579,0,Phạm Thu Vy,contact579@example.com,0982567218,1991,,,TP. Hồ Chí Minh,Data Analyst,2026-07-16 21:10:57,2026-07-16,2026-09-04,false
47c58839-c42c-d0ba-622c-636fe713f930,579,0,Phạm Thu Vy,contact579@example.com,0982567218,1991,,,TP. Hồ Chí Minh,Sales Executive,2026-07-16 21:10:57,2026-09-04,,true
6083bf88-57dd-a51e-a4dc-4d4e108e04ac,580,0,Lý Thị Yến,contact580@example.com,0954667809,,,,Cần Thơ,,2025-09-21 10:42:08,2025-09-21,,true
da73dae0-209e-6e48-5e24-038e92a593c8,581,0,Phạm Thanh Châu,contact581@example.com,0924949509,2003,,,TP. Hồ Chí Minh,Data Analyst,2026-01-26 20:51:14,2026-01-26,,true
973d1855-9a03-9d06-a9eb-0bf9850e6d30,582,0,Phan Hải Nhi,contact582@example.com,0952901755,,,,Huế,Business Analyst,2026-01-25 07:19:03,2026-01-25,,true
d9606af0-aa54-6c79-bf3f-51d52557c82c,583,0,Hoàng Thanh Khoa,contact583@example.com,0977086404,1989,,,Cần Thơ,Student,2026-02-09 07:34:54,2026-02-09,,true
0f0e5767-606f-fa15-f76c-432eb4428cde,584,0,Phạm Thanh Yến,contact584@example.com,0987037211,1991,,,Hải Phòng,Student,2025-02-05 17:19:32,2025-02-05,,true
646cd3c1-8c45-fc9e-0585-5672fdb651a6,585,0,Vũ Văn Hà,contact585@example.com,0975431766,1994,,,Huế,Business Analyst,2025-12-08 11:52:45,2025-12-08,,true
ca9128fb-c094-8932-52cb-8f692182b518,586,0,Đặng Thanh Yến,contact586@example.com,0936184828,2002,,,Hải Phòng,Data Analyst,2026-04-30 18:48:25,2026-04-30,,true
bc3ddbfc-3216-7340-bf95-ff33cdea6f52,587,0,Hoàng Thu Yến,contact587@example.com,0974752231,1989,,,TP. Hồ Chí Minh,Sales Executive,2025-02-25 16:29:41,2025-02-25,,true
f1efa963-2dfc-6b9c-794f-ebeff96277e5,588,0,Hoàng Hải Nhi,contact588@example.com,0932578497,,,,Hà Nội,Brand Manager,2026-01-06 10:43:50,2026-01-06,,true
bec5715c-a71d-b3a6-2c28-1bbdf45dbd91,589,0,Hồ Ngọc Bình,contact589@example.com,0925945407,2000,,,Đà Nẵng,,2026-06-12 17:37:27,2026-06-12,,true
ab35f75a-a433-66c9-7d3d-6b721f3ec572,590,0,Võ Anh Tuấn,contact590@example.com,0969742764,1988,,,Hà Nội,Data Analyst,2025-04-02 21:55:52,2025-04-02,,true
b3e6922d-a504-4925-fffc-ff637bf3f8f5,591,0,Lý Thanh Yến,contact591@example.com,0922690720,,,,TP. Hồ Chí Minh,Product Owner,2025-08-19 07:37:36,2025-08-19,,true
d64f10b5-84d6-b400-105d-d35c7d127b6b,592,0,Huỳnh Hải Yến,contact592@example.com,0912650315,2002,,,Huế,Account Manager,2026-08-07 09:45:58,2026-08-07,,true
a71372ab-34cb-7b9a-9338-82b320fa15b7,593,0,Huỳnh Văn Tâm,contact593@example.com,0970026580,,,,Hà Nội,Marketing Executive,2025-05-08 13:42:57,2025-05-08,,true
84fa3889-f21f-9823-f23b-1efb0bd18d4a,594,8,Đặng Quốc Tâm,contact594@example.com,0933032191,1985,,,TP. Hồ Chí Minh,Student,2026-07-30 15:54:48,2026-07-30,,true
3cb29bf1-0b73-ca1c-d1dc-01e5a9a14475,595,0,Bùi Gia Mai,contact595@example.com,0991359046,1991,,,Bình Dương,Data Analyst,2025-10-28 21:08:36,2025-10-28,2026-02-07,false
371831f3-d527-189b-db28-65da4cb9be7b,595,0,Bùi Gia Mai,contact595@example.com,0991359046,1991,,,Bình Dương,Business Analyst,2025-10-28 21:08:36,2026-02-07,,true
4111e681-f1da-833d-1550-239074c0db3e,596,0,Ngô Thị Tâm,contact596@example.com,0944221141,2005,,,TP. Hồ Chí Minh,Product Owner,2026-09-09 13:37:22,2026-09-09,,true
50fcfdaa-274b-369e-d252-44876b709287,597,0,Phan Quốc Thảo,contact597@example.com,0998223735,2001,,,Cần Thơ,Business Analyst,2025-05-27 13:04:40,2025-05-27,,true
39cbc41a-cc50-1bea-de6d-4e252575dbd1,598,0,Ngô Thị Long,contact598@example.com,0995923168,1995,,,Huế,Student,2026-03-20 09:17:07,2026-03-20,,true
dd8abf0a-9278-f380-b351-0ddc59518620,599,0,Phạm Minh Sơn,contact599@example.com,0951144384,2000,,,Hà Nội,Account Manager,2025-04-11 19:14:24,2025-04-11,,true
afc8d769-026e-6d11-4251-d2f020a89260,600,0,Hồ Minh Mai,contact600@example.com,0981361168,1997,,,Hải Phòng,,2025-10-05 08:10:20,2025-10-05,,true
2edff02e-7531-8081-b4ef-fa296b1205aa,601,0,Võ Văn Tuấn,contact601@example.com,0959680785,1992,,,Bình Dương,,2025-06-09 11:09:24,2025-06-09,,true
1713742b-d862-042e-500f-86b1c544a049,602,0,Ngô Gia Yến,contact602@example.com,0940704198,1987,,,Đà Nẵng,Product Owner,2025-12-29 21:32:18,2025-12-29,,true
bb15894a-eeb4-7b07-8239-01c4ad5209e7,603,0,Lê Thanh Tâm,contact603@example.com,0976149278,,,,Hà Nội,Product Owner,2025-03-20 14:05:10,2025-03-20,,true
5855e4a0-bfea-3d2a-88c9-82ecb3dd0cfb,604,0,Phạm Hải An,contact604@example.com,0992716588,1985,,,Bình Dương,Product Owner,2026-05-25 23:43:43,2026-05-25,,true
7ed99a6b-6c37-86c2-0d08-367ef3d5f737,605,0,Vũ Minh Châu,contact605@example.com,0959264742,,,,Cần Thơ,Brand Manager,2026-06-25 08:38:28,2026-06-25,,true
4e08ab81-ec4d-6c00-37ab-aaf864c46086,606,0,Phạm Thanh Linh,contact606@example.com,0974843897,1991,,,Hà Nội,,2026-01-18 17:58:43,2026-01-18,,true
e3e3e73b-5987-5c7d-0151-ccb01b6f1a9e,607,0,Lý Văn Mai,contact607@example.com,0910790690,1995,,,Đà Nẵng,Brand Manager,2026-06-12 08:59:29,2026-06-12,,true
27d764ce-01c4-e229-7cc7-0b17e9c184ce,608,0,Phan Thị Sơn,contact608@example.com,0979030673,,,,Hải Phòng,Data Analyst,2026-02-16 18:00:06,2026-02-16,,true
bf415c98-5a8e-8f05-23ce-cf1e296df91f,609,0,Huỳnh Gia Lan,contact609@example.com,0924588794,,,,Bình Dương,Founder,2025-09-12 18:19:23,2025-09-12,,true
aa4d5bb8-f5ae-d2e9-7ab3-137cf2c8c25e,610,0,Hoàng Hải Nhi,contact610@example.com,0954454724,,,,TP. Hồ Chí Minh,Sales Executive,2026-01-03 13:07:12,2026-01-03,,true
056a3b28-caef-3c9e-1b9d-ff1bf52a6cbf,611,0,Hoàng Quốc Nam,contact611@example.com,0977358318,1997,,,TP. Hồ Chí Minh,Data Analyst,2025-05-02 20:31:35,2025-05-02,,true
483fca72-4a1a-7c2e-7aed-edf46f302743,612,0,Trần Anh Long,contact612@example.com,0967668666,,,,Bình Dương,Marketing Executive,2025-12-19 23:00:49,2025-12-19,,true
32cb28ba-6ddd-5c02-d213-7565aa94a1d4,613,0,Huỳnh Ngọc Lan,contact613@example.com,0925437721,,,,Bình Dương,Sales Executive,2026-03-16 14:39:09,2026-03-16,,true
331bd602-9dd0-ce04-0485-742a6d22313c,614,0,Hoàng Ngọc Dung,contact614@example.com,0927756443,1993,,,TP. Hồ Chí Minh,Business Analyst,2025-04-16 23:39:11,2025-04-16,,true
b62a7941-59dc-be0f-f168-5db847d28391,615,0,Trần Gia Nhi,contact615@example.com,0996419192,1988,,,Đà Nẵng,Brand Manager,2025-02-20 14:14:21,2025-02-20,,true
7dc4f12b-f2c5-a2da-4094-4f952f51aca6,616,21,Phan Thanh Quân,contact616@example.com,0947602351,,,,Hà Nội,Product Owner,2025-11-24 08:11:02,2025-11-24,,true
e31f2212-1654-c83f-6251-0f01959677e9,617,0,Đỗ Bảo Sơn,contact617@example.com,0991163313,2005,,,Đà Nẵng,Sales Executive,2025-11-07 11:21:23,2025-11-07,,true
b9b094ac-4d2d-8efd-57c8-294c9e7776ae,618,0,Phan Ngọc Yến,contact618@example.com,0969830209,,,,Hà Nội,Account Manager,2026-09-09 10:02:37,2026-09-09,,true
ee6bcb89-8615-50f6-6b43-db407b9a21c4,619,0,Võ Gia Mai,contact619@example.com,0959125302,1988,,,Hải Phòng,Data Analyst,2025-07-26 11:02:08,2025-07-26,,true
dec91438-884f-f1a7-af48-1fc07eba0464,620,0,Hoàng Thanh Bình,contact620@example.com,0985990691,1991,,,Bình Dương,Product Owner,2025-01-23 12:38:17,2025-01-23,,true
0244bc44-b25c-5b50-9794-b38937c23f27,621,0,Hồ Hải Trang,contact621@example.com,0946439333,1985,,,TP. Hồ Chí Minh,,2025-03-18 12:28:48,2025-03-18,,true
3cfbc642-8897-c497-0bad-4234395370c0,622,0,Võ Thanh Khoa,contact622@example.com,0949777260,2002,,,Hà Nội,Business Analyst,2026-06-10 21:32:45,2026-06-10,,true
5e7e00e5-f8e3-51ea-9aeb-bc3ea1f78157,623,0,Trần Anh Khoa,contact623@example.com,0938182016,1985,,,Bình Dương,Brand Manager,2025-06-01 15:59:08,2025-06-01,,true
4799c04b-f719-25ae-bb00-84fa3822b51b,624,0,Đặng Quốc Bình,contact624@example.com,0994014298,,,,Huế,Brand Manager,2026-07-17 15:46:08,2026-07-17,,true
a13a9da2-94e7-eb2a-3434-02ef44cfa6ba,625,0,Võ Anh Tuấn,contact625@example.com,0991113368,1999,,,TP. Hồ Chí Minh,Brand Manager,2025-01-17 10:46:47,2025-01-17,,true
30591fbc-2d15-94cb-dcc3-1cb2d0cb079f,626,0,Ngô Quốc Giang,contact626@example.com,0974291216,1990,,,Hải Phòng,Business Analyst,2026-02-09 11:28:14,2026-02-09,,true
a52680b3-e8bc-d007-747c-76903ec8f48e,627,0,Huỳnh Hải Vy,contact627@example.com,0991580498,1989,,,Hà Nội,Product Owner,2025-07-04 16:01:19,2025-07-04,,true
15668483-c526-6dc8-3f93-672421d67c73,628,0,Phạm Hải Nam,contact628@example.com,0912780443,1985,,,Huế,Marketing Executive,2025-04-13 11:46:48,2025-04-13,,true
29c3d598-d0c2-4f21-71bf-5c97e473b0b0,629,0,Phạm Gia Long,contact629@example.com,0921403835,2000,,,Huế,,2026-09-07 07:50:00,2026-09-07,,true
e2eed64b-82f4-7196-1a41-c57f4bf70dc6,630,0,Võ Anh Tâm,contact630@example.com,0926518916,1986,,,Hà Nội,Account Manager,2026-05-06 11:15:03,2026-05-06,,true
1c31d9b9-fda2-f9a0-2b68-38e37de7f41a,631,28,Hồ Minh Mai,contact631@example.com,0997961547,1997,,,Bình Dương,Data Analyst,2025-05-26 07:58:14,2025-05-26,,true
6cdcd3be-adef-5777-2e6d-f7e899802368,632,0,Đỗ Thị Bình,contact632@example.com,0991135473,1998,,,Cần Thơ,Brand Manager,2025-10-16 18:04:39,2025-10-16,,true
eedf4f78-dc99-4976-008e-c990c9f279a8,633,0,Lý Anh Mai,contact633@example.com,0945621515,,,,Bình Dương,Data Analyst,2025-11-05 16:22:56,2025-11-05,,true
2e8f2f7f-20a6-2edf-fea9-5b7352b3a0d1,634,0,Lý Thị Dung,contact634@example.com,0987556758,1993,,,TP. Hồ Chí Minh,Data Analyst,2025-05-29 21:46:50,2025-05-29,,true
894539ec-8850-3e9d-7e1b-203488a5316f,635,0,Bùi Minh Tuấn,contact635@example.com,0943005229,2002,,,Hải Phòng,Account Manager,2025-12-26 22:44:26,2025-12-26,,true
ebc05f02-2233-212a-f526-4ea279533cb7,636,0,Vũ Thị Khoa,contact636@example.com,0958547818,1985,,,Đà Nẵng,Account Manager,2026-01-29 09:37:45,2026-01-29,,true
397e8bfb-d3ec-2149-35f2-e2543e144f6a,637,0,Hoàng Thanh Phúc,contact637@example.com,0929346175,,,,Cần Thơ,Product Owner,2025-12-24 18:54:54,2025-12-24,,true
287e09f1-ded7-945e-980b-82cbd66248bf,638,0,Nguyễn Hải Mai,contact638@example.com,0917258943,2003,,,Hà Nội,Founder,2025-05-22 10:44:45,2025-05-22,2025-12-25,false
13ba8d24-3ebb-527c-1438-e799242ac30f,638,0,Nguyễn Hải Mai,contact638@example.com,0917258943,2003,,,Hà Nội,Marketing Executive,2025-05-22 10:44:45,2025-12-25,,true
0f5c365a-27e8-3b87-1c7b-f8eb4969b2a1,639,0,Hoàng Gia Yến,contact639@example.com,0950199242,1995,,,Hải Phòng,Marketing Executive,2026-08-06 20:09:48,2026-08-06,,true
ee7385d8-6c75-a765-3a31-4e67b5982577,640,28,Dương Gia Yến,contact640@example.com,0944635469,,,,Cần Thơ,Student,2025-02-02 12:32:10,2025-02-02,,true
b142de87-d109-ffe5-13c3-fc1bd77a80b8,641,0,Trần Ngọc Nam,contact641@example.com,0934654960,,,,Cần Thơ,,2025-04-05 11:47:13,2025-04-05,,true
55e17880-d8bb-62b7-c75f-41dc9a6aabb1,642,0,Đỗ Anh Nhi,contact642@example.com,0936136297,1988,,,Hà Nội,Brand Manager,2025-11-17 19:52:24,2025-11-17,2026-05-10,false
10b8c1c5-1b41-42aa-8aa4-31e929aaaa7e,642,0,Đỗ Anh Nhi,contact642@example.com,0936136297,1988,,,Hà Nội,Sales Executive,2025-11-17 19:52:24,2026-05-10,,true
7bdac670-ca4c-3b4d-fc8a-de6a9051385e,643,0,Phan Anh Bình,contact643@example.com,0942257238,2003,,,Cần Thơ,Marketing Executive,2026-09-04 07:48:58,2026-09-04,,true
acb83fce-b3e1-511b-2128-04c5f94e485d,644,0,Đặng Hải Sơn,contact644@example.com,0936156848,1997,,,Bình Dương,Brand Manager,2025-11-19 09:19:00,2025-11-19,,true
142925a0-768e-212d-aeb0-0fb926cb2e99,645,0,Hoàng Văn Thảo,contact645@example.com,0961286168,1986,,,Đà Nẵng,Business Analyst,2026-02-22 23:06:32,2026-02-22,,true
728e1002-5766-fe0c-c4c5-57d8ee235eb0,646,0,Hoàng Minh Sơn,contact646@example.com,0979296719,,,,Cần Thơ,Account Manager,2025-04-06 14:56:13,2025-04-06,,true
2482e8d1-03d3-3907-ce02-8d6018ef9a28,647,0,Hồ Ngọc Hùng,contact647@example.com,0991924787,1989,,,Cần Thơ,Founder,2025-12-12 08:57:45,2025-12-12,,true
c59de4aa-b5ed-7ce8-2ddf-26751235d52e,648,0,Huỳnh Thanh Hà,contact648@example.com,0919148527,1996,,,Đà Nẵng,Data Analyst,2025-11-13 09:31:06,2025-11-13,,true
ae3acdf2-eac9-b1cc-9ea3-93eadb646a33,649,0,Hoàng Thị Thảo,contact649@example.com,0975533013,1994,,,Hải Phòng,Product Owner,2026-04-30 15:48:56,2026-04-30,,true
02088c91-8f90-9d9d-d23c-7585b32281f3,650,0,Dương Thanh Vy,contact650@example.com,0915727818,2005,,,Hà Nội,Sales Executive,2026-01-11 17:23:05,2026-01-11,,true
d17b6fc6-e66e-b0e2-88fd-5890a479dce2,651,0,Lê Ngọc Nam,contact651@example.com,0972045979,1996,,,Hải Phòng,Founder,2025-04-18 16:24:10,2025-04-18,,true
1d447f41-79e9-84e1-bdc4-d680b3c95502,652,0,Bùi Thị Long,contact652@example.com,0955959309,,,,Hải Phòng,Sales Executive,2025-03-28 19:49:27,2025-03-28,,true
0dd8063b-36a2-bf69-7931-5fc6fa82f65d,653,0,Trần Bảo Nam,contact653@example.com,0918375220,,,,Đà Nẵng,Product Owner,2025-02-09 22:09:40,2025-02-09,,true
36cf9429-8657-d8ff-6b72-e451df0ccde7,654,0,Lê Minh Châu,contact654@example.com,0946762949,1994,,,Huế,Founder,2025-01-24 20:17:16,2025-01-24,,true
2922ecb0-c8aa-e0c8-b057-31fd8916f0b7,655,0,Ngô Quốc Linh,contact655@example.com,0932083283,1998,,,Hải Phòng,Founder,2025-09-23 12:53:03,2025-09-23,,true
d2d12566-fc82-9c09-aa00-075652e0234e,656,0,Nguyễn Gia Trang,contact656@example.com,0936650269,2003,,,Cần Thơ,Business Analyst,2026-03-24 18:58:44,2026-03-24,,true
00f0f7fe-b8e7-bcf5-854c-0d1f43470982,657,0,Hoàng Thu Long,contact657@example.com,0925248056,,,,Bình Dương,Product Owner,2025-11-21 07:09:57,2025-11-21,,true
f3cef8b7-35b3-0874-591c-228f3754c5ec,658,0,Phan Ngọc Nhi,contact658@example.com,0983294452,,,,Cần Thơ,Product Owner,2025-05-09 21:40:37,2025-05-09,,true
d403fd02-5a2a-83bd-5a0a-e917690f1c3c,659,0,Đặng Thanh Sơn,contact659@example.com,0926743037,2005,,,Hải Phòng,Product Owner,2026-08-14 07:23:52,2026-08-14,,true
b044db1b-a8db-e9a1-d857-ec6048f79726,660,0,Ngô Quốc Hà,contact660@example.com,0984189328,2002,,,Hải Phòng,Product Owner,2026-06-20 17:07:59,2026-06-20,,true
ed5edfa2-9fb3-0a4d-c071-2a38bffc4f09,661,0,Lê Anh An,contact661@example.com,0992713066,,,,Hà Nội,Founder,2025-10-18 10:05:51,2025-10-18,,true
f7b5b05b-59c1-d16c-1fdb-563af35757c5,662,19,Ngô Ngọc Khoa,contact662@example.com,0971019389,1988,,,TP. Hồ Chí Minh,Founder,2026-03-31 23:37:51,2026-03-31,,true
cb8e2d61-e715-94ff-d6a6-e6184eb18c88,663,0,Hồ Văn Mai,contact663@example.com,0940056261,1993,,,Bình Dương,Student,2026-04-21 20:58:52,2026-04-21,,true
f58b8c61-2ba0-09ec-55c8-74415145c6f8,664,0,Nguyễn Văn Giang,contact664@example.com,0960251887,,,,Cần Thơ,,2025-09-05 07:57:58,2025-09-05,,true
846c454c-5170-a2ef-e777-c6646732ceca,665,0,Hồ Văn Thảo,contact665@example.com,0967593155,2005,,,Hải Phòng,Business Analyst,2026-03-17 14:35:25,2026-03-17,,true
f2de05fd-28b7-b541-8d8b-3728d65bc676,666,0,Phạm Anh Thảo,contact666@example.com,0962614983,,,,Bình Dương,Student,2025-08-25 10:45:51,2025-08-25,,true
bbf282a9-be09-f835-0679-65ab61e548ca,667,0,Nguyễn Bảo Yến,contact667@example.com,0982970485,,,,Hà Nội,,2025-04-04 07:40:49,2025-04-04,,true
0d3f69ed-a8c5-1cca-42ae-cc90c5386208,668,0,Vũ Thanh Hùng,contact668@example.com,0981862482,,,,Bình Dương,Product Owner,2026-04-10 18:11:15,2026-04-10,,true
d83940c9-7e86-d7f8-13cf-44fe17c03e28,669,0,Phạm Thu Trang,contact669@example.com,0926466411,1994,,,Đà Nẵng,Business Analyst,2025-05-28 07:40:37,2025-05-28,,true
cefd1224-736c-c67e-e886-818ea2307350,670,0,Ngô Thị Quân,contact670@example.com,0993977718,1998,,,Hải Phòng,Brand Manager,2025-08-01 19:06:31,2025-08-01,,true
9b2a1376-315e-4e80-1f20-c257ed348e32,671,0,Lý Bảo Trang,contact671@example.com,0983347676,2001,,,Bình Dương,Student,2025-11-01 08:07:21,2025-11-01,2025-12-12,false
2700260b-c2ce-56bd-8301-b3a6849b50bc,671,0,Lý Bảo Trang,contact671@example.com,0983347676,2001,,,Bình Dương,Sales Executive,2025-11-01 08:07:21,2025-12-12,,true
a6e486bf-8d2e-ea22-b544-f70c593acb51,672,9,Vũ Thị Yến,contact672@example.com,0926989313,2000,,,TP. Hồ Chí Minh,Data Analyst,2026-01-09 10:57:13,2026-01-09,,true
4fc40b0a-966b-91e7-c435-fe28cb0c1709,673,0,Phan Anh Yến,contact673@example.com,0947726289,,,,Hà Nội,,2026-05-23 19:59:12,2026-05-23,,true
a1f886ce-e5dc-6ce5-5fbb-dfd75a58abba,674,0,Võ Quốc Trang,contact674@example.com,0924436339,1998,,,TP. Hồ Chí Minh,,2025-07-30 22:27:56,2025-07-30,,true
2e0e343d-1d59-b308-07aa-251565f76d06,675,0,Võ Bảo Nhi,contact675@example.com,0949389352,2005,,,Cần Thơ,Brand Manager,2026-04-06 12:56:02,2026-04-06,,true
7722ec2c-36b9-ca35-5430-c8c3b780606a,676,0,Đỗ Quốc Giang,contact676@example.com,0952205153,1995,,,Bình Dương,Marketing Executive,2026-03-16 12:22:15,2026-03-16,,true
6bf7d125-a571-f542-e485-a11892ee4820,677,0,Phan Gia Hùng,contact677@example.com,0923813714,2004,,,Huế,Data Analyst,2025-11-26 14:35:04,2025-11-26,,true
3c862582-6202-f35d-9756-fd3353ae1065,678,0,Lý Văn Lan,contact678@example.com,0966537506,1999,,,TP. Hồ Chí Minh,,2026-03-20 13:12:03,2026-03-20,,true
cd7182b4-d471-104f-1859-c5ae784aee43,679,0,Hồ Văn Tâm,contact679@example.com,0980801688,2005,,,Hà Nội,Data Analyst,2025-10-18 21:18:08,2025-10-18,,true
f7974ec8-a41e-f111-d942-96b67e4b4f10,680,0,Lê Gia Long,contact680@example.com,0976279210,1997,,,Đà Nẵng,Founder,2025-11-05 15:20:48,2025-11-05,,true
fd54225b-899d-6cd2-e723-2e8ad0ef0cd4,681,1,Hoàng Thị Long,contact681@example.com,0968476310,1987,,,TP. Hồ Chí Minh,Brand Manager,2026-01-18 10:01:14,2026-01-18,2026-08-12,false
e2213776-427a-e472-0d70-0c8bde36390a,681,1,Hoàng Thị Long,contact681@example.com,0968476310,1987,,,TP. Hồ Chí Minh,Marketing Executive,2026-01-18 10:01:14,2026-08-12,,true
dca524f2-51bf-c946-2054-74fa1eb1dc0c,682,0,Hồ Thanh Yến,contact682@example.com,0932862463,,,,Cần Thơ,Founder,2025-04-24 08:19:04,2025-04-24,,true
c425d020-4389-2f66-1780-29e939d00762,683,0,Vũ Bảo Quân,contact683@example.com,0998754019,1993,,,Đà Nẵng,Founder,2026-08-22 20:40:28,2026-08-22,,true
301b5b4e-6293-4e8e-d189-f75077d8b428,684,0,Phan Thị Châu,contact684@example.com,0976384860,1985,,,Bình Dương,Sales Executive,2025-03-26 18:35:53,2025-03-26,,true
62b51781-5d17-c25d-eaac-abb43802485f,685,0,Bùi Thanh Yến,contact685@example.com,0970937796,2001,,,Hà Nội,Business Analyst,2025-12-15 13:52:37,2025-12-15,,true
1b6fb706-e04e-6585-7601-16cf25b4c7aa,686,0,Võ Hải Hà,contact686@example.com,0951224542,,,,Cần Thơ,Data Analyst,2026-06-10 13:49:25,2026-06-10,,true
3649f585-6e75-0e7a-5abb-b78f1585665d,687,0,Nguyễn Thu Vy,contact687@example.com,0981254233,1993,,,Hà Nội,Account Manager,2025-09-04 07:57:29,2025-09-04,,true
98139b31-2d38-9d1f-6716-d461307fc576,688,0,Phạm Văn Tuấn,contact688@example.com,0961341304,1998,,,TP. Hồ Chí Minh,Student,2026-05-30 17:03:28,2026-05-30,,true
8839c8e4-10db-5fdc-3d1f-d7c0442441ec,689,0,Trần Anh Khoa,contact689@example.com,0924909280,1986,,,Hà Nội,,2026-09-15 22:33:27,2026-09-15,,true
bbdfb574-49b8-f7ba-98a7-fea2b4b2ce14,690,0,Võ Thu Hùng,contact690@example.com,0932955139,,,,Đà Nẵng,Student,2025-08-20 19:25:25,2025-08-20,2025-12-22,false
9f4325f4-b352-1505-e864-6e0c80d458b9,690,0,Võ Thu Hùng,contact690@example.com,0932955139,,,,Đà Nẵng,Founder,2025-08-20 19:25:25,2025-12-22,,true
2d71a040-0554-e88b-5584-92ba6d8c5504,691,0,Huỳnh Minh Long,contact691@example.com,0971098100,1985,,,Bình Dương,Founder,2025-11-09 14:10:20,2025-11-09,,true
91386474-0473-b982-d1a5-29db0b90b03d,692,0,Đỗ Thu Thảo,contact692@example.com,0910135086,1992,,,Hải Phòng,Data Analyst,2025-03-20 12:43:48,2025-03-20,,true
5d4210d5-40e7-ca76-7c8a-d37aa9d52401,693,0,Phạm Thị Linh,contact693@example.com,0955053851,1996,,,Cần Thơ,Student,2025-10-25 23:32:10,2025-10-25,,true
fe7c7d6e-a8cc-4515-3862-abcfdb3437bb,694,0,Lý Thị Lan,contact694@example.com,0979700460,1985,,,TP. Hồ Chí Minh,Product Owner,2025-12-26 23:49:42,2025-12-26,,true
a07bf99b-e08c-82ea-461f-e028f727ee90,695,0,Ngô Quốc Hùng,contact695@example.com,0921982151,1997,,,Bình Dương,Data Analyst,2026-05-25 07:15:36,2026-05-25,,true
b3ab800b-8523-d070-945b-37110a858722,696,0,Đỗ Quốc Nam,contact696@example.com,0989074084,1993,,,Đà Nẵng,Sales Executive,2026-04-06 23:11:16,2026-04-06,,true
4dbbb7cd-29a0-99de-aa10-e5958ee25180,697,0,Lý Anh Giang,contact697@example.com,0972588071,2001,,,Đà Nẵng,,2026-09-18 18:18:07,2026-09-18,,true
59a7e6e4-2341-89c5-405d-f1860cc66163,698,0,Phạm Văn Quân,contact698@example.com,0951046667,1996,,,Bình Dương,Marketing Executive,2025-03-08 07:29:02,2025-03-08,,true
a3155bbb-adb2-31a2-cfcc-2abd3facabcc,699,0,Phan Hải Thảo,contact699@example.com,0920833778,1986,,,Hải Phòng,Brand Manager,2026-05-30 11:05:45,2026-05-30,,true
3312de73-c485-63a3-aeee-230223a10fdd,700,0,Đặng Minh Thảo,contact700@example.com,0968494269,1995,,,Huế,,2026-02-13 10:57:16,2026-02-13,,true
7120721e-86cd-6214-237b-efd118963a6e,701,0,Dương Gia Hà,contact701@example.com,0960461294,,,,Huế,Product Owner,2026-03-03 13:19:19,2026-03-03,,true
9d7e4eb7-23fd-6ade-c17f-cf1916a34833,702,0,Ngô Hải Phúc,contact702@example.com,0913714198,,,,Hà Nội,Product Owner,2026-05-31 18:29:22,2026-05-31,,true
15ac37f0-0de9-a283-d6d5-aed275d106f2,703,0,Đặng Văn Nam,contact703@example.com,0926902822,1985,,,Hải Phòng,Account Manager,2025-09-06 18:08:39,2025-09-06,,true
bd8c6f4f-8fe2-75b1-24e7-23838429e12c,704,0,Trần Thị Thảo,contact704@example.com,0978561216,1986,,,Bình Dương,Sales Executive,2025-04-19 16:36:30,2025-04-19,,true
1d5d8f65-3361-1134-b012-00ab9fa87040,705,0,Hoàng Thanh Tuấn,contact705@example.com,0951727060,1985,,,Huế,Founder,2025-05-20 14:57:43,2025-05-20,,true
2f1d80ea-fb91-fb90-7bd5-0aeb679111dd,706,0,Phạm Thu An,contact706@example.com,0977887931,1986,,,Hà Nội,Student,2025-06-06 10:33:06,2025-06-06,,true
b31add22-bddd-bd36-82f2-a59e2bb7f146,707,0,Phạm Hải Giang,contact707@example.com,0995388938,1989,,,Huế,Sales Executive,2026-07-14 15:52:39,2026-07-14,,true
072915c7-25ee-3dfd-6cc1-da4dd0411dec,708,0,Lý Quốc Vy,contact708@example.com,0946934215,1988,,,Hải Phòng,Product Owner,2026-05-03 16:42:06,2026-05-03,,true
8029d633-5b95-59d0-2887-4d02fb5435ba,709,40,Dương Văn Mai,contact709@example.com,0928697002,1999,,,Đà Nẵng,Marketing Executive,2025-05-04 07:37:19,2025-05-04,,true
ea897692-1176-37b2-64d8-8360ec68fc07,710,0,Đỗ Anh Thảo,contact710@example.com,0955538877,1989,,,Đà Nẵng,Student,2026-05-29 23:04:11,2026-05-29,,true
114c440d-675d-b93b-d473-6d379e12d7cf,711,0,Võ Minh Yến,contact711@example.com,0953496826,2003,,,Đà Nẵng,,2026-05-11 19:30:38,2026-05-11,2026-09-11,false
aa4e8b03-18b6-dfc7-3b50-f94f28bfffdd,711,0,Võ Minh Yến,contact711@example.com,0953496826,2003,,,Đà Nẵng,Data Analyst,2026-05-11 19:30:38,2026-09-11,,true
1d4e2772-401f-b5a6-9ca5-b74f0fda6ca4,712,0,Vũ Thị Hà,contact712@example.com,0961550809,,,,Hải Phòng,Data Analyst,2026-05-27 22:20:48,2026-05-27,2026-07-05,false
9b45c430-5fd3-92e2-c36b-08907108022a,712,0,Vũ Thị Hà,contact712@example.com,0961550809,,,,Hải Phòng,Marketing Executive,2026-05-27 22:20:48,2026-07-05,,true
d057ab85-6f1e-c0de-297e-b3f4bdfdcc7b,713,0,Phan Ngọc Lan,contact713@example.com,0975914731,1994,,,TP. Hồ Chí Minh,Sales Executive,2025-06-26 19:08:40,2025-06-26,,true
126c4e50-dd4f-4af2-8bec-b8cc917bc866,714,0,Phạm Ngọc Bình,contact714@example.com,0928865991,,,,Đà Nẵng,Product Owner,2025-07-16 09:37:01,2025-07-16,,true
6d7168e9-705a-501c-1131-0c8bcd35637c,715,0,Lý Gia Mai,contact715@example.com,0957846632,2002,,,Huế,Business Analyst,2026-06-25 22:12:53,2026-06-25,,true
4a36a7c0-f0cc-4f56-d242-89ea39597465,716,0,Phạm Thị Quân,contact716@example.com,0940947052,2002,,,Đà Nẵng,Marketing Executive,2025-03-14 09:08:50,2025-03-14,,true
0e807f03-9e5f-8378-6633-427e4feeea91,717,0,Huỳnh Thanh Châu,contact717@example.com,0981729149,2001,,,Cần Thơ,Account Manager,2025-09-15 19:45:22,2025-09-15,,true
d11756d5-8c0d-ea8b-3448-a24723a86b61,718,0,Nguyễn Văn Long,contact718@example.com,0966560115,1995,,,Huế,Marketing Executive,2025-04-24 22:59:58,2025-04-24,,true
454009f2-2124-9735-f254-6c177a90c486,719,0,Trần Quốc Châu,contact719@example.com,0965866810,2004,,,Hà Nội,Account Manager,2025-03-05 14:31:04,2025-03-05,,true
c60b846e-06bf-1fb7-0e2b-d8c9ee662c46,720,0,Đỗ Hải Quân,contact720@example.com,0950724121,,,,TP. Hồ Chí Minh,Marketing Executive,2025-04-17 08:31:32,2025-04-17,,true
701dadb0-1d96-dc53-2344-ec548caef9ec,721,0,Lý Văn Nam,contact721@example.com,0960630659,1998,,,Bình Dương,Product Owner,2025-07-20 19:43:43,2025-07-20,,true
cd409bc9-fdae-2920-0bb8-382f916ba250,722,0,Trần Ngọc Khoa,contact722@example.com,0922346797,1992,,,Hải Phòng,Account Manager,2026-09-23 18:22:12,2026-09-23,,true
a8575900-7a8c-2c36-65d7-71639b2aeea6,723,0,Đặng Văn Long,contact723@example.com,0956931572,1992,,,Đà Nẵng,Business Analyst,2025-09-13 09:03:08,2025-09-13,,true
3e84455f-a755-3468-de74-e1224aed4cc8,724,0,Đỗ Ngọc Phúc,contact724@example.com,0950630244,,,,Huế,Account Manager,2025-03-20 09:16:34,2025-03-20,,true
3b046707-855f-ecc6-f9d7-1979d767a6da,725,0,Trần Quốc Nhi,contact725@example.com,0993466217,1987,,,TP. Hồ Chí Minh,Business Analyst,2025-10-01 17:44:34,2025-10-01,,true
4532499e-08a4-3ec0-d619-68aa7fb866b2,726,0,Hoàng Văn Khoa,contact726@example.com,0969093033,1999,,,Hà Nội,Marketing Executive,2026-07-21 13:07:23,2026-07-21,,true
6e5b9598-a8f0-e3e0-2f36-9832611b92ab,727,0,Hồ Thu An,contact727@example.com,0961350116,1986,,,TP. Hồ Chí Minh,Sales Executive,2026-01-29 16:52:05,2026-01-29,,true
c8594dfb-6d73-dd1d-dda1-497a6f1f9af1,728,0,Bùi Thanh Thảo,contact728@example.com,0939064063,,,,Đà Nẵng,,2025-11-07 07:58:38,2025-11-07,,true
619c4a06-f5d6-8c8f-299c-cd734295f5c9,729,0,Đặng Gia Phúc,contact729@example.com,0966886173,2003,,,Huế,Account Manager,2025-02-28 10:35:24,2025-02-28,,true
44cca057-5c98-08f4-4636-8d129d94813f,730,0,Võ Thị Khoa,contact730@example.com,0982853994,2003,,,Hải Phòng,Marketing Executive,2025-09-01 11:58:00,2025-09-01,,true
7aeee7df-5bd5-5037-f744-459609791408,731,0,Bùi Thanh Hà,contact731@example.com,0969566993,1999,,,Hà Nội,Founder,2026-09-15 07:07:19,2026-09-15,,true
46b1654a-c967-82fb-c417-0ebd420cbe74,732,0,Lê Thanh Trang,contact732@example.com,0984014080,1987,,,Hải Phòng,Business Analyst,2026-07-24 13:26:03,2026-07-24,,true
8dac20f9-0abd-99fd-513c-d4649473b7cd,733,0,Trần Ngọc Dung,contact733@example.com,0997859036,2001,,,Huế,Founder,2026-05-22 11:14:40,2026-05-22,,true
82d33948-1cf9-8855-719d-b54f81c6af40,734,0,Đỗ Gia Yến,contact734@example.com,0916003970,1996,,,Hà Nội,Data Analyst,2025-03-04 15:16:01,2025-03-04,,true
5c3bc3e5-c9c5-2567-9b62-2c0a53982922,735,0,Ngô Thị Tuấn,contact735@example.com,0967240549,,,,TP. Hồ Chí Minh,Marketing Executive,2025-07-28 17:36:23,2025-07-28,,true
cedb5488-3623-87b4-9be9-ec861b3206f0,736,0,Huỳnh Quốc Bình,contact736@example.com,0949040263,,,,Cần Thơ,Marketing Executive,2026-02-22 18:30:18,2026-02-22,,true
ef7e1940-f568-7574-13ca-aeb6f486a251,737,0,Trần Anh Giang,contact737@example.com,0961148988,,,,Bình Dương,Data Analyst,2026-06-05 18:13:24,2026-06-05,,true
4b0653e2-9343-2c76-d604-ae9f31ed10f5,738,0,Trần Bảo Quân,contact738@example.com,0998476025,1999,,,Đà Nẵng,Student,2026-08-02 20:34:46,2026-08-02,,true
8f7a1e43-5a1b-a9db-1466-91895ca43e71,739,0,Vũ Thu Long,contact739@example.com,0925490996,1999,,,Bình Dương,Product Owner,2025-12-03 14:51:49,2025-12-03,,true
235d2722-aa78-98aa-95b2-868bac92275a,740,0,Ngô Ngọc Thảo,contact740@example.com,0926814965,,,,TP. Hồ Chí Minh,Product Owner,2026-01-06 22:38:14,2026-01-06,,true
6b2b0c27-1eec-0480-2ab1-803803f89c7b,741,0,Ngô Gia Giang,contact741@example.com,0987310988,1991,,,TP. Hồ Chí Minh,Founder,2025-10-21 17:20:07,2025-10-21,,true
635b729c-eb2a-e08b-8780-d6caddebd8d4,742,0,Trần Hải An,contact742@example.com,0932405721,,,,TP. Hồ Chí Minh,Account Manager,2026-07-22 22:47:06,2026-07-22,,true
5ade80d4-ebb4-8c9e-bd1e-9dd812e1725b,743,0,Đặng Thị Long,contact743@example.com,0955183120,2004,,,Hà Nội,Marketing Executive,2025-12-29 11:25:44,2025-12-29,,true
97f31baf-01fe-1d86-e545-fcc626fa466b,744,0,Lý Minh Hà,contact744@example.com,0989129152,,,,Cần Thơ,Data Analyst,2026-02-23 21:47:53,2026-02-23,,true
821b390c-946f-9f07-8673-173ae5b58f30,745,0,Võ Thị Khoa,contact745@example.com,0949909444,1986,,,Cần Thơ,Account Manager,2026-04-10 19:20:28,2026-04-10,,true
48e80f79-58eb-a462-1976-a39a507a61a9,746,0,Huỳnh Minh Bình,contact746@example.com,0938277083,1993,,,Cần Thơ,,2026-03-13 16:20:24,2026-03-13,,true
8d5a9549-34f3-ab8e-1891-e25c2418c7fd,747,0,Huỳnh Thanh Lan,contact747@example.com,0991358784,,,,TP. Hồ Chí Minh,Student,2025-10-22 15:31:28,2025-10-22,,true
204d3f55-8559-4d77-71e0-07b0bb6a3647,748,0,Nguyễn Quốc Hùng,contact748@example.com,0947827591,,,,Cần Thơ,Product Owner,2025-06-21 13:00:31,2025-06-21,,true
143dbd6c-cdbb-6c1f-5a8d-785ef7eba7e9,749,0,Phạm Thu Nhi,contact749@example.com,0976203639,1989,,,Đà Nẵng,Data Analyst,2025-10-30 10:45:45,2025-10-30,,true
cb508544-b481-acde-eeaf-ab5619b65b6b,750,0,Dương Anh Sơn,contact750@example.com,0919943990,1995,,,Hà Nội,Product Owner,2025-08-16 17:10:32,2025-08-16,,true
21bd1db7-4858-73c1-7f29-7630bbcaa210,751,9,Hồ Ngọc Vy,contact751@example.com,0936263497,1989,,,Hải Phòng,Business Analyst,2025-07-14 08:40:40,2025-07-14,,true
4358ce3f-b01f-90e7-6b0c-7da509efa19b,752,0,Nguyễn Hải Châu,contact752@example.com,0975859451,1991,,,Bình Dương,Business Analyst,2025-04-01 23:54:46,2025-04-01,,true
7b2021f7-8b1d-2284-5b6c-bb7a990c2e2a,753,0,Huỳnh Thanh Khoa,contact753@example.com,0949207134,2000,,,Huế,Product Owner,2026-08-21 14:40:22,2026-08-21,,true
a91decb2-51a3-d21b-f4d1-183f76f8ef17,754,0,Đặng Hải Phúc,contact754@example.com,0953674052,1998,,,Hà Nội,Business Analyst,2025-08-13 10:56:57,2025-08-13,,true
68b49b00-c867-68b2-d9da-5f47e3caa0c4,755,0,Lý Bảo Nhi,contact755@example.com,0941522381,1993,,,Cần Thơ,Sales Executive,2026-02-12 11:49:56,2026-02-12,,true
a2e25753-56ff-db3e-380c-fd3dba6a741c,756,0,Dương Hải Nam,contact756@example.com,0944990478,,,,Đà Nẵng,Founder,2025-11-27 15:43:20,2025-11-27,,true
051978bf-8a2e-30d6-9ade-bcc221144198,757,0,Huỳnh Gia Hùng,contact757@example.com,0993924534,2004,,,Cần Thơ,Brand Manager,2025-11-12 21:26:14,2025-11-12,,true
d690efa9-2830-affa-fc37-337a32ccf39d,758,0,Đỗ Gia Châu,contact758@example.com,0997903429,1991,,,Đà Nẵng,Account Manager,2025-01-22 19:05:49,2025-01-22,,true
7c226735-ca95-7c2e-65df-39cb80624277,759,0,Vũ Văn Bình,contact759@example.com,0912688162,,,,Cần Thơ,Data Analyst,2025-08-22 18:21:26,2025-08-22,2026-02-12,false
a1ad9f14-3ae1-9f9c-0634-e0e64d2ce796,759,0,Vũ Văn Bình,contact759@example.com,0912688162,,,,Cần Thơ,Sales Executive,2025-08-22 18:21:26,2026-02-12,,true
b8dc6390-8127-8b86-12ea-789013974770,760,0,Hồ Anh Nam,contact760@example.com,0927608451,,,,Đà Nẵng,Data Analyst,2025-02-04 15:47:07,2025-02-04,,true
8329bd1a-6cd6-cedf-52df-c152c8e6cd4b,761,0,Hoàng Thị Thảo,contact761@example.com,0962495761,2004,,,Huế,Student,2026-03-02 07:00:47,2026-03-02,,true
b3efe892-e85c-c863-48cf-f1da7bbccb5d,762,0,Lý Hải Linh,contact762@example.com,0967651154,1998,,,Cần Thơ,Student,2025-11-06 15:29:12,2025-11-06,,true
5eaca15d-7274-2e76-3b6b-ecb7c56dbe29,763,0,Đỗ Gia Yến,contact763@example.com,0924536356,2003,,,Hà Nội,Product Owner,2025-09-08 19:01:31,2025-09-08,,true
9dd23036-6737-cac9-242e-3d711579bc24,764,0,Lê Thị Tâm,contact764@example.com,0932717117,2000,,,Cần Thơ,Sales Executive,2025-04-22 16:21:09,2025-04-22,,true
b0bde14f-44a5-24d9-016d-26d9df15e667,765,0,Ngô Thanh Long,contact765@example.com,0930214797,2003,,,Cần Thơ,Product Owner,2026-06-20 14:03:49,2026-06-20,,true
209595a4-602c-f604-13d7-54d6b30269aa,766,0,Vũ Quốc Phúc,contact766@example.com,0974826670,1987,,,Hà Nội,Product Owner,2026-07-30 22:34:31,2026-07-30,,true
6b0bb457-8c0d-c409-dfcc-8eb4bfbe0892,767,0,Phạm Văn Nhi,contact767@example.com,0976462542,2001,,,Hải Phòng,Business Analyst,2025-06-15 10:10:12,2025-06-15,,true
af5db99c-85f3-cb12-4a4a-5612243a7f53,768,0,Võ Gia Long,contact768@example.com,0992557389,,,,Cần Thơ,Business Analyst,2025-10-31 10:27:18,2025-10-31,,true
7872420e-267d-46e7-2de1-bda46a92d47b,769,0,Dương Ngọc Long,contact769@example.com,0928164926,2000,,,Hà Nội,Brand Manager,2026-09-21 18:33:38,2026-09-21,,true
a2e768d7-59b7-463f-1117-f840280d4e22,770,0,Phạm Gia Phúc,contact770@example.com,0954430783,2004,,,Hải Phòng,,2025-01-06 16:44:12,2025-01-06,,true
8a8016fe-8fa5-0e32-4137-4168ef2ecdc9,771,0,Võ Thanh Nhi,contact771@example.com,0988446018,1996,,,Cần Thơ,Product Owner,2025-08-20 18:40:00,2025-08-20,,true
da786fca-c5a0-6501-935e-2c27548560db,772,0,Võ Bảo Dung,contact772@example.com,0927005934,,,,Cần Thơ,Product Owner,2025-07-26 10:46:13,2025-07-26,,true
f84791e0-e55d-32af-13e9-e07052c64562,773,15,Phan Thị Trang,contact773@example.com,0929661777,2000,,,Huế,Marketing Executive,2025-10-11 22:13:10,2025-10-11,,true
4fcf9f89-5ae0-bb5a-7977-63feb4cc7214,774,0,Đặng Gia Dung,contact774@example.com,0942315990,1997,,,Huế,Product Owner,2026-06-08 21:27:42,2026-06-08,,true
4023539b-c9f9-9d37-b1f2-0ebf7d76c495,775,0,Phan Minh Tuấn,contact775@example.com,0947277197,1998,,,Cần Thơ,Founder,2025-11-21 23:05:56,2025-11-21,,true
bf6494b6-eee5-b33e-2dd3-4f8e5fcbf482,776,0,Dương Anh Mai,contact776@example.com,0966918776,2002,,,TP. Hồ Chí Minh,Product Owner,2026-07-26 18:11:01,2026-07-26,,true
a444c040-4663-3755-a5b0-163908954db1,777,0,Bùi Thị Mai,contact777@example.com,0944059134,1985,,,Cần Thơ,Student,2025-07-20 23:12:00,2025-07-20,,true
5e99c568-09c7-0e3d-1a98-5b74ceb3c70f,778,0,Nguyễn Thu Trang,contact778@example.com,0994857827,1990,,,Hải Phòng,Account Manager,2025-02-14 15:17:40,2025-02-14,2025-08-19,false
def42b39-2d49-d235-bc77-5a20b4a4cb80,778,0,Nguyễn Thu Trang,contact778@example.com,0994857827,1990,,,Hải Phòng,Business Analyst,2025-02-14 15:17:40,2025-08-19,,true
0444c6f1-bcc9-c2e6-9d2f-5a3ea7b4f9c8,779,0,Dương Anh Yến,contact779@example.com,0918365183,2002,,,Đà Nẵng,Sales Executive,2025-03-26 20:53:54,2025-03-26,,true
25c37945-8063-fce4-c2e4-1a50d33650db,780,0,Đỗ Gia An,contact780@example.com,0999187054,1986,,,Hà Nội,Sales Executive,2025-11-21 12:57:37,2025-11-21,,true
57696e2f-1e22-8ade-59c6-7a528f80d1ef,781,0,Phan Gia Nhi,contact781@example.com,0933215400,1985,,,Đà Nẵng,Student,2025-03-27 12:28:02,2025-03-27,,true
a3506764-37af-c63b-02ac-1c61c9eaa5b9,782,0,Huỳnh Thị Hà,contact782@example.com,0952614301,1985,,,Huế,Business Analyst,2025-03-30 21:05:07,2025-03-30,,true
69fac666-50c7-4b31-90a6-756723f2f68f,783,0,Phan Minh Linh,contact783@example.com,0917158543,1994,,,TP. Hồ Chí Minh,Student,2025-03-25 14:19:53,2025-03-25,,true
afe1d845-a18a-f249-d45a-1de3731dc76f,784,0,Võ Thị Quân,contact784@example.com,0957667842,1996,,,Huế,Account Manager,2025-07-11 12:18:16,2025-07-11,,true
35f1e04b-c5fe-21d6-8365-d2cf173be226,785,0,Ngô Quốc Tuấn,contact785@example.com,0948747182,2001,,,Cần Thơ,Student,2025-02-07 19:09:34,2025-02-07,,true
08aa6127-e6b9-f3a3-96a0-c726a886a9fc,786,0,Huỳnh Thu Giang,contact786@example.com,0972712813,1996,,,Cần Thơ,Product Owner,2026-04-24 15:02:59,2026-04-24,,true
8bf9a66d-7782-e83f-29a9-b2d74e681465,787,27,Lý Quốc Long,contact787@example.com,0996957157,,,,TP. Hồ Chí Minh,Brand Manager,2025-04-18 18:55:57,2025-04-18,,true
4cd82847-66b1-f859-adb5-d5e67b88e4ef,788,0,Ngô Hải Quân,contact788@example.com,0942693925,1996,,,Cần Thơ,Brand Manager,2025-01-23 21:51:39,2025-01-23,2025-10-19,false
ed486d9a-e69f-1f78-ef4c-113dc35f4e12,788,0,Ngô Hải Quân,contact788@example.com,0942693925,1996,,,Cần Thơ,Account Manager,2025-01-23 21:51:39,2025-10-19,,true
9167adea-f8f1-066b-f395-1a4532ce6a3d,789,0,Hồ Bảo An,contact789@example.com,0932015192,1994,,,Cần Thơ,Account Manager,2025-04-21 20:27:49,2025-04-21,,true
4d20d6cf-2c0c-ad5c-e209-5271334dd7aa,790,0,Đặng Minh Mai,contact790@example.com,0971567486,1999,,,Hà Nội,Business Analyst,2025-05-14 17:50:03,2025-05-14,,true
1993edfe-583f-097d-28c9-d68c7a3338e0,791,0,Vũ Minh Vy,contact791@example.com,0984537577,,,,Đà Nẵng,Marketing Executive,2025-07-09 14:54:13,2025-07-09,,true
acbc63ed-d1dd-d3e6-487f-70f0e5e4b935,792,0,Vũ Thị Nam,contact792@example.com,0927247299,1989,,,Hải Phòng,Brand Manager,2026-02-08 22:42:24,2026-02-08,,true
00684d9c-d2bf-bc31-805f-6a69570078c1,793,0,Nguyễn Ngọc Trang,contact793@example.com,0933912234,,,,Đà Nẵng,Brand Manager,2026-03-11 19:34:04,2026-03-11,,true
4fa3baf6-48f3-68ba-2697-64976cfb6acc,794,0,Phan Văn Hùng,contact794@example.com,0950525421,1995,,,Hải Phòng,Business Analyst,2026-02-12 09:41:14,2026-02-12,,true
cdb5782a-678b-941f-dcca-9a71a7e70139,795,0,Hồ Anh Sơn,contact795@example.com,0924284867,1987,,,Đà Nẵng,Data Analyst,2026-05-08 08:16:26,2026-05-08,,true
7344e407-e880-81f9-cd6b-4aa0ce9fbfeb,796,0,Hồ Hải Bình,contact796@example.com,0950661866,2005,,,Hà Nội,,2025-06-12 21:00:31,2025-06-12,,true
f2bd509b-564d-36b6-01c7-ea8b267fc6ec,797,0,Phạm Minh Nhi,contact797@example.com,0981365126,,,,Huế,Data Analyst,2026-04-30 17:54:34,2026-04-30,,true
e3a060f1-0cd1-9e0c-5dfa-893375d2fda9,798,0,Dương Hải Bình,contact798@example.com,0972379457,1988,,,Huế,Founder,2026-08-28 15:12:32,2026-08-28,,true
091e11df-a2cf-c32d-4c34-f9de531b1e76,799,0,Nguyễn Gia Lan,contact799@example.com,0933988490,1998,,,Hà Nội,Founder,2026-01-14 15:27:21,2026-01-14,,true
586b3c22-4652-7e16-e489-149f6e5c9ae7,800,0,Huỳnh Thị Tâm,contact800@example.com,0922693316,1989,,,Bình Dương,Founder,2026-01-01 08:34:47,2026-01-01,,true
b9b3c0ee-faf2-be80-833b-de7861c50cc8,801,0,Dương Văn Châu,contact801@example.com,0953833963,1989,,,Cần Thơ,Data Analyst,2026-09-25 14:58:52,2026-09-25,,true
4d9e9bb9-feb2-f904-42cf-4e6d92262ecf,802,0,Võ Anh Châu,contact802@example.com,0968174698,,,,Huế,Sales Executive,2025-11-06 20:25:01,2025-11-06,,true
0bb5c276-abe3-77f3-8066-703846dfe43f,803,37,Lý Ngọc Nhi,contact803@example.com,0946881253,,,,Huế,Business Analyst,2026-07-07 14:44:51,2026-07-07,,true
04a06d55-398e-1dc0-38a8-ab5518deabfe,804,0,Ngô Anh Giang,contact804@example.com,0946878825,2004,,,Huế,Brand Manager,2025-07-05 15:00:26,2025-07-05,,true
57cb9e5b-0337-9b0b-8ec2-9e07ee0c2303,805,0,Dương Bảo Nhi,contact805@example.com,0995197744,2002,,,Hải Phòng,Founder,2025-08-15 09:39:18,2025-08-15,,true
f7bcbc14-9241-9671-da2f-c99ba923895d,806,0,Phan Gia Yến,contact806@example.com,0932818813,1993,,,Hải Phòng,Marketing Executive,2025-12-21 11:29:54,2025-12-21,,true
9fcfd711-2aaf-1966-95be-6c8a9ff7007b,807,0,Đỗ Thanh Linh,contact807@example.com,0952323961,1999,,,Hà Nội,Business Analyst,2026-05-14 18:05:13,2026-05-14,,true
1f9d4db1-d983-dadf-f2e5-cecf9b6c5494,808,0,Đặng Gia Quân,contact808@example.com,0941503392,2002,,,TP. Hồ Chí Minh,Product Owner,2026-03-18 20:48:01,2026-03-18,,true
5cf90400-c53f-777f-51c4-6d6e4764a956,809,0,Huỳnh Hải Tâm,contact809@example.com,0964830114,1991,,,Hải Phòng,,2025-08-12 13:07:36,2025-08-12,,true
d4721e33-885c-c793-00da-b7f849d5182c,810,0,Dương Thanh Phúc,contact810@example.com,0931067861,,,,TP. Hồ Chí Minh,Product Owner,2025-11-22 19:14:54,2025-11-22,,true
ffb88ef4-80dc-4873-9eb3-18ad9c15b25e,811,0,Ngô Hải Nhi,contact811@example.com,0935350367,2004,,,TP. Hồ Chí Minh,Business Analyst,2026-04-21 12:43:58,2026-04-21,,true
316a8466-dd0a-4a6e-82e6-e14d8d53a190,812,0,Lý Anh Châu,contact812@example.com,0959700276,2004,,,Huế,Product Owner,2026-08-08 07:20:39,2026-08-08,,true
af051197-3ebb-65f1-758d-aaee760fdd95,813,0,Phan Quốc Giang,contact813@example.com,0949323367,1985,,,TP. Hồ Chí Minh,,2025-06-15 14:11:30,2025-06-15,,true
ddf7d263-6806-5678-ad47-8200ae991937,814,0,Bùi Minh Khoa,contact814@example.com,0972037075,1987,,,Hà Nội,Marketing Executive,2025-09-05 12:29:32,2025-09-05,,true
b9dd378e-d3e7-acd9-7b16-34537042eb9e,815,0,Võ Gia Dung,contact815@example.com,0991467062,2002,,,Bình Dương,Marketing Executive,2026-04-27 19:04:50,2026-04-27,,true
b8d49cf2-1c9d-dbd3-caa7-8357c0ea7a67,816,0,Dương Hải Dung,contact816@example.com,0923908045,1993,,,Huế,,2026-02-12 08:23:25,2026-02-12,,true
428f54aa-c1c9-7ab6-3ea6-85f6c0a40088,817,0,Lý Ngọc Lan,contact817@example.com,0923035991,1987,,,Hải Phòng,Founder,2026-02-27 17:09:58,2026-02-27,,true
5cdb7eda-9044-1ec6-5ef0-195ee152dc3a,818,0,Võ Bảo Bình,contact818@example.com,0928793298,1994,,,Hà Nội,Sales Executive,2026-04-01 17:50:28,2026-04-01,,true
dbf11941-4ad6-53d0-9b81-ce242582bca6,819,0,Dương Anh Linh,contact819@example.com,0930728758,,,,Bình Dương,Business Analyst,2025-11-11 12:36:40,2025-11-11,,true
e666a9b4-9e53-64dc-7a1a-fd6767e56f19,820,0,Hoàng Bảo An,contact820@example.com,0944818920,2001,,,Bình Dương,Account Manager,2025-08-22 07:54:13,2025-08-22,,true
03a4bf4b-613f-50db-e5aa-8c5a7be75206,821,0,Đỗ Hải Quân,contact821@example.com,0997023621,2001,,,Hải Phòng,Business Analyst,2025-12-19 11:37:54,2025-12-19,,true
d1a33332-d882-ce3c-bf0a-abdfd708bdc7,822,0,Phạm Anh Hùng,contact822@example.com,0957848816,2003,,,Bình Dương,Marketing Executive,2025-03-06 13:14:09,2025-03-06,,true
cc445778-f86e-92d6-1456-a858df63bcb2,823,7,Bùi Gia Châu,contact823@example.com,0946436564,2002,,,Huế,Account Manager,2026-06-21 13:23:42,2026-06-21,,true
8d4e46c5-4409-10e2-9bf0-72e7fab87bb6,824,0,Huỳnh Anh Khoa,contact824@example.com,0940647266,1999,,,TP. Hồ Chí Minh,Marketing Executive,2026-08-04 23:15:15,2026-08-04,,true
c80aa7cf-e1b3-3498-8974-7baf19283cfc,825,0,Đặng Văn Hùng,contact825@example.com,0940546109,2003,,,Hải Phòng,Founder,2025-07-14 09:57:57,2025-07-14,,true
c7036a4c-7150-f94f-e2f2-cf57b850b440,826,0,Phan Bảo Quân,contact826@example.com,0950260078,2003,,,Hải Phòng,Data Analyst,2025-03-15 21:05:30,2025-03-15,,true
43a29acd-4cb5-0736-a531-0be0f3914a36,827,0,Võ Thu Tuấn,contact827@example.com,0933693707,2000,,,Cần Thơ,Student,2026-08-27 21:00:16,2026-08-27,,true
f96f4a1b-e4b3-b66b-51b7-95ed01ab1df1,828,0,Đặng Anh Phúc,contact828@example.com,0924961257,,,,TP. Hồ Chí Minh,Founder,2025-09-12 17:17:43,2025-09-12,,true
4ea4ae73-3695-5a61-3b57-6da7c34a4fa6,829,0,Dương Quốc Tuấn,contact829@example.com,0982288338,,,,TP. Hồ Chí Minh,Data Analyst,2026-05-22 20:43:19,2026-05-22,,true
286ef693-da34-1653-2bf9-98adc92aeb0c,830,0,Phan Bảo Vy,contact830@example.com,0930749745,1991,,,Huế,Product Owner,2025-11-24 23:30:06,2025-11-24,,true
5a9b63f8-ba09-a484-556e-d0d14e653eee,831,0,Ngô Thanh Khoa,contact831@example.com,0945279856,1994,,,Đà Nẵng,Business Analyst,2025-06-10 17:33:30,2025-06-10,,true
46327360-c45d-4c03-74f6-b97ef998aaa1,832,0,Ngô Văn Nam,contact832@example.com,0917423236,,,,Đà Nẵng,Business Analyst,2025-11-19 21:19:27,2025-11-19,2026-04-01,false
418495a4-b777-dcb9-a97c-696b356766ec,832,0,Ngô Văn Nam,contact832@example.com,0917423236,,,,Đà Nẵng,Student,2025-11-19 21:19:27,2026-04-01,,true
b90ca447-5352-db34-2911-268f3e3e47b3,833,0,Phan Ngọc Trang,contact833@example.com,0977503923,1993,,,Hà Nội,Data Analyst,2026-01-16 19:20:35,2026-01-16,,true
89b3889d-46aa-f714-57ba-a888a3beb445,834,0,Lý Ngọc Lan,contact834@example.com,0991430545,1986,,,Hà Nội,Marketing Executive,2026-08-31 22:02:49,2026-08-31,,true
8bed0104-929e-a405-53ed-75f63ec72cca,835,0,Hoàng Minh Thảo,contact835@example.com,0950111723,2002,,,Hà Nội,Founder,2025-10-18 09:20:49,2025-10-18,,true
2f23cd0c-36fd-f910-e274-2d5cbf4d4bd8,836,0,Hoàng Thị Yến,contact836@example.com,0952139163,,,,Đà Nẵng,Founder,2025-09-24 23:52:18,2025-09-24,,true
cc5015cf-7c81-ed5a-ce5a-43726574708d,837,0,Võ Thanh Trang,contact837@example.com,0913105571,2005,,,Hải Phòng,Product Owner,2025-08-22 21:23:21,2025-08-22,2026-06-18,false
832394b5-fd59-3fa4-e9b9-339e0f6eed31,837,0,Võ Thanh Trang,contact837@example.com,0913105571,2005,,,Hải Phòng,Brand Manager,2025-08-22 21:23:21,2026-06-18,,true
8eec22a4-f966-f9c2-1796-b7b190b7f26f,838,0,Bùi Gia Quân,contact838@example.com,0947936160,2005,,,Hà Nội,Data Analyst,2025-01-17 20:02:32,2025-01-17,,true
d1587136-6e52-8655-af17-8dbbc461aac1,839,0,Lê Bảo Phúc,contact839@example.com,0991877039,1991,,,Huế,Data Analyst,2026-06-29 12:51:32,2026-06-29,,true
d4066625-9faa-2180-01a0-69a24b37617d,840,0,Bùi Thu Sơn,contact840@example.com,0968035365,,,,Hải Phòng,,2026-04-08 11:41:21,2026-04-08,,true
ece42aa5-930e-6549-d24f-7225c519fd78,841,0,Vũ Bảo Vy,contact841@example.com,0953838097,2005,,,Bình Dương,Sales Executive,2025-01-09 14:20:27,2025-01-09,,true
11bb797a-f464-a31f-5938-949e8a426ff0,842,0,Đặng Minh Dung,contact842@example.com,0913519791,1986,,,Huế,Business Analyst,2026-08-14 11:12:49,2026-08-14,,true
e61cf9a3-e0ac-db75-2326-e3d006fce65a,843,0,Huỳnh Hải Lan,contact843@example.com,0941269891,,,,TP. Hồ Chí Minh,Brand Manager,2025-11-19 14:42:13,2025-11-19,,true
17c522e0-1fe9-048d-d083-08b097187943,844,0,Phan Hải Bình,contact844@example.com,0969970143,1991,,,TP. Hồ Chí Minh,Product Owner,2025-05-07 19:01:28,2025-05-07,,true
173e13d9-fc32-edb4-35d8-053130e423e1,845,0,Phạm Thu Trang,contact845@example.com,0958102338,,,,Đà Nẵng,Product Owner,2026-06-03 23:07:10,2026-06-03,,true
a6e997ae-d909-f489-f229-29b66f246189,846,25,Ngô Hải Dung,contact846@example.com,0957604491,1994,,,Huế,Data Analyst,2026-01-04 23:07:29,2026-01-04,,true
7845a524-b1f0-1f04-23e5-7b5027dfc6e0,847,18,Bùi Văn Giang,contact847@example.com,0943419962,1985,,,TP. Hồ Chí Minh,Account Manager,2025-03-28 19:56:30,2025-03-28,,true
ab2dd056-cf71-1c2c-cf35-fdb9bdf18708,848,0,Đỗ Bảo Nhi,contact848@example.com,0931136969,1990,,,Cần Thơ,Business Analyst,2025-03-04 13:55:47,2025-03-04,,true
7872d73f-e389-bcaf-074b-927e54e28fa6,849,0,Hồ Anh Mai,contact849@example.com,0945592037,1985,,,Huế,Marketing Executive,2025-04-23 12:01:31,2025-04-23,2026-08-12,false
0be76352-685c-0862-e9e0-2d8d24f384ef,849,0,Hồ Anh Mai,contact849@example.com,0945592037,1985,,,Huế,Account Manager,2025-04-23 12:01:31,2026-08-12,,true
db2c04c0-6a42-79c3-fbbe-0e9d76e51a12,850,0,Đỗ Ngọc Châu,contact850@example.com,0966355725,,,,Hà Nội,Founder,2026-01-22 23:10:10,2026-01-22,,true
5d96d459-8a3c-8743-a808-24f252a80809,851,0,Nguyễn Thanh Quân,contact851@example.com,0973013475,,,,Đà Nẵng,Business Analyst,2026-03-27 11:54:38,2026-03-27,,true
6761f64e-b79e-e140-1844-1abdbe41635f,852,0,Phan Minh Khoa,contact852@example.com,0979086432,1989,,,TP. Hồ Chí Minh,Data Analyst,2025-04-09 22:31:47,2025-04-09,,true
c2886352-4448-2593-e232-7c25fcd62aba,853,0,Đặng Quốc Yến,contact853@example.com,0972028610,2001,,,Cần Thơ,,2026-09-22 10:15:14,2026-09-22,,true
d5db677f-08bb-b29f-a277-279b2498a9f2,854,0,Trần Hải Tuấn,contact854@example.com,0916444924,,,,TP. Hồ Chí Minh,Marketing Executive,2025-12-02 20:23:42,2025-12-02,,true
c4bd23eb-a7cc-4274-4780-8b87beb5ba0f,855,0,Hồ Thu Hùng,contact855@example.com,0970826614,2002,,,Hải Phòng,Data Analyst,2025-06-14 22:30:54,2025-06-14,,true
5d8c4fea-c82e-27a3-1028-7c78434b033d,856,0,Lý Gia Phúc,contact856@example.com,0999019649,1995,,,Huế,Account Manager,2025-12-12 17:57:11,2025-12-12,,true
f086424a-fbfb-d9f9-8da4-f9166fa87369,857,0,Phạm Thị Tâm,contact857@example.com,0949689985,1996,,,Đà Nẵng,Founder,2025-01-27 11:06:14,2025-01-27,,true
26da7a1c-c7a9-ff30-99d6-f609868c1005,858,0,Phan Minh Vy,contact858@example.com,0939777154,,,,TP. Hồ Chí Minh,Brand Manager,2026-06-01 12:25:52,2026-06-01,,true
c0485d0b-ee3f-0127-d7de-7f4d39ec02ca,859,0,Huỳnh Quốc Hà,contact859@example.com,0923440304,2005,,,Bình Dương,,2026-06-28 18:34:14,2026-06-28,,true
f02a2956-b8b7-58b8-22d8-c08b52696eeb,860,0,Hồ Thanh Nam,contact860@example.com,0980027906,,,,Hải Phòng,Founder,2026-07-08 20:54:12,2026-07-08,,true
c3bc5ca7-2906-567d-d28b-829a7b1e5e13,861,0,Phan Bảo Trang,contact861@example.com,0918967731,1998,,,TP. Hồ Chí Minh,Business Analyst,2025-03-18 15:45:35,2025-03-18,,true
34b158aa-26df-6494-ac1c-fcfcf1c056ba,862,0,Đỗ Thị Khoa,contact862@example.com,0947073335,1997,,,Hà Nội,,2025-09-05 20:25:37,2025-09-05,,true
8a8ffb2c-1ff7-1e8c-d27e-58464c7f9cd6,863,0,Đặng Gia Dung,contact863@example.com,0994361980,1992,,,Bình Dương,Founder,2025-10-10 17:00:40,2025-10-10,,true
85d8cc08-3981-9354-4a85-fbd1c22a6772,864,0,Võ Thị Tuấn,contact864@example.com,0972616017,1990,,,Bình Dương,Founder,2026-04-09 15:02:24,2026-04-09,,true
8200b972-a3e8-6f41-406d-7f7ce79c797d,865,0,Lý Hải Nhi,contact865@example.com,0917603772,1993,,,Huế,Student,2026-09-10 18:15:55,2026-09-10,,true
d385d453-c7ea-7fd1-ff4f-38081a9d7acc,866,0,Lý Ngọc Thảo,contact866@example.com,0976434565,1998,,,Bình Dương,Student,2025-09-15 18:05:00,2025-09-15,,true
c39783ae-f77b-9742-1e12-bbed184c4178,867,0,Hồ Văn Trang,contact867@example.com,0924468359,2005,,,Hà Nội,,2026-07-29 19:38:33,2026-07-29,,true
d02b4c3a-6610-ba20-f0b0-c031098aef72,868,0,Trần Quốc Tuấn,contact868@example.com,0969088694,,,,Cần Thơ,Account Manager,2026-08-18 20:52:25,2026-08-18,,true
5bcc7bfb-40e6-4eed-e414-f2c5d9743ff0,869,0,Bùi Thị Linh,contact869@example.com,0965317019,,,,Bình Dương,Founder,2026-03-19 07:13:36,2026-03-19,,true
a5f62181-8c1a-6477-dd0d-3739c553bb6d,870,0,Trần Quốc Phúc,contact870@example.com,0995202397,1990,,,TP. Hồ Chí Minh,Account Manager,2025-12-19 18:15:17,2025-12-19,,true
17269541-b8d1-1a8f-ea07-219819eead26,871,0,Bùi Quốc Trang,contact871@example.com,0982240647,1992,,,Đà Nẵng,Student,2026-02-15 12:54:31,2026-02-15,,true
0413d049-52a0-628b-2b25-a58af5953b2e,872,0,Phan Thanh Yến,contact872@example.com,0975154738,1999,,,Đà Nẵng,Business Analyst,2025-11-17 22:40:11,2025-11-17,,true
ea299a22-9914-857d-b62f-b6ee172dc647,873,0,Đặng Gia Tâm,contact873@example.com,0933878421,1987,,,TP. Hồ Chí Minh,Data Analyst,2026-08-19 16:58:32,2026-08-19,,true
ffdb3a38-52e6-ef74-150b-d1d8f882c326,874,0,Đỗ Hải Giang,contact874@example.com,0961706059,1994,,,Cần Thơ,,2026-02-19 15:09:45,2026-02-19,,true
a5dc733d-70bb-2a0e-39d0-2b29e008e8ed,875,0,Võ Văn Quân,contact875@example.com,0940127665,,,,TP. Hồ Chí Minh,Sales Executive,2025-02-11 14:35:09,2025-02-11,,true
94b59339-84c1-1826-d910-498c2fa17fe6,876,0,Lý Thu Nhi,contact876@example.com,0984668321,2003,,,TP. Hồ Chí Minh,Product Owner,2025-05-29 07:18:15,2025-05-29,,true
b1757e7d-f545-752a-13b8-ec305b693697,877,0,Đỗ Thanh Nhi,contact877@example.com,0959691228,1992,,,Đà Nẵng,Account Manager,2026-08-13 19:47:16,2026-08-13,,true
b3bfbdab-b7b2-4f20-592c-fe25b858e203,878,0,Lý Gia Long,contact878@example.com,0924067040,,,,Cần Thơ,Sales Executive,2025-09-10 11:06:58,2025-09-10,,true
8f1a5d4a-72ce-d11f-8f59-748b05a95733,879,0,Trần Thu Trang,contact879@example.com,0968770044,1998,,,Hà Nội,Business Analyst,2026-07-22 14:29:17,2026-07-22,,true
c3ad6ffd-b447-9e70-6e4a-e0717da5b648,880,0,Đỗ Thị Lan,contact880@example.com,0986471037,1985,,,Bình Dương,,2025-12-22 22:55:45,2025-12-22,,true
faecfb4c-8a24-0d57-c42c-40ce24ec755d,881,0,Đặng Quốc Khoa,contact881@example.com,0986484960,,,,Cần Thơ,Product Owner,2026-02-10 13:42:28,2026-02-10,,true
fad2fd69-3fb1-5376-31d2-8c69bb88cfe7,882,0,Đỗ Bảo Dung,contact882@example.com,0919531256,2001,,,Hải Phòng,Business Analyst,2025-11-19 07:39:03,2025-11-19,,true
b24841dd-619c-4496-6856-c822ce0ed735,883,0,Phạm Quốc Châu,contact883@example.com,0922638132,,,,Cần Thơ,Product Owner,2025-07-03 12:01:41,2025-07-03,,true
a20cc4ba-a5b0-8e26-fc52-a46859e849b6,884,0,Ngô Thanh Quân,contact884@example.com,0922178177,1997,,,TP. Hồ Chí Minh,Sales Executive,2025-12-18 12:06:19,2025-12-18,,true
4e674f72-627f-34eb-53ad-132c0131771e,885,39,Trần Gia Bình,contact885@example.com,0960082940,1985,,,Cần Thơ,Marketing Executive,2026-04-08 10:33:16,2026-04-08,2026-08-11,false
2c21f1ed-f4a9-85b0-11c3-7e19dbfeed4a,885,39,Trần Gia Bình,contact885@example.com,0960082940,1985,,,Cần Thơ,Sales Executive,2026-04-08 10:33:16,2026-08-11,,true
d1a9af91-d079-fe4e-261b-047a81e04baa,886,0,Phạm Anh Giang,contact886@example.com,0990492828,1990,,,Hải Phòng,Business Analyst,2026-05-26 12:34:13,2026-05-26,,true
ff51cc96-27be-a2b2-9a7f-326f3172e9f8,887,0,Đặng Thị Mai,contact887@example.com,0934215127,1990,,,Hà Nội,Founder,2025-02-09 10:51:59,2025-02-09,,true
d14d4890-f5db-ed2c-3d4c-af01243191eb,888,0,Hồ Thu Dung,contact888@example.com,0999752076,1995,,,TP. Hồ Chí Minh,Brand Manager,2025-12-12 21:59:42,2025-12-12,,true
9338e35d-9020-8d23-86ff-96f2e9701e00,889,0,Lý Anh Yến,contact889@example.com,0989340557,2001,,,Hà Nội,Brand Manager,2026-02-18 08:22:03,2026-02-18,,true
1517703e-6087-75a5-6f65-4201677c25b0,890,0,Đặng Quốc Giang,contact890@example.com,0970116733,,,,Đà Nẵng,Product Owner,2026-06-19 19:48:34,2026-06-19,,true
3025f041-0aa8-6e33-d4cd-45a9870d8661,891,0,Hồ Thanh Quân,contact891@example.com,0948546517,,,,Bình Dương,Marketing Executive,2026-05-19 10:20:35,2026-05-19,,true
d96688c9-8623-d81e-8224-da50bd10f69f,892,0,Nguyễn Văn Linh,contact892@example.com,0961660590,2002,,,Hà Nội,Product Owner,2025-11-11 12:41:20,2025-11-11,,true
03fde24e-9cee-af74-a3f2-a3db9236948e,893,0,Huỳnh Ngọc Yến,contact893@example.com,0952991351,1991,,,Hải Phòng,Sales Executive,2026-01-15 08:58:13,2026-01-15,2026-05-22,false
1dc7deab-b07b-d4ed-e67b-6ad334be5f01,893,0,Huỳnh Ngọc Yến,contact893@example.com,0952991351,1991,,,Hải Phòng,Student,2026-01-15 08:58:13,2026-05-22,,true
ae2e69e2-6c3f-4800-ec13-d7c3e1c72223,894,0,Đỗ Hải Bình,contact894@example.com,0930928435,1992,,,Cần Thơ,Student,2025-01-05 17:11:24,2025-01-05,,true
d114dda1-3082-d7e6-e6ac-e778d7b6e0a3,895,0,Võ Hải Yến,contact895@example.com,0911372698,1998,,,Hải Phòng,Student,2025-11-14 13:56:41,2025-11-14,,true
11062a35-7d10-bf9f-ca8b-6e4ce6f7b3d4,896,0,Dương Minh Vy,contact896@example.com,0939927143,1988,,,Hà Nội,Business Analyst,2025-09-17 07:40:44,2025-09-17,,true
d2a81922-6518-9347-1e91-0b71c2d031ad,897,0,Hồ Thanh Tâm,contact897@example.com,0948445186,2003,,,Đà Nẵng,Data Analyst,2025-12-02 12:47:16,2025-12-02,,true
b190dea4-c335-e9e5-1567-55f42f39f8c8,898,0,Trần Thu Quân,contact898@example.com,0924675889,1986,,,Huế,Product Owner,2025-07-26 22:12:08,2025-07-26,,true
51634a91-b993-b65f-35de-d447c4bfa424,899,0,Hoàng Thu Trang,contact899@example.com,0915509893,2001,,,Huế,Sales Executive,2025-09-05 20:39:23,2025-09-05,2025-10-12,false
dc07605e-5762-8c84-2718-0985f2d6c18c,899,0,Hoàng Thu Trang,contact899@example.com,0915509893,2001,,,Huế,Student,2025-09-05 20:39:23,2025-10-12,,true
11c3138b-70c6-9b42-df0f-f647067ab1d7,900,0,Đặng Gia Châu,contact900@example.com,0940230610,1991,,,Đà Nẵng,Founder,2025-06-28 08:25:24,2025-06-28,,true
eecc0487-b95d-43d6-2b7f-90a5b87189e1,901,0,Bùi Văn Dung,contact901@example.com,0918741781,2002,,,Hà Nội,,2026-09-09 23:18:35,2026-09-09,,true
a61bdc7d-0511-2d7f-12ec-af248bab4c1b,902,4,Hồ Bảo Dung,contact902@example.com,0940134305,,,,Hà Nội,,2025-02-08 14:00:24,2025-02-08,,true
27340be8-e609-2042-eb5f-89447aa83419,903,0,Dương Ngọc Vy,contact903@example.com,0975842162,1996,,,Bình Dương,Founder,2026-05-03 19:18:43,2026-05-03,,true
66f89b87-fccc-1a7d-3a1b-ba9cda07f08e,904,0,Đỗ Văn Nhi,contact904@example.com,0950246214,1999,,,Hải Phòng,Account Manager,2026-01-02 12:24:16,2026-01-02,,true
34b6d9da-87a9-efaf-b92a-b1b72213cdad,905,0,Dương Thu Nam,contact905@example.com,0972212219,1995,,,Bình Dương,Product Owner,2025-12-26 20:56:26,2025-12-26,,true
8af6d268-1bd0-7f9b-7861-2769242e4cff,906,0,Đỗ Thu Tâm,contact906@example.com,0964788762,1994,,,TP. Hồ Chí Minh,Product Owner,2025-07-15 13:55:46,2025-07-15,,true
2c1e86bb-aac0-16bd-9140-a95d62cef959,907,0,Huỳnh Anh Nam,contact907@example.com,0979457789,1999,,,Hà Nội,Sales Executive,2025-11-04 20:03:12,2025-11-04,,true
c36db2ec-eeda-69bc-9c40-6cbe50f370af,908,0,Phan Minh Nhi,contact908@example.com,0952478661,1989,,,Huế,Founder,2026-07-31 11:41:25,2026-07-31,,true
d736b50e-4ebc-5f60-3687-f1e1f53ca48b,909,0,Nguyễn Văn Long,contact909@example.com,0922072478,1996,,,TP. Hồ Chí Minh,Business Analyst,2025-02-06 10:50:04,2025-02-06,,true
9e482e45-e904-ee42-8845-26f51e521d48,910,0,Đặng Thanh Dung,contact910@example.com,0985415271,1989,,,TP. Hồ Chí Minh,Product Owner,2025-11-20 21:30:21,2025-11-20,,true
790a474e-6185-e21b-e156-df1722b6995e,911,0,Vũ Thị Vy,contact911@example.com,0929682531,,,,Hà Nội,Marketing Executive,2026-07-30 22:44:17,2026-07-30,,true
fce176a1-56fb-9a22-e2b6-ef5d58052a55,912,0,Đỗ Thu Thảo,contact912@example.com,0986760494,1985,,,Hải Phòng,,2025-06-24 07:37:44,2025-06-24,,true
c95d2093-f2e2-0d2f-caf3-c094b61ed8af,913,0,Hồ Minh Dung,contact913@example.com,0999778757,2005,,,Đà Nẵng,Student,2026-01-14 09:11:08,2026-01-14,,true
2ab8c610-e7e3-99b8-518d-a4887d5704df,914,0,Ngô Minh Mai,contact914@example.com,0943918937,1993,,,Cần Thơ,Marketing Executive,2026-09-10 22:01:39,2026-09-10,,true
fa6e8103-df3e-03c2-2172-44cf08081d21,915,0,Bùi Văn Lan,contact915@example.com,0998139894,1987,,,Đà Nẵng,Account Manager,2025-09-02 16:16:28,2025-09-02,,true
8338b815-cd9a-fa65-5de6-346755ec2b78,916,0,Lý Hải Nam,contact916@example.com,0914829577,1993,,,Bình Dương,Product Owner,2025-01-11 07:19:24,2025-01-11,,true
ce339ee0-15b5-2510-abfb-9abfeb34e953,917,0,Đỗ Thanh Tâm,contact917@example.com,0935891060,1993,,,Hà Nội,Founder,2026-03-11 20:45:21,2026-03-11,,true
134e2bd9-dd1a-d072-165e-ffd1c7647651,918,0,Phạm Ngọc Châu,contact918@example.com,0933770928,1989,,,Cần Thơ,Sales Executive,2025-11-23 10:01:51,2025-11-23,2025-12-29,false
dec2c775-5754-9c43-ce96-a698bc8b7eb7,918,0,Phạm Ngọc Châu,contact918@example.com,0933770928,1989,,,Cần Thơ,Data Analyst,2025-11-23 10:01:51,2025-12-29,,true
f38e6bc3-b7df-852c-1779-e7d02f81d4b2,919,0,Phạm Bảo Dung,contact919@example.com,0917538528,1991,,,Bình Dương,Data Analyst,2025-06-09 21:40:55,2025-06-09,,true
781e2d35-2fa1-f2bc-b4ce-5f319aff48af,920,0,Hồ Quốc Tuấn,contact920@example.com,0981045937,1991,,,Bình Dương,Founder,2026-03-20 14:13:03,2026-03-20,,true
c2fc93d9-b3ef-29d7-1fbf-23bbb33109f5,921,0,Lê Minh Hùng,contact921@example.com,0945334373,2002,,,Cần Thơ,Sales Executive,2026-08-30 08:28:11,2026-08-30,,true
3da325e2-bc46-00bd-5842-20f1d3105f4f,922,0,Đặng Bảo Nhi,contact922@example.com,0978002009,1991,,,Hải Phòng,Student,2025-07-11 17:48:14,2025-07-11,,true
acac1b18-be88-64ab-fa27-a8f803125cdd,923,0,Lê Thu Mai,contact923@example.com,0918107284,1998,,,Hà Nội,Founder,2025-09-15 16:48:10,2025-09-15,,true
503fe053-7d34-d5ec-c36f-00084cdcffaf,924,0,Lê Bảo Lan,contact924@example.com,0952824042,2000,,,Đà Nẵng,Founder,2026-08-26 18:44:43,2026-08-26,,true
76e26e93-e62a-bbfe-de61-f70d76b00d9f,925,23,Ngô Thu Phúc,contact925@example.com,0953535905,,,,Huế,Product Owner,2025-07-14 14:37:10,2025-07-14,,true
2f14b369-f22f-deb8-97ca-bad126aa7809,926,0,Bùi Hải Tuấn,contact926@example.com,0930049971,1985,,,Hải Phòng,Business Analyst,2025-05-26 19:26:01,2025-05-26,,true
b9465130-9b58-e20a-7c8d-8aef30a04e0b,927,0,Phan Văn Quân,contact927@example.com,0962644474,2002,,,Đà Nẵng,Sales Executive,2025-01-17 19:30:09,2025-01-17,,true
37663e35-cdba-2cac-7e85-f617f17e993d,928,0,Phạm Thị Long,contact928@example.com,0973981624,1989,,,TP. Hồ Chí Minh,Account Manager,2026-03-22 12:31:42,2026-03-22,,true
5f942c43-b989-a884-5752-2610482a68ff,929,0,Đặng Anh Trang,contact929@example.com,0967579060,2004,,,TP. Hồ Chí Minh,Account Manager,2025-01-14 16:40:10,2025-01-14,,true
50026d68-e70d-c8b8-df33-1eb0e8ff561f,930,0,Dương Quốc Nhi,contact930@example.com,0943032305,1995,,,Bình Dương,Sales Executive,2025-05-12 18:36:30,2025-05-12,,true
d1d50a53-d035-dd19-3cad-34019c00cb52,931,0,Phan Minh Long,contact931@example.com,0994917104,1992,,,Bình Dương,,2026-05-03 17:36:50,2026-05-03,,true
f2780c3b-e412-b716-e682-9d8f9a43fa95,932,0,Phạm Hải Giang,contact932@example.com,0993699114,2001,,,Hải Phòng,Founder,2026-07-31 22:56:01,2026-07-31,,true
9ee31563-d328-80c7-5b2d-e07e53c45254,933,0,Võ Minh Mai,contact933@example.com,0917921698,1992,,,Bình Dương,Marketing Executive,2025-09-30 09:28:24,2025-09-30,,true
86043d41-31e7-ca38-e280-65d7bc496467,934,0,Phan Anh Hùng,contact934@example.com,0990206794,1994,,,Bình Dương,Marketing Executive,2025-05-30 15:20:31,2025-05-30,,true
c69aa024-7706-4602-5e5e-a4cd1426512f,935,0,Nguyễn Thanh Lan,contact935@example.com,0937412632,1985,,,Hà Nội,Product Owner,2025-10-17 14:50:24,2025-10-17,,true
52a343b8-20e7-b6ef-9623-934629b3e2d3,936,0,Bùi Thị Lan,contact936@example.com,0971195665,2004,,,Hải Phòng,Student,2025-06-01 19:35:10,2025-06-01,,true
9cf2f216-539c-be4f-2d91-4e296541f574,937,0,Đỗ Minh Long,contact937@example.com,0960335546,2005,,,Hải Phòng,Brand Manager,2025-05-07 08:55:20,2025-05-07,,true
f0abe316-29d3-6291-85d4-f2c11a2d4453,938,0,Trần Gia Bình,contact938@example.com,0927698856,1987,,,TP. Hồ Chí Minh,Business Analyst,2025-02-05 16:20:36,2025-02-05,,true
d2a60853-8c50-1e6e-27ad-082fb1d06d8a,939,0,Lê Thu Nam,contact939@example.com,0983163611,1998,,,Bình Dương,Product Owner,2025-04-05 18:21:05,2025-04-05,,true
39bbab8a-b281-738e-d7c7-d8e6a495430e,940,0,Võ Ngọc Khoa,contact940@example.com,0917585204,2002,,,Hà Nội,Marketing Executive,2025-08-01 21:10:07,2025-08-01,,true
4a25cec8-c3fa-363d-829f-8b3904edf187,941,0,Hoàng Gia Long,contact941@example.com,0953345649,2005,,,Bình Dương,Product Owner,2025-02-13 14:48:14,2025-02-13,,true
89465e5b-26fa-3d5c-3678-a41a65adafab,942,15,Lý Văn Mai,contact942@example.com,0920821631,1996,,,Cần Thơ,Business Analyst,2026-03-01 08:12:37,2026-03-01,2026-09-07,false
44016c6f-480a-f459-9f6f-4967be876c4f,942,15,Lý Văn Mai,contact942@example.com,0920821631,1996,,,Cần Thơ,Account Manager,2026-03-01 08:12:37,2026-09-07,,true
07609502-739f-51c3-490e-c6f3a684b83b,943,0,Võ Quốc Hùng,contact943@example.com,0953896992,,,,Hải Phòng,Data Analyst,2026-01-19 23:24:10,2026-01-19,,true
36df253c-ac98-c942-b093-71b5d53ae164,944,0,Hồ Thị Hùng,contact944@example.com,0936862689,,,,Bình Dương,Student,2026-06-09 19:13:11,2026-06-09,,true
557c9198-dc40-6c3b-2e50-b78bd45fd39a,945,0,Vũ Bảo Lan,contact945@example.com,0939099216,1994,,,Hà Nội,Sales Executive,2025-11-07 18:29:03,2025-11-07,,true
da495408-0011-be30-e268-d92f1b757ed1,946,0,Huỳnh Thu Quân,contact946@example.com,0985273310,1992,,,Hà Nội,,2026-02-02 17:29:25,2026-02-02,2026-03-16,false
46340607-f260-a3ed-02de-c88fdb6f3ad4,946,0,Huỳnh Thu Quân,contact946@example.com,0985273310,1992,,,Hà Nội,Marketing Executive,2026-02-02 17:29:25,2026-03-16,,true
a7540837-6ae0-6e01-47ac-aec9137b41c2,947,0,Huỳnh Thị Bình,contact947@example.com,0959398803,1991,,,Hải Phòng,Brand Manager,2025-11-07 21:24:46,2025-11-07,2025-12-24,false
244f802b-4d53-280e-1ebd-55b6e60584a2,947,0,Huỳnh Thị Bình,contact947@example.com,0959398803,1991,,,Hải Phòng,Student,2025-11-07 21:24:46,2025-12-24,,true
452319ae-45ec-257f-8eb4-b40eb1e62f11,948,0,Nguyễn Thu Hà,contact948@example.com,0911925224,1992,,,Hải Phòng,,2026-04-13 13:07:58,2026-04-13,2026-09-12,false
273e54e5-b119-e78c-bb3f-429710335eb4,948,0,Nguyễn Thu Hà,contact948@example.com,0911925224,1992,,,Hải Phòng,Sales Executive,2026-04-13 13:07:58,2026-09-12,,true
47e402c5-e05a-2a8a-c500-1e3ef59d2194,949,0,Dương Hải Hà,contact949@example.com,0911780943,1986,,,Bình Dương,Data Analyst,2025-03-06 07:02:31,2025-03-06,,true
db643c30-d5dc-4812-902e-a8c3df9f1099,950,18,Phan Ngọc Yến,contact950@example.com,0970128082,,,,Bình Dương,Marketing Executive,2026-05-06 13:51:17,2026-05-06,,true
bc35bc9a-521a-21a4-254c-50288a6fb508,951,0,Đỗ Thu Quân,contact951@example.com,0983093732,1996,,,Bình Dương,Account Manager,2026-05-16 08:18:23,2026-05-16,,true
5532a5c2-233c-790a-e280-70d140d1bc31,952,0,Hoàng Anh Quân,contact952@example.com,0982782058,1998,,,Hà Nội,,2026-02-19 18:29:22,2026-02-19,,true
a1f875a4-8a4b-4559-5776-5dc6994a77f9,953,0,Huỳnh Văn Long,contact953@example.com,0977961532,,,,Bình Dương,Business Analyst,2026-04-23 21:48:34,2026-04-23,,true
0108cc5d-9351-a5da-1a93-a3f1850276c0,954,0,Hồ Thị Nhi,contact954@example.com,0925016273,,,,Cần Thơ,Marketing Executive,2025-06-13 11:52:50,2025-06-13,,true
648e85eb-d1c1-a2db-a82a-113285eb4279,955,0,Bùi Thu Dung,contact955@example.com,0953686165,1996,,,Cần Thơ,Product Owner,2026-07-18 12:47:14,2026-07-18,,true
8127a367-f822-c3b6-cb28-f9c6e4a7ad11,956,0,Vũ Anh Tuấn,contact956@example.com,0970888421,1991,,,Bình Dương,Marketing Executive,2025-12-26 20:44:48,2025-12-26,,true
1efece73-4bb8-8157-07f6-008e0426fe7b,957,0,Phan Gia Tuấn,contact957@example.com,0922963717,,,,TP. Hồ Chí Minh,Marketing Executive,2026-05-22 16:15:48,2026-05-22,,true
7a7b029b-eb68-0076-96f5-f9cb9e87ad6d,958,0,Nguyễn Bảo Linh,contact958@example.com,0956059442,1991,,,Đà Nẵng,Product Owner,2025-03-13 10:27:22,2025-03-13,,true
1916f984-c510-c97a-89fd-09b5c0bf3b37,959,0,Lý Quốc Mai,contact959@example.com,0914166161,2000,,,Huế,Product Owner,2026-08-31 08:43:31,2026-08-31,,true
b7321e2b-d4a4-2bf0-b96a-53053ed1d8f8,960,0,Hồ Văn Quân,contact960@example.com,0921653940,2002,,,Hà Nội,Data Analyst,2026-08-25 18:43:31,2026-08-25,,true
af0f134e-02a2-9fcc-184e-e3db691d8bea,961,0,Lý Văn Long,contact961@example.com,0951582474,1999,,,TP. Hồ Chí Minh,,2025-04-07 21:24:47,2025-04-07,,true
b2be520f-1e1f-86f7-95ed-e22d40d1ff56,962,0,Dương Thanh Yến,contact962@example.com,0985839721,2002,,,Bình Dương,Marketing Executive,2025-01-29 23:28:04,2025-01-29,,true
0175105a-3fc1-428a-7c7a-b6917b6deeca,963,39,Bùi Hải Dung,contact963@example.com,0930776392,,,,Hà Nội,Sales Executive,2025-06-28 16:54:10,2025-06-28,,true
21caafcd-23a2-f59c-2a18-4cbc19fe6052,964,0,Bùi Anh Thảo,contact964@example.com,0976216456,1999,,,Huế,Data Analyst,2025-06-30 19:02:19,2025-06-30,,true
0895df3c-7941-a6a4-6b2a-fb3a1b3851ad,965,0,Ngô Văn Yến,contact965@example.com,0980487824,,,,Đà Nẵng,Account Manager,2026-09-12 21:31:23,2026-09-12,,true
92071602-161c-d674-2978-868d062c0692,966,0,Đỗ Thu Nam,contact966@example.com,0978063630,,,,TP. Hồ Chí Minh,Data Analyst,2026-07-25 09:04:05,2026-07-25,,true
25bb2b7a-33d3-958a-3b74-9fd20a2d6f03,967,0,Võ Thu Châu,contact967@example.com,0998082088,1998,,,Hà Nội,Account Manager,2025-07-21 21:42:34,2025-07-21,,true
51ccaa40-2316-7b59-cfbb-f4e3e160e35b,968,0,Nguyễn Thị Sơn,contact968@example.com,0999377087,2001,,,Hà Nội,Student,2026-02-05 07:23:03,2026-02-05,,true
25679f2a-1227-b7ac-cdca-6befdbd34a94,969,0,Lý Ngọc Dung,contact969@example.com,0933141548,2005,,,Bình Dương,Account Manager,2026-05-07 13:12:42,2026-05-07,,true
6e8f19bc-c09b-61e4-0f46-bb1168094564,970,0,Vũ Anh Nhi,contact970@example.com,0993969764,1992,,,Huế,Student,2026-06-06 22:32:04,2026-06-06,2026-08-16,false
314e9b45-0715-11b6-6506-6540c7d77fbb,970,0,Vũ Anh Nhi,contact970@example.com,0993969764,1992,,,Huế,Brand Manager,2026-06-06 22:32:04,2026-08-16,,true
49a1f7a1-8571-3253-9956-ad9b3dc87f79,971,0,Hoàng Thu Trang,contact971@example.com,0978390278,,,,Bình Dương,Business Analyst,2026-02-05 21:38:53,2026-02-05,,true
eac7c57b-fc96-fd06-ce8b-30cea67155cd,972,0,Lê Minh Tuấn,contact972@example.com,0915361803,1997,,,Đà Nẵng,Founder,2025-03-18 20:38:01,2025-03-18,,true
aea398c6-ec67-7b25-8f68-75a3b1fbe012,973,0,Lý Gia Quân,contact973@example.com,0961820639,,,,Huế,,2026-07-03 17:58:19,2026-07-03,,true
49f86d9d-dfef-b72a-4570-b7feef252aa8,974,0,Lý Quốc Tâm,contact974@example.com,0979390240,1987,,,Đà Nẵng,Student,2026-08-11 11:30:21,2026-08-11,,true
474d3a1a-695a-a2da-ad14-e5bf848622e3,975,0,Vũ Bảo Hùng,contact975@example.com,0956776651,,,,TP. Hồ Chí Minh,Brand Manager,2025-08-22 17:59:57,2025-08-22,,true
85261ad4-94ed-8114-7672-e14bcc4bbc6f,976,0,Hoàng Thanh Hùng,contact976@example.com,0958517955,2002,,,Đà Nẵng,Sales Executive,2026-03-11 13:49:39,2026-03-11,,true
89939c6e-7586-3743-9174-dc0beeb74413,977,0,Bùi Minh Tuấn,contact977@example.com,0976700263,1997,,,Hải Phòng,Student,2025-10-26 13:38:50,2025-10-26,,true
8cf70470-fda8-977a-ef4b-d7a8746b302f,978,0,Hồ Văn Châu,contact978@example.com,0935357498,,,,Đà Nẵng,Founder,2025-09-18 09:16:07,2025-09-18,,true
1f77765f-2e5c-e13a-23c5-2c311e93eed6,979,0,Ngô Anh Quân,contact979@example.com,0989896025,1998,,,Hải Phòng,Brand Manager,2025-10-11 20:12:17,2025-10-11,,true
9fd60efb-fa11-f0e7-566d-56e81c86cf6f,980,0,Võ Minh Dung,contact980@example.com,0966809516,2003,,,Hà Nội,Marketing Executive,2025-02-25 08:54:04,2025-02-25,,true
ce4307c4-2bfd-dbf9-3849-8d35c329732b,981,0,Võ Gia Mai,contact981@example.com,0941724015,2002,,,Cần Thơ,Brand Manager,2025-10-19 14:14:39,2025-10-19,,true
3891b7f7-6809-f986-d86a-f8f93f068051,982,11,Lê Bảo Trang,contact982@example.com,0946202434,,,,Hà Nội,Data Analyst,2026-01-28 13:34:39,2026-01-28,,true
36a09573-7237-e20d-62fe-fcaed97eb355,983,0,Võ Thị An,contact983@example.com,0942047266,1998,,,Cần Thơ,,2026-09-17 12:57:11,2026-09-17,,true
8620a10a-e009-9d7a-ca22-6c566fc8503c,984,0,Hồ Bảo Nam,contact984@example.com,0913090576,1993,,,TP. Hồ Chí Minh,Founder,2025-03-25 20:45:28,2025-03-25,,true
3506880f-676c-f539-c9be-f3d72b1b0f52,985,0,Dương Bảo Hùng,contact985@example.com,0960057985,1987,,,Cần Thơ,Product Owner,2025-01-22 22:32:39,2025-01-22,,true
0599e1f2-ccd3-654c-b68b-bbc673c66188,986,0,Hồ Bảo Quân,contact986@example.com,0913258266,2003,,,TP. Hồ Chí Minh,Data Analyst,2025-12-28 14:45:18,2025-12-28,,true
381958f2-2b25-8bdf-2879-1fa47a80fdd0,987,0,Ngô Thị Nhi,contact987@example.com,0944215552,1993,,,Đà Nẵng,Student,2025-12-19 22:27:46,2025-12-19,,true
4019a1f6-0cd1-1081-8d85-e013b20004fa,988,0,Đỗ Văn Khoa,contact988@example.com,0922075904,1990,,,Hà Nội,,2026-06-14 13:54:02,2026-06-14,,true
9ef63a80-179f-1235-df2e-f2803b5844f5,989,0,Ngô Thanh Hà,contact989@example.com,0940747760,1990,,,Cần Thơ,Data Analyst,2025-09-19 21:09:18,2025-09-19,,true
2dc149dd-c87c-1935-d139-e6d844e01371,990,0,Huỳnh Ngọc An,contact990@example.com,0936224131,1987,,,Hà Nội,Data Analyst,2025-06-30 16:35:30,2025-06-30,,true
803bd70b-054d-c5a9-d034-ce8983641560,991,0,Huỳnh Ngọc An,contact991@example.com,0953684898,,,,Huế,Student,2026-04-19 18:46:11,2026-04-19,,true
1c20d86b-b5d0-44fb-2cd6-4d8474773879,992,10,Hoàng Ngọc Trang,contact992@example.com,0959283521,1993,,,Hải Phòng,Sales Executive,2025-02-28 19:08:10,2025-02-28,,true
8669ba60-e387-eb15-6765-e3bfb9ea8873,993,0,Đặng Thu Sơn,contact993@example.com,0975760850,1997,,,Cần Thơ,Account Manager,2025-06-15 08:04:24,2025-06-15,,true
fea59d94-998c-603a-12cb-760434f6f0dd,994,0,Hồ Thanh Sơn,contact994@example.com,0964717654,2000,,,TP. Hồ Chí Minh,Marketing Executive,2026-06-17 18:50:38,2026-06-17,,true
ca5fccf2-9726-6a28-dd7d-8ff7732f4bd7,995,0,Bùi Thu Hùng,contact995@example.com,0912153059,2005,,,Huế,Business Analyst,2025-10-31 19:24:19,2025-10-31,,true
f5a98c9a-6a71-dec5-2162-d1b7769ac892,996,0,Vũ Thu Lan,contact996@example.com,0975333946,1999,,,Đà Nẵng,Sales Executive,2025-05-24 16:25:15,2025-05-24,,true
ef1920da-0a5f-cede-7a23-c1bc8d361929,997,0,Dương Hải Tuấn,contact997@example.com,0968167592,1994,,,Đà Nẵng,Account Manager,2025-05-30 10:18:23,2025-05-30,,true
37fc511b-826f-081a-0651-a8970f54c086,998,0,Huỳnh Văn Dung,contact998@example.com,0929587604,,,,Cần Thơ,Student,2026-05-06 09:22:21,2026-05-06,,true
703ad746-e22f-3884-1f90-71b195eb44d9,999,0,Dương Quốc Trang,contact999@example.com,0953828083,1986,,,Huế,Account Manager,2026-01-16 07:28:25,2026-01-16,,true
ea3d19b2-c319-8f41-2467-f4a324da0109,1000,0,Lê Minh Nam,contact1000@example.com,0954312259,1999,,,Bình Dương,Student,2026-03-20 23:02:42,2026-03-20,,true
26d24d46-e217-34c6-d36f-a1c9ccaa2cd3,1001,0,Trần Thanh An,contact1001@example.com,0927843176,2003,,,TP. Hồ Chí Minh,Product Owner,2026-09-24 19:17:25,2026-09-24,,true
ecc11ecb-2a65-04e1-fb2f-be8cea463911,1002,5,Huỳnh Văn Lan,contact1002@example.com,0974782142,,,,TP. Hồ Chí Minh,Founder,2026-08-05 15:58:13,2026-08-05,,true
ae94c0b5-aaf1-c938-27d5-4ab086d66946,1003,0,Lý Thanh Thảo,contact1003@example.com,0984969806,1995,,,Bình Dương,Brand Manager,2025-04-25 17:39:46,2025-04-25,,true
fdc6aebf-b96a-3419-f906-dfde7fb63b12,1004,0,Vũ Ngọc An,contact1004@example.com,0968233497,1995,,,Cần Thơ,Student,2026-08-27 23:43:17,2026-08-27,,true
be160640-69a3-1ab6-5ced-1a62817ef840,1005,0,Vũ Ngọc Phúc,contact1005@example.com,0930569974,,,,Bình Dương,Account Manager,2026-08-27 10:52:09,2026-08-27,,true
276f8e0d-6ea2-8b15-d0a7-d3b967eaae63,1006,0,Lý Anh Châu,contact1006@example.com,0952138595,,,,Hà Nội,Product Owner,2026-08-04 17:19:05,2026-08-04,,true
560b63a9-2a36-856d-cdf5-a57f9c4e7e7f,1007,0,Lý Hải Thảo,contact1007@example.com,0938726428,1992,,,Đà Nẵng,Sales Executive,2025-01-30 10:19:15,2025-01-30,,true
78a118df-0088-ca76-0d25-c8d0fde90c2d,1008,0,Lê Văn Giang,contact1008@example.com,0982527294,1987,,,Huế,Business Analyst,2025-12-01 19:54:05,2025-12-01,,true
ec2c4f79-d249-38d2-000d-f7649d46ea9a,1009,0,Huỳnh Thanh Long,contact1009@example.com,0923417922,2003,,,Hà Nội,Marketing Executive,2025-05-15 18:42:36,2025-05-15,,true
da36967d-9b2d-ceee-765b-b06910a012b2,1010,0,Đặng Bảo Sơn,contact1010@example.com,0919621170,,,,Đà Nẵng,Business Analyst,2025-06-24 19:52:31,2025-06-24,,true
4e70263a-8245-b08f-f3a2-e9575bd72a7c,1011,0,Đặng Văn Nam,contact1011@example.com,0955453854,2000,,,Huế,Founder,2026-06-12 10:31:38,2026-06-12,,true
1e22c6b2-e009-4827-9672-663f0f0a1d5b,1012,0,Bùi Ngọc Khoa,contact1012@example.com,0971912861,1989,,,Hà Nội,Data Analyst,2026-02-15 14:50:54,2026-02-15,,true
effbd197-4d73-a782-9671-97ecbab8ad70,1013,0,Vũ Thu Nhi,contact1013@example.com,0965013238,2005,,,Bình Dương,Account Manager,2026-04-04 16:49:21,2026-04-04,,true
7f63d2b6-d001-3b99-2fc2-8f2063ba24b1,1014,0,Đỗ Thị Bình,contact1014@example.com,0914211686,,,,Huế,Student,2026-04-30 08:23:10,2026-04-30,,true
f44c5255-2a07-a49f-c880-3baede823285,1015,0,Ngô Anh Long,contact1015@example.com,0986043568,,,,TP. Hồ Chí Minh,Marketing Executive,2026-02-12 17:28:08,2026-02-12,,true
025c9425-c557-13d3-09d7-cc9c6af98a8b,1016,0,Vũ Gia Trang,contact1016@example.com,0976485777,,,,TP. Hồ Chí Minh,Business Analyst,2025-04-06 17:09:02,2025-04-06,,true
fe5e9b1c-875b-2fe1-e3bb-eeb7640445a1,1017,0,Phan Ngọc Giang,contact1017@example.com,0954629799,2001,,,Đà Nẵng,Account Manager,2025-12-18 18:21:00,2025-12-18,,true
6ad09369-e0d3-f7c1-d45d-91e17979fbb2,1018,0,Dương Văn Linh,contact1018@example.com,0954641542,2003,,,Bình Dương,Data Analyst,2026-09-18 21:46:37,2026-09-18,,true
e78579d2-ab1e-5fcf-3abe-bcc1d115a0ca,1019,0,Vũ Thu Lan,contact1019@example.com,0950303235,,,,Huế,Marketing Executive,2026-09-16 14:59:20,2026-09-16,,true
8bea6f03-e645-3b43-d07e-22a18906a4e2,1020,0,Vũ Thu Khoa,contact1020@example.com,0963281778,1986,,,Hà Nội,Student,2026-02-09 15:00:33,2026-02-09,,true
c798c498-499d-5830-8d67-6a99a94a3567,1021,0,Đặng Bảo Vy,contact1021@example.com,0916871369,2003,,,TP. Hồ Chí Minh,Account Manager,2025-01-17 23:55:46,2025-01-17,,true
ee5b6379-213f-a67b-1976-34e5054bffbb,1022,0,Phan Văn Vy,contact1022@example.com,0967646579,2005,,,TP. Hồ Chí Minh,Founder,2025-08-29 19:35:46,2025-08-29,,true
b109e971-8ad5-7402-ff75-659e4f3ae530,1023,0,Ngô Minh Nhi,contact1023@example.com,0937392942,1996,,,Hà Nội,Student,2025-09-22 12:42:18,2025-09-22,,true
c4188fea-801e-5901-1f16-a10e56685b02,1024,0,Nguyễn Ngọc Châu,contact1024@example.com,0946245645,,,,Hà Nội,Founder,2025-03-12 09:09:55,2025-03-12,,true
b9ae4292-4012-1516-f1e7-a2808b991282,1025,0,Võ Thị Mai,contact1025@example.com,0922352071,1997,,,Huế,Sales Executive,2026-07-02 21:32:07,2026-07-02,2026-09-09,false
c4384a7e-cb16-5a76-f82c-0c20cdeb8ab9,1025,0,Võ Thị Mai,contact1025@example.com,0922352071,1997,,,Huế,Data Analyst,2026-07-02 21:32:07,2026-09-09,,true
c69ee73d-832d-f0cc-cea9-93a01a8385f9,1026,0,Phan Thu Tuấn,contact1026@example.com,0957161772,1997,,,Huế,Product Owner,2025-03-06 12:09:21,2025-03-06,,true
e6647803-32f9-130d-5e6e-5122a47cacbf,1027,0,Lê Ngọc Vy,contact1027@example.com,0976353912,1999,,,Hải Phòng,Brand Manager,2025-08-06 12:12:39,2025-08-06,2026-04-24,false
5afce6a6-9229-13f1-00f3-e86630260bb1,1027,0,Lê Ngọc Vy,contact1027@example.com,0976353912,1999,,,Hải Phòng,Marketing Executive,2025-08-06 12:12:39,2026-04-24,,true
7e8d6bb3-7932-b233-22c1-d7a197c75839,1028,21,Dương Thị Giang,contact1028@example.com,0922881862,2002,,,Huế,Data Analyst,2026-01-17 20:47:53,2026-01-17,,true
f0657d73-0e0e-c75e-1b48-732fdbd0f097,1029,0,Bùi Ngọc Linh,contact1029@example.com,0982085863,,,,Đà Nẵng,Marketing Executive,2026-07-19 17:07:39,2026-07-19,,true
4cc1032d-bd16-c038-4ef2-53f57f8fbd67,1030,0,Võ Quốc Nhi,contact1030@example.com,0919985429,,,,Đà Nẵng,Data Analyst,2025-05-21 15:52:24,2025-05-21,,true
c49b9178-43a2-99e4-f981-f289185c39ed,1031,0,Hoàng Gia Trang,contact1031@example.com,0990469693,,,,Đà Nẵng,Data Analyst,2025-01-27 16:20:11,2025-01-27,,true
cfc3845b-1464-cda8-dbf7-fa26e9b89caf,1032,0,Lê Ngọc Bình,contact1032@example.com,0947113201,2002,,,Huế,Account Manager,2025-05-07 12:36:13,2025-05-07,,true
bdb85b97-44e0-5787-5550-f4eaa86bf8b5,1033,0,Phạm Hải Bình,contact1033@example.com,0951861461,,,,Hải Phòng,Data Analyst,2026-08-15 16:58:35,2026-08-15,,true
e52053b6-8faa-2da8-f08d-5f51974232a6,1034,0,Lý Văn Quân,contact1034@example.com,0958469806,1988,,,Đà Nẵng,Business Analyst,2025-03-12 10:37:00,2025-03-12,,true
015a749b-686c-d27d-fd59-7efd3d1401de,1035,0,Phạm Anh An,contact1035@example.com,0973124701,1989,,,TP. Hồ Chí Minh,Account Manager,2025-03-25 17:10:11,2025-03-25,,true
973cb616-f945-cfd4-678e-a95f22deb12c,1036,0,Ngô Ngọc Trang,contact1036@example.com,0999507425,2001,,,Đà Nẵng,Brand Manager,2025-10-07 13:31:35,2025-10-07,,true
a40cd0ee-d07f-8c45-2f32-14c2939d1b61,1037,0,Lý Văn Dung,contact1037@example.com,0964431323,1993,,,Bình Dương,Business Analyst,2026-08-15 10:45:26,2026-08-15,,true
35cffe16-a6df-d693-00b8-a88f9317545d,1038,0,Vũ Văn Châu,contact1038@example.com,0962978256,1991,,,Đà Nẵng,Data Analyst,2025-09-12 11:45:02,2025-09-12,,true
ae2917c1-84d4-65df-a8d6-514760f41905,1039,0,Hoàng Minh Tuấn,contact1039@example.com,0926541550,,,,Đà Nẵng,Product Owner,2025-01-15 20:06:21,2025-01-15,,true
c8096083-0fb8-3639-289a-580f76ad57f1,1040,0,Vũ Thu Quân,contact1040@example.com,0946761893,1993,,,Hà Nội,Product Owner,2025-07-26 11:13:24,2025-07-26,,true
87935d69-c33b-f03e-c923-527f7925dc65,1041,0,Phạm Thanh Giang,contact1041@example.com,0948043501,1998,,,Huế,Marketing Executive,2025-03-03 21:33:18,2025-03-03,,true
7c641c58-a52d-2946-3c03-032cc7f020cf,1042,0,Lý Hải Lan,contact1042@example.com,0931536347,1999,,,TP. Hồ Chí Minh,Marketing Executive,2026-04-10 21:12:44,2026-04-10,,true
f5080d9c-9131-2064-101e-a7fb05325a3e,1043,0,Võ Thị Lan,contact1043@example.com,0998354700,1994,,,Bình Dương,Product Owner,2026-07-19 11:07:17,2026-07-19,,true
005fb765-575f-3108-9165-3dbc6b732c7a,1044,0,Huỳnh Anh Quân,contact1044@example.com,0980910956,1985,,,Đà Nẵng,Account Manager,2025-09-05 16:16:51,2025-09-05,,true
1899598d-5b5c-fadf-9063-bf1890b1f965,1045,0,Ngô Thanh Yến,contact1045@example.com,0946499378,2005,,,Hải Phòng,,2025-07-11 10:46:19,2025-07-11,,true
90ae41e4-1a6a-d169-1386-5151b0921979,1046,0,Lý Ngọc Tâm,contact1046@example.com,0954752107,1998,,,Cần Thơ,Marketing Executive,2025-07-20 17:02:54,2025-07-20,,true
37edae1a-36eb-aef4-bcef-2c153881e713,1047,0,Ngô Gia Châu,contact1047@example.com,0923772773,2002,,,Hải Phòng,Business Analyst,2025-08-25 20:55:02,2025-08-25,,true
9c9d3925-3c98-fe89-ec6e-e5ca573f9ac9,1048,0,Phạm Thanh Tuấn,contact1048@example.com,0989004075,,,,TP. Hồ Chí Minh,Data Analyst,2025-02-07 15:00:58,2025-02-07,,true
54aba577-e331-1ee6-696c-5060cbb474a3,1049,0,Huỳnh Anh Yến,contact1049@example.com,0910853168,,,,Hải Phòng,Sales Executive,2025-09-14 14:02:30,2025-09-14,,true
314a9ace-4677-4ddc-aad4-14ad0577f0c3,1050,0,Đỗ Thu Tâm,contact1050@example.com,0932051215,1988,,,Bình Dương,,2026-05-31 15:00:27,2026-05-31,,true
080fc9b3-226f-93e7-9e5f-992d39c29259,1051,0,Phan Ngọc Hùng,contact1051@example.com,0927801051,1986,,,Bình Dương,Founder,2025-06-10 14:47:02,2025-06-10,,true
08fe3f40-5fe1-9173-2bdf-3df401f39146,1052,0,Đặng Anh Nhi,contact1052@example.com,0930660064,1990,,,Hải Phòng,Product Owner,2025-07-29 18:40:48,2025-07-29,,true
f3310760-87e6-d238-ad59-2953e24297fc,1053,0,Ngô Ngọc Yến,contact1053@example.com,0932305534,2001,,,Bình Dương,Account Manager,2026-03-06 13:04:09,2026-03-06,,true
ed1c4d70-36d2-5823-9b35-4089429e5882,1054,0,Phan Thu Nhi,contact1054@example.com,0933103570,1999,,,Đà Nẵng,Brand Manager,2026-08-29 17:56:28,2026-08-29,,true
88964456-b344-dde4-bcac-44263ad0190f,1055,0,Dương Thị Thảo,contact1055@example.com,0925481681,,,,TP. Hồ Chí Minh,Marketing Executive,2025-01-21 13:25:18,2025-01-21,,true
82278cac-0cfe-7cdf-e872-c5573d9049bb,1056,0,Hoàng Văn Sơn,contact1056@example.com,0934131353,1992,,,Huế,Business Analyst,2025-04-26 19:58:41,2025-04-26,,true
348e90ae-d680-b541-d9a9-a8347d91f485,1057,0,Lê Thanh Lan,contact1057@example.com,0954570467,1990,,,Hà Nội,Product Owner,2026-07-11 14:34:35,2026-07-11,,true
d8e3cb62-fe24-fcd4-46bc-55dbae6c3a9b,1058,0,Lê Hải Tuấn,contact1058@example.com,0983380359,1995,,,Hải Phòng,Business Analyst,2025-08-14 09:33:09,2025-08-14,,true
7b1463c9-30bf-7f5a-b01d-e9361527690a,1059,0,Nguyễn Văn Châu,contact1059@example.com,0953284762,2005,,,Cần Thơ,Data Analyst,2025-02-03 07:49:01,2025-02-03,,true
cb70c67b-1d7a-f727-ac13-e4e8610918c9,1060,0,Đỗ Văn Tuấn,contact1060@example.com,0991184381,1989,,,Đà Nẵng,Brand Manager,2025-04-11 21:50:57,2025-04-11,,true
268c3b15-139c-4fd6-c49a-cd85e9066120,1061,0,Hoàng Bảo Vy,contact1061@example.com,0987361086,1994,,,Hải Phòng,Account Manager,2025-10-24 16:16:10,2025-10-24,,true
e2c350af-42e3-97d9-a97b-43bd00b73636,1062,25,Lý Văn Sơn,contact1062@example.com,0968343093,1986,,,Cần Thơ,Marketing Executive,2025-10-23 23:39:50,2025-10-23,,true
525706d0-fd9c-635d-3a54-089082fda101,1063,0,Hoàng Hải Nam,contact1063@example.com,0985564783,1998,,,TP. Hồ Chí Minh,Student,2025-12-20 09:23:46,2025-12-20,,true
db247ea2-9a23-63fe-6901-c88c3d8a3090,1064,0,Hồ Văn Tâm,contact1064@example.com,0915284956,1986,,,Hải Phòng,Sales Executive,2025-02-20 18:19:52,2025-02-20,,true
1fcfcb8e-8750-be7b-d5bb-e3a440b87dc3,1065,0,Huỳnh Minh Châu,contact1065@example.com,0918148595,1986,,,Hà Nội,Product Owner,2026-04-17 18:50:01,2026-04-17,,true
c38bdbdd-b7da-bc68-60ca-5ead31a08f66,1066,0,Huỳnh Gia Quân,contact1066@example.com,0976900453,,,,TP. Hồ Chí Minh,Account Manager,2026-06-26 07:16:40,2026-06-26,,true
ab640937-a52a-ea24-9248-9bee858fab60,1067,0,Lê Minh Yến,contact1067@example.com,0963698183,1994,,,Bình Dương,Business Analyst,2025-03-07 19:17:15,2025-03-07,,true
0a707ba8-df9a-09f5-7643-5b4e1508faec,1068,27,Hoàng Quốc Sơn,contact1068@example.com,0967832948,1994,,,Huế,Student,2025-11-11 20:19:10,2025-11-11,,true
2fdc4da3-aee5-1b7a-8b20-cc445705b300,1069,0,Đỗ Thanh Bình,contact1069@example.com,0935043563,1992,,,Bình Dương,Brand Manager,2025-10-26 19:10:22,2025-10-26,,true
c5a435cb-05c2-08e0-eb05-6b48ea90f648,1070,0,Võ Thanh Sơn,contact1070@example.com,0987270408,,,,Cần Thơ,Account Manager,2025-01-24 09:30:24,2025-01-24,,true
a39ad4df-afd3-ec8b-4a29-8783099c4929,1071,0,Huỳnh Thanh Long,contact1071@example.com,0928019246,1986,,,Bình Dương,Brand Manager,2025-04-22 18:15:35,2025-04-22,,true
18360f46-170e-0447-1a28-2f20ce529b86,1072,0,Võ Bảo Long,contact1072@example.com,0926398778,1992,,,Huế,Business Analyst,2025-10-25 13:48:52,2025-10-25,,true
52b1731b-a4df-08c5-67ad-b841227c27df,1073,0,Phan Ngọc Thảo,contact1073@example.com,0922270008,1991,,,Hải Phòng,Sales Executive,2026-04-11 10:34:03,2026-04-11,,true
802ccb52-f5f3-0d6e-7632-d4d41866177e,1074,0,Lê Bảo Sơn,contact1074@example.com,0976661435,,,,Đà Nẵng,Product Owner,2025-02-10 20:54:02,2025-02-10,,true
861c53de-98e1-e160-d66c-bda120be8394,1075,12,Phan Văn An,contact1075@example.com,0988663706,1998,,,Hà Nội,Account Manager,2026-07-20 23:57:00,2026-07-20,,true
5e2f0318-644a-79cd-36b5-28a4ae1c64c6,1076,0,Lý Thanh Linh,contact1076@example.com,0990003444,1998,,,Hà Nội,,2025-09-08 19:21:30,2025-09-08,,true
7a3367d0-87a6-c63c-65a1-ee9c3b39b8aa,1077,0,Phạm Gia Tuấn,contact1077@example.com,0987178979,2002,,,Đà Nẵng,Sales Executive,2025-12-20 09:19:38,2025-12-20,,true
6b13ad0a-5673-28bc-55cf-185a4667b057,1078,0,Huỳnh Ngọc Trang,contact1078@example.com,0990794318,1987,,,TP. Hồ Chí Minh,Founder,2025-01-28 11:48:26,2025-01-28,,true
cac29f1d-c72c-3764-0570-ea72a16700f7,1079,0,Đặng Minh Sơn,contact1079@example.com,0981954799,1986,,,Huế,Brand Manager,2025-09-19 08:44:47,2025-09-19,,true
31646c14-f1a0-051f-0aca-e683f0582911,1080,0,Trần Gia Yến,contact1080@example.com,0922882933,1989,,,Hải Phòng,Marketing Executive,2026-05-20 19:27:27,2026-05-20,,true
19960b40-367d-9053-bec2-e40df0b81b29,1081,0,Hồ Bảo Châu,contact1081@example.com,0913660053,1999,,,Hà Nội,Brand Manager,2025-02-26 23:56:13,2025-02-26,,true
a4e71358-8fb6-002d-c357-5ff16caa4c8d,1082,0,Ngô Gia Tâm,contact1082@example.com,0934616054,1988,,,Hải Phòng,Founder,2025-08-12 15:57:21,2025-08-12,,true
31ae84be-c7be-05c6-728a-c5fdfc32964b,1083,0,Trần Thị Khoa,contact1083@example.com,0950803020,,,,Hà Nội,Account Manager,2025-08-04 23:53:16,2025-08-04,,true
5edd3492-aac2-3302-1a3b-c8d80daba507,1084,0,Hoàng Hải Bình,contact1084@example.com,0938448890,1996,,,Cần Thơ,Data Analyst,2025-09-01 22:55:42,2025-09-01,,true
ceacd779-9538-e035-4157-abecfdecc58d,1085,0,Lê Thanh Linh,contact1085@example.com,0987052719,1985,,,Bình Dương,Founder,2025-01-19 08:32:23,2025-01-19,,true
4ba9008d-85af-b680-e39f-6cc716f39bed,1086,0,Hồ Anh Linh,contact1086@example.com,0984181946,2004,,,Bình Dương,Founder,2026-09-05 20:49:39,2026-09-05,,true
c7c40854-d6d4-eb06-2f59-2f3e1bbd2513,1087,0,Đặng Văn Sơn,contact1087@example.com,0951552908,1991,,,TP. Hồ Chí Minh,Sales Executive,2026-01-10 14:09:21,2026-01-10,,true
7509d8ba-1e22-ade1-a3e6-bbfd65e2ebba,1088,0,Trần Hải Trang,contact1088@example.com,0913081728,,,,Hải Phòng,Business Analyst,2025-08-16 20:25:36,2025-08-16,,true
23763f57-852c-62ce-f337-7b9ee60587ef,1089,0,Vũ Gia Trang,contact1089@example.com,0939581231,2004,,,Đà Nẵng,Sales Executive,2025-02-01 12:47:13,2025-02-01,,true
07aa240c-5762-0a6f-6f24-564d9c296b78,1090,0,Nguyễn Quốc Nhi,contact1090@example.com,0999064587,1989,,,Bình Dương,,2026-07-29 07:53:52,2026-07-29,,true
03d2a7ca-3775-33ab-d447-6a01ec67f7b7,1091,0,Võ Thị Tâm,contact1091@example.com,0961329407,1996,,,Hải Phòng,Data Analyst,2025-05-31 18:34:43,2025-05-31,,true
8a9da702-660f-44e6-445d-3231c6f7cc83,1092,0,Hoàng Ngọc Sơn,contact1092@example.com,0952103387,1988,,,Đà Nẵng,Sales Executive,2026-03-13 10:43:53,2026-03-13,,true
6f2ae2fd-838e-dbe4-da2a-4996aaef7529,1093,0,Trần Văn Hà,contact1093@example.com,0974212086,,,,Hà Nội,Marketing Executive,2026-08-25 16:54:32,2026-08-25,,true
d2c569ab-f830-aa05-d2d4-dd0555b82364,1094,0,Hồ Gia Hùng,contact1094@example.com,0920073945,1991,,,Huế,,2026-02-03 09:03:07,2026-02-03,,true
dce6ea64-2d5c-4588-c60e-35b66864fe6b,1095,0,Võ Thị Linh,contact1095@example.com,0994538649,1995,,,Hà Nội,Founder,2025-02-19 09:24:33,2025-02-19,,true
64076750-4810-7252-994d-4c03715474b9,1096,0,Trần Quốc Khoa,contact1096@example.com,0995564188,1985,,,Hải Phòng,Founder,2025-07-20 21:41:26,2025-07-20,,true
79613250-d375-2185-a019-89d1b998d301,1097,0,Hoàng Bảo Giang,contact1097@example.com,0956244783,1987,,,Bình Dương,Founder,2026-04-05 19:48:55,2026-04-05,,true
31fd1e5e-f865-61ef-1131-45d24346cce5,1098,0,Lê Thanh An,contact1098@example.com,0963321871,,,,Bình Dương,Account Manager,2025-02-18 12:36:44,2025-02-18,,true
76d96b12-1443-3a8e-ed5a-cddc8b7080c2,1099,0,Bùi Quốc Yến,contact1099@example.com,0932984583,1997,,,Hà Nội,Founder,2026-04-10 14:05:59,2026-04-10,2026-06-21,false
9a596f63-141e-c659-1a06-2a0ead938d1a,1099,0,Bùi Quốc Yến,contact1099@example.com,0932984583,1997,,,Hà Nội,Business Analyst,2026-04-10 14:05:59,2026-06-21,,true
1f0b2be6-6040-4c51-584f-a41ff9f7852c,1100,0,Vũ Gia Vy,contact1100@example.com,0952648480,2000,,,Cần Thơ,,2025-01-01 19:07:14,2025-01-01,,true
feb3a855-48e6-1273-4680-13786e607c2f,1101,11,Bùi Văn Giang,contact1101@example.com,0963094995,1986,,,Huế,Data Analyst,2026-04-02 16:16:37,2026-04-02,,true
ea489dae-2b99-f902-836d-943faad29f81,1102,0,Hồ Thu Tâm,contact1102@example.com,0924533446,,,,Hải Phòng,Founder,2026-04-08 13:43:16,2026-04-08,,true
d46a537b-bc0b-55fe-5713-412e8bceda58,1103,0,Huỳnh Thị Tuấn,contact1103@example.com,0935955748,1998,,,TP. Hồ Chí Minh,,2025-01-15 12:40:05,2025-01-15,,true
688e8d5d-5185-6418-fef4-4a33ae78dd3f,1104,0,Vũ Gia Khoa,contact1104@example.com,0925433087,,,,TP. Hồ Chí Minh,Account Manager,2026-09-14 21:14:48,2026-09-14,,true
84add36e-67b3-a154-e67a-e19a3c6736b0,1105,0,Ngô Hải Vy,contact1105@example.com,0925971233,1986,,,Hải Phòng,Founder,2025-08-23 21:47:01,2025-08-23,,true
fdfd984e-1610-7d90-28c2-7491ac83995b,1106,35,Hoàng Thị Vy,contact1106@example.com,0932943214,2005,,,Đà Nẵng,Brand Manager,2025-05-31 07:23:48,2025-05-31,,true
65dec4ed-915f-bbf9-53cf-ff732384bb95,1107,0,Hồ Bảo Giang,contact1107@example.com,0919779395,1990,,,Hà Nội,,2026-01-08 21:59:06,2026-01-08,,true
2888c573-f3fd-80f2-0423-793fde3a564a,1108,0,Võ Ngọc Nhi,contact1108@example.com,0993676297,1994,,,Huế,Account Manager,2026-09-01 08:35:37,2026-09-01,,true
5674e177-9b08-725e-e1ea-f0f24c52b95c,1109,0,Ngô Bảo Yến,contact1109@example.com,0943657954,1994,,,Bình Dương,Business Analyst,2025-02-08 08:38:44,2025-02-08,,true
17776760-70ff-f474-a7a3-208eb1fde4de,1110,0,Lê Thanh Mai,contact1110@example.com,0970648113,2001,,,Hải Phòng,Marketing Executive,2026-09-17 23:35:40,2026-09-17,,true
73b6b143-9d96-d6dd-ef14-5b3606b63727,1111,0,Hồ Thu Hùng,contact1111@example.com,0982379607,,,,Bình Dương,Business Analyst,2025-07-03 14:57:34,2025-07-03,,true
817c781a-6fbc-2464-ea52-4c6993188472,1112,0,Dương Thu Trang,contact1112@example.com,0981430313,2002,,,TP. Hồ Chí Minh,,2025-03-21 09:46:40,2025-03-21,,true
a00d1e18-aead-c03f-2fad-3d7ea4bfa846,1113,0,Lý Văn Tuấn,contact1113@example.com,0981422711,2001,,,Hà Nội,Product Owner,2025-06-07 11:20:33,2025-06-07,,true
2afcc87e-1ff4-9019-ac4a-770107d7a393,1114,0,Đỗ Hải Nam,contact1114@example.com,0993153138,1999,,,Cần Thơ,Marketing Executive,2026-01-13 08:44:17,2026-01-13,,true
23ee4016-3234-15b1-64e1-934097f5d628,1115,0,Đỗ Thanh Lan,contact1115@example.com,0934502256,,,,Hải Phòng,Founder,2026-07-09 12:49:47,2026-07-09,,true
14611ef1-42bf-18d2-2a17-879a67a79886,1116,0,Võ Hải Khoa,contact1116@example.com,0936114449,2003,,,Hà Nội,Brand Manager,2026-09-18 11:43:34,2026-09-18,,true
de4b2801-38be-318f-96d0-d89df2314c7d,1117,0,Lý Minh Long,contact1117@example.com,0962220968,2003,,,TP. Hồ Chí Minh,Product Owner,2025-12-02 12:34:48,2025-12-02,,true
7d5887a5-a554-8394-f39d-ea6f06919b1d,1118,0,Phạm Ngọc Sơn,contact1118@example.com,0924255348,1997,,,Đà Nẵng,Brand Manager,2025-12-18 23:38:50,2025-12-18,,true
e4d479e7-ace8-c3d1-e0b4-3a731eb6dd1c,1119,0,Lý Anh Linh,contact1119@example.com,0945125720,1991,,,Đà Nẵng,,2026-01-31 17:01:39,2026-01-31,,true
cb1fa325-44e5-f394-3c6b-ad3494fc712b,1120,0,Lý Bảo Quân,contact1120@example.com,0932121080,2001,,,Huế,Brand Manager,2026-08-14 09:59:53,2026-08-14,,true
5db96490-2c6b-2108-ba9b-519a3772d3a3,1121,0,Đặng Thu Dung,contact1121@example.com,0953858035,,,,TP. Hồ Chí Minh,Data Analyst,2026-01-08 13:25:19,2026-01-08,,true
f3e62704-4408-7b43-9eea-d5def5b5777f,1122,0,Phạm Ngọc Nhi,contact1122@example.com,0970039194,,,,Hà Nội,Marketing Executive,2025-08-08 20:30:46,2025-08-08,,true
0f657cc9-8fbd-853a-790f-2b458612944f,1123,0,Đỗ Minh Phúc,contact1123@example.com,0961396315,1988,,,Bình Dương,,2025-04-22 16:49:50,2025-04-22,,true
ef678fc8-2308-961b-e3e3-2e4229ac92f0,1124,0,Vũ Gia Sơn,contact1124@example.com,0984867294,,,,Đà Nẵng,Product Owner,2025-05-15 22:00:17,2025-05-15,,true
565854d5-829d-03f5-567f-fe50b4c313eb,1125,0,Ngô Thu Tâm,contact1125@example.com,0969351279,1990,,,TP. Hồ Chí Minh,Founder,2026-03-15 17:55:49,2026-03-15,,true
1e605b15-e915-a8f9-9d48-2c49f53fd2d3,1126,0,Đỗ Quốc Yến,contact1126@example.com,0992362416,2001,,,TP. Hồ Chí Minh,Student,2025-10-14 17:46:37,2025-10-14,,true
2191990c-3c86-1a6a-f55d-b8b9129f9fa5,1127,0,Trần Văn Giang,contact1127@example.com,0951183538,1992,,,Cần Thơ,Sales Executive,2026-03-15 07:08:59,2026-03-15,,true
ae973869-2ea1-51aa-bcf7-bbc28e38440e,1128,0,Nguyễn Quốc Long,contact1128@example.com,0974495536,1991,,,Bình Dương,Product Owner,2025-04-29 17:55:20,2025-04-29,,true
b0bb79d9-d9b0-0417-f68d-69797fe4c461,1129,0,Hồ Hải Thảo,contact1129@example.com,0993209926,,,,Hải Phòng,Business Analyst,2025-11-07 16:54:33,2025-11-07,,true
358ae854-49b4-af17-5e6b-ed7aeb536282,1130,0,Hoàng Văn Giang,contact1130@example.com,0959163162,,,,Bình Dương,Business Analyst,2025-08-16 21:46:18,2025-08-16,,true
17b4e6d0-9fc2-e952-4e0b-ec8fa07d4d6c,1131,0,Phạm Minh Hùng,contact1131@example.com,0918444387,2004,,,TP. Hồ Chí Minh,Marketing Executive,2025-03-13 23:13:51,2025-03-13,,true
84c84c23-676e-34be-78be-c228c455da79,1132,0,Lý Minh Hùng,contact1132@example.com,0984188311,1985,,,Cần Thơ,Business Analyst,2025-01-09 09:33:15,2025-01-09,,true
2477536f-534f-a89b-085e-9e90f12ff03e,1133,0,Đỗ Gia Tuấn,contact1133@example.com,0945652297,1997,,,TP. Hồ Chí Minh,,2026-04-11 18:30:29,2026-04-11,,true
7801792b-a53a-43d6-1ef5-40d6f5d98936,1134,0,Vũ Thị Nam,contact1134@example.com,0917126486,1990,,,Bình Dương,Founder,2026-06-08 21:24:57,2026-06-08,,true
27baa3dd-2c2b-d5a3-2e89-bdbd53691c45,1135,0,Phan Bảo Tuấn,contact1135@example.com,0988189131,,,,Huế,Marketing Executive,2026-04-14 13:12:28,2026-04-14,,true
24d4dba9-8cf7-fbd8-8d9a-58d83c7c5372,1136,0,Phạm Hải Long,contact1136@example.com,0998214212,,,,Hà Nội,Student,2026-08-04 13:47:26,2026-08-04,,true
a504ee5a-b98b-9459-7d35-de601f45a6d0,1137,0,Vũ Bảo Tâm,contact1137@example.com,0937271231,1994,,,Đà Nẵng,Product Owner,2025-06-20 17:41:23,2025-06-20,,true
1dd18fcf-b99b-8d2d-b72a-69289c7871de,1138,0,Vũ Văn Thảo,contact1138@example.com,0954644060,1993,,,Cần Thơ,Founder,2026-05-20 14:10:51,2026-05-20,,true
1ccda878-b800-f540-7f69-53afe9213dfa,1139,0,Dương Thị Hà,contact1139@example.com,0917440698,2004,,,Hải Phòng,Account Manager,2026-04-03 21:00:11,2026-04-03,,true
65aa6c06-5d43-3dc2-cb11-5be6227cc456,1140,0,Vũ Minh Giang,contact1140@example.com,0913768615,,,,Huế,Data Analyst,2025-12-01 11:37:35,2025-12-01,,true
dd16663a-8183-abc0-80e2-cd0484c48ac0,1141,0,Võ Gia Quân,contact1141@example.com,0991413784,,,,Bình Dương,Founder,2025-02-25 13:11:02,2025-02-25,,true
d67da117-cc77-1505-0f95-e5dcec9f1803,1142,0,Đỗ Anh Sơn,contact1142@example.com,0957964620,2005,,,Cần Thơ,Product Owner,2025-12-24 13:44:47,2025-12-24,,true
110024b8-75d0-a2af-1c06-efa6521ba1e4,1143,0,Vũ Hải Tuấn,contact1143@example.com,0921007179,,,,Huế,,2025-02-11 13:01:17,2025-02-11,,true
4d83b055-17ac-720e-0626-d3bea9fc73da,1144,0,Lê Văn Giang,contact1144@example.com,0996290143,2003,,,Bình Dương,Brand Manager,2025-06-16 13:55:46,2025-06-16,,true
17ca35a2-7ff7-2b20-97ee-a179afd063d6,1145,0,Phan Văn Thảo,contact1145@example.com,0965778794,,,,Hà Nội,Sales Executive,2025-10-11 23:12:03,2025-10-11,,true
0db26722-23bf-1f71-a901-bdb8c0ae50f3,1146,0,Hoàng Thị Hùng,contact1146@example.com,0931126481,1999,,,Hải Phòng,Founder,2025-04-28 11:25:03,2025-04-28,,true
be19b37a-a966-544f-57ca-d887b9167c61,1147,0,Hoàng Minh Bình,contact1147@example.com,0926234545,1986,,,Hải Phòng,Business Analyst,2025-04-02 10:07:24,2025-04-02,,true
2dc84e80-a90b-dc3a-036e-c6cb8941069b,1148,0,Phan Văn Linh,contact1148@example.com,0986756950,1997,,,Đà Nẵng,Sales Executive,2026-03-25 14:12:59,2026-03-25,,true
ec0389c1-23ff-18b2-865a-5dcda016d50a,1149,0,Đặng Minh Dung,contact1149@example.com,0922093079,2002,,,Bình Dương,Product Owner,2025-11-05 23:06:09,2025-11-05,,true
cf7a9bd5-10e6-8719-ca7d-60a1d6f30b49,1150,0,Hồ Minh An,contact1150@example.com,0989376527,1996,,,Đà Nẵng,Product Owner,2025-01-09 17:08:09,2025-01-09,,true
1e5fde58-7427-eefa-f808-e17a3a96c7f5,1151,0,Đỗ Minh Yến,contact1151@example.com,0988310524,1985,,,Huế,Data Analyst,2025-01-02 13:45:42,2025-01-02,,true
27facb5d-c74d-2800-be1e-0254e35aac0c,1152,0,Đỗ Hải Linh,contact1152@example.com,0927493080,1985,,,Đà Nẵng,Data Analyst,2025-07-15 20:59:22,2025-07-15,2026-04-17,false
1f8452fb-6c26-5326-0dc6-d899ee209e85,1152,0,Đỗ Hải Linh,contact1152@example.com,0927493080,1985,,,Đà Nẵng,Brand Manager,2025-07-15 20:59:22,2026-04-17,,true
973f7fd5-dca9-b10a-6d1b-5e966e648ec8,1153,0,Võ Văn Hà,contact1153@example.com,0990405385,1999,,,Bình Dương,Data Analyst,2026-09-21 12:30:14,2026-09-21,,true
ddcff347-b5d8-4cae-b381-e8b038ca4da7,1154,0,Phạm Quốc Long,contact1154@example.com,0945039128,,,,TP. Hồ Chí Minh,Marketing Executive,2025-08-22 11:08:55,2025-08-22,,true
ad545be9-9712-4b5a-715c-25075ef28433,1155,0,Lý Bảo Tuấn,contact1155@example.com,0970595763,1994,,,Cần Thơ,Data Analyst,2025-09-12 18:58:57,2025-09-12,,true
8e10a3c7-0b4b-af23-1c4d-acfd00b30bda,1156,0,Vũ Thanh Quân,contact1156@example.com,0924284125,1993,,,Hải Phòng,Product Owner,2025-12-23 18:18:27,2025-12-23,,true
842aebac-6c7e-80ad-2970-99127d2e11bd,1157,0,Ngô Gia Khoa,contact1157@example.com,0923472398,1993,,,Huế,Data Analyst,2025-05-02 23:07:02,2025-05-02,2025-06-07,false
ba0d24f5-cff5-4357-18f1-101e84506864,1157,0,Ngô Gia Khoa,contact1157@example.com,0923472398,1993,,,Huế,Brand Manager,2025-05-02 23:07:02,2025-06-07,,true
550714a7-3aac-2179-b66e-58a876421a9f,1158,0,Lê Ngọc Sơn,contact1158@example.com,0915697626,1988,,,TP. Hồ Chí Minh,Marketing Executive,2026-04-03 10:21:45,2026-04-03,,true
5953b5d4-2e85-9607-6f62-752490ac7063,1159,0,Lý Thanh Hùng,contact1159@example.com,0963769921,1991,,,Hà Nội,Marketing Executive,2025-02-18 16:23:33,2025-02-18,,true
df466896-cdbc-3b08-abc9-fbb3fff03027,1160,0,Võ Thu An,contact1160@example.com,0937455833,1985,,,Đà Nẵng,Sales Executive,2026-06-25 18:28:27,2026-06-25,,true
3d948afd-864d-3a8d-1067-308a95cc34cd,1161,0,Dương Thanh Nhi,contact1161@example.com,0962831328,1989,,,Hà Nội,Brand Manager,2026-09-14 19:10:52,2026-09-14,,true
7c53ccb0-96a8-df54-726a-18440cf2a69a,1162,0,Đặng Quốc Tuấn,contact1162@example.com,0989096412,1987,,,Huế,Data Analyst,2026-05-01 15:25:26,2026-05-01,,true
c1dd9365-901b-938f-b703-de19d20f65b3,1163,0,Võ Bảo Khoa,contact1163@example.com,0982998067,,,,Cần Thơ,Data Analyst,2025-05-08 15:02:01,2025-05-08,,true
a5868874-4c31-67b6-96f3-05d7cece12fc,1164,0,Lê Quốc Hà,contact1164@example.com,0915676997,2004,,,Cần Thơ,Marketing Executive,2025-10-04 17:15:42,2025-10-04,,true
6a21ab97-d04c-5e8e-1eca-88d3af665d67,1165,0,Lý Anh Khoa,contact1165@example.com,0996976700,1999,,,Cần Thơ,Founder,2026-05-24 19:50:38,2026-05-24,,true
3bb979b9-3f8c-c66b-4423-fcd5922e3abc,1166,0,Phạm Minh Hùng,contact1166@example.com,0975089615,1986,,,Hải Phòng,Founder,2026-07-24 16:06:26,2026-07-24,,true
e93bf044-d292-5f7c-b624-013a11269f9e,1167,0,Đặng Bảo Thảo,contact1167@example.com,0925292558,,,,Hải Phòng,Marketing Executive,2025-11-27 20:11:13,2025-11-27,,true
07059d15-a8c5-840f-aa54-e68fa9274d42,1168,0,Dương Gia Hà,contact1168@example.com,0924185631,1986,,,Huế,Business Analyst,2026-03-18 11:01:13,2026-03-18,,true
e5bf1379-2587-f6a0-e69c-f4c872d627e9,1169,0,Lê Ngọc Mai,contact1169@example.com,0992572018,2004,,,Cần Thơ,,2025-09-23 10:54:59,2025-09-23,,true
6624f8ed-ed96-5f31-8bef-2ae1f87339cc,1170,0,Đặng Anh Sơn,contact1170@example.com,0914098443,,,,Huế,Data Analyst,2026-04-01 07:46:53,2026-04-01,,true
8a02711e-02f3-e4d0-eeb8-c6eb700affff,1171,0,Đỗ Gia Sơn,contact1171@example.com,0941291228,1999,,,Cần Thơ,Brand Manager,2025-11-08 12:48:07,2025-11-08,,true
4cafae2b-15ca-f379-903c-e3b161580ec7,1172,0,Bùi Thu Vy,contact1172@example.com,0922575807,,,,TP. Hồ Chí Minh,Sales Executive,2025-01-27 15:34:02,2025-01-27,,true
26830a4c-8133-25f1-e760-32c38f47c5ae,1173,0,Lý Anh Thảo,contact1173@example.com,0946294636,,,,Cần Thơ,Product Owner,2025-04-04 09:59:10,2025-04-04,,true
1ccc575e-6c6b-fd66-94ba-c2b5ca4514d1,1174,0,Trần Bảo Mai,contact1174@example.com,0940781126,1993,,,Huế,Data Analyst,2026-02-06 22:42:40,2026-02-06,,true
0b901a34-a3d6-f33a-4af8-35922e858bc6,1175,0,Vũ Quốc Nam,contact1175@example.com,0957518791,1999,,,Cần Thơ,Product Owner,2025-02-15 14:11:31,2025-02-15,,true
02f93785-71a6-7925-1094-1b5326d51dc1,1176,0,Vũ Thanh Trang,contact1176@example.com,0967620777,1999,,,Cần Thơ,Student,2026-03-08 16:53:39,2026-03-08,,true
ca127556-f5cc-a86b-92e9-2aa7f7b8a5e4,1177,0,Vũ Anh Nhi,contact1177@example.com,0946939031,1989,,,Hà Nội,Account Manager,2025-12-12 12:59:22,2025-12-12,,true
117244f7-9364-5e43-9a18-e6bb71f6f1a8,1178,0,Trần Hải Giang,contact1178@example.com,0944699521,1989,,,Huế,Account Manager,2025-09-30 19:34:44,2025-09-30,,true
345ec501-df85-a192-d21c-922affa2df47,1179,0,Phạm Bảo Khoa,contact1179@example.com,0958016004,2004,,,Bình Dương,Business Analyst,2025-03-06 09:19:04,2025-03-06,,true
551b7d7f-668e-43e1-182a-4ea382d3c040,1180,0,Nguyễn Quốc Hà,contact1180@example.com,0943369932,1993,,,Đà Nẵng,Account Manager,2025-04-21 14:13:30,2025-04-21,,true
3178bdbb-df7f-acac-0814-b225a6792090,1181,0,Đặng Thu Giang,contact1181@example.com,0945189571,1988,,,Hải Phòng,Brand Manager,2025-01-23 12:23:58,2025-01-23,,true
c0c52495-92bf-804e-89ca-1b2698343ead,1182,0,Lê Thu Quân,contact1182@example.com,0918768924,,,,TP. Hồ Chí Minh,Student,2025-10-08 07:50:36,2025-10-08,,true
53921935-d6f8-d94c-39fa-35e6c98afa08,1183,0,Hoàng Thị Lan,contact1183@example.com,0920686342,1998,,,Cần Thơ,Data Analyst,2025-02-12 07:55:25,2025-02-12,,true
e47c666a-b04d-ee79-4ff6-308a91356bfe,1184,0,Vũ Bảo Nam,contact1184@example.com,0993019717,1994,,,Cần Thơ,Product Owner,2026-02-08 15:34:27,2026-02-08,,true
c7f2a172-affc-e532-d846-06250effa0c1,1185,0,Trần Thị Dung,contact1185@example.com,0992369031,2004,,,Bình Dương,Business Analyst,2025-12-02 17:37:16,2025-12-02,,true
89ae67cb-9893-e27d-d520-4b483a21356c,1186,0,Trần Quốc Dung,contact1186@example.com,0919446734,1998,,,Bình Dương,Marketing Executive,2026-01-05 14:44:59,2026-01-05,,true
7c4a42db-6105-0668-0e49-a74399786dc1,1187,0,Ngô Anh Giang,contact1187@example.com,0923422888,1993,,,Đà Nẵng,Brand Manager,2026-07-23 19:13:26,2026-07-23,2026-08-23,false
9288cbf5-a6bd-63a4-a7f3-cf5c981813c7,1187,0,Ngô Anh Giang,contact1187@example.com,0923422888,1993,,,Đà Nẵng,Student,2026-07-23 19:13:26,2026-08-23,,true
7f5c62cc-6e6c-4c64-6f56-21b19d07285b,1188,0,Trần Thanh Nam,contact1188@example.com,0960337643,1993,,,Huế,Account Manager,2025-05-20 16:33:37,2025-05-20,,true
735bea93-923a-d413-0778-9daee4787edc,1189,20,Bùi Hải Mai,contact1189@example.com,0975770619,,,,Đà Nẵng,Account Manager,2025-12-01 20:16:10,2025-12-01,,true
619a4805-e03a-0ab6-6789-278dcc86ac85,1190,0,Nguyễn Hải Giang,contact1190@example.com,0942550031,,,,Đà Nẵng,Student,2025-11-12 17:14:12,2025-11-12,,true
acde5588-ee92-0236-b1dd-ecb702580dcb,1191,0,Phạm Hải Tuấn,contact1191@example.com,0954829000,1996,,,TP. Hồ Chí Minh,Marketing Executive,2025-07-08 20:21:44,2025-07-08,,true
071a8d53-63e0-7207-113c-b0099cff77c5,1192,0,Dương Hải Quân,contact1192@example.com,0998133285,1997,,,TP. Hồ Chí Minh,Brand Manager,2025-07-11 10:11:09,2025-07-11,,true
96bc3f42-797e-6c89-1bbc-af4503d7f55b,1193,0,Võ Gia Sơn,contact1193@example.com,0995821214,1986,,,Hà Nội,Account Manager,2025-07-01 15:45:06,2025-07-01,,true
72349df0-45f0-3f1c-cd4a-3c8eee550e96,1194,0,Hoàng Ngọc Châu,contact1194@example.com,0933204789,1996,,,Hải Phòng,Marketing Executive,2026-02-10 22:45:31,2026-02-10,,true
bc443508-3a93-21f7-4050-8324875cf067,1195,0,Ngô Thị Giang,contact1195@example.com,0924885782,,,,Hà Nội,Sales Executive,2026-02-23 15:54:10,2026-02-23,,true
83992e41-f2af-577d-43c5-27a4fbc02c38,1196,0,Hồ Gia Bình,contact1196@example.com,0971901789,2005,,,TP. Hồ Chí Minh,Brand Manager,2026-05-06 17:14:27,2026-05-06,,true
bd61676d-56aa-814e-779b-fee4a6f70a50,1197,0,Võ Văn Bình,contact1197@example.com,0967611249,2005,,,Đà Nẵng,Student,2025-05-10 23:20:56,2025-05-10,,true
15b9d469-fbb8-d9fe-d0cb-16e9bbc2b67c,1198,0,Hoàng Thu Linh,contact1198@example.com,0982110743,2000,,,Bình Dương,,2025-07-21 09:07:08,2025-07-21,,true
12a1720b-d1d4-6f58-2b72-8139af61997d,1199,0,Huỳnh Thu Hà,contact1199@example.com,0914121168,2002,,,Cần Thơ,Product Owner,2026-02-12 13:15:42,2026-02-12,,true
087fcdef-31c1-b3f3-a2a5-c00cb6fa6472,1200,0,Lê Bảo Nam,contact1200@example.com,0943143453,,,,Đà Nẵng,Brand Manager,2025-12-29 07:41:34,2025-12-29,,true
df61dbe1-b714-6c44-11b2-152483c38648,1201,0,Vũ Thanh An,contact1201@example.com,0914800151,,,,Huế,Data Analyst,2025-08-23 15:39:57,2025-08-23,,true
881fea11-d36b-06cd-0db1-565d6d70799e,1202,0,Ngô Quốc Hà,contact1202@example.com,0947427169,1996,,,Đà Nẵng,Student,2026-05-01 23:18:32,2026-05-01,,true
1f92bdc9-9883-7e3e-a4c6-34ce3dad2abf,1203,0,Phan Thu Yến,contact1203@example.com,0984151411,2005,,,Bình Dương,Brand Manager,2026-07-02 18:44:04,2026-07-02,,true
e30065bb-e282-338d-27ae-500ac6c2e2be,1204,0,Hồ Bảo Thảo,contact1204@example.com,0987749608,2003,,,Cần Thơ,Account Manager,2026-04-13 23:32:42,2026-04-13,,true
dca21033-16ec-34b5-cf6a-d43f09536c4a,1205,0,Lý Thị Lan,contact1205@example.com,0970319344,1993,,,Hải Phòng,Sales Executive,2026-09-04 22:37:44,2026-09-04,,true
cad75ebe-9169-4fbb-3cff-13aa3c477d0c,1206,0,Hoàng Ngọc Tâm,contact1206@example.com,0997066702,1999,,,TP. Hồ Chí Minh,Account Manager,2026-09-05 19:45:16,2026-09-05,,true
2af3d7cd-364b-9aa2-ec93-53cd8e9a8e72,1207,0,Huỳnh Bảo Hùng,contact1207@example.com,0933139468,2001,,,Hà Nội,,2025-04-26 22:01:25,2025-04-26,,true
820740e7-07a1-012a-e8f8-6e430b996908,1208,0,Nguyễn Văn Châu,contact1208@example.com,0980064547,1998,,,Hải Phòng,Data Analyst,2025-02-15 07:11:14,2025-02-15,,true
e5d25bc3-3c38-26aa-b979-38acead22702,1209,0,Lê Thanh Hùng,contact1209@example.com,0960019101,1987,,,Đà Nẵng,Marketing Executive,2026-09-04 22:45:24,2026-09-04,,true
96b525c7-fb81-519b-ddc9-69b0689e77e5,1210,0,Lý Thanh Nhi,contact1210@example.com,0983864238,1991,,,Đà Nẵng,Student,2025-11-23 09:37:32,2025-11-23,,true
13149627-d586-ff50-7002-491661128e82,1211,0,Nguyễn Thu Nam,contact1211@example.com,0934478552,1993,,,Đà Nẵng,,2025-04-11 08:00:12,2025-04-11,,true
b57e526c-1627-999a-de14-b9894c91372f,1212,0,Ngô Thanh Châu,contact1212@example.com,0919908724,2005,,,Hải Phòng,Brand Manager,2025-02-17 20:27:57,2025-02-17,,true
0abdbcd1-782c-cfec-9e5d-78a1c5bdb495,1213,0,Bùi Thị Nam,contact1213@example.com,0992425589,,,,Cần Thơ,Student,2025-08-19 16:00:51,2025-08-19,,true
9f30418c-9089-bcfd-9145-9617b9c1f1b2,1214,0,Ngô Hải Tâm,contact1214@example.com,0937152527,1989,,,Hải Phòng,Account Manager,2025-01-16 18:49:35,2025-01-16,,true
ae9ff41d-feb8-bf0b-8775-a0f078f45889,1215,0,Ngô Gia Tâm,contact1215@example.com,0979798454,,,,Cần Thơ,Data Analyst,2026-02-02 21:50:00,2026-02-02,,true
b1766ffc-05fb-d075-6086-a5f3e5942c30,1216,0,Ngô Minh Mai,contact1216@example.com,0970872342,,,,Cần Thơ,Founder,2026-05-12 09:23:01,2026-05-12,,true
8da4ced1-1423-040d-fa4f-a66c4d7f6dfb,1217,0,Đỗ Thu Tuấn,contact1217@example.com,0980058516,1990,,,Hải Phòng,Marketing Executive,2025-05-09 11:27:56,2025-05-09,,true
9a24beb8-6295-b041-4bfa-f1db7cffc54b,1218,0,Bùi Thị Phúc,contact1218@example.com,0975318117,1987,,,Bình Dương,Business Analyst,2026-08-08 09:50:29,2026-08-08,,true
2412e47e-29a7-f041-2d51-9614442a584a,1219,0,Hoàng Thanh Châu,contact1219@example.com,0991678422,1997,,,TP. Hồ Chí Minh,Product Owner,2025-03-18 10:34:43,2025-03-18,,true
5f72fe57-4b2c-8bff-ae57-040358bb8712,1220,0,Trần Thanh Mai,contact1220@example.com,0945755742,,,,Hà Nội,Account Manager,2026-05-04 17:32:37,2026-05-04,,true
e6028d06-b441-a695-ece3-21fd3834e80b,1221,0,Đỗ Thu An,contact1221@example.com,0987111120,1986,,,Hà Nội,Product Owner,2025-02-15 07:54:36,2025-02-15,,true
c99cb5f3-e2ae-bd53-b89b-4995e32e3ac4,1222,0,Hoàng Thanh Quân,contact1222@example.com,0933840467,2002,,,Cần Thơ,Brand Manager,2025-10-09 08:29:10,2025-10-09,,true
0f1536da-10df-8c94-7b41-a3ad0199673b,1223,0,Vũ Thị Giang,contact1223@example.com,0966329207,2002,,,Huế,Brand Manager,2025-02-28 12:44:16,2025-02-28,,true
14b3f352-6d6a-53cb-2f99-180750a2c011,1224,0,Nguyễn Bảo Hà,contact1224@example.com,0972253115,,,,Hà Nội,Data Analyst,2026-07-30 08:05:07,2026-07-30,,true
505c6986-97f9-580e-6e20-cc72cf460215,1225,0,Dương Văn Thảo,contact1225@example.com,0928275660,1986,,,Hải Phòng,Data Analyst,2025-02-14 18:14:52,2025-02-14,,true
240eb222-a557-1020-cf8b-e1993a1ce416,1226,0,Lê Gia Thảo,contact1226@example.com,0951910609,1995,,,Bình Dương,Student,2025-01-05 15:57:44,2025-01-05,,true
168d1def-bb92-6370-d619-e0ce69d5ddf5,1227,0,Phan Hải Mai,contact1227@example.com,0927650310,1993,,,Hải Phòng,Data Analyst,2026-06-19 21:26:37,2026-06-19,,true
9c5bad2e-a9fb-1b54-8fbd-2cfdc651a34f,1228,0,Lê Ngọc Châu,contact1228@example.com,0914767638,1986,,,TP. Hồ Chí Minh,Brand Manager,2026-06-12 11:30:12,2026-06-12,,true
26c118f2-eb1c-0430-df11-4270565f8687,1229,0,Đỗ Thu Lan,contact1229@example.com,0980332493,,,,Huế,Sales Executive,2025-07-07 09:29:57,2025-07-07,,true
8abcb652-ee52-ab7b-4cb0-fe85e4184c38,1230,0,Ngô Văn Nhi,contact1230@example.com,0970103323,2002,,,TP. Hồ Chí Minh,Student,2025-03-03 19:55:17,2025-03-03,,true
720d576f-0d96-30be-5580-885a54b279cd,1231,0,Hồ Anh Linh,contact1231@example.com,0964477927,,,,Cần Thơ,Marketing Executive,2026-07-15 16:11:20,2026-07-15,,true
efd9d09a-8a74-a19a-08b5-29479814c00c,1232,0,Đỗ Thị Mai,contact1232@example.com,0963293282,2003,,,TP. Hồ Chí Minh,Marketing Executive,2025-10-11 19:23:28,2025-10-11,,true
99dce819-1841-d873-634d-6e09f0ffd6b0,1233,0,Phạm Ngọc Dung,contact1233@example.com,0921184988,,,,Hải Phòng,Account Manager,2025-11-27 16:46:01,2025-11-27,,true
5ef6840e-9ef8-b5a9-b792-ff6567f7aba4,1234,0,Dương Anh Nam,contact1234@example.com,0917245530,1990,,,TP. Hồ Chí Minh,Marketing Executive,2025-01-20 11:21:51,2025-01-20,,true
0f3cc54f-f644-404d-df36-57645b7aec04,1235,0,Nguyễn Thị Vy,contact1235@example.com,0928150688,1995,,,Huế,,2025-11-19 15:44:05,2025-11-19,2026-07-20,false
eb41ce2f-b31b-58fa-cffd-1e28c271a48f,1235,0,Nguyễn Thị Vy,contact1235@example.com,0928150688,1995,,,Huế,Marketing Executive,2025-11-19 15:44:05,2026-07-20,,true
0b382c49-4853-338d-7024-cf9408308982,1236,0,Đỗ Anh Vy,contact1236@example.com,0988946941,2005,,,Cần Thơ,Brand Manager,2025-03-20 13:55:46,2025-03-20,,true
072e4e7a-a4d7-809a-5dbc-7f05ac8ff183,1237,0,Hoàng Thu Trang,contact1237@example.com,0983919680,1996,,,Bình Dương,,2026-05-20 10:48:28,2026-05-20,,true
36ea525d-e0d7-68bb-080b-f99ff00c4cc5,1238,0,Đặng Văn Hùng,contact1238@example.com,0987709140,1993,,,Đà Nẵng,Business Analyst,2025-03-07 16:43:39,2025-03-07,,true
589a8b9d-5bf2-d6af-8ba2-2d11f5b85c17,1239,0,Phạm Ngọc Tuấn,contact1239@example.com,0955205971,,,,Cần Thơ,Business Analyst,2026-06-03 16:04:04,2026-06-03,,true
65d52310-04eb-b4a9-a4e5-65b7035720d1,1240,0,Lê Văn Bình,contact1240@example.com,0964701384,,,,Cần Thơ,,2025-09-07 17:09:02,2025-09-07,,true
ae22c5bb-b1c3-6cb3-445d-c624803e82de,1241,0,Dương Thu Lan,contact1241@example.com,0915917502,,,,TP. Hồ Chí Minh,Founder,2026-07-15 08:04:34,2026-07-15,,true
37cca228-020f-8fa5-53fd-d1f7558c7208,1242,0,Đỗ Ngọc An,contact1242@example.com,0910373002,1999,,,Hải Phòng,Business Analyst,2025-08-12 13:36:54,2025-08-12,,true
4138aeea-8988-7d52-7599-d4751b139a48,1243,0,Hồ Quốc Lan,contact1243@example.com,0927449362,,,,TP. Hồ Chí Minh,Student,2025-12-23 07:04:31,2025-12-23,,true
9241e029-082d-c372-c996-a54bbcbb0658,1244,0,Hoàng Ngọc Khoa,contact1244@example.com,0951300844,1988,,,Hà Nội,Marketing Executive,2025-03-04 12:42:36,2025-03-04,2026-06-08,false
5b2dec8c-0be0-8870-ad40-9867d6c4222e,1244,0,Hoàng Ngọc Khoa,contact1244@example.com,0951300844,1988,,,Hà Nội,Sales Executive,2025-03-04 12:42:36,2026-06-08,,true
48164644-01a9-abd0-ed71-d8749dc3a0c6,1245,0,Hoàng Thị Châu,contact1245@example.com,0961543109,1992,,,Huế,Business Analyst,2025-01-06 20:32:16,2025-01-06,,true
2ae06f26-4fca-946a-6c6a-58e9c564956a,1246,0,Dương Quốc Thảo,contact1246@example.com,0934973630,2003,,,Bình Dương,,2025-12-09 21:21:48,2025-12-09,,true
fbb9c4ee-7641-f1fb-417e-5edc13e69df3,1247,0,Huỳnh Văn Yến,contact1247@example.com,0928987151,1996,,,Cần Thơ,Business Analyst,2025-08-25 14:26:42,2025-08-25,,true
f51a797b-b34e-fd5b-6e73-7276306542ee,1248,0,Lê Quốc Hà,contact1248@example.com,0940286199,2002,,,Hà Nội,Business Analyst,2025-01-26 11:00:58,2025-01-26,,true
1cb04376-c5d6-6362-1b3e-144b6f093f45,1249,0,Phạm Gia Thảo,contact1249@example.com,0975610054,1996,,,Cần Thơ,Data Analyst,2026-09-15 12:04:22,2026-09-15,,true
0ce356ea-b575-dd69-0b61-89c4844aa5c9,1250,0,Bùi Bảo Phúc,contact1250@example.com,0973142083,1988,,,Hải Phòng,Account Manager,2025-08-05 18:21:35,2025-08-05,,true
cdbfaa37-2c20-fb0e-e632-ef0a7ac68859,1251,0,Phan Thị Tâm,contact1251@example.com,0960390396,1989,,,Cần Thơ,,2025-12-14 22:34:48,2025-12-14,,true
20a145c8-8962-31dc-4b67-563a9d7362f2,1252,0,Hoàng Minh Quân,contact1252@example.com,0931812203,1990,,,Cần Thơ,Sales Executive,2025-12-06 16:55:03,2025-12-06,,true
f417adc9-f954-018b-6be4-d06210e7ee6f,1253,0,Lý Thanh Tuấn,contact1253@example.com,0938376649,2001,,,Bình Dương,Data Analyst,2025-08-22 08:16:05,2025-08-22,,true
216dfc70-2196-5bee-da35-44b538118828,1254,0,Nguyễn Minh Bình,contact1254@example.com,0995099927,1986,,,Đà Nẵng,Business Analyst,2026-08-15 13:44:00,2026-08-15,,true
0c0a7983-e2e6-e895-55e1-0b396afd5fed,1255,0,Phạm Ngọc Mai,contact1255@example.com,0936033313,1989,,,Cần Thơ,Data Analyst,2026-05-25 18:54:59,2026-05-25,,true
95a5de44-e731-207b-65db-b4045b199207,1256,0,Trần Quốc Yến,contact1256@example.com,0989842205,1999,,,Hải Phòng,Founder,2026-02-10 13:00:43,2026-02-10,,true
28bc2d51-f1e4-53e6-dc50-522d0a76e404,1257,0,Lê Hải Vy,contact1257@example.com,0919935807,1997,,,Huế,,2026-07-04 07:41:10,2026-07-04,,true
f05ad4ec-33f9-6264-de5e-d279cd2c614b,1258,0,Võ Thị Trang,contact1258@example.com,0961955598,1989,,,Cần Thơ,Data Analyst,2026-06-27 15:15:53,2026-06-27,,true
ee0b683a-64dd-4384-b34f-21ca3bdec3f4,1259,0,Đỗ Hải Nam,contact1259@example.com,0971807877,,,,Hà Nội,Product Owner,2026-05-14 07:32:03,2026-05-14,,true
c52c7f93-9aca-f159-4e61-20f3af52d77c,1260,0,Đặng Thanh Linh,contact1260@example.com,0998050465,1998,,,Hải Phòng,Sales Executive,2026-08-08 19:23:23,2026-08-08,,true
1e1296dc-d582-8d59-e1ce-f59e6f102145,1261,0,Hồ Minh Phúc,contact1261@example.com,0935470866,1990,,,Hải Phòng,Business Analyst,2025-08-19 20:22:00,2025-08-19,,true
0a0ef615-f478-3e8d-e2e3-87c2a2e01d59,1262,0,Bùi Thanh Vy,contact1262@example.com,0930307891,2001,,,Huế,Account Manager,2025-05-29 11:58:53,2025-05-29,,true
aec5509c-9226-15b2-99cd-0df3a873abc8,1263,0,Hoàng Anh Khoa,contact1263@example.com,0951759819,,,,Bình Dương,Data Analyst,2026-05-20 10:47:39,2026-05-20,,true
3993e371-3c60-ae1c-8818-d2775d5b0bd9,1264,0,Hoàng Thanh Phúc,contact1264@example.com,0935052945,,,,Bình Dương,Marketing Executive,2025-08-14 13:35:21,2025-08-14,,true
c742bbaf-7787-0d52-dd12-bbc65eaae175,1265,0,Lê Quốc Vy,contact1265@example.com,0981001446,1985,,,Đà Nẵng,Student,2025-07-27 08:51:44,2025-07-27,,true
db747f33-fdba-93eb-78e1-524090771f71,1266,0,Võ Anh Long,contact1266@example.com,0936758764,1992,,,Hải Phòng,Brand Manager,2026-08-01 22:21:50,2026-08-01,,true
0207006d-e883-a4f4-b29f-2d6b8915a364,1267,0,Phan Thanh Giang,contact1267@example.com,0920613757,1994,,,Đà Nẵng,Marketing Executive,2026-01-31 23:24:51,2026-01-31,,true
7259e6c4-d820-1466-4d55-93a365a6b335,1268,0,Huỳnh Hải Trang,contact1268@example.com,0929138827,1996,,,Cần Thơ,Product Owner,2026-09-26 16:32:05,2026-09-26,,true
d04a8ff9-eee1-4ab3-1f5e-c4d26282a4d5,1269,0,Hoàng Ngọc Mai,contact1269@example.com,0988987309,,,,Đà Nẵng,Business Analyst,2025-09-03 07:29:55,2025-09-03,,true
38529f46-69a3-618b-910a-d03273eb0a4e,1270,0,Ngô Thị Linh,contact1270@example.com,0952511436,,,,TP. Hồ Chí Minh,Marketing Executive,2025-09-29 13:15:50,2025-09-29,,true
2ac14fd1-eb74-e721-5b34-5eded26b6c21,1271,0,Nguyễn Văn Tâm,contact1271@example.com,0996653191,1988,,,Hải Phòng,Account Manager,2026-04-14 14:06:58,2026-04-14,,true
6ed5855d-2d1c-a2b3-e571-5f31bd37414a,1272,0,Bùi Minh Hùng,contact1272@example.com,0958687226,,,,Bình Dương,Student,2025-05-02 09:58:59,2025-05-02,,true
cbf01dcb-6932-317a-876e-f409b1063540,1273,0,Lý Văn Dung,contact1273@example.com,0976735750,1990,,,Huế,Marketing Executive,2026-06-02 21:16:17,2026-06-02,,true
a54cf489-0fdb-a768-e939-0c7f47561669,1274,0,Hồ Anh Long,contact1274@example.com,0964591401,1999,,,Hà Nội,Data Analyst,2025-05-30 21:28:08,2025-05-30,,true
db38c2f2-7bdd-42e3-26e8-5cb6ebb7e6cc,1275,0,Lê Văn Mai,contact1275@example.com,0953685675,1986,,,Hà Nội,Marketing Executive,2026-01-01 11:52:28,2026-01-01,,true
c35826a5-37b5-ba07-eb21-0c92c4ecdf3a,1276,0,Phan Thị Nhi,contact1276@example.com,0913552710,1992,,,Cần Thơ,Data Analyst,2025-05-12 09:19:11,2025-05-12,,true
06dba492-b889-5a75-e80f-58fb2d0f0209,1277,0,Phan Hải Trang,contact1277@example.com,0956420975,1989,,,Cần Thơ,Product Owner,2025-03-30 12:58:02,2025-03-30,,true
c556f034-b177-3184-a3d2-e30b26994648,1278,0,Đỗ Bảo Mai,contact1278@example.com,0998486242,1992,,,TP. Hồ Chí Minh,Business Analyst,2025-07-10 22:50:15,2025-07-10,,true
21136ce0-39ba-7d2f-5aa2-49bfc827e447,1279,0,Huỳnh Văn Linh,contact1279@example.com,0958800300,,,,Bình Dương,Sales Executive,2025-08-21 13:57:33,2025-08-21,,true
c3b5b2bd-1eec-4d0d-f5a8-edd7c9b49d09,1280,0,Trần Gia Phúc,contact1280@example.com,0916115184,1997,,,Cần Thơ,Founder,2026-03-12 08:30:25,2026-03-12,,true
8eeb2a03-f676-831f-e498-446d38e61f15,1281,0,Lý Thị Giang,contact1281@example.com,0963207360,2005,,,Huế,Account Manager,2025-06-12 13:24:02,2025-06-12,,true
433d65c2-c0f5-de46-714f-4be5530619e4,1282,0,Ngô Thanh Tâm,contact1282@example.com,0944664500,,,,Hải Phòng,Sales Executive,2025-07-07 09:54:31,2025-07-07,,true
8f6a201a-589a-691e-276a-7d9aff447459,1283,0,Huỳnh Gia An,contact1283@example.com,0995193419,2004,,,Đà Nẵng,Student,2025-08-03 13:44:09,2025-08-03,,true
3608428a-5668-9e24-fe39-0df5fe2ee066,1284,0,Huỳnh Minh Mai,contact1284@example.com,0964361854,1990,,,Huế,,2026-08-03 11:45:52,2026-08-03,,true
46997fc2-7de5-0d45-cb00-ebbfaf0545d3,1285,0,Lý Ngọc Châu,contact1285@example.com,0996940109,1986,,,Đà Nẵng,Product Owner,2025-02-20 19:15:53,2025-02-20,,true
0ead4e04-a93d-bf91-66bb-1d3c2cad002a,1286,0,Phạm Anh Tâm,contact1286@example.com,0953481023,1987,,,TP. Hồ Chí Minh,Product Owner,2025-08-28 14:54:35,2025-08-28,,true
405d861c-5184-0088-5c8d-5e9d0b874724,1287,0,Lý Anh Mai,contact1287@example.com,0961823655,1993,,,Huế,Founder,2025-10-21 19:14:36,2025-10-21,,true
04540420-4588-d5c7-6da2-c9e054777e31,1288,0,Võ Thị Châu,contact1288@example.com,0985997625,,,,Bình Dương,Brand Manager,2025-06-28 09:23:05,2025-06-28,,true
231830a3-cfab-07f4-0022-994ccdad7736,1289,0,Dương Gia Quân,contact1289@example.com,0958016754,,,,Hà Nội,Founder,2025-04-04 19:37:13,2025-04-04,2025-07-29,false
aaaa7602-2886-115f-f9f4-fbcd6f41bc23,1289,0,Dương Gia Quân,contact1289@example.com,0958016754,,,,Hà Nội,Marketing Executive,2025-04-04 19:37:13,2025-07-29,,true
e7eb7bae-6e14-3f9d-b769-6e0ec07c5f32,1290,0,Lê Minh Linh,contact1290@example.com,0919837032,,,,Cần Thơ,Sales Executive,2025-03-14 22:06:08,2025-03-14,,true
3b38102b-7bdf-1546-e4a8-844f7d94a6ce,1291,0,Hồ Văn Thảo,contact1291@example.com,0980225378,1987,,,TP. Hồ Chí Minh,Product Owner,2026-02-18 21:34:36,2026-02-18,,true
6b9c7d7c-8b71-3ce4-a614-5f1b79a3b6a8,1292,0,Nguyễn Thu Long,contact1292@example.com,0987413513,,,,Cần Thơ,,2026-09-09 12:08:28,2026-09-09,,true
3bb1591b-2e83-2bbe-55ba-1dfea30e1e97,1293,0,Hồ Quốc Linh,contact1293@example.com,0935283412,2001,,,Bình Dương,,2025-08-01 16:12:07,2025-08-01,,true
0cc8fa21-b601-e5b2-01c3-63cd7add3695,1294,0,Lý Hải Lan,contact1294@example.com,0947955201,1999,,,Huế,Student,2025-02-15 18:53:01,2025-02-15,2026-05-21,false
6548dfc8-76da-3747-8fae-e492f7d9f605,1294,0,Lý Hải Lan,contact1294@example.com,0947955201,1999,,,Huế,Student,2025-02-15 18:53:01,2026-05-21,,true
e3f9899a-62ba-6966-3388-cf1bd0f383cd,1295,0,Dương Bảo Phúc,contact1295@example.com,0951541660,,,,Hà Nội,Product Owner,2025-11-13 20:31:25,2025-11-13,,true
6d3745e8-90a6-dffe-45bb-fb02f99cf98f,1296,27,Vũ Quốc Long,contact1296@example.com,0939607195,1986,,,Cần Thơ,Product Owner,2025-02-04 15:54:21,2025-02-04,,true
020978dc-b811-6c26-7748-9b6b97f3d71d,1297,0,Đỗ Minh Thảo,contact1297@example.com,0961023799,1991,,,Hà Nội,Brand Manager,2026-04-21 21:05:07,2026-04-21,,true
8646f5c1-ea89-cc6d-4a3c-2fe29d347254,1298,0,Ngô Anh Hùng,contact1298@example.com,0967252780,1987,,,Huế,Brand Manager,2025-12-25 10:10:33,2025-12-25,,true
ec606353-f12d-2edc-e6b0-3b0ddfe9a6ee,1299,0,Đặng Hải Vy,contact1299@example.com,0968334317,1995,,,Huế,Student,2026-07-28 17:39:25,2026-07-28,,true
d572d408-3e11-bb31-9b82-8fabc0c36528,1300,0,Đặng Bảo Dung,contact1300@example.com,0963086054,2004,,,Cần Thơ,Sales Executive,2025-08-15 16:45:16,2025-08-15,,true
5404211d-97e3-e23f-0c38-f74b397ab7cc,1301,0,Võ Hải Lan,contact1301@example.com,0912305350,2002,,,TP. Hồ Chí Minh,Business Analyst,2025-09-22 15:37:28,2025-09-22,,true
b0f732d8-0fab-0fb8-210b-f60a720f1c3d,1302,0,Võ Thị Khoa,contact1302@example.com,0931165240,1985,,,Huế,,2025-05-12 22:46:59,2025-05-12,,true
21c4f6d5-95ea-378b-cce3-edb778fd780c,1303,0,Đỗ Ngọc Linh,contact1303@example.com,0994597065,1998,,,Đà Nẵng,Brand Manager,2026-05-06 08:30:20,2026-05-06,,true
243517e0-0702-c1db-d2ad-8a480dfac4c9,1304,18,Ngô Thanh Nam,contact1304@example.com,0918601785,2004,,,TP. Hồ Chí Minh,,2025-05-09 08:15:00,2025-05-09,,true
a0c4e637-565e-a7b8-9514-e86e54ad2b86,1305,0,Dương Quốc Nam,contact1305@example.com,0957813594,2004,,,Hải Phòng,Sales Executive,2025-12-31 10:08:49,2025-12-31,,true
426664cf-306c-4d84-4c60-507b8d73f2a6,1306,0,Lê Bảo Trang,contact1306@example.com,0939313269,,,,Đà Nẵng,Brand Manager,2026-04-28 07:35:27,2026-04-28,,true
bda91c8a-abb6-2c94-eecb-343b28569821,1307,0,Đỗ Văn Hùng,contact1307@example.com,0949812119,,,,TP. Hồ Chí Minh,Product Owner,2026-02-11 19:14:05,2026-02-11,,true
8122a1db-6a6a-58b2-9456-8b74b6d62dfd,1308,0,Võ Hải Hùng,contact1308@example.com,0998049954,1994,,,TP. Hồ Chí Minh,Founder,2025-09-12 13:19:29,2025-09-12,,true
16f4a6b5-a760-a7df-ce01-fa3fe2d8d2e6,1309,0,Bùi Minh Thảo,contact1309@example.com,0947658780,2003,,,Hà Nội,Business Analyst,2026-02-10 07:02:35,2026-02-10,,true
ca978dfa-cb3f-99af-895c-186b3a772b80,1310,0,Võ Ngọc Bình,contact1310@example.com,0950546917,1995,,,Hà Nội,Business Analyst,2026-05-14 21:56:18,2026-05-14,,true
85334baf-222b-8537-3377-7a8232efb83d,1311,0,Võ Hải Nam,contact1311@example.com,0955411287,1995,,,Bình Dương,Business Analyst,2025-02-18 12:10:52,2025-02-18,,true
6885ca47-40ee-7a6e-3280-3153382e80e8,1312,0,Hồ Bảo Dung,contact1312@example.com,0938927442,1985,,,TP. Hồ Chí Minh,Marketing Executive,2025-08-28 07:08:01,2025-08-28,,true
c03b3a8e-58ed-7798-9c26-6a1b9c137f71,1313,0,Dương Quốc An,contact1313@example.com,0968725569,,,,TP. Hồ Chí Minh,Founder,2025-03-11 10:42:57,2025-03-11,,true
d0e99e5d-4220-f0b6-c503-5b6c8e5e71c5,1314,0,Phan Văn Châu,contact1314@example.com,0933225244,,,,Bình Dương,,2025-09-13 08:11:17,2025-09-13,,true
ffd8ca90-cc12-e44b-bdcc-5163cf3b5aa8,1315,0,Hoàng Văn Giang,contact1315@example.com,0982502237,1987,,,Huế,,2025-08-29 07:13:17,2025-08-29,,true
69e0d8c3-b8e2-e864-e0f0-c823d0778d1f,1316,0,Huỳnh Anh Giang,contact1316@example.com,0949282050,1996,,,Hà Nội,Founder,2025-01-17 09:29:45,2025-01-17,,true
99c8cca7-d518-78a7-c962-88559f4ef5d6,1317,0,Lý Anh Tuấn,contact1317@example.com,0976463577,1993,,,Hải Phòng,Data Analyst,2025-09-23 21:46:49,2025-09-23,,true
ee5eccf7-df49-24f2-817b-676756e80e7e,1318,0,Vũ Gia Phúc,contact1318@example.com,0930681094,,,,Hải Phòng,Business Analyst,2025-07-07 15:03:24,2025-07-07,,true
3fc543c9-7c47-9df2-3f55-f644f278b488,1319,0,Bùi Hải Nam,contact1319@example.com,0981642266,1993,,,Cần Thơ,Business Analyst,2025-06-09 17:38:02,2025-06-09,,true
b0385cd1-fb86-71c1-58be-6c14b2675285,1320,0,Lê Thị Bình,contact1320@example.com,0926002217,2001,,,Hà Nội,Sales Executive,2026-04-08 09:50:11,2026-04-08,,true
1a837f9e-5a3e-de12-26ab-406f9927d85c,1321,0,Lê Thu Bình,contact1321@example.com,0975059528,1986,,,Huế,Sales Executive,2026-09-21 08:42:58,2026-09-21,,true
7453c9c3-8ebc-02b1-3866-5e813ff1254b,1322,0,Phạm Thu Dung,contact1322@example.com,0933174501,2000,,,Hải Phòng,Student,2026-09-27 18:11:38,2026-09-27,,true
e8a541f8-313e-59a2-f546-f5eed9996d9d,1323,0,Phạm Hải Hà,contact1323@example.com,0960584537,1993,,,Cần Thơ,Product Owner,2025-01-22 18:54:18,2025-01-22,,true
54a1c8a6-ec25-97eb-9482-20ec996680b3,1324,0,Dương Văn Linh,contact1324@example.com,0977404592,,,,Hải Phòng,Account Manager,2025-01-02 13:12:18,2025-01-02,2026-05-22,false
02a49e9a-2a8c-befe-cdef-bf070553c66b,1324,0,Dương Văn Linh,contact1324@example.com,0977404592,,,,Hải Phòng,Brand Manager,2025-01-02 13:12:18,2026-05-22,,true
e75db776-b3b5-ab5c-9fb8-d4b841e39149,1325,0,Lê Bảo Long,contact1325@example.com,0935429761,,,,Hải Phòng,Founder,2026-09-21 19:49:32,2026-09-21,,true
e97c0337-28f6-f012-2ba5-a631cb776246,1326,0,Bùi Hải Khoa,contact1326@example.com,0945971352,2000,,,Hải Phòng,Brand Manager,2026-03-14 13:10:56,2026-03-14,,true
52949fbd-1243-1159-1df5-6402492ca612,1327,0,Hoàng Văn Tuấn,contact1327@example.com,0959510965,1990,,,TP. Hồ Chí Minh,,2025-06-06 19:22:34,2025-06-06,,true
2777a40b-cff7-16ad-b85f-20e5ab1aa0c5,1328,0,Bùi Anh Yến,contact1328@example.com,0988056420,1998,,,TP. Hồ Chí Minh,Founder,2026-02-25 13:02:09,2026-02-25,,true
8d1d122a-ab37-ff0a-a574-625f06edeb11,1329,0,Trần Hải Nam,contact1329@example.com,0920200250,1993,,,Cần Thơ,Account Manager,2025-06-26 16:42:48,2025-06-26,,true
156de288-a472-1ca1-d1a4-e006107187d9,1330,0,Trần Văn Lan,contact1330@example.com,0987027101,1992,,,Bình Dương,Business Analyst,2025-07-18 14:41:34,2025-07-18,,true
6f79029e-dea6-a37e-2755-d94289cfc27c,1331,0,Đỗ Thanh Sơn,contact1331@example.com,0998952299,,,,Hà Nội,Brand Manager,2025-06-05 10:53:11,2025-06-05,,true
4e3b744f-fd23-6d28-4f2e-8a0863b3dfd0,1332,0,Phạm Bảo Dung,contact1332@example.com,0981247910,2002,,,Cần Thơ,Marketing Executive,2026-07-03 22:25:19,2026-07-03,,true
63416840-f5b3-029a-bc9b-944fc6a3e5d4,1333,0,Lý Thu Tuấn,contact1333@example.com,0980386112,1995,,,Cần Thơ,Brand Manager,2025-01-01 08:50:24,2025-01-01,,true
6fa579d0-ee1f-18ac-b701-001e2412a2ab,1334,0,Phạm Bảo Nhi,contact1334@example.com,0927354510,1990,,,Hà Nội,,2025-10-16 19:47:19,2025-10-16,,true
f00a8b85-7c50-1ef8-bb94-c73b480a202f,1335,5,Trần Thanh Hà,contact1335@example.com,0992105579,1991,,,Huế,Data Analyst,2025-07-03 09:12:11,2025-07-03,,true
a6d50103-18b6-85c5-86df-605bb0cebeff,1336,0,Dương Minh Nhi,contact1336@example.com,0988937138,2004,,,Đà Nẵng,,2026-08-05 10:05:30,2026-08-05,,true
efadd4b5-590b-bfbc-0160-c1c40ff8a84c,1337,15,Ngô Hải Nhi,contact1337@example.com,0912810085,1990,,,Bình Dương,Marketing Executive,2025-07-23 10:47:35,2025-07-23,,true
3c253eb3-e62e-54eb-878a-b369e2e44a01,1338,0,Phạm Văn Long,contact1338@example.com,0994799875,1990,,,Đà Nẵng,Sales Executive,2025-06-15 13:34:25,2025-06-15,,true
65ea60d8-737b-6961-0f44-a6f10ffc93bf,1339,0,Ngô Bảo Hà,contact1339@example.com,0998581654,,,,Huế,,2025-01-02 18:35:44,2025-01-02,,true
ac553173-62a7-3ff5-e498-d1a89c028ab7,1340,0,Vũ Ngọc Hà,contact1340@example.com,0984599555,,,,TP. Hồ Chí Minh,Account Manager,2026-03-19 12:52:29,2026-03-19,,true
1ad136d6-7472-bd84-65cc-59d62d520b16,1341,0,Lê Gia Long,contact1341@example.com,0995228222,2005,,,Cần Thơ,Product Owner,2025-07-28 13:52:30,2025-07-28,,true
1961da1f-2700-b560-9bd8-9990b786834b,1342,5,Phan Minh Vy,contact1342@example.com,0977892895,,,,TP. Hồ Chí Minh,Sales Executive,2026-07-20 16:49:06,2026-07-20,,true
a69083d0-1850-147b-62b9-7bbf7e35cb46,1343,0,Lê Gia Quân,contact1343@example.com,0953669997,1985,,,Hải Phòng,Founder,2026-06-05 14:22:57,2026-06-05,2026-09-23,false
94fe0779-d355-652e-5ec7-a8f6b92d933d,1343,0,Lê Gia Quân,contact1343@example.com,0953669997,1985,,,Hải Phòng,Business Analyst,2026-06-05 14:22:57,2026-09-23,,true
80cf9dc7-eb10-8621-75ec-c9191de53888,1344,0,Võ Ngọc Châu,contact1344@example.com,0993372014,2004,,,Hải Phòng,Product Owner,2025-01-07 23:06:54,2025-01-07,,true
bb5cc587-d268-9ad4-b758-4252fd9ced09,1345,0,Vũ Gia Yến,contact1345@example.com,0950118830,2000,,,TP. Hồ Chí Minh,Marketing Executive,2025-12-27 20:37:54,2025-12-27,,true
3442853a-72be-5fb8-52dc-383c236bf12c,1346,0,Hồ Gia Nam,contact1346@example.com,0932926391,1996,,,Cần Thơ,Data Analyst,2026-02-05 19:23:44,2026-02-05,,true
dc954d75-944f-12fc-22f1-e7d4e2f7da51,1347,0,Võ Anh Nhi,contact1347@example.com,0994325586,1999,,,Bình Dương,Student,2026-06-04 12:21:20,2026-06-04,,true
8ffbcc0f-0587-29f3-7c03-af356577aba9,1348,0,Ngô Hải Thảo,contact1348@example.com,0950871016,1999,,,Cần Thơ,,2026-04-01 15:40:30,2026-04-01,2026-08-26,false
7f7eedaa-ae01-d882-af9d-cdf04e9720a0,1348,0,Ngô Hải Thảo,contact1348@example.com,0950871016,1999,,,Cần Thơ,Student,2026-04-01 15:40:30,2026-08-26,,true
4d617ffb-d8d3-ac89-810a-9f84cd4ebc4b,1349,0,Đặng Hải Lan,contact1349@example.com,0920102295,,,,TP. Hồ Chí Minh,,2026-07-27 18:43:39,2026-07-27,,true
2aaa9394-9adc-8fe3-cad6-7b7702874139,1350,0,Phạm Hải Linh,contact1350@example.com,0988420719,1993,,,Đà Nẵng,Brand Manager,2026-04-17 23:40:21,2026-04-17,,true
9a117c5a-8d89-57fb-4a35-718466747987,1351,0,Huỳnh Thị Bình,contact1351@example.com,0932015250,1999,,,Hà Nội,Product Owner,2026-06-12 19:56:00,2026-06-12,,true
cdf392f9-aa6c-fab9-dffb-ad3730a0d16d,1352,0,Đỗ Gia Dung,contact1352@example.com,0939721110,2002,,,Cần Thơ,Account Manager,2025-01-19 12:17:34,2025-01-19,2026-06-27,false
8a759c6e-d096-f682-aab0-9b084e1c6d6a,1352,0,Đỗ Gia Dung,contact1352@example.com,0939721110,2002,,,Cần Thơ,Account Manager,2025-01-19 12:17:34,2026-06-27,,true
7273b748-f5cb-2af8-ecea-934f263d979a,1353,0,Phạm Gia Mai,contact1353@example.com,0965833774,,,,TP. Hồ Chí Minh,Marketing Executive,2025-08-31 22:16:53,2025-08-31,,true
f347e18d-f7de-a35a-e941-cff1046cf25d,1354,23,Hồ Anh Nam,contact1354@example.com,0923666386,2004,,,Đà Nẵng,Sales Executive,2025-01-14 08:00:13,2025-01-14,,true
80ade83c-0d41-de26-91c9-964472e63a67,1355,0,Phan Thu Tâm,contact1355@example.com,0999250285,,,,Đà Nẵng,Product Owner,2025-10-27 10:35:16,2025-10-27,,true
0c2fded5-1f74-c09c-b01c-5226e3786121,1356,0,Trần Văn Dung,contact1356@example.com,0994694525,,,,Hải Phòng,Brand Manager,2025-01-20 10:33:30,2025-01-20,,true
2a329b37-5fcd-39c7-eaa2-c166d1893aba,1357,0,Trần Hải Quân,contact1357@example.com,0946810385,1998,,,Cần Thơ,Product Owner,2025-10-30 16:16:08,2025-10-30,,true
2e48e95b-dae8-6239-f05e-6b172f2a2499,1358,0,Ngô Thu Giang,contact1358@example.com,0952335811,,,,Huế,Business Analyst,2025-02-08 10:20:58,2025-02-08,,true
c91463ac-af4a-bf31-49df-f7488a8b0677,1359,0,Đặng Thu An,contact1359@example.com,0944711361,2000,,,Hải Phòng,Student,2025-01-09 17:15:13,2025-01-09,,true
55409902-4997-9fe3-231e-388af82dd1f5,1360,0,Phạm Ngọc Tâm,contact1360@example.com,0940229076,2000,,,Huế,Data Analyst,2026-09-04 14:38:27,2026-09-04,,true
78e8bf15-c775-3db0-b795-e838ede652f5,1361,0,Trần Văn Khoa,contact1361@example.com,0962933653,1990,,,Hà Nội,Data Analyst,2025-08-12 10:10:44,2025-08-12,,true
523c0ed4-acd3-cc0b-b65d-95c2522c12e1,1362,0,Võ Gia Tuấn,contact1362@example.com,0983226213,2004,,,Đà Nẵng,Account Manager,2025-05-27 21:31:10,2025-05-27,,true
1583367e-9d6d-37c7-5e45-32ec7d3fb84a,1363,0,Đỗ Minh Yến,contact1363@example.com,0951960195,1988,,,Cần Thơ,Brand Manager,2025-06-25 12:37:42,2025-06-25,,true
c3c27248-3af6-527f-78bb-d25144ed3d94,1364,0,Trần Quốc Linh,contact1364@example.com,0990434851,1999,,,Hải Phòng,Student,2025-02-26 17:58:03,2025-02-26,,true
4a1521ff-428c-92a6-330e-6bd9759f52c9,1365,0,Đặng Thị Phúc,contact1365@example.com,0925982981,1994,,,Bình Dương,,2025-08-08 18:49:09,2025-08-08,,true
d353db1c-3d59-6f7b-3377-4ed1b039ba0d,1366,0,Nguyễn Ngọc Hùng,contact1366@example.com,0926751951,1998,,,Hà Nội,Data Analyst,2026-09-10 13:02:21,2026-09-10,,true
49058e12-0277-f141-3240-ab1579a7e05a,1367,31,Huỳnh Gia Châu,contact1367@example.com,0957328710,,,,Hải Phòng,Account Manager,2026-09-08 12:27:59,2026-09-08,,true
c8c489bc-ce47-66d1-cfea-3a8f7b8db32f,1368,0,Đặng Hải Long,contact1368@example.com,0998703668,1995,,,Bình Dương,Sales Executive,2026-03-21 17:11:07,2026-03-21,,true
be07d0c9-7154-5572-7aac-3fd3bc376bf5,1369,0,Ngô Anh Quân,contact1369@example.com,0935231795,1997,,,Hải Phòng,Data Analyst,2025-04-14 23:36:55,2025-04-14,,true
cb3ada7f-a10d-0623-6046-2998e37f24d7,1370,0,Đặng Ngọc Hùng,contact1370@example.com,0963157438,2004,,,Cần Thơ,Student,2025-06-16 19:37:59,2025-06-16,,true
8802bbd2-0457-9d6f-93d3-125a3a5604b3,1371,0,Nguyễn Văn Dung,contact1371@example.com,0916472544,2002,,,Đà Nẵng,Founder,2025-12-16 08:39:37,2025-12-16,,true
f01919d0-bc72-8732-46e5-3c2963ce0666,1372,0,Ngô Anh Sơn,contact1372@example.com,0948991508,,,,TP. Hồ Chí Minh,Student,2025-12-15 12:06:45,2025-12-15,,true
bdecfa9d-84b0-249a-f208-deed205cf4ec,1373,0,Đỗ Thu Long,contact1373@example.com,0995242946,1996,,,Huế,Account Manager,2026-06-12 18:28:10,2026-06-12,,true
03aefa62-764d-a243-14fa-a0f5e61219b5,1374,0,Lê Minh Linh,contact1374@example.com,0980976519,2005,,,Cần Thơ,Founder,2026-08-29 09:28:47,2026-08-29,,true
153f7fee-1ad4-e764-85fb-94a6fb672437,1375,0,Bùi Thị Lan,contact1375@example.com,0937663707,1990,,,Cần Thơ,Product Owner,2026-08-18 23:19:58,2026-08-18,,true
ea9b85eb-f1fc-8f26-466d-19a5146ce130,1376,0,Ngô Gia Dung,contact1376@example.com,0920994583,2004,,,Hải Phòng,Account Manager,2025-08-11 07:13:33,2025-08-11,,true
ecb359bf-6cdb-930c-dc87-885e8f6e1e30,1377,0,Huỳnh Thị Phúc,contact1377@example.com,0972815282,1996,,,Đà Nẵng,Business Analyst,2025-01-12 07:47:50,2025-01-12,,true
5183c54f-ab3f-631b-d60c-e979c4d0388b,1378,0,Bùi Gia Tâm,contact1378@example.com,0912773948,,,,Hải Phòng,Marketing Executive,2025-08-01 14:52:50,2025-08-01,,true
22681c70-4eb0-0c3d-796c-6ae6fc19285d,1379,0,Vũ Bảo Châu,contact1379@example.com,0911400593,2002,,,TP. Hồ Chí Minh,,2026-02-09 07:47:47,2026-02-09,,true
1f7e09de-b799-08b6-8095-fa69db07a2a9,1380,0,Trần Bảo Bình,contact1380@example.com,0981285557,2002,,,Huế,Data Analyst,2025-11-19 18:07:15,2025-11-19,2026-06-04,false
4ca15720-22b8-952e-e11b-17190f9d7819,1380,0,Trần Bảo Bình,contact1380@example.com,0981285557,2002,,,Huế,Sales Executive,2025-11-19 18:07:15,2026-06-04,,true
b87ad896-8278-e194-5943-0636b0b169f7,1381,0,Lý Ngọc Nam,contact1381@example.com,0963963175,1999,,,Hà Nội,Sales Executive,2026-04-17 17:59:44,2026-04-17,,true
734af94f-4ab9-e0df-f4a3-ee30a203b5c1,1382,0,Trần Văn Tuấn,contact1382@example.com,0954810387,1998,,,Hà Nội,Brand Manager,2026-08-05 14:13:22,2026-08-05,,true
f4de6a69-6494-446a-3f00-5dab4a490f80,1383,0,Lý Bảo Hà,contact1383@example.com,0957924903,1988,,,Hà Nội,Product Owner,2025-03-30 19:52:24,2025-03-30,,true
a670af0f-c405-86bc-ff2c-37dc6bfcabd7,1384,0,Lý Thu Hà,contact1384@example.com,0971328876,1990,,,Cần Thơ,,2025-02-13 11:53:32,2025-02-13,,true
a27589cd-52c5-be0f-f2e3-e19af57a7220,1385,0,Võ Thanh Châu,contact1385@example.com,0965325710,1988,,,Cần Thơ,Founder,2025-01-04 16:11:33,2025-01-04,,true
021e2689-36c8-4263-fae9-bf9d7d8bd58a,1386,0,Đỗ Thị Bình,contact1386@example.com,0935354987,2002,,,Hà Nội,Business Analyst,2025-12-09 16:26:53,2025-12-09,,true
978bd951-3adb-d2b2-943a-1af1c1463a0a,1387,0,Phạm Thanh Tuấn,contact1387@example.com,0944784276,1999,,,Hà Nội,Account Manager,2026-05-14 20:13:27,2026-05-14,,true
8172b13b-2c52-7558-2c77-a12591d5bfdd,1388,0,Trần Hải Quân,contact1388@example.com,0963973235,2004,,,Bình Dương,Marketing Executive,2025-08-05 07:36:26,2025-08-05,,true
74240302-e48b-b336-bfa5-567789a29dad,1389,0,Bùi Quốc Dung,contact1389@example.com,0941826980,,,,Huế,Brand Manager,2025-10-12 23:29:48,2025-10-12,,true
d504882c-d6d2-1f63-623d-45f4c1ef6252,1390,0,Nguyễn Anh Nhi,contact1390@example.com,0984194995,,,,Hà Nội,Data Analyst,2026-05-18 10:29:17,2026-05-18,,true
bb77e34a-38f2-22b9-8310-6b55f638900a,1391,0,Lê Gia Quân,contact1391@example.com,0937587974,1999,,,Bình Dương,Brand Manager,2025-02-05 13:19:13,2025-02-05,,true
a30ce666-d36e-7cca-833d-19ff316889f2,1392,0,Võ Thị Khoa,contact1392@example.com,0911131286,2004,,,Hà Nội,Brand Manager,2026-02-19 16:48:30,2026-02-19,,true
e4f9eeff-3b8e-8a91-deb1-289adcc3645f,1393,0,Đỗ Thanh Hà,contact1393@example.com,0915304180,,,,Hà Nội,Business Analyst,2025-01-24 12:34:08,2025-01-24,,true
198640a1-45a9-17a0-b443-7813d6bfe645,1394,0,Võ Thanh Châu,contact1394@example.com,0912641440,2000,,,Bình Dương,,2025-02-05 18:28:29,2025-02-05,,true
8b42acfc-46ec-9b9c-c02a-c91824ea2f78,1395,0,Lê Văn Trang,contact1395@example.com,0974789740,1994,,,Hà Nội,Business Analyst,2025-06-13 15:23:49,2025-06-13,,true
24e73747-cb1f-999b-4c6d-98a8d78c2051,1396,0,Võ Bảo Nhi,contact1396@example.com,0937472503,1996,,,Hà Nội,Founder,2025-01-29 22:09:47,2025-01-29,,true
869d7b01-61f0-3b99-4e33-db3731425d81,1397,0,Phan Minh Nhi,contact1397@example.com,0923378659,2004,,,Hà Nội,Marketing Executive,2025-01-15 15:53:56,2025-01-15,,true
c788e847-55d1-0dfc-9834-e02f0823e20b,1398,35,Hồ Thu Yến,contact1398@example.com,0997617026,1989,,,Huế,Marketing Executive,2026-01-26 13:03:30,2026-01-26,,true
07afb918-5020-036f-9adb-b8f179cdc59e,1399,0,Đỗ Ngọc Nhi,contact1399@example.com,0982974361,1985,,,Đà Nẵng,Founder,2026-02-05 20:46:08,2026-02-05,,true
2905fe7d-2bf2-3fc0-7393-9a80a7836218,1400,0,Nguyễn Văn Phúc,contact1400@example.com,0939016246,1987,,,TP. Hồ Chí Minh,Marketing Executive,2026-05-22 14:08:21,2026-05-22,,true
50f35bb4-40fe-a948-d2d9-3f36cde44f3a,1401,0,Lý Thị Tuấn,contact1401@example.com,0962324453,1990,,,Hà Nội,Marketing Executive,2025-07-29 19:36:02,2025-07-29,,true
41bff5b9-746c-ff4e-019c-2251d59065fa,1402,0,Phạm Bảo Hà,contact1402@example.com,0983438256,,,,Hà Nội,Founder,2025-10-14 20:50:07,2025-10-14,,true
e94f82d9-36f4-dd3b-2e5b-80a157a25d1c,1403,0,Hoàng Minh Mai,contact1403@example.com,0929357510,1997,,,Hà Nội,Business Analyst,2026-02-20 14:48:19,2026-02-20,,true
9df54a21-6036-3d28-2e27-c83fe220134e,1404,0,Nguyễn Bảo Lan,contact1404@example.com,0950948608,,,,Hải Phòng,Founder,2025-03-26 11:46:58,2025-03-26,2025-10-29,false
5a663824-a021-6b00-a43c-cdd56bb0c8a0,1404,0,Nguyễn Bảo Lan,contact1404@example.com,0950948608,,,,Hải Phòng,Brand Manager,2025-03-26 11:46:58,2025-10-29,,true
ad5835f3-f87e-213c-f873-6e59062bd6f0,1405,0,Lê Anh Phúc,contact1405@example.com,0990890057,,,,Bình Dương,Account Manager,2025-04-07 14:59:08,2025-04-07,,true
17467451-d772-aea9-ec14-785594d96516,1406,0,Hồ Văn Giang,contact1406@example.com,0924196034,1988,,,Đà Nẵng,Account Manager,2025-12-20 18:37:34,2025-12-20,,true
611e5684-76af-13c0-36c1-c052207ca173,1407,0,Ngô Thanh Quân,contact1407@example.com,0984625405,2001,,,Bình Dương,Product Owner,2026-03-17 19:48:44,2026-03-17,,true
7d9e3bb2-0853-d212-9267-30dc1c0a8411,1408,0,Võ Văn Sơn,contact1408@example.com,0940966885,2002,,,Hà Nội,,2025-01-10 23:33:17,2025-01-10,,true
baf90557-f642-3513-9ba1-43ac649e2575,1409,0,Trần Hải Thảo,contact1409@example.com,0981012790,,,,Huế,Sales Executive,2026-08-04 11:05:27,2026-08-04,,true
518d38f8-6904-1328-871c-db5df728a97a,1410,0,Ngô Thanh Phúc,contact1410@example.com,0915244248,1988,,,TP. Hồ Chí Minh,,2025-07-22 17:14:17,2025-07-22,,true
c2e8a700-3548-7cd7-e0ef-27f80061a789,1411,5,Huỳnh Ngọc Quân,contact1411@example.com,0929915816,,,,Đà Nẵng,Brand Manager,2025-07-11 11:45:54,2025-07-11,,true
85664da4-8422-edc7-00dc-1d6c013c7d7c,1412,0,Vũ Thanh Yến,contact1412@example.com,0964130831,2003,,,Hà Nội,,2025-03-04 07:01:35,2025-03-04,,true
339839aa-7e95-b992-af7d-a5d4238c929d,1413,0,Nguyễn Văn Thảo,contact1413@example.com,0922394373,2005,,,TP. Hồ Chí Minh,Sales Executive,2026-08-05 09:07:16,2026-08-05,,true
420d2799-fffe-5b8b-7ae3-2c9a6cddab56,1414,0,Hồ Văn Tâm,contact1414@example.com,0955209685,1987,,,Huế,Account Manager,2026-08-19 21:47:45,2026-08-19,,true
edf83de2-151d-892c-7217-6085f3fddabb,1415,0,Võ Anh Khoa,contact1415@example.com,0943425740,1988,,,Bình Dương,Sales Executive,2025-02-11 08:01:58,2025-02-11,,true
3d3a79ab-c33c-518f-52ed-dbdb341583df,1416,0,Đặng Minh An,contact1416@example.com,0935382259,1985,,,Hà Nội,Brand Manager,2025-03-27 15:21:32,2025-03-27,,true
18721154-0dbd-384d-b753-3ff525f50323,1417,0,Võ Thanh Thảo,contact1417@example.com,0946686837,,,,Hải Phòng,Founder,2026-02-25 07:28:20,2026-02-25,,true
ec2530fa-98b1-d51e-725d-71f1836a2e1d,1418,0,Hoàng Gia Châu,contact1418@example.com,0978047801,1989,,,Bình Dương,Sales Executive,2025-05-22 15:56:41,2025-05-22,,true
5bc76084-e9a9-8188-ca27-b91a3a36fc4e,1419,0,Đỗ Gia Châu,contact1419@example.com,0976690193,1995,,,TP. Hồ Chí Minh,Founder,2025-01-02 11:57:25,2025-01-02,,true
8f5d0e9f-c586-e43c-fe13-d91c183e5726,1420,0,Vũ Quốc Phúc,contact1420@example.com,0912334965,1987,,,TP. Hồ Chí Minh,,2025-07-17 20:19:10,2025-07-17,,true
ddc45dd4-aa62-0cd9-496f-f6e30495061f,1421,0,Lê Anh Hà,contact1421@example.com,0994764758,,,,Đà Nẵng,,2026-07-19 10:35:07,2026-07-19,,true
24b0e62f-85ba-2504-3e07-90f18fc23d26,1422,0,Vũ Văn Lan,contact1422@example.com,0967239907,1986,,,Hà Nội,Business Analyst,2025-04-28 08:03:29,2025-04-28,,true
0784781d-2006-1fdb-16ee-251359d12415,1423,0,Huỳnh Ngọc Giang,contact1423@example.com,0986208598,2005,,,Hải Phòng,Data Analyst,2025-01-31 09:46:56,2025-01-31,,true
70972046-fa7c-f893-24f2-95fce4d24857,1424,0,Ngô Quốc Khoa,contact1424@example.com,0944701832,1986,,,Đà Nẵng,Business Analyst,2025-09-28 18:00:31,2025-09-28,,true
7de7ca5a-4f22-fd57-bb5d-13c5f6cb4071,1425,0,Phạm Bảo Châu,contact1425@example.com,0954680584,1996,,,Hải Phòng,Sales Executive,2025-08-13 16:24:52,2025-08-13,,true
d37805ee-204f-cbe4-adec-6f15bfdc2b0d,1426,0,Lê Thu Nhi,contact1426@example.com,0981774011,1995,,,Huế,Data Analyst,2025-09-23 14:22:35,2025-09-23,,true
f4d62658-139b-4c16-fbca-ebdc46abfedd,1427,0,Ngô Hải Mai,contact1427@example.com,0963712506,,,,Huế,Business Analyst,2025-07-07 19:28:00,2025-07-07,,true
352b6689-a39c-d730-0f62-06f19403ad3d,1428,0,Võ Bảo Linh,contact1428@example.com,0973525919,1987,,,Bình Dương,Business Analyst,2026-03-29 20:54:34,2026-03-29,,true
45999d7e-dd35-4aa4-502e-55983c3c3182,1429,0,Đặng Gia Thảo,contact1429@example.com,0974877175,,,,TP. Hồ Chí Minh,Business Analyst,2025-02-07 20:59:06,2025-02-07,,true
bcfe4408-9ac7-25a7-40b6-0c17d7ee15bc,1430,0,Hồ Gia Giang,contact1430@example.com,0924826072,1995,,,Huế,Product Owner,2025-11-11 08:19:46,2025-11-11,,true
abab2bc7-19e0-12e5-1fac-6d85c433c4f0,1431,0,Nguyễn Hải Vy,contact1431@example.com,0947099427,,,,Bình Dương,Data Analyst,2025-06-17 18:16:36,2025-06-17,,true
ad5ae575-565d-6ed0-39b0-5c644e85661e,1432,0,Hoàng Thu Khoa,contact1432@example.com,0910338423,,,,Hải Phòng,Sales Executive,2026-05-20 13:34:35,2026-05-20,,true
4279c1cc-67b8-0414-67b8-0731fe39fe8d,1433,0,Huỳnh Thị Sơn,contact1433@example.com,0979366029,1998,,,Cần Thơ,Marketing Executive,2025-10-22 23:55:55,2025-10-22,,true
1e53a5da-0780-b3ee-dcfa-02a93f4435c3,1434,0,Đỗ Thanh Hùng,contact1434@example.com,0998115484,,,,Hà Nội,Business Analyst,2025-01-18 10:02:11,2025-01-18,,true
339ef82b-b2e8-f8bf-ffdf-65880ffed184,1435,0,Phạm Anh Sơn,contact1435@example.com,0961680611,1986,,,TP. Hồ Chí Minh,Business Analyst,2025-02-20 07:52:15,2025-02-20,,true
b09a96e3-c00d-ec5e-1b60-46ee3d9ea33b,1436,0,Trần Văn Hùng,contact1436@example.com,0949971921,,,,Hải Phòng,Data Analyst,2026-04-03 08:05:05,2026-04-03,,true
fa4f169a-9de9-294d-b71d-2e0faf09c66e,1437,0,Trần Thị Tuấn,contact1437@example.com,0962070271,,,,TP. Hồ Chí Minh,Brand Manager,2025-04-12 21:48:41,2025-04-12,,true
70033ea7-f54c-e27a-34be-949b13b8fad4,1438,0,Dương Gia Long,contact1438@example.com,0958943645,,,,Bình Dương,Data Analyst,2025-02-22 15:06:37,2025-02-22,,true
77cdab25-c786-140f-2339-df6078bf9e23,1439,0,Lý Minh Tâm,contact1439@example.com,0980931992,1999,,,Cần Thơ,Marketing Executive,2025-12-12 23:10:45,2025-12-12,,true
2795bf89-d5b4-c4a4-f9d7-b9ad7850b7b1,1440,0,Phạm Hải An,contact1440@example.com,0984158624,1988,,,Huế,,2025-02-27 14:29:07,2025-02-27,,true
dd00a64c-8f45-c269-6b52-59dce0d8b492,1441,0,Phạm Gia Hùng,contact1441@example.com,0975117698,1992,,,Hà Nội,Founder,2025-07-27 19:16:30,2025-07-27,,true
31b41e88-4b0c-8c70-de3d-8b14ab4c150a,1442,0,Đỗ Quốc Phúc,contact1442@example.com,0977176147,1990,,,Bình Dương,Student,2025-01-08 12:51:18,2025-01-08,,true
74b565f8-d8cf-7b88-5a37-a5048d2e304b,1443,0,Huỳnh Thị Nam,contact1443@example.com,0988528134,1997,,,Cần Thơ,Product Owner,2025-05-19 13:56:25,2025-05-19,,true
e0a1ff32-f089-d324-bfa2-23dab26d6078,1444,0,Đỗ Thị Nhi,contact1444@example.com,0993180597,1992,,,Cần Thơ,Brand Manager,2026-04-29 07:24:51,2026-04-29,,true
faae7f71-0be2-3972-5d2d-b4f932978c7d,1445,0,Ngô Thanh Giang,contact1445@example.com,0962129520,2000,,,Hà Nội,Sales Executive,2025-04-02 17:03:47,2025-04-02,,true
0609ac3b-386b-8594-10e2-a69d80de1dbe,1446,0,Phạm Bảo Tâm,contact1446@example.com,0939813970,1994,,,Cần Thơ,Student,2026-06-20 12:18:54,2026-06-20,2026-08-02,false
cf32cd14-99c6-9fcf-6cd2-7618bd143f78,1446,0,Phạm Bảo Tâm,contact1446@example.com,0939813970,1994,,,Cần Thơ,Data Analyst,2026-06-20 12:18:54,2026-08-02,,true
3ebcc752-cb4f-e656-b681-9b33677ee2ce,1447,7,Đỗ Thị Nam,contact1447@example.com,0973924034,2002,,,Hải Phòng,Student,2025-01-16 17:54:14,2025-01-16,,true
42739de8-6bad-2b99-7fa8-c425e97e55d4,1448,0,Lê Văn Long,contact1448@example.com,0912291899,,,,Huế,Student,2026-09-22 17:14:19,2026-09-22,,true
138c549c-c53a-cbfc-8bc7-393e23065b37,1449,0,Ngô Thị Long,contact1449@example.com,0973412327,1995,,,Đà Nẵng,Data Analyst,2025-06-09 22:32:52,2025-06-09,,true
a3b5bc49-f05a-fb4a-daa5-1cfb605a79a3,1450,0,Đỗ Bảo Quân,contact1450@example.com,0978006734,1996,,,Đà Nẵng,Business Analyst,2026-05-20 17:51:06,2026-05-20,2026-09-12,false
2928a048-763c-714b-993b-1792cfe5aa88,1450,0,Đỗ Bảo Quân,contact1450@example.com,0978006734,1996,,,Đà Nẵng,Sales Executive,2026-05-20 17:51:06,2026-09-12,,true
7108f569-108d-6ac7-5bac-a4390963c291,1451,0,Ngô Quốc Lan,contact1451@example.com,0966754167,,,,Hải Phòng,Business Analyst,2026-01-28 07:09:18,2026-01-28,,true
3ad96cc4-c0ac-ea64-a426-d1c1feb24920,1452,0,Phạm Quốc Nam,contact1452@example.com,0945376362,,,,Hải Phòng,Account Manager,2026-04-17 13:03:52,2026-04-17,,true
d8bfc4d5-80d5-4f85-4d3d-22c1d72d6882,1453,0,Vũ Gia An,contact1453@example.com,0934925895,,,,Đà Nẵng,Data Analyst,2025-03-04 13:06:31,2025-03-04,,true
d57ad461-8425-5121-8e14-83d22f9988ae,1454,0,Huỳnh Quốc Lan,contact1454@example.com,0962939127,1997,,,TP. Hồ Chí Minh,Founder,2026-04-16 12:24:03,2026-04-16,,true
ba045dfb-354f-9914-5698-07e3f16da243,1455,25,Phan Minh Quân,contact1455@example.com,0919072822,,,,Bình Dương,Sales Executive,2025-02-16 20:16:08,2025-02-16,,true
85f801f0-efa5-fccb-eb24-4b05845aede2,1456,0,Ngô Gia Quân,contact1456@example.com,0991521360,1985,,,Huế,Student,2026-02-15 11:22:38,2026-02-15,,true
c5a1faa6-9a9e-b406-d591-01cef18f2155,1457,0,Đỗ Ngọc Lan,contact1457@example.com,0910808854,1985,,,Bình Dương,Account Manager,2026-08-29 12:03:44,2026-08-29,,true
a7ff3051-ae8b-3239-311d-3751507409da,1458,0,Bùi Bảo Phúc,contact1458@example.com,0967588035,,,,Huế,Marketing Executive,2025-07-24 20:47:05,2025-07-24,,true
07122fb9-dcd6-f58e-b457-bba69631be62,1459,0,Dương Thu Yến,contact1459@example.com,0955499934,1990,,,Hải Phòng,Data Analyst,2026-02-26 21:03:47,2026-02-26,,true
25b08a57-a4ba-1e5c-f195-dc4c2ce9b6cb,1460,0,Phan Hải Giang,contact1460@example.com,0971128345,1990,,,Hà Nội,Business Analyst,2026-06-24 15:09:54,2026-06-24,,true
4b662fe0-c789-3c91-0ea5-102b2a14eafd,1461,0,Lý Hải Trang,contact1461@example.com,0926199007,,,,Hà Nội,Product Owner,2025-04-19 21:53:23,2025-04-19,,true
351399ed-0203-59c1-941e-22e9f49212e9,1462,0,Vũ Văn Mai,contact1462@example.com,0933584929,,,,Huế,Product Owner,2026-07-09 15:53:35,2026-07-09,,true
13d29821-d42d-e47a-7ed6-2e8c44c56f6a,1463,0,Ngô Bảo Tâm,contact1463@example.com,0911867528,1993,,,TP. Hồ Chí Minh,Product Owner,2025-07-03 12:01:57,2025-07-03,,true
02c27f97-af6c-9a31-57a9-b67fe35f41db,1464,0,Nguyễn Ngọc Châu,contact1464@example.com,0963695427,,,,Hải Phòng,Marketing Executive,2026-07-14 07:55:04,2026-07-14,,true
c85336db-4754-c20a-902d-f7cf28efd75b,1465,0,Huỳnh Thanh Lan,contact1465@example.com,0960564531,1988,,,Huế,Founder,2025-10-26 13:11:26,2025-10-26,,true
533679f2-8ccf-8851-fc94-7bc1d14fc8aa,1466,0,Trần Hải Long,contact1466@example.com,0944911314,1996,,,Cần Thơ,,2025-09-05 07:34:14,2025-09-05,,true
38e2aae3-633a-d91a-d27e-be781e2cebca,1467,0,Dương Minh Quân,contact1467@example.com,0934183667,1987,,,TP. Hồ Chí Minh,,2026-09-11 14:47:38,2026-09-11,,true
8d8f194c-2a8c-5fdb-dcee-656d7420431e,1468,0,Trần Minh Nhi,contact1468@example.com,0966342092,2005,,,Đà Nẵng,Business Analyst,2025-02-18 16:49:36,2025-02-18,,true
bf88f749-6b2f-a6bc-00b6-cb48d0e99af0,1469,0,Đỗ Văn Phúc,contact1469@example.com,0910076576,2002,,,Hải Phòng,Student,2025-12-31 13:37:31,2025-12-31,,true
13e7b504-c58a-ac51-2fa8-e33b2a78ae7c,1470,3,Nguyễn Anh Yến,contact1470@example.com,0923862374,1990,,,Cần Thơ,Marketing Executive,2026-01-08 20:54:55,2026-01-08,,true
01adf395-2c5e-405e-34cf-6b7f3f4cd64f,1471,0,Trần Bảo Khoa,contact1471@example.com,0933267008,,,,Đà Nẵng,Sales Executive,2025-11-03 14:39:02,2025-11-03,,true
39eb005a-bab9-0085-e27e-12e49e41d0e7,1472,0,Đỗ Anh Long,contact1472@example.com,0956177939,,,,Hà Nội,Data Analyst,2025-09-08 18:04:02,2025-09-08,,true
d98c9dc3-4b67-2fac-2986-04bce009a2cd,1473,0,Đặng Ngọc Trang,contact1473@example.com,0935990060,,,,TP. Hồ Chí Minh,Sales Executive,2025-10-17 14:54:25,2025-10-17,,true
c9e5a194-f746-682a-d4e7-3adb2056dff5,1474,0,Nguyễn Quốc Thảo,contact1474@example.com,0982258236,,,,TP. Hồ Chí Minh,Data Analyst,2025-06-17 20:08:00,2025-06-17,,true
66c7f340-7f14-ebb6-f78c-0ea03e2358f8,1475,0,Hồ Quốc Trang,contact1475@example.com,0990684112,1986,,,Hà Nội,Business Analyst,2025-10-03 21:49:21,2025-10-03,,true
72b91684-e6d4-f65e-3401-9a9a90fcc940,1476,0,Huỳnh Thị An,contact1476@example.com,0961530317,1993,,,Bình Dương,Data Analyst,2026-05-08 21:19:37,2026-05-08,,true
79342fbd-4629-6ada-f367-043bdadf5f67,1477,0,Vũ Thị Quân,contact1477@example.com,0959979600,1997,,,TP. Hồ Chí Minh,Product Owner,2025-04-11 11:11:25,2025-04-11,,true
a8eb963a-2888-ead9-97d4-d81b92326c46,1478,0,Hoàng Văn Trang,contact1478@example.com,0967139633,1992,,,Hà Nội,Marketing Executive,2026-06-05 19:16:24,2026-06-05,,true
18161864-515b-045a-028a-f9a75ac8c08c,1479,0,Trần Ngọc Hà,contact1479@example.com,0924212949,1992,,,Huế,Brand Manager,2026-06-30 15:20:55,2026-06-30,,true
42cc32f8-23c0-990e-a341-0b6f7603ccca,1480,0,Vũ Anh Bình,contact1480@example.com,0979447570,,,,Hải Phòng,,2025-05-23 10:37:40,2025-05-23,,true
ed7bd78d-bc67-7747-2e2a-485c97382a4d,1481,0,Vũ Thanh Tuấn,contact1481@example.com,0953128998,2002,,,Huế,Data Analyst,2025-05-08 11:09:05,2025-05-08,,true
8ee58a98-fc76-1e36-96ed-e9e996c2eafa,1482,0,Hồ Bảo Hùng,contact1482@example.com,0938047424,,,,Huế,Business Analyst,2025-11-06 22:31:02,2025-11-06,,true
a2f445e8-5563-1bf4-850f-5739e227d70e,1483,0,Huỳnh Quốc Phúc,contact1483@example.com,0982867033,1998,,,Đà Nẵng,Marketing Executive,2025-04-08 18:55:39,2025-04-08,,true
bd5a19be-049a-f501-2c01-b5a6c9dd80a8,1484,0,Huỳnh Quốc Yến,contact1484@example.com,0968685777,2000,,,TP. Hồ Chí Minh,Product Owner,2026-01-03 23:12:53,2026-01-03,,true
c925f7fa-1484-e9d6-5f8c-2498bcb37ddd,1485,0,Huỳnh Quốc Linh,contact1485@example.com,0939085849,,,,Bình Dương,Brand Manager,2026-02-12 22:08:42,2026-02-12,,true
4cc4a7e5-fd25-bca9-e207-3d92c1c65bbb,1486,0,Phạm Gia Hà,contact1486@example.com,0957334398,2005,,,Hải Phòng,Business Analyst,2025-06-22 12:11:55,2025-06-22,,true
16520d40-4605-dd14-ec0c-00473ee5236e,1487,0,Huỳnh Anh An,contact1487@example.com,0922165450,,,,TP. Hồ Chí Minh,Business Analyst,2026-07-20 20:12:37,2026-07-20,,true
e4509dd3-d4bf-4f30-eb26-cc824324887e,1488,0,Ngô Hải Hà,contact1488@example.com,0969509996,1998,,,Hải Phòng,Marketing Executive,2026-08-11 12:38:00,2026-08-11,,true
159b61c3-c2a0-4830-bcc1-41240cc664cb,1489,0,Lý Thanh Tuấn,contact1489@example.com,0915279873,1992,,,Cần Thơ,Data Analyst,2025-02-23 18:27:12,2025-02-23,,true
61dfd243-38e1-a05d-9785-db5af31b74f8,1490,0,Huỳnh Minh Hà,contact1490@example.com,0949980592,,,,Hà Nội,Data Analyst,2025-09-09 18:48:12,2025-09-09,,true
6b0115ca-bf94-abfa-af61-e25eec6874df,1491,0,Dương Thu Vy,contact1491@example.com,0915002545,1993,,,Hải Phòng,Data Analyst,2025-02-17 20:01:59,2025-02-17,,true
76890ed4-3a6f-d931-5358-30aa928b9e4d,1492,0,Đặng Ngọc Yến,contact1492@example.com,0980561155,1996,,,Hà Nội,Marketing Executive,2025-02-26 22:27:55,2025-02-26,,true
efd5d562-a496-0505-032e-aa561d5ac38c,1493,0,Vũ Anh Dung,contact1493@example.com,0937593285,,,,TP. Hồ Chí Minh,Product Owner,2025-10-05 21:52:27,2025-10-05,,true
32562c45-bfb5-ab4e-ea57-353c1dc61cb8,1494,0,Đặng Minh Hùng,contact1494@example.com,0923306584,1993,,,Huế,Student,2025-09-23 16:45:05,2025-09-23,,true
9fa935b1-2e18-7603-4ad5-51ad9aba4c01,1495,0,Đỗ Thu Nhi,contact1495@example.com,0914247464,1991,,,Huế,Student,2026-04-21 22:42:57,2026-04-21,,true
30544160-908b-b7f9-9d91-21b29ea62325,1496,0,Phạm Gia Tâm,contact1496@example.com,0969241061,1987,,,Huế,Founder,2025-10-12 09:30:20,2025-10-12,,true
5868e32a-44c7-7106-3811-f9e92b105a3d,1497,0,Vũ Thu Linh,contact1497@example.com,0945783614,,,,Hà Nội,Founder,2025-07-07 08:56:10,2025-07-07,,true
60e565b6-39b3-742d-becf-bc0b5ea62cb9,1498,0,Võ Thu Thảo,contact1498@example.com,0911446903,1994,,,Huế,Account Manager,2025-12-10 13:32:52,2025-12-10,,true
987a8f71-00d2-8f9f-f510-3222fab0509e,1499,30,Huỳnh Ngọc Sơn,contact1499@example.com,0968233507,1993,,,Hà Nội,Marketing Executive,2025-05-21 20:35:36,2025-05-21,,true
cc4f2da9-d5d1-9277-0418-cd279a78ceed,1500,0,Võ Minh Châu,contact1500@example.com,0962454278,1992,,,Đà Nẵng,,2026-05-28 17:40:56,2026-05-28,2026-07-25,false
43089e1c-13e1-0a19-889c-02997a19c2f3,1500,0,Võ Minh Châu,contact1500@example.com,0962454278,1992,,,Đà Nẵng,Product Owner,2026-05-28 17:40:56,2026-07-25,,true
656c0188-0d1d-5dbc-7500-56ea3657e50a,1501,0,Ngô Thị Linh,contact1501@example.com,0939813647,2001,,,Đà Nẵng,Student,2025-02-21 16:31:54,2025-02-21,,true
8daf1352-6775-3489-3bdc-f115c148e224,1502,0,Đỗ Hải Lan,contact1502@example.com,0965578734,,,,TP. Hồ Chí Minh,Product Owner,2025-03-26 21:53:41,2025-03-26,,true
73eb73ce-262e-df5e-0f4f-bd2bf039d524,1503,0,Lê Gia Mai,contact1503@example.com,0979461592,,,,Cần Thơ,Marketing Executive,2025-03-10 18:42:19,2025-03-10,,true
5d03e927-3c76-cf5b-f9ee-56874a411b06,1504,0,Bùi Văn Yến,contact1504@example.com,0970991492,2002,,,Hải Phòng,Marketing Executive,2025-06-20 10:00:49,2025-06-20,,true
d142a871-05b2-622f-3603-768daa7694d9,1505,0,Ngô Bảo Sơn,contact1505@example.com,0942970199,1997,,,Hải Phòng,Founder,2026-03-14 14:45:15,2026-03-14,,true
8211dfed-73be-43cc-830b-ed4fc566a2fa,1506,0,Ngô Thu Thảo,contact1506@example.com,0996217855,1987,,,Cần Thơ,Marketing Executive,2025-05-04 11:11:47,2025-05-04,,true
9e2fd4af-b18f-bcd3-83d9-7b4cb245ab9c,1507,0,Trần Hải Quân,contact1507@example.com,0937547678,1991,,,Đà Nẵng,Business Analyst,2026-03-18 17:13:32,2026-03-18,,true
432a23a8-0f05-d46c-7495-d544b1c8bdb9,1508,0,Bùi Văn Vy,contact1508@example.com,0995469933,1989,,,TP. Hồ Chí Minh,Data Analyst,2026-05-31 19:01:47,2026-05-31,,true
c3545cd8-66f7-d56a-11d9-b407c3359955,1509,0,Hồ Anh Phúc,contact1509@example.com,0913991574,1991,,,TP. Hồ Chí Minh,Marketing Executive,2026-07-29 20:48:44,2026-07-29,,true
1eb830f6-7d93-e703-28e4-9b27ee34827a,1510,0,Huỳnh Gia Trang,contact1510@example.com,0920749781,2003,,,Huế,Account Manager,2025-01-16 22:12:51,2025-01-16,,true
9c59d8ee-4ed6-87d9-d498-ede9d28616ac,1511,0,Vũ Thu Châu,contact1511@example.com,0971410132,1985,,,Cần Thơ,Product Owner,2026-03-05 17:56:49,2026-03-05,,true
48434dec-1cea-99dc-04ef-61f0b13c78db,1512,0,Vũ Thị Vy,contact1512@example.com,0941864002,,,,Đà Nẵng,,2026-02-19 16:10:01,2026-02-19,,true
ff09338c-422a-aaa7-5e2c-5cf900828826,1513,0,Huỳnh Thị Trang,contact1513@example.com,0955631152,,,,Hải Phòng,Sales Executive,2026-08-03 20:28:01,2026-08-03,,true
8082efd4-78b2-a65d-6a0e-99b21c94d5c6,1514,0,Võ Anh Khoa,contact1514@example.com,0917288491,1987,,,Hải Phòng,Account Manager,2025-06-16 15:14:35,2025-06-16,,true
e7269390-c235-25c0-c16f-584add1b469d,1515,0,Võ Anh Khoa,contact1515@example.com,0925287101,2005,,,Cần Thơ,,2025-01-06 19:40:24,2025-01-06,,true
efd9b5e1-0ded-1b4d-79d8-1ee91d4bc914,1516,0,Hoàng Anh Sơn,contact1516@example.com,0922502867,1991,,,Hải Phòng,Marketing Executive,2025-04-16 19:41:54,2025-04-16,,true
2674fda1-66f0-c1f5-28ca-1d6f744a7cf5,1517,4,Phan Văn Sơn,contact1517@example.com,0994436892,2001,,,Bình Dương,Data Analyst,2025-06-09 20:40:19,2025-06-09,,true
81f4d97b-842e-de07-25b5-ca9a75281c2c,1518,0,Đặng Thanh Sơn,contact1518@example.com,0953788396,,,,Hà Nội,Marketing Executive,2026-09-08 20:35:11,2026-09-08,,true
e4f3e04d-e272-69b1-998f-2a87b81f9c64,1519,0,Võ Thị Châu,contact1519@example.com,0966230298,1998,,,Cần Thơ,Data Analyst,2025-12-14 12:41:41,2025-12-14,,true
a2b6da97-0e8b-a9bd-74cf-633f1ebb649f,1520,0,Hoàng Văn Tâm,contact1520@example.com,0914441749,1985,,,TP. Hồ Chí Minh,,2025-04-23 12:51:30,2025-04-23,,true
ff91e340-5581-8a42-40c9-f77ea45532d8,1521,0,Võ Thanh Lan,contact1521@example.com,0939305371,2004,,,Hải Phòng,Business Analyst,2025-06-29 20:12:43,2025-06-29,,true
170bdd14-95e7-b610-04c0-d48a98bf6a3e,1522,19,Hoàng Thanh Hà,contact1522@example.com,0998265529,,,,TP. Hồ Chí Minh,Product Owner,2026-05-12 07:05:11,2026-05-12,,true
72e871b3-c2d3-d967-a626-83ed6070e32e,1523,0,Huỳnh Gia Lan,contact1523@example.com,0986487490,1986,,,TP. Hồ Chí Minh,,2025-06-09 14:29:23,2025-06-09,2026-07-30,false
5178827d-601c-5a40-3e06-43114b2c4073,1523,0,Huỳnh Gia Lan,contact1523@example.com,0986487490,1986,,,TP. Hồ Chí Minh,Business Analyst,2025-06-09 14:29:23,2026-07-30,,true
adfed4e5-4744-0006-f10e-b0eac764f8c7,1524,0,Ngô Thanh Sơn,contact1524@example.com,0920624566,1999,,,Huế,Brand Manager,2025-11-12 08:22:22,2025-11-12,2026-04-15,false
b3a1b80f-d3ba-cc13-666d-7739dfab100b,1524,0,Ngô Thanh Sơn,contact1524@example.com,0920624566,1999,,,Huế,Student,2025-11-12 08:22:22,2026-04-15,,true
208e6aff-f5f2-6a5f-3294-f6d3ffc29344,1525,0,Dương Thu Khoa,contact1525@example.com,0979494015,1997,,,Hải Phòng,Business Analyst,2026-06-07 10:22:55,2026-06-07,,true
f3896fad-0ced-6b07-bf9d-599222880c89,1526,0,Hoàng Quốc Thảo,contact1526@example.com,0951662785,2000,,,Huế,Business Analyst,2025-02-07 23:26:18,2025-02-07,,true
e47d85ce-306b-ba50-2d4a-ad08687e93fb,1527,0,Hoàng Văn Nam,contact1527@example.com,0965962468,1999,,,Cần Thơ,,2026-09-12 12:10:26,2026-09-12,,true
7370ca9f-7ed4-a540-b5ca-222676c82262,1528,0,Vũ Ngọc Long,contact1528@example.com,0984201737,1997,,,Cần Thơ,Account Manager,2026-09-17 11:37:58,2026-09-17,,true
9a663d0a-333c-82bf-53ce-8fb6187c3bb0,1529,0,Võ Gia Hà,contact1529@example.com,0916557305,1993,,,Cần Thơ,Sales Executive,2026-01-17 20:00:19,2026-01-17,,true
d70f34bb-2594-4c4e-661e-0f0eee10f503,1530,0,Nguyễn Văn Châu,contact1530@example.com,0948868496,2005,,,Bình Dương,Founder,2025-07-14 09:09:08,2025-07-14,,true
7ee6990b-932d-6b2f-cfc0-426b843efe2f,1531,0,Trần Thanh Thảo,contact1531@example.com,0919491470,1988,,,Hà Nội,Sales Executive,2025-03-10 16:47:41,2025-03-10,,true
b59c9c87-f839-14c9-9eff-689a545a8a02,1532,0,Bùi Anh Nam,contact1532@example.com,0949879131,1989,,,Đà Nẵng,Marketing Executive,2026-07-11 08:37:39,2026-07-11,,true
9f54a3d2-1a30-a775-cce6-fd28f141be04,1533,0,Vũ Văn Thảo,contact1533@example.com,0975025705,,,,Hải Phòng,,2025-02-26 23:11:14,2025-02-26,,true
a0c12b8a-3efa-2d4e-5d4f-9126a8ac7981,1534,0,Trần Anh Mai,contact1534@example.com,0963995555,1985,,,Hà Nội,Founder,2026-07-27 19:08:58,2026-07-27,,true
4f434331-01b8-e5c6-d8bc-6e12d97db059,1535,0,Bùi Thu Giang,contact1535@example.com,0997461289,,,,Bình Dương,Student,2026-04-05 20:06:59,2026-04-05,,true
7f07014d-0d44-b7c1-0342-73dd18d09c29,1536,0,Bùi Ngọc Châu,contact1536@example.com,0998133864,2004,,,Đà Nẵng,Product Owner,2025-11-11 22:16:07,2025-11-11,,true
b1ec2961-2588-69d9-0b84-5de2f74ba82f,1537,0,Đỗ Văn Khoa,contact1537@example.com,0966243095,2003,,,Huế,Business Analyst,2025-07-21 12:04:31,2025-07-21,,true
466a7107-4f7d-82c7-ff0d-f117da0e862a,1538,0,Phan Ngọc Phúc,contact1538@example.com,0915410958,1990,,,Huế,Student,2026-08-21 09:37:12,2026-08-21,,true
ec4a0dfd-10d0-fd27-fc87-aa3950b1d09f,1539,0,Nguyễn Thu Tâm,contact1539@example.com,0965832266,,,,Huế,Sales Executive,2025-10-21 07:49:17,2025-10-21,,true
5b76b287-f998-d44f-c7ff-eb5bda73f900,1540,0,Lê Thu Tuấn,contact1540@example.com,0914578975,,,,Bình Dương,Account Manager,2025-01-06 22:26:20,2025-01-06,,true
cb771603-8eef-a874-12c8-acc2d05e9278,1541,0,Lê Thanh Mai,contact1541@example.com,0961476077,1993,,,Hà Nội,,2025-09-02 12:55:34,2025-09-02,,true
1df1f3f8-aa99-8c56-9a2e-d9053fb65c7e,1542,0,Phạm Quốc Phúc,contact1542@example.com,0944973386,2004,,,Hải Phòng,Brand Manager,2025-01-02 18:22:34,2025-01-02,,true
04b43910-fc16-16b1-46bb-08ea8a21ab25,1543,19,Nguyễn Bảo Khoa,contact1543@example.com,0911691339,1995,,,Đà Nẵng,Data Analyst,2025-02-18 22:52:30,2025-02-18,,true
ea53a09d-5f2a-cb16-8384-907b3d117149,1544,0,Nguyễn Anh Hùng,contact1544@example.com,0988996038,1990,,,Huế,Marketing Executive,2025-09-12 11:11:05,2025-09-12,,true
5683a36a-b2a3-f8e5-9bab-29cf284e8078,1545,0,Nguyễn Anh Phúc,contact1545@example.com,0981696184,1989,,,Hải Phòng,Brand Manager,2026-07-22 19:43:17,2026-07-22,,true
fc46b071-9ada-d16b-309b-8c2ceebafafd,1546,0,Phan Ngọc Khoa,contact1546@example.com,0955975718,1989,,,TP. Hồ Chí Minh,Marketing Executive,2026-01-27 16:44:27,2026-01-27,,true
98b98619-0ae5-3849-f804-ab4dfe0df098,1547,0,Ngô Thu Bình,contact1547@example.com,0977859023,2004,,,Cần Thơ,Founder,2025-09-27 23:58:32,2025-09-27,,true
55d549a2-18a3-be10-19aa-a35660ea1d9e,1548,0,Đặng Ngọc Châu,contact1548@example.com,0922331322,1989,,,Huế,Product Owner,2025-05-01 09:34:53,2025-05-01,,true
746f3431-fe83-9021-4b96-b9520847feab,1549,0,Hồ Ngọc Hà,contact1549@example.com,0998334001,2004,,,Bình Dương,Product Owner,2026-07-21 17:35:03,2026-07-21,,true
b2becd65-b9f5-f903-7af1-834d4bd814a2,1550,0,Lý Anh An,contact1550@example.com,0973894187,1993,,,Đà Nẵng,Student,2025-06-12 11:01:20,2025-06-12,,true
3e6ef9f8-baac-807c-56c5-fbb19281ebd7,1551,0,Lê Thu Châu,contact1551@example.com,0948825894,1987,,,Huế,,2025-02-28 11:58:40,2025-02-28,,true
037be86e-f9e9-c0da-3b6a-31ce5d015d97,1552,0,Hoàng Hải Hà,contact1552@example.com,0943312461,2003,,,Hải Phòng,Marketing Executive,2026-03-08 22:51:24,2026-03-08,,true
66ba9945-8455-f4ef-6365-1ce9e8274a4f,1553,0,Hoàng Quốc Quân,contact1553@example.com,0984561170,,,,Hà Nội,Sales Executive,2026-01-29 09:47:34,2026-01-29,2026-09-24,false
0aa1b513-3c8b-8741-64b3-f1a90d44fa84,1553,0,Hoàng Quốc Quân,contact1553@example.com,0984561170,,,,Hà Nội,Product Owner,2026-01-29 09:47:34,2026-09-24,,true
1ee51544-9677-fc87-8b86-57d59fb442ab,1554,3,Hoàng Gia Tuấn,contact1554@example.com,0921774924,1998,,,Đà Nẵng,Marketing Executive,2026-02-10 14:27:53,2026-02-10,2026-05-06,false
1e46a7e3-97a5-3ed0-0b36-9735962e25f8,1554,3,Hoàng Gia Tuấn,contact1554@example.com,0921774924,1998,,,Đà Nẵng,Business Analyst,2026-02-10 14:27:53,2026-05-06,,true
77ad7bd5-9184-3738-5efb-a775c1c93014,1555,0,Hoàng Văn Trang,contact1555@example.com,0945204279,1991,,,Huế,Founder,2025-03-02 14:40:01,2025-03-02,,true
fb426ef0-45fa-8cb6-cfb2-af2941fe7f64,1556,35,Ngô Văn Giang,contact1556@example.com,0972205693,2000,,,Đà Nẵng,Brand Manager,2026-01-10 12:25:02,2026-01-10,,true
b7e6d9fd-1eeb-269d-8fa1-9d9fa1706c93,1557,0,Đặng Thanh Long,contact1557@example.com,0940216310,1988,,,Cần Thơ,Marketing Executive,2025-05-21 08:20:18,2025-05-21,,true
5ef981f8-af92-7913-cb50-d1f598dcb918,1558,0,Đặng Thanh Long,contact1558@example.com,0963437031,,,,TP. Hồ Chí Minh,Business Analyst,2026-02-03 18:40:22,2026-02-03,,true
07cdc1e3-6c4d-79e0-8ab0-d57f4f41be69,1559,0,Hồ Văn Khoa,contact1559@example.com,0964813017,1998,,,Huế,Business Analyst,2026-05-21 22:03:20,2026-05-21,,true
5fdc889f-122d-774d-06f4-d1bb5d7b83be,1560,0,Ngô Hải An,contact1560@example.com,0927593505,1987,,,Đà Nẵng,Account Manager,2025-10-31 21:55:40,2025-10-31,,true
4d5e6dde-4172-f01c-2de2-da2b2102c5ad,1561,0,Bùi Hải Bình,contact1561@example.com,0956554895,2003,,,Hà Nội,Brand Manager,2025-01-04 09:27:31,2025-01-04,,true
b901aec9-51be-d16c-0dee-17619561dee0,1562,0,Trần Hải Lan,contact1562@example.com,0959038710,1995,,,Bình Dương,Founder,2025-09-09 17:19:28,2025-09-09,,true
3c2c5529-8dc1-2eba-1f80-8e1ce29acf4c,1563,0,Hồ Hải Linh,contact1563@example.com,0964306604,1998,,,Đà Nẵng,Product Owner,2026-08-10 09:48:41,2026-08-10,,true
beffe333-fe6b-01fc-3e2d-de07f877389b,1564,0,Dương Hải Tâm,contact1564@example.com,0910928192,1999,,,Hà Nội,Business Analyst,2025-11-27 22:16:40,2025-11-27,,true
378e38ad-3dec-dd27-7d26-83506eb771e4,1565,0,Nguyễn Anh Dung,contact1565@example.com,0985653426,1985,,,Cần Thơ,Brand Manager,2026-05-01 09:34:16,2026-05-01,,true
3d756daf-5279-1436-2224-a0d1ebeb50d9,1566,0,Phan Bảo Nam,contact1566@example.com,0948801784,1990,,,Huế,Account Manager,2025-05-28 22:13:50,2025-05-28,,true
de1243a5-88f0-5a37-b88e-df3a394d35ac,1567,0,Huỳnh Thanh Hà,contact1567@example.com,0968961318,1992,,,Cần Thơ,Business Analyst,2026-02-09 21:24:39,2026-02-09,,true
f626a833-3661-039c-2367-a2cc4b180203,1568,0,Nguyễn Thị Nhi,contact1568@example.com,0992791848,1990,,,Cần Thơ,Student,2025-05-24 12:01:36,2025-05-24,,true
0ebd7e73-6395-c49f-e58e-137020786fea,1569,0,Lý Quốc Long,contact1569@example.com,0921288208,1993,,,Bình Dương,Brand Manager,2025-03-14 23:09:56,2025-03-14,,true
3ef058b3-fc14-1344-48ca-e643c9e1d93f,1570,0,Lê Ngọc Tâm,contact1570@example.com,0939680536,1985,,,Bình Dương,Product Owner,2026-03-30 17:27:36,2026-03-30,,true
f4770dfe-08a5-251c-f5c8-7d66b328f054,1571,0,Dương Thu Hùng,contact1571@example.com,0937347134,,,,Hải Phòng,Account Manager,2025-06-06 11:58:08,2025-06-06,,true
80e05a64-9fb8-3bc9-2b62-1afd502d58d9,1572,0,Phan Gia Mai,contact1572@example.com,0917027633,1986,,,Đà Nẵng,,2025-11-02 07:59:51,2025-11-02,,true
6f302ca6-de58-c75b-a5e3-9314ace6d9cb,1573,0,Lý Thanh Bình,contact1573@example.com,0927753840,,,,Đà Nẵng,Marketing Executive,2025-05-19 16:05:46,2025-05-19,,true
a9906847-8223-a973-ce0a-aa9230df7ed0,1574,0,Nguyễn Hải Hà,contact1574@example.com,0911851318,,,,TP. Hồ Chí Minh,Product Owner,2026-01-11 20:29:26,2026-01-11,,true
fb1ee55a-37b3-ef4d-ece1-36fe85d0e33a,1575,0,Dương Thanh Long,contact1575@example.com,0989861240,2003,,,TP. Hồ Chí Minh,Data Analyst,2026-02-18 15:26:46,2026-02-18,,true
5046f4a1-d059-a088-50a3-7369e384bb3b,1576,0,Võ Bảo Yến,contact1576@example.com,0977925726,2003,,,Bình Dương,,2026-08-08 15:53:38,2026-08-08,,true
2179a342-19f7-44dd-6189-9c4fe4a7fcfe,1577,0,Ngô Thanh Hùng,contact1577@example.com,0927120677,1992,,,Cần Thơ,Student,2025-10-16 13:09:52,2025-10-16,,true
12bf7a23-b326-4e5e-010b-a241042b2a24,1578,0,Bùi Bảo Linh,contact1578@example.com,0985482020,,,,TP. Hồ Chí Minh,Student,2026-07-16 09:42:55,2026-07-16,,true
2c3126c0-4cd8-054c-7f69-c5def0655f62,1579,0,Huỳnh Minh Hùng,contact1579@example.com,0989400305,,,,Bình Dương,Student,2026-04-07 20:47:44,2026-04-07,,true
8bf19e1e-a842-7c3f-546f-97fb0ecc8af9,1580,0,Hoàng Minh Hùng,contact1580@example.com,0970431696,2002,,,Bình Dương,Founder,2025-06-13 23:44:31,2025-06-13,,true
deaddc99-f8f3-90f4-8956-c35c99761ae3,1581,0,Phan Thanh Thảo,contact1581@example.com,0996226007,1994,,,Hải Phòng,,2025-10-24 19:44:04,2025-10-24,,true
db378723-00f2-f636-f897-baf03dcf2273,1582,0,Ngô Anh Phúc,contact1582@example.com,0993689067,1997,,,TP. Hồ Chí Minh,Account Manager,2026-02-05 07:48:43,2026-02-05,,true
01e58ea3-21e5-8589-6699-42fe625a58c6,1583,0,Trần Gia Bình,contact1583@example.com,0987031592,,,,Hải Phòng,Data Analyst,2026-04-01 11:12:25,2026-04-01,,true
5bc4f273-c236-d295-c069-5fb853e946d9,1584,0,Ngô Thanh Long,contact1584@example.com,0977009843,2001,,,Hải Phòng,Brand Manager,2025-11-27 18:57:20,2025-11-27,,true
21feaf01-db18-1333-87ec-a210cef075bc,1585,0,Nguyễn Văn Nam,contact1585@example.com,0980299876,2001,,,Huế,Product Owner,2025-12-26 15:30:27,2025-12-26,,true
83259434-c514-3fd5-1197-0cc74290274e,1586,0,Võ Quốc Dung,contact1586@example.com,0930656947,1993,,,Huế,Student,2025-02-28 18:04:26,2025-02-28,,true
d624b181-3bbe-dece-c689-3b8883370bc2,1587,0,Phan Ngọc Sơn,contact1587@example.com,0964564323,,,,Hải Phòng,Marketing Executive,2026-04-29 16:00:09,2026-04-29,,true
833ff31e-3650-2aef-ea93-17e92764dec0,1588,0,Vũ Hải Hùng,contact1588@example.com,0916117894,,,,Đà Nẵng,Student,2026-04-27 08:46:04,2026-04-27,,true
44e4b56c-366c-5ff8-11b4-accdbf283a6e,1589,0,Trần Gia Trang,contact1589@example.com,0981762744,2004,,,Huế,Student,2025-03-04 12:02:51,2025-03-04,,true
8e241f29-2721-9bbb-fd72-c77d562dbc19,1590,0,Lý Bảo Quân,contact1590@example.com,0987290137,,,,TP. Hồ Chí Minh,Student,2025-01-13 20:40:04,2025-01-13,,true
f94344b1-826a-9f3f-fce4-34484c956e1e,1591,0,Trần Thu Hùng,contact1591@example.com,0957504684,,,,Hải Phòng,Founder,2025-08-01 23:00:19,2025-08-01,,true
fb8b161e-a869-959e-23ee-5bf60b8f6f57,1592,0,Vũ Bảo Lan,contact1592@example.com,0912528463,,,,Cần Thơ,Account Manager,2026-08-10 17:31:40,2026-08-10,,true
9c4b4fe6-47c6-1c3f-8545-06ed55060c69,1593,0,Trần Ngọc Châu,contact1593@example.com,0957482773,,,,Cần Thơ,Business Analyst,2025-06-22 15:17:09,2025-06-22,,true
f2d8b392-f4a6-a03c-5d84-47149c12d6f0,1594,0,Dương Anh Phúc,contact1594@example.com,0973238694,1998,,,Hải Phòng,Brand Manager,2025-01-18 16:09:02,2025-01-18,,true
c965afa7-51eb-8526-9b3b-50fbd6cf3239,1595,0,Võ Anh Sơn,contact1595@example.com,0931336177,2001,,,Cần Thơ,Business Analyst,2025-11-13 09:32:57,2025-11-13,,true
5c4febf6-a490-2e72-bca0-cdb407f800a2,1596,0,Ngô Minh Khoa,contact1596@example.com,0996798985,,,,TP. Hồ Chí Minh,Product Owner,2026-02-10 23:51:17,2026-02-10,,true
d7eaa90f-2e8a-0175-6721-837f624a7cab,1597,0,Lý Thanh Sơn,contact1597@example.com,0938157130,1999,,,TP. Hồ Chí Minh,Marketing Executive,2026-01-21 15:10:29,2026-01-21,,true
eefe1006-05fd-c6c5-d602-7e8297fe0542,1598,0,Hoàng Hải Mai,contact1598@example.com,0955618691,1998,,,Cần Thơ,Account Manager,2025-03-29 21:34:32,2025-03-29,,true
2bd7e12e-e247-7f64-26c8-fd99fb0ee501,1599,0,Vũ Anh Quân,contact1599@example.com,0925978233,2001,,,Cần Thơ,Marketing Executive,2025-06-06 14:08:29,2025-06-06,,true
fc03a706-774c-c9de-cf56-e78b47d34d63,1600,0,Ngô Quốc Lan,contact1600@example.com,0982766521,1999,,,Hà Nội,Account Manager,2026-08-10 08:02:45,2026-08-10,,true
0a2fc756-af7c-51b8-9fd3-1f6d8a7102d8,1601,0,Ngô Thu Long,contact1601@example.com,0952127527,2001,,,Hà Nội,Account Manager,2025-11-27 15:04:40,2025-11-27,,true
c3195a33-9bc8-42e3-fcd1-23a0828aa03e,1602,0,Lê Quốc Quân,contact1602@example.com,0990869961,2003,,,Đà Nẵng,Brand Manager,2025-08-04 21:32:04,2025-08-04,,true
7a9ede9d-af6c-6716-0453-2d47f5a0cc24,1603,0,Võ Gia Sơn,contact1603@example.com,0969497896,2001,,,Hà Nội,Business Analyst,2026-02-04 12:25:52,2026-02-04,,true
e0e4fb32-8c14-1f23-1695-4ee6bcfc7e7f,1604,0,Huỳnh Thị Tuấn,contact1604@example.com,0999644032,2005,,,Huế,Brand Manager,2025-06-04 14:37:25,2025-06-04,,true
0c0d20d9-1e50-e261-df81-ee4a0961c221,1605,0,Nguyễn Anh Quân,contact1605@example.com,0910945273,,,,Hải Phòng,,2025-04-11 10:32:49,2025-04-11,,true
a9aa3883-82e9-db99-b4d9-4221e7c10651,1606,0,Hoàng Hải Tâm,contact1606@example.com,0991429275,,,,TP. Hồ Chí Minh,Student,2025-05-16 14:30:49,2025-05-16,,true
dcbc8f64-69ec-8c8e-9d3b-201282d3066f,1607,0,Trần Ngọc Yến,contact1607@example.com,0952437340,2000,,,Đà Nẵng,Founder,2026-03-24 16:38:57,2026-03-24,,true
571b8409-544b-0325-52a9-e05019a36ee8,1608,0,Nguyễn Thu Phúc,contact1608@example.com,0941692245,1990,,,Huế,Sales Executive,2025-08-19 13:21:22,2025-08-19,,true
82546e92-fb5a-e35a-5e1d-f2e24fa977fc,1609,0,Lý Bảo Trang,contact1609@example.com,0939882729,1993,,,Đà Nẵng,Marketing Executive,2025-11-22 08:22:08,2025-11-22,,true
668d7b72-32cd-c1d0-0c99-a75bd9d01c72,1610,0,Lý Văn Tuấn,contact1610@example.com,0923744261,,,,TP. Hồ Chí Minh,Brand Manager,2025-04-18 09:19:04,2025-04-18,,true
e1ea3804-dfab-7b0e-0dae-08ee89a87774,1611,0,Lê Văn Thảo,contact1611@example.com,0995747695,1999,,,Cần Thơ,Founder,2026-03-31 10:20:40,2026-03-31,,true
b9c2d65b-6c5a-aa25-c5ab-b318d1c46141,1612,0,Võ Hải Quân,contact1612@example.com,0987108752,,,,Hà Nội,Sales Executive,2025-11-06 15:22:27,2025-11-06,,true
7f8b4f9f-f1e5-2e88-9511-19685ae5afa6,1613,0,Bùi Thu Hùng,contact1613@example.com,0976922183,1991,,,Huế,Data Analyst,2025-11-02 09:27:13,2025-11-02,,true
a9718b56-b489-593e-ebf8-e6485e482c02,1614,0,Hồ Gia Hùng,contact1614@example.com,0915066164,1987,,,Đà Nẵng,Account Manager,2025-06-14 11:42:28,2025-06-14,,true
6399839f-cc0e-8c1b-6ecf-f11d954498b4,1615,0,Hồ Quốc Châu,contact1615@example.com,0983818436,1993,,,Cần Thơ,Sales Executive,2025-06-17 14:14:11,2025-06-17,2026-03-12,false
4aa8b839-4cc5-a9ec-3511-df3de90ecbd3,1615,0,Hồ Quốc Châu,contact1615@example.com,0983818436,1993,,,Cần Thơ,Product Owner,2025-06-17 14:14:11,2026-03-12,,true
ec6092bb-ee90-6cfe-bda0-1104448a441e,1616,0,Đỗ Anh Thảo,contact1616@example.com,0957880373,2005,,,Hà Nội,Founder,2026-04-28 15:24:11,2026-04-28,,true
f15acfd2-d589-7d69-a541-7b631261d4df,1617,1,Huỳnh Minh Châu,contact1617@example.com,0978936947,1997,,,Cần Thơ,Account Manager,2025-04-28 20:04:28,2025-04-28,,true
ff08862c-bc66-d391-069c-d30949ad5cbb,1618,0,Trần Bảo Lan,contact1618@example.com,0985491123,2000,,,Huế,Founder,2025-04-10 15:42:30,2025-04-10,,true
95cbe6a3-a553-c7ea-b9db-b9fa933c3dec,1619,0,Vũ Ngọc An,contact1619@example.com,0930342394,2005,,,Đà Nẵng,Marketing Executive,2025-05-09 19:18:42,2025-05-09,,true
0062050e-13f5-27c1-f3da-16646f7d696b,1620,0,Hồ Thu Phúc,contact1620@example.com,0926524119,1997,,,Hải Phòng,Product Owner,2025-07-11 10:35:57,2025-07-11,,true
1286dfff-0a24-64f3-8b51-dc9996a0465b,1621,0,Trần Minh Giang,contact1621@example.com,0927936791,1992,,,Đà Nẵng,,2025-11-17 19:58:15,2025-11-17,,true
4def1085-a2ba-ec1a-2654-0ba453d05823,1622,0,Lý Quốc Trang,contact1622@example.com,0912166999,1999,,,Cần Thơ,Data Analyst,2025-08-02 20:35:14,2025-08-02,,true
de598930-23de-6993-4ea2-afafe1b5eaf4,1623,11,Phan Ngọc Mai,contact1623@example.com,0918411037,1997,,,Đà Nẵng,Product Owner,2026-02-18 10:17:18,2026-02-18,,true
55b9103a-a23a-891d-9cc2-59bce4c4cc4c,1624,0,Phan Thị Thảo,contact1624@example.com,0988457847,,,,Đà Nẵng,Product Owner,2025-02-21 14:31:48,2025-02-21,,true
2dcc6e66-f909-99a5-00a2-89d052c8cb58,1625,0,Võ Thị Linh,contact1625@example.com,0991585045,1991,,,Huế,Account Manager,2025-06-11 12:31:43,2025-06-11,,true
e91d6821-888f-db71-2e39-b34c2403b9a9,1626,0,Phan Thanh Linh,contact1626@example.com,0944335308,,,,Hải Phòng,Founder,2025-12-09 17:04:46,2025-12-09,,true
32ae5cb9-d457-6672-948b-e5484adb6da1,1627,0,Vũ Thị Lan,contact1627@example.com,0958479068,1987,,,Đà Nẵng,Founder,2026-08-10 07:19:30,2026-08-10,,true
4910f373-527d-b562-954a-29b903932535,1628,0,Bùi Ngọc Châu,contact1628@example.com,0927986931,,,,Hà Nội,Student,2025-04-04 23:33:29,2025-04-04,,true
95116c5f-34c4-f6ad-4fe0-887115f54aa0,1629,0,Đỗ Gia Bình,contact1629@example.com,0918022803,2002,,,Hải Phòng,Sales Executive,2026-05-23 20:06:32,2026-05-23,,true
8c7dacfa-13de-a87a-8c6a-b706cc6606e7,1630,0,Ngô Minh Tuấn,contact1630@example.com,0923943168,,,,Hà Nội,Founder,2025-04-05 15:14:27,2025-04-05,,true
248dbf75-0096-b4d6-d67d-81a6a6d5ab1c,1631,0,Đặng Minh Long,contact1631@example.com,0970953842,,,,Hải Phòng,Account Manager,2025-02-16 19:40:33,2025-02-16,,true
f57cefc8-2f5d-6fd6-0de2-01b231fb18bc,1632,0,Đỗ Thanh Hà,contact1632@example.com,0936330288,1986,,,Hà Nội,Business Analyst,2026-08-16 14:59:51,2026-08-16,,true
1a648d30-0963-161c-7afb-783068aae55f,1633,21,Hoàng Minh Linh,contact1633@example.com,0922828052,1989,,,Hà Nội,Product Owner,2025-12-10 17:58:44,2025-12-10,,true
3b6b6054-51cb-cee7-fdc0-30040810da56,1634,0,Vũ Ngọc Sơn,contact1634@example.com,0928877659,1989,,,Đà Nẵng,Marketing Executive,2025-09-19 07:06:55,2025-09-19,,true
c2171498-1d26-b39d-1355-a620d9afa521,1635,0,Đỗ Hải Giang,contact1635@example.com,0997914631,2004,,,Huế,Marketing Executive,2026-08-25 11:11:42,2026-08-25,,true
3e4616c2-2887-e9be-36f5-1698cbee70fb,1636,0,Phan Ngọc Tuấn,contact1636@example.com,0933395400,2001,,,Hải Phòng,Data Analyst,2026-07-02 16:13:14,2026-07-02,,true
9c026b25-4c46-638f-cddd-3fc7c5c38c43,1637,0,Đặng Quốc Giang,contact1637@example.com,0939068652,2001,,,Hải Phòng,Student,2025-09-18 17:53:55,2025-09-18,,true
6ff0a020-3f5d-49d9-5b4a-be4bf364b799,1638,0,Ngô Ngọc Lan,contact1638@example.com,0933336119,,,,Bình Dương,,2025-01-06 12:16:37,2025-01-06,,true
55a8e46d-1794-dbed-c63e-e24dd5b8056b,1639,0,Đỗ Minh Trang,contact1639@example.com,0973337038,,,,Đà Nẵng,Product Owner,2026-04-30 14:17:42,2026-04-30,,true
0f82157a-82ca-2598-a3bb-9331df5181bc,1640,0,Lê Thanh Quân,contact1640@example.com,0962356553,,,,Đà Nẵng,Sales Executive,2026-01-28 19:23:52,2026-01-28,,true
71083466-e0ce-e4a8-49dd-fe2128c4de0d,1641,0,Đỗ Ngọc Khoa,contact1641@example.com,0964266882,,,,Bình Dương,Brand Manager,2026-03-03 20:19:06,2026-03-03,,true
bf78d7c8-56ce-3395-e362-cf128d2b73b3,1642,0,Vũ Quốc Hùng,contact1642@example.com,0985322051,1998,,,TP. Hồ Chí Minh,,2025-10-05 19:27:46,2025-10-05,,true
dd0885b1-7529-a2f6-a415-8988281a7dd1,1643,0,Hồ Thu Thảo,contact1643@example.com,0930231248,1995,,,Hải Phòng,Data Analyst,2025-10-24 13:56:58,2025-10-24,,true
bfc3e5bc-800d-d8dd-541a-1fab8c6c6191,1644,0,Vũ Quốc Lan,contact1644@example.com,0938521600,,,,Đà Nẵng,Product Owner,2026-03-05 13:47:40,2026-03-05,,true
dc461101-5abf-8127-189f-59f56a4fd3ab,1645,0,Lý Bảo Tuấn,contact1645@example.com,0941724268,2002,,,Huế,Data Analyst,2026-08-14 19:46:34,2026-08-14,,true
0f161581-6129-81b0-217c-0678795700a0,1646,0,Phan Thu Châu,contact1646@example.com,0913922772,2000,,,Huế,Sales Executive,2026-05-28 09:06:25,2026-05-28,,true
21be9f38-1e29-c15e-353f-e8c392e73ba5,1647,0,Ngô Thu Tâm,contact1647@example.com,0912563422,1989,,,Hải Phòng,Student,2025-06-20 07:06:17,2025-06-20,,true
d4d332e6-fdd2-9e6c-9401-cf76bfa886b5,1648,0,Đặng Thu Nam,contact1648@example.com,0934688483,1993,,,Huế,Business Analyst,2025-10-20 19:50:12,2025-10-20,,true
02e7b683-4cf2-7f33-e637-1a1ba16f9a2a,1649,0,Phan Bảo Dung,contact1649@example.com,0971741428,2003,,,Huế,,2026-02-02 16:22:48,2026-02-02,,true
9ed3f7e1-16a3-6d0d-75cd-58b2913132de,1650,0,Phạm Minh Tuấn,contact1650@example.com,0965513988,1997,,,Bình Dương,Student,2026-08-10 15:32:54,2026-08-10,,true
c5fabf97-c907-460e-5993-54c62b788de2,1651,0,Phan Quốc Khoa,contact1651@example.com,0990541689,1988,,,Hải Phòng,Data Analyst,2025-01-27 20:43:56,2025-01-27,,true
d54e9c62-6b54-c209-aa77-5836eaea93f6,1652,0,Trần Thị Hùng,contact1652@example.com,0940389767,1993,,,TP. Hồ Chí Minh,Founder,2025-04-27 14:36:38,2025-04-27,,true
09a686a9-376d-353d-99ba-118b7e5e212d,1653,0,Trần Bảo Tâm,contact1653@example.com,0945608258,1986,,,Hà Nội,Product Owner,2025-07-30 15:34:50,2025-07-30,,true
e1b71af2-d4ae-e54d-8fd3-8455879647bc,1654,19,Lê Văn Bình,contact1654@example.com,0951815603,1990,,,Hà Nội,Business Analyst,2025-09-15 09:06:25,2025-09-15,,true
3358b2ec-c50b-9ab2-d87b-589ef46c0289,1655,0,Trần Thị Trang,contact1655@example.com,0990828833,1994,,,TP. Hồ Chí Minh,Data Analyst,2026-03-04 10:25:58,2026-03-04,,true
189e7d6e-abda-4e04-fbff-a9e390c2ebf0,1656,0,Trần Ngọc Long,contact1656@example.com,0936505555,1986,,,Bình Dương,Founder,2025-12-04 16:35:16,2025-12-04,,true
ed1cf073-4f37-4486-ae8d-67b5953d4f7d,1657,0,Phạm Thị Quân,contact1657@example.com,0925570079,1989,,,Huế,Data Analyst,2026-08-27 08:05:20,2026-08-27,,true
d72352ce-21ec-d4d2-1e85-edf7178e564d,1658,0,Nguyễn Minh Sơn,contact1658@example.com,0984577463,,,,Hà Nội,Student,2025-01-17 11:19:57,2025-01-17,,true
6dbf7fbc-dc35-2b5a-4b68-8c40616cab19,1659,0,Lê Bảo Hùng,contact1659@example.com,0968537694,2001,,,Đà Nẵng,Founder,2025-11-03 17:08:58,2025-11-03,,true
1e74d80a-26d9-3400-a433-ce4e3fdf77a2,1660,0,Phạm Anh Nam,contact1660@example.com,0926389894,,,,Đà Nẵng,Business Analyst,2025-03-14 08:58:40,2025-03-14,,true
8c410b8e-6811-b11a-1101-82d163771964,1661,0,Bùi Ngọc Long,contact1661@example.com,0916898679,1998,,,Bình Dương,Business Analyst,2025-02-19 09:45:15,2025-02-19,,true
ef2a2bd7-10a4-23de-cf08-ac06b87d6e7a,1662,0,Lý Thanh Châu,contact1662@example.com,0910270663,1996,,,Đà Nẵng,Founder,2025-12-19 17:10:20,2025-12-19,,true
5e86ca3d-07d7-12df-0ef0-4ec3fb2d6908,1663,0,Đỗ Hải Nam,contact1663@example.com,0991135828,2003,,,Cần Thơ,Sales Executive,2026-08-21 15:33:33,2026-08-21,,true
72c0d42d-2f29-ca3e-fd92-ea2ada0b7ca4,1664,0,Hồ Ngọc Mai,contact1664@example.com,0958863529,,,,Đà Nẵng,Business Analyst,2025-12-15 20:28:22,2025-12-15,,true
4b4788c1-153f-b118-0af7-21a9a9d0716a,1665,0,Đỗ Hải Mai,contact1665@example.com,0913474941,1985,,,Hải Phòng,Marketing Executive,2025-03-30 19:25:08,2025-03-30,,true
e07fb751-1a44-7ac6-ceda-d670c72cee50,1666,25,Ngô Minh Lan,contact1666@example.com,0915439207,,,,Cần Thơ,Founder,2025-10-09 10:53:14,2025-10-09,2026-06-06,false
0f1a4334-9979-29e3-8a9f-70e668bfe4fe,1666,25,Ngô Minh Lan,contact1666@example.com,0915439207,,,,Cần Thơ,Student,2025-10-09 10:53:14,2026-06-06,,true
2e54ca50-25e8-c83d-8d5d-e8d9249031eb,1667,0,Phan Gia Dung,contact1667@example.com,0926336260,1990,,,TP. Hồ Chí Minh,Sales Executive,2025-04-13 11:00:30,2025-04-13,,true
c055ceb0-b9ee-2247-09fc-cdac179ef857,1668,0,Phan Quốc Trang,contact1668@example.com,0989330095,1986,,,Hà Nội,Student,2025-06-06 22:20:55,2025-06-06,,true
7168340b-f194-f3d4-c79e-eb8ef7993edc,1669,0,Phạm Thị Khoa,contact1669@example.com,0956577480,1995,,,TP. Hồ Chí Minh,Brand Manager,2026-04-09 10:14:23,2026-04-09,,true
c25905bf-994a-a04f-0a7a-b509fb04f274,1670,0,Nguyễn Hải Linh,contact1670@example.com,0925792082,1996,,,Hải Phòng,Account Manager,2025-06-18 23:37:08,2025-06-18,,true
df2053a3-553a-0159-9cfe-e5c913c376ce,1671,0,Lê Văn Linh,contact1671@example.com,0923734052,1995,,,TP. Hồ Chí Minh,Student,2025-09-04 07:08:59,2025-09-04,,true
a43d3cc6-15c2-b871-2cdf-8e10095256f8,1672,0,Lý Gia Nhi,contact1672@example.com,0970952599,2005,,,TP. Hồ Chí Minh,Account Manager,2026-06-07 10:59:41,2026-06-07,,true
c5ea7727-95ce-8a80-8eed-7ac976f3e6e1,1673,0,Đỗ Thu Tâm,contact1673@example.com,0996231589,1985,,,Bình Dương,Sales Executive,2026-07-23 14:01:24,2026-07-23,,true
582fe1b6-f533-cc86-52ba-cd958d73e3f8,1674,0,Dương Thanh Khoa,contact1674@example.com,0964022294,1985,,,Đà Nẵng,Brand Manager,2025-05-30 10:14:52,2025-05-30,,true
e4d43692-5bfa-2c97-4c4c-2c7db08122b0,1675,18,Huỳnh Bảo An,contact1675@example.com,0966250899,1998,,,Cần Thơ,Marketing Executive,2026-01-17 16:44:49,2026-01-17,,true
0b1134bb-e4c8-34a7-71ad-673d5f0a8b79,1676,0,Trần Hải Long,contact1676@example.com,0966422263,1992,,,Hải Phòng,Student,2026-09-15 20:00:24,2026-09-15,,true
7a99e310-31c7-8f1c-47c5-34e3831448cb,1677,0,Lê Thanh Thảo,contact1677@example.com,0984066316,1996,,,TP. Hồ Chí Minh,Marketing Executive,2025-11-20 09:59:14,2025-11-20,,true
cfc47f87-e05e-5522-cd7e-3ac652b73f7e,1678,0,Đặng Thanh Linh,contact1678@example.com,0971717603,,,,Hải Phòng,Business Analyst,2026-09-23 12:40:39,2026-09-23,,true
4ecce990-2042-c893-b59d-bb5574518a2f,1679,0,Võ Minh Hùng,contact1679@example.com,0950464166,1986,,,Đà Nẵng,Data Analyst,2025-10-16 12:15:47,2025-10-16,,true
2c92f14d-6259-24b2-075f-0f97ed9c52a7,1680,0,Phạm Quốc Tâm,contact1680@example.com,0955370500,1994,,,Huế,,2025-12-05 17:15:55,2025-12-05,,true
cb79dcb5-9ede-807c-24f7-53a3a83b9212,1681,0,Đỗ Thu Bình,contact1681@example.com,0942099757,,,,TP. Hồ Chí Minh,Sales Executive,2026-07-31 19:00:10,2026-07-31,,true
478f8cad-0bcc-9032-39f2-b7a3630a3b56,1682,0,Lê Quốc Tuấn,contact1682@example.com,0982185025,,,,TP. Hồ Chí Minh,Account Manager,2026-09-07 16:22:11,2026-09-07,,true
4d523294-06c4-f4a2-218a-a7c0d447c810,1683,0,Lê Thu Hà,contact1683@example.com,0923315575,1990,,,Cần Thơ,Business Analyst,2025-05-24 19:11:57,2025-05-24,,true
204ec480-fc77-c405-38a6-8341656e5a10,1684,0,Vũ Bảo Hà,contact1684@example.com,0964508531,1991,,,Hải Phòng,Marketing Executive,2026-04-21 12:57:07,2026-04-21,,true
186050e9-6b01-2fae-0b8a-93b126b699a6,1685,0,Huỳnh Gia Bình,contact1685@example.com,0950543196,1996,,,Hà Nội,Business Analyst,2025-02-03 13:07:53,2025-02-03,,true
a5689f3a-0ee1-ec9d-0087-1d180fd1be3b,1686,0,Phan Quốc Trang,contact1686@example.com,0940291991,2000,,,Hà Nội,,2025-02-19 10:36:15,2025-02-19,2026-03-05,false
256efea5-6074-d781-1975-8e626e274881,1686,0,Phan Quốc Trang,contact1686@example.com,0940291991,2000,,,Hà Nội,Business Analyst,2025-02-19 10:36:15,2026-03-05,,true
ff5c3815-9451-6729-7312-3d26ba22d6d5,1687,0,Lý Thị Sơn,contact1687@example.com,0959454698,2004,,,Đà Nẵng,Marketing Executive,2025-12-15 19:45:45,2025-12-15,,true
88d3542b-c826-a9b4-ea82-30457729407f,1688,0,Đỗ Ngọc Giang,contact1688@example.com,0941451618,1997,,,Bình Dương,Founder,2025-05-27 14:00:18,2025-05-27,,true
eb84e764-1aba-9ef9-e995-888cb3054c89,1689,0,Dương Văn Dung,contact1689@example.com,0992535681,1996,,,TP. Hồ Chí Minh,,2025-10-17 21:46:18,2025-10-17,,true
c8a411f7-06c8-e1aa-2001-6ab711202099,1690,0,Bùi Văn Mai,contact1690@example.com,0933729042,2005,,,Huế,Product Owner,2026-04-08 22:27:26,2026-04-08,,true
acd819c6-11ba-33d4-3ef3-ba2121cdbab6,1691,0,Lý Gia Bình,contact1691@example.com,0964597014,2004,,,Hà Nội,Business Analyst,2026-07-22 09:52:44,2026-07-22,,true
8a05ce06-1f83-c18b-7c7d-ca05af17b2a6,1692,0,Lý Anh Nhi,contact1692@example.com,0937447226,1989,,,TP. Hồ Chí Minh,Sales Executive,2026-05-05 21:01:24,2026-05-05,,true
9b34c649-26f8-03c6-d886-8d4d493bafc4,1693,0,Đặng Anh Sơn,contact1693@example.com,0959343037,2000,,,Hà Nội,Data Analyst,2025-06-09 09:55:08,2025-06-09,,true
3509b022-12b9-ee57-b281-b0d1b3fa5d5f,1694,0,Bùi Ngọc Thảo,contact1694@example.com,0982192225,1989,,,Huế,Sales Executive,2025-01-23 08:01:47,2025-01-23,,true
7daae2b3-1a70-a81a-4202-c418b6aedb91,1695,0,Hồ Hải Trang,contact1695@example.com,0938010136,2000,,,Huế,Account Manager,2026-03-24 18:38:42,2026-03-24,,true
d084b7df-07c3-f5bf-deec-a16faad41a73,1696,0,Bùi Ngọc Sơn,contact1696@example.com,0928718144,1988,,,Huế,Student,2025-07-26 22:26:21,2025-07-26,,true
e8dab4dc-cecb-e1f1-f655-1ac63879b941,1697,0,Vũ Quốc Châu,contact1697@example.com,0929394450,1993,,,Đà Nẵng,Brand Manager,2025-12-26 19:18:11,2025-12-26,,true
d06bddc5-4757-b52b-2a28-e8cd28e4e653,1698,0,Lý Hải Lan,contact1698@example.com,0980992433,1994,,,Cần Thơ,Product Owner,2026-01-10 17:59:48,2026-01-10,,true
55741a55-edc6-722f-88a9-34a162115e17,1699,27,Hoàng Quốc An,contact1699@example.com,0965468928,2003,,,Hải Phòng,Brand Manager,2025-10-22 18:53:07,2025-10-22,,true
70db85f9-9d27-d39d-0593-b210b3c052a8,1700,0,Dương Hải Yến,contact1700@example.com,0976060625,1992,,,Bình Dương,Brand Manager,2025-05-27 08:55:26,2025-05-27,,true
e49a4f58-4aee-df72-3225-6d64c9947eba,1701,0,Đặng Hải Vy,contact1701@example.com,0959828067,,,,TP. Hồ Chí Minh,Business Analyst,2025-08-07 11:04:08,2025-08-07,,true
3aecf60f-341f-e701-0633-c388757e1b17,1702,0,Lý Bảo Phúc,contact1702@example.com,0928379820,2001,,,Đà Nẵng,Marketing Executive,2026-07-18 07:18:58,2026-07-18,,true
b4024e90-b2df-1a53-9140-35e8ed2ccc5a,1703,0,Hoàng Ngọc Hùng,contact1703@example.com,0969687613,1989,,,Bình Dương,Marketing Executive,2026-06-25 21:35:43,2026-06-25,,true
fac2a13b-c8a8-a522-dce6-83a6d9448ec9,1704,0,Dương Văn Nam,contact1704@example.com,0936458389,1992,,,Bình Dương,Business Analyst,2025-03-07 19:31:25,2025-03-07,,true
44b74a0b-eb08-fc43-80dd-7f644acc2c22,1705,0,Hoàng Minh An,contact1705@example.com,0916578058,,,,Bình Dương,Account Manager,2026-03-13 13:00:07,2026-03-13,,true
b949c125-7faf-15be-67cc-fdf39af1cbf0,1706,0,Dương Anh Thảo,contact1706@example.com,0961140399,2001,,,TP. Hồ Chí Minh,Account Manager,2025-09-17 13:13:48,2025-09-17,,true
5ed73ae0-fc41-5175-8ff2-51cf06269f70,1707,0,Võ Bảo Linh,contact1707@example.com,0968366716,,,,Cần Thơ,Business Analyst,2025-03-29 19:00:54,2025-03-29,,true
f8187871-a730-8128-d32a-b0f60cc7754d,1708,0,Võ Bảo Mai,contact1708@example.com,0922560324,,,,TP. Hồ Chí Minh,Brand Manager,2025-10-14 08:07:55,2025-10-14,,true
377c15a4-0c7d-5796-e0b5-ddd08a77fcc0,1709,0,Hồ Thị Quân,contact1709@example.com,0956302514,,,,Cần Thơ,Marketing Executive,2025-01-01 09:06:57,2025-01-01,,true
136ac2c8-5705-aed4-824b-ef98e4c49882,1710,0,Trần Thanh Bình,contact1710@example.com,0946499069,1996,,,Hải Phòng,Product Owner,2026-06-06 08:18:16,2026-06-06,,true
0ac4a07c-3274-2991-0cc8-c8078174a096,1711,0,Võ Gia Tuấn,contact1711@example.com,0939157658,1999,,,Đà Nẵng,Brand Manager,2025-12-05 13:33:40,2025-12-05,,true
ed592398-f649-ff09-1759-91ea093d4e37,1712,0,Bùi Hải Linh,contact1712@example.com,0970046150,1999,,,Cần Thơ,Student,2025-01-13 10:59:25,2025-01-13,,true
fb1fb5e8-6c9e-7b87-63a6-b06fed871e96,1713,0,Phan Thu Yến,contact1713@example.com,0923801703,1988,,,Đà Nẵng,Account Manager,2025-06-08 10:25:57,2025-06-08,,true
79fb464e-10cf-f03f-69f0-517b28eab54a,1714,0,Hồ Thu Mai,contact1714@example.com,0987731187,2001,,,TP. Hồ Chí Minh,Sales Executive,2026-03-09 10:05:36,2026-03-09,,true
26633334-b4a1-7f7a-7092-40bc53c00a59,1715,0,Phan Thanh Mai,contact1715@example.com,0996385726,2003,,,Đà Nẵng,Product Owner,2025-11-25 07:21:34,2025-11-25,,true
7b62e628-b34d-5ab6-c6da-d79be7c9b4b3,1716,0,Huỳnh Thanh Hà,contact1716@example.com,0962062562,1989,,,Hà Nội,Founder,2025-09-10 18:15:15,2025-09-10,,true
83f3c616-c9e7-cab3-26d0-e3c401a75e0a,1717,0,Võ Hải Nhi,contact1717@example.com,0983558429,1991,,,Hà Nội,Sales Executive,2025-02-14 09:43:21,2025-02-14,,true
0facc51f-b5ca-7315-bd18-5220cf9e18eb,1718,0,Ngô Bảo Tâm,contact1718@example.com,0996885711,1995,,,Hà Nội,Brand Manager,2025-06-11 21:11:30,2025-06-11,,true
78ce872d-ec81-f021-9076-27b4ea855d66,1719,0,Vũ Văn Tâm,contact1719@example.com,0972695212,,,,Hà Nội,Account Manager,2025-05-09 23:23:19,2025-05-09,,true
20d6697c-51ac-9149-23e4-b52d4ae09629,1720,0,Huỳnh Thu Quân,contact1720@example.com,0972967268,1988,,,Hà Nội,Account Manager,2025-01-09 21:48:53,2025-01-09,,true
240c4622-4756-228e-db88-5d27b7614545,1721,0,Trần Văn Phúc,contact1721@example.com,0921132580,1986,,,Huế,Business Analyst,2026-05-08 23:58:24,2026-05-08,,true
946239de-ad87-f3d7-1ecc-9af6ef46e612,1722,0,Dương Thu Dung,contact1722@example.com,0993086620,,,,Huế,Product Owner,2025-10-25 08:22:47,2025-10-25,,true
441982d6-c76b-25ad-499e-52b531dc8958,1723,0,Dương Hải Linh,contact1723@example.com,0915461577,1997,,,Cần Thơ,Sales Executive,2026-04-30 20:22:49,2026-04-30,2026-08-16,false
29568c67-26ff-b2a1-5ddc-7abbb6a16061,1723,0,Dương Hải Linh,contact1723@example.com,0915461577,1997,,,Cần Thơ,Student,2026-04-30 20:22:49,2026-08-16,,true
fbec4b87-3e6e-bd2c-4224-b70ec29f06c7,1724,0,Dương Bảo Hùng,contact1724@example.com,0934467753,1987,,,Cần Thơ,Data Analyst,2025-05-22 19:43:45,2025-05-22,,true
1d4211f8-9634-d83f-a3fa-69c2c9e116b9,1725,0,Lý Anh Khoa,contact1725@example.com,0966550416,1988,,,Đà Nẵng,Founder,2025-01-14 21:01:23,2025-01-14,,true
8f7e91de-5941-109a-66bd-483a2271e3be,1726,0,Lê Hải Yến,contact1726@example.com,0930319496,1985,,,Cần Thơ,Marketing Executive,2025-12-03 08:47:44,2025-12-03,,true
2fd81782-99a1-a943-16d9-aa91e4f96c65,1727,0,Phan Ngọc Long,contact1727@example.com,0948791927,1991,,,Đà Nẵng,Founder,2025-08-02 21:58:21,2025-08-02,,true
17745bc2-3529-c231-e068-9f1905dfc5bb,1728,0,Ngô Anh Nam,contact1728@example.com,0948068331,1992,,,Huế,Business Analyst,2026-08-08 09:52:16,2026-08-08,,true
e6d1fdde-979d-5820-e393-a344dbba4c4f,1729,0,Đỗ Minh Sơn,contact1729@example.com,0929057175,2002,,,Đà Nẵng,Student,2026-05-22 11:52:42,2026-05-22,,true
16052cda-51d3-3ded-0478-c8cdca37973b,1730,3,Hoàng Văn Tâm,contact1730@example.com,0962495636,1987,,,Đà Nẵng,Product Owner,2026-05-26 11:18:00,2026-05-26,,true
e60aada1-51fd-198f-3c06-57a9fd04a25c,1731,0,Lý Thị Nam,contact1731@example.com,0997470016,1986,,,Bình Dương,Sales Executive,2026-07-27 17:17:13,2026-07-27,,true
96b16459-985e-4886-d21d-069686bd20ac,1732,0,Phan Văn Châu,contact1732@example.com,0917813136,1986,,,Cần Thơ,Marketing Executive,2025-08-11 19:38:45,2025-08-11,,true
e17adfd9-8b33-894c-55c9-4df7108109b5,1733,0,Đặng Gia Bình,contact1733@example.com,0933285456,1992,,,Đà Nẵng,Student,2026-07-21 21:33:07,2026-07-21,,true
ea8b6d73-88a6-6f33-2b9e-ebab64d72967,1734,0,Võ Ngọc Tuấn,contact1734@example.com,0969523081,1987,,,TP. Hồ Chí Minh,Product Owner,2025-07-04 08:39:47,2025-07-04,,true
e4e5ab2a-7578-1b4d-c7a1-9d754d97f351,1735,0,Ngô Gia Châu,contact1735@example.com,0956813817,,,,Huế,,2026-06-09 09:08:08,2026-06-09,,true
c79e0484-aca1-c130-364b-979ff26692f6,1736,0,Vũ Thị Châu,contact1736@example.com,0914876917,,,,Bình Dương,Account Manager,2025-09-20 07:55:22,2025-09-20,,true
bf3b21fb-1ff2-5e0d-fcc8-919e95a3ba61,1737,0,Dương Bảo Sơn,contact1737@example.com,0948952120,,,,Hà Nội,Account Manager,2025-01-09 20:31:59,2025-01-09,,true
82538874-1929-c52f-dde4-e5a0b0a9065c,1738,0,Đỗ Anh An,contact1738@example.com,0923937948,2000,,,Hải Phòng,Founder,2026-03-09 14:30:26,2026-03-09,,true
e10c8e36-6581-d3d3-a79d-10a8ba8cb85a,1739,0,Phan Hải Khoa,contact1739@example.com,0968041409,1996,,,Hà Nội,Data Analyst,2026-02-12 11:42:33,2026-02-12,,true
72926459-31d8-ec57-b012-c7e6b30131e0,1740,0,Ngô Hải Nhi,contact1740@example.com,0969572971,2001,,,Hà Nội,,2025-06-15 19:11:37,2025-06-15,,true
5765e2bb-52ce-32e8-22b5-4f371b2e1e89,1741,0,Nguyễn Thu Linh,contact1741@example.com,0987950994,1995,,,Cần Thơ,Account Manager,2025-03-29 17:10:11,2025-03-29,,true
064e97f5-883e-54a9-bdf7-1fc7f5a7d23e,1742,0,Lý Hải Linh,contact1742@example.com,0913347059,1991,,,Cần Thơ,Brand Manager,2026-05-07 21:09:27,2026-05-07,,true
dcebbf94-f2f1-feb0-f50f-64a5971965f5,1743,0,Hồ Quốc Quân,contact1743@example.com,0984012494,2003,,,Hà Nội,Business Analyst,2025-03-16 16:07:49,2025-03-16,,true
df7f6207-0e5b-6b91-0a14-a9f16db42d26,1744,0,Dương Thị Tuấn,contact1744@example.com,0925321054,,,,Đà Nẵng,Account Manager,2026-02-10 18:51:05,2026-02-10,,true
fe0f1bc9-768a-ceb7-a3b3-207c597e2005,1745,0,Võ Bảo Yến,contact1745@example.com,0995711029,1999,,,Cần Thơ,Founder,2025-02-14 07:45:38,2025-02-14,2025-11-09,false
242bf7bf-c621-068e-0443-d9a8a47ed76e,1745,0,Võ Bảo Yến,contact1745@example.com,0995711029,1999,,,Cần Thơ,Sales Executive,2025-02-14 07:45:38,2025-11-09,,true
99c93a43-a4a4-08f5-a95c-7f2566c8b707,1746,0,Hồ Anh Bình,contact1746@example.com,0976224048,2003,,,Huế,Marketing Executive,2025-01-18 17:40:00,2025-01-18,,true
cff88b63-22d7-8c4f-f0bf-602305127656,1747,0,Nguyễn Hải Hà,contact1747@example.com,0915616707,2000,,,Bình Dương,Sales Executive,2025-07-04 20:38:13,2025-07-04,,true
7eac66c1-539e-2025-cf18-d1b9b28158f0,1748,0,Võ Bảo Phúc,contact1748@example.com,0958785465,2005,,,Đà Nẵng,Marketing Executive,2025-06-26 19:41:45,2025-06-26,,true
a55c67bd-5ca4-a098-3551-bf83c9faf9b7,1749,0,Đỗ Hải Vy,contact1749@example.com,0976577067,1997,,,Cần Thơ,Founder,2025-04-05 15:19:25,2025-04-05,,true
bdcd00a9-8fc2-ae2d-4bf2-cc01c95b44d8,1750,0,Ngô Quốc Sơn,contact1750@example.com,0936659217,1993,,,Cần Thơ,Sales Executive,2026-01-15 09:17:24,2026-01-15,,true
dc554e9c-0780-1bde-277d-6af93d86c367,1751,0,Lý Ngọc Nhi,contact1751@example.com,0962564632,,,,Cần Thơ,Brand Manager,2025-12-28 20:40:10,2025-12-28,,true
40776c4a-a619-95de-d441-41d4a829c2ae,1752,0,Đặng Ngọc Hà,contact1752@example.com,0997301166,2004,,,Cần Thơ,Sales Executive,2026-04-17 22:23:33,2026-04-17,,true
66a0ed04-44e6-5aaa-8831-eab32cc42de6,1753,2,Đặng Quốc Bình,contact1753@example.com,0958476510,,,,Hà Nội,,2026-03-17 17:55:34,2026-03-17,,true
c9d91a56-a28b-2e14-4507-32a850924b7f,1754,0,Phan Bảo Bình,contact1754@example.com,0972738810,2000,,,TP. Hồ Chí Minh,,2025-01-09 08:29:12,2025-01-09,,true
a86e5687-05ed-ca30-57ef-661efe11ac4f,1755,0,Đỗ Thị Mai,contact1755@example.com,0915160879,2005,,,Hà Nội,Student,2025-01-04 09:26:08,2025-01-04,,true
dbc4da67-9ed5-30f7-7dd1-0830c0271c77,1756,0,Lê Minh Phúc,contact1756@example.com,0990077658,1992,,,Huế,Sales Executive,2026-07-30 10:19:13,2026-07-30,,true
66aed15d-2ab7-fb10-de72-ac23fe66f861,1757,0,Phạm Thị Giang,contact1757@example.com,0942078118,2003,,,Hà Nội,Student,2025-12-05 13:05:51,2025-12-05,,true
3143ac24-874d-b931-3933-a7d47ef3f84e,1758,0,Hồ Minh Vy,contact1758@example.com,0956163652,1986,,,Cần Thơ,Brand Manager,2026-04-17 15:09:35,2026-04-17,,true
18011cfb-52fd-641f-3b6e-33f795a85dc0,1759,0,Võ Anh Nhi,contact1759@example.com,0915499946,,,,Huế,Data Analyst,2025-12-25 18:18:21,2025-12-25,,true
3f58ee69-3325-da60-74a4-01316a6d7c9d,1760,0,Dương Văn Nhi,contact1760@example.com,0928215017,2002,,,Huế,Data Analyst,2025-11-06 17:48:43,2025-11-06,,true
2c7e254b-19fc-2491-e20a-558241e04166,1761,0,Bùi Thu Mai,contact1761@example.com,0966798044,1990,,,Huế,Product Owner,2026-01-30 10:53:08,2026-01-30,,true
d50edd86-9a7f-7500-1576-4b3e3bea22db,1762,0,Dương Hải Hà,contact1762@example.com,0911894564,1986,,,Hải Phòng,,2025-01-30 23:16:33,2025-01-30,,true
971593fb-d24e-387a-9d94-601bb89a3e7c,1763,0,Lê Hải Quân,contact1763@example.com,0917961300,1986,,,Bình Dương,Brand Manager,2025-01-21 14:59:39,2025-01-21,,true
f50fa11b-87d4-eb62-8e59-8494eb753fd7,1764,0,Phạm Minh Hùng,contact1764@example.com,0947634250,,,,Huế,Account Manager,2025-05-09 20:28:14,2025-05-09,2026-02-20,false
1727d487-ef8d-f74d-d9a7-4d36581aa085,1764,0,Phạm Minh Hùng,contact1764@example.com,0947634250,,,,Huế,Student,2025-05-09 20:28:14,2026-02-20,,true
1b68bdbb-3ccf-d7d2-b8ec-0c1dc912280e,1765,0,Vũ Hải Linh,contact1765@example.com,0959159629,1989,,,Cần Thơ,Business Analyst,2025-06-05 08:09:23,2025-06-05,,true
bf9cd75c-0637-66dd-9729-0c024af53dfe,1766,0,Hồ Thu Hà,contact1766@example.com,0991386748,1988,,,Bình Dương,Brand Manager,2025-05-16 22:23:49,2025-05-16,,true
e2f820df-15a5-7d60-cba8-dd6eea5479f2,1767,0,Phan Anh Linh,contact1767@example.com,0943384189,2004,,,Đà Nẵng,Sales Executive,2025-09-22 13:57:05,2025-09-22,2026-09-21,false
fb37f111-aa1a-dda7-2822-f0a9db12ad2e,1767,0,Phan Anh Linh,contact1767@example.com,0943384189,2004,,,Đà Nẵng,Founder,2025-09-22 13:57:05,2026-09-21,,true
f5beee1a-c842-2488-e73b-63f363cbb148,1768,0,Nguyễn Hải Giang,contact1768@example.com,0988456512,1999,,,Cần Thơ,Business Analyst,2026-05-11 10:43:41,2026-05-11,,true
9e597f5d-d1f1-df71-3a84-be767d3a5cd4,1769,0,Phạm Hải Giang,contact1769@example.com,0992461184,1986,,,Bình Dương,Account Manager,2025-03-07 21:13:54,2025-03-07,,true
838b54b4-909b-fa8d-230c-77f15be66e9e,1770,0,Bùi Thu Hùng,contact1770@example.com,0971808526,2000,,,Hà Nội,Marketing Executive,2025-04-11 14:25:36,2025-04-11,,true
01813f3f-2d75-fd4f-fcfa-2369cf11be94,1771,0,Lê Quốc Hùng,contact1771@example.com,0917580576,1995,,,Hà Nội,Marketing Executive,2026-05-15 07:28:41,2026-05-15,,true
73dce0e0-6657-00be-80c4-898950f30807,1772,0,Trần Ngọc Linh,contact1772@example.com,0995624361,1986,,,TP. Hồ Chí Minh,,2026-01-22 23:15:35,2026-01-22,,true
256d1405-b93d-f0b6-b603-01aa89561001,1773,1,Phan Thanh Nhi,contact1773@example.com,0971637911,1994,,,Bình Dương,Data Analyst,2025-02-18 14:41:49,2025-02-18,,true
47e3a429-3e9b-f492-3e62-196e19a208a4,1774,0,Vũ Gia Vy,contact1774@example.com,0927738545,1987,,,Hà Nội,Brand Manager,2026-03-11 23:06:02,2026-03-11,,true
e1a8ecda-13a8-fde4-bb30-30c3af656bef,1775,0,Huỳnh Quốc Khoa,contact1775@example.com,0933328735,2002,,,Bình Dương,Sales Executive,2025-04-13 12:09:00,2025-04-13,,true
61604bd6-bcff-e03f-3edb-4050fd880bfa,1776,0,Vũ Gia Thảo,contact1776@example.com,0999598978,2005,,,Bình Dương,Founder,2026-02-01 20:14:26,2026-02-01,,true
b79f18eb-b2e1-3d23-41c9-62f214aed155,1777,0,Lý Hải Quân,contact1777@example.com,0934721194,1985,,,Đà Nẵng,Business Analyst,2026-04-23 23:37:45,2026-04-23,,true
1aacd28e-5215-8776-9b4d-d12ad683e1f4,1778,0,Ngô Ngọc Lan,contact1778@example.com,0985246298,1985,,,Huế,Account Manager,2025-02-21 22:58:00,2025-02-21,,true
6b99cfc8-5d05-b9f2-ef4b-21094271534a,1779,0,Phạm Bảo Châu,contact1779@example.com,0993512388,2005,,,Đà Nẵng,Brand Manager,2026-04-15 07:33:23,2026-04-15,,true
cf95e764-af31-e92d-bbff-1e4b7236b469,1780,0,Phạm Bảo Hà,contact1780@example.com,0970870360,1987,,,TP. Hồ Chí Minh,Founder,2025-05-26 19:22:21,2025-05-26,,true
ec756a2a-61b5-f657-d445-3727c3d14c96,1781,0,Ngô Ngọc Thảo,contact1781@example.com,0957563461,1989,,,Bình Dương,Product Owner,2026-05-29 23:26:48,2026-05-29,,true
37a88934-23c9-44ab-babc-7d4b2a76ab82,1782,0,Phạm Ngọc Tâm,contact1782@example.com,0980431143,1994,,,Huế,Marketing Executive,2026-07-10 18:23:31,2026-07-10,,true
125594f0-1c46-7349-ae12-f4b6f390ca5d,1783,0,Hồ Hải Hà,contact1783@example.com,0976335645,1991,,,Hà Nội,Student,2025-10-23 19:04:19,2025-10-23,,true
6be74e77-bcb4-067d-8828-418dfd879360,1784,0,Phạm Quốc Hà,contact1784@example.com,0949664236,1988,,,Cần Thơ,Product Owner,2026-03-03 10:43:19,2026-03-03,,true
ed4e149f-7ba8-43a3-e703-4c1282b10891,1785,0,Hồ Quốc Nam,contact1785@example.com,0982296087,,,,Hải Phòng,,2026-03-02 15:30:01,2026-03-02,2026-07-06,false
f6172de1-c787-64de-8f09-1ace8d1bde2f,1785,0,Hồ Quốc Nam,contact1785@example.com,0982296087,,,,Hải Phòng,Sales Executive,2026-03-02 15:30:01,2026-07-06,,true
c78af9dc-251c-8c20-f3bc-1432bf2f97f3,1786,0,Vũ Hải Khoa,contact1786@example.com,0920570710,,,,Cần Thơ,Business Analyst,2025-01-03 22:43:38,2025-01-03,,true
efc7ba96-be29-e59b-608a-f5ee0cc4e865,1787,0,Trần Hải Long,contact1787@example.com,0990303824,1987,,,Hà Nội,Student,2026-09-01 10:42:41,2026-09-01,,true
fd28a4d7-c5ce-245c-9558-fa31b24f59f9,1788,0,Lý Thị Sơn,contact1788@example.com,0935847589,2002,,,Hà Nội,Founder,2026-08-14 12:08:32,2026-08-14,,true
ee0b349c-2946-5d29-50d3-46e80e8fb3d4,1789,0,Võ Bảo Quân,contact1789@example.com,0948233190,1999,,,Cần Thơ,,2025-02-24 22:21:43,2025-02-24,,true
f0c3ad82-feb1-d313-1a1d-07eca9b4715f,1790,0,Bùi Hải Mai,contact1790@example.com,0979361537,2002,,,Cần Thơ,Account Manager,2025-04-20 10:17:34,2025-04-20,,true
fb276440-7603-fce3-98ac-352b2b0cba41,1791,0,Bùi Hải Khoa,contact1791@example.com,0922712149,,,,TP. Hồ Chí Minh,Data Analyst,2025-01-10 20:04:31,2025-01-10,,true
92eef5bb-16b3-bada-122f-0f9481d2645b,1792,0,Phạm Hải Trang,contact1792@example.com,0950948257,1991,,,Hải Phòng,Account Manager,2025-12-27 12:47:55,2025-12-27,,true
7fe5339c-0351-dfd7-d2c3-ab9ba49bc679,1793,0,Trần Hải Sơn,contact1793@example.com,0932372707,1988,,,Huế,Sales Executive,2025-08-05 23:54:44,2025-08-05,,true
cd6586ee-1edb-568b-ebc1-9f826bed6efa,1794,0,Huỳnh Thị Nam,contact1794@example.com,0939769947,,,,Bình Dương,Sales Executive,2026-05-21 18:12:50,2026-05-21,,true
29d0cb45-ac2c-96e7-79e9-a90b3e1fcad1,1795,0,Võ Bảo Bình,contact1795@example.com,0916094691,2004,,,Huế,Marketing Executive,2025-03-20 22:39:55,2025-03-20,,true
9603df79-eac5-0d4b-9902-fea3ae19e2b4,1796,0,Vũ Quốc Yến,contact1796@example.com,0966518812,,,,Huế,Sales Executive,2025-10-30 18:33:49,2025-10-30,,true
45b75b82-cf08-6740-701d-2fe41b186be4,1797,0,Phan Bảo Tuấn,contact1797@example.com,0930686596,1995,,,Huế,Brand Manager,2025-05-07 11:30:54,2025-05-07,,true
2ea4790b-fdd0-2c32-b405-e657d1a37650,1798,0,Lê Anh Lan,contact1798@example.com,0976240612,,,,TP. Hồ Chí Minh,Data Analyst,2026-09-07 12:20:35,2026-09-07,,true
406eb2c6-8e0b-38ab-c5c6-8438b92c0430,1799,0,Vũ Bảo Trang,contact1799@example.com,0945046953,1988,,,Huế,Sales Executive,2026-02-20 08:07:44,2026-02-20,,true
6dbbf0f8-964f-05a1-a68e-851a0bcfed34,1800,0,Vũ Văn Quân,contact1800@example.com,0990237479,1995,,,Huế,,2025-04-07 17:24:13,2025-04-07,,true
9af853fb-9c7c-c702-bfcf-648cfc3ac087,1801,0,Dương Minh Tuấn,contact1801@example.com,0947254157,,,,Hà Nội,Account Manager,2025-11-10 18:56:50,2025-11-10,,true
f68695aa-373e-2f8f-34c9-3ebfe099ab65,1802,0,Phan Quốc Tuấn,contact1802@example.com,0922475223,2001,,,Hà Nội,Data Analyst,2025-04-21 21:30:40,2025-04-21,,true
2bf14f70-a684-4cf3-21f2-57f24e3dc31a,1803,0,Hoàng Thị Quân,contact1803@example.com,0998162568,1994,,,Hà Nội,Business Analyst,2025-07-16 20:28:01,2025-07-16,,true
4f5c6a32-ca78-98e6-a618-a46b19919b61,1804,0,Huỳnh Ngọc Nhi,contact1804@example.com,0951966025,1985,,,Hà Nội,Account Manager,2025-10-03 08:26:43,2025-10-03,,true
83c6e86c-bc5f-eb6a-ab16-35f01e3640b1,1805,18,Vũ Quốc An,contact1805@example.com,0990654516,1998,,,Đà Nẵng,Data Analyst,2025-06-20 11:42:42,2025-06-20,,true
31490475-e5b2-7ed0-10a0-cd0fb4e91064,1806,0,Đặng Thị Linh,contact1806@example.com,0976436808,2004,,,Cần Thơ,,2025-03-08 20:17:00,2025-03-08,,true
aada8ba0-137a-d987-dc2e-10f562b2fa87,1807,0,Bùi Thị Vy,contact1807@example.com,0995018569,2001,,,Huế,Business Analyst,2025-11-24 16:53:40,2025-11-24,,true
2cac003c-f4f1-83e5-a259-2eb5090501a0,1808,0,Bùi Bảo Lan,contact1808@example.com,0934325432,,,,Cần Thơ,Business Analyst,2025-03-14 07:41:12,2025-03-14,,true
40032b13-9195-164c-17e0-93ca623bb1c6,1809,0,Ngô Bảo Hà,contact1809@example.com,0932532600,1992,,,TP. Hồ Chí Minh,Account Manager,2026-01-27 19:27:37,2026-01-27,,true
2d7c1657-ac60-8144-6cb5-329960e86fd5,1810,40,Vũ Thanh Giang,contact1810@example.com,0947640380,1989,,,Đà Nẵng,Marketing Executive,2025-03-08 13:38:43,2025-03-08,,true
9cbf4d7d-e70c-3280-6fa9-7de7619987c0,1811,0,Vũ Ngọc Lan,contact1811@example.com,0938009488,1988,,,Bình Dương,Account Manager,2025-07-11 13:51:19,2025-07-11,,true
7323eab3-0554-b144-57f1-480a546bc509,1812,0,Vũ Gia Hà,contact1812@example.com,0961501896,,,,TP. Hồ Chí Minh,Account Manager,2025-02-08 18:51:18,2025-02-08,,true
ce81d541-6d4a-a116-91be-d6c83fad566f,1813,0,Đỗ Bảo Lan,contact1813@example.com,0974371388,,,,Huế,Marketing Executive,2025-12-15 07:36:55,2025-12-15,,true
09a27c56-0128-e485-338f-8ce985e58910,1814,0,Phạm Thu Nam,contact1814@example.com,0954041845,1999,,,Hà Nội,Account Manager,2026-03-09 16:20:13,2026-03-09,,true
f67ebec9-842f-2c4b-6096-29e6aabe05a3,1815,0,Dương Ngọc Lan,contact1815@example.com,0948225468,2004,,,Bình Dương,Product Owner,2026-08-26 17:17:08,2026-08-26,,true
9f08a213-42c7-de49-d8a5-c32915c2ca8c,1816,0,Phạm Thu Yến,contact1816@example.com,0996231907,1998,,,Cần Thơ,Marketing Executive,2026-04-06 15:29:01,2026-04-06,,true
a7120dfe-0003-6056-5367-210cba575e20,1817,0,Võ Thu Dung,contact1817@example.com,0955194108,1996,,,Hải Phòng,Product Owner,2025-03-26 09:01:48,2025-03-26,,true
f72e5937-f83b-6c67-351d-e11bb1bd449c,1818,0,Hồ Thu Vy,contact1818@example.com,0949262869,1990,,,TP. Hồ Chí Minh,Student,2026-07-10 23:27:01,2026-07-10,,true
7c0664aa-3ab5-1e50-f2c9-cc0fca7e2d4e,1819,0,Võ Quốc An,contact1819@example.com,0996666133,1998,,,Hải Phòng,,2026-03-22 17:01:56,2026-03-22,,true
0885dbcf-f57e-cb8e-4cf8-3b401fd6d1df,1820,0,Lý Gia Thảo,contact1820@example.com,0932524235,,,,Huế,Founder,2025-02-14 12:50:35,2025-02-14,,true
1243a7d7-ca22-46d5-fe22-a8c383a022e0,1821,0,Bùi Thu Nhi,contact1821@example.com,0933143117,,,,Huế,Student,2025-12-05 08:55:43,2025-12-05,,true
15a70b2d-d703-9652-b857-d87a04d999e6,1822,0,Ngô Gia Bình,contact1822@example.com,0961722494,2001,,,Đà Nẵng,Sales Executive,2025-09-13 16:36:15,2025-09-13,2025-11-22,false
707452ae-242c-60e4-c39d-d70cd9a3af5a,1822,0,Ngô Gia Bình,contact1822@example.com,0961722494,2001,,,Đà Nẵng,Account Manager,2025-09-13 16:36:15,2025-11-22,,true
6044abd0-8630-b789-59ab-d41c75acb371,1823,0,Nguyễn Thanh Tuấn,contact1823@example.com,0977607494,,,,TP. Hồ Chí Minh,Founder,2026-08-13 09:51:39,2026-08-13,,true
c7e7f31f-8238-3310-6728-cd494217199a,1824,0,Trần Ngọc Nhi,contact1824@example.com,0938941630,1994,,,TP. Hồ Chí Minh,,2025-02-19 13:24:20,2025-02-19,,true
e6f507a9-be27-21cd-d79b-37a1b6ccece5,1825,0,Hoàng Ngọc Khoa,contact1825@example.com,0959765757,1998,,,Hà Nội,Founder,2025-09-08 14:06:34,2025-09-08,2026-01-28,false
724ddd1e-e2ca-eb65-1fc0-8d8fd6942cdf,1825,0,Hoàng Ngọc Khoa,contact1825@example.com,0959765757,1998,,,Hà Nội,Student,2025-09-08 14:06:34,2026-01-28,,true
826aad17-0a88-2932-b255-b709502b5dc0,1826,0,Huỳnh Anh Nhi,contact1826@example.com,0928240842,1997,,,Hải Phòng,Account Manager,2025-10-14 18:29:29,2025-10-14,,true
5593862c-b67e-2215-809f-9b4fd6dd12af,1827,0,Lý Quốc Trang,contact1827@example.com,0946589765,2005,,,TP. Hồ Chí Minh,Student,2026-07-22 22:52:31,2026-07-22,,true
df433659-43e0-1c80-0667-daa2480957a4,1828,0,Võ Văn Khoa,contact1828@example.com,0973914240,1998,,,Cần Thơ,Founder,2025-12-29 13:28:47,2025-12-29,,true
c6e6921d-a6d8-7a72-352b-a3e3c43b5ba7,1829,0,Dương Quốc Hùng,contact1829@example.com,0950003269,1995,,,Huế,Founder,2026-05-07 20:29:22,2026-05-07,,true
26676451-8198-fc8e-b9d9-55d85b68d4a9,1830,0,Trần Bảo Lan,contact1830@example.com,0914495909,,,,Đà Nẵng,Product Owner,2026-08-26 08:50:02,2026-08-26,,true
f10543f9-2150-70d4-ad44-fe0cdd6b5802,1831,0,Bùi Anh Vy,contact1831@example.com,0966729328,1995,,,TP. Hồ Chí Minh,Sales Executive,2025-10-25 17:15:33,2025-10-25,,true
aa69aac2-c0e3-09ac-fd56-6c8695bcf1b9,1832,0,Nguyễn Bảo Châu,contact1832@example.com,0919413975,1992,,,Huế,Student,2025-02-02 07:55:02,2025-02-02,,true
baec2ca3-4fdc-8ac8-1395-8e2f6d279518,1833,0,Bùi Gia Hùng,contact1833@example.com,0970105652,,,,Đà Nẵng,Product Owner,2026-03-06 17:05:05,2026-03-06,,true
a6a148c3-abd4-b9a0-665f-8993695f30c5,1834,0,Ngô Gia Quân,contact1834@example.com,0999782208,1999,,,Bình Dương,,2026-04-05 09:32:41,2026-04-05,,true
9e6b42d2-a453-cfdc-86d9-5abd044b6c42,1835,24,Hoàng Quốc Nam,contact1835@example.com,0956049222,,,,Cần Thơ,Brand Manager,2026-01-28 11:45:39,2026-01-28,,true
3df1b08f-ae2f-4a94-7b2e-86f3d692b225,1836,12,Huỳnh Thu Nhi,contact1836@example.com,0948355754,,,,Đà Nẵng,Student,2025-06-18 14:44:14,2025-06-18,,true
7c0bb276-4eee-8480-0840-53356047db30,1837,0,Trần Quốc Châu,contact1837@example.com,0939028805,,,,Cần Thơ,Product Owner,2026-03-09 12:58:09,2026-03-09,,true
9b0fa7c1-53ca-dfcd-301f-4cda00ae81a1,1838,0,Bùi Minh Lan,contact1838@example.com,0971096872,1994,,,Huế,Business Analyst,2025-09-06 15:29:46,2025-09-06,,true
b31e50fc-ae94-d6be-bf6a-806aea705729,1839,0,Huỳnh Ngọc Sơn,contact1839@example.com,0974538706,1996,,,Hà Nội,Account Manager,2025-04-16 07:59:57,2025-04-16,,true
321289ec-5fb7-2099-839d-27745af7a91c,1840,0,Lê Ngọc Mai,contact1840@example.com,0920248176,1991,,,Hà Nội,Business Analyst,2026-02-21 22:30:19,2026-02-21,,true
53ef2e33-9a31-797d-8ce5-87877d2c70bd,1841,0,Phan Bảo Sơn,contact1841@example.com,0982204352,1990,,,Bình Dương,Data Analyst,2026-03-05 17:34:52,2026-03-05,,true
c205a109-585c-86a0-75f1-743060754bc1,1842,0,Hồ Quốc Mai,contact1842@example.com,0979636081,,,,Huế,Data Analyst,2026-09-25 09:58:10,2026-09-25,,true
629b1f6b-ddbb-ea9f-4219-74c2d1b2205f,1843,0,Lê Gia Yến,contact1843@example.com,0915509949,1991,,,Cần Thơ,Data Analyst,2025-08-09 10:37:14,2025-08-09,,true
ec7a4974-bc4a-171c-966e-dc31d72588e3,1844,0,Đỗ Bảo Phúc,contact1844@example.com,0942502527,,,,Huế,Marketing Executive,2025-05-11 12:19:58,2025-05-11,,true
e1f599ee-5514-3e7e-1577-06e63fdc848e,1845,0,Phan Thanh Châu,contact1845@example.com,0921697884,1997,,,Hà Nội,Sales Executive,2025-03-06 23:20:09,2025-03-06,,true
1683f329-8867-260d-70e2-2b707324cc7c,1846,0,Bùi Ngọc Bình,contact1846@example.com,0935475774,1994,,,Đà Nẵng,Marketing Executive,2026-01-07 13:54:03,2026-01-07,,true
4e307317-ccdb-3925-bfd2-ef7c3cc4fe31,1847,0,Bùi Quốc Phúc,contact1847@example.com,0964596715,,,,Bình Dương,Product Owner,2025-04-13 20:23:39,2025-04-13,,true
0e197c86-2717-6819-575b-b6ff44539a53,1848,0,Huỳnh Bảo Thảo,contact1848@example.com,0923190988,2004,,,Huế,,2025-11-07 10:50:35,2025-11-07,,true
aa05fbd5-28f8-344e-21e5-eed2a2ee459d,1849,0,Hồ Anh Nam,contact1849@example.com,0992659260,1986,,,Huế,Account Manager,2025-03-26 10:01:26,2025-03-26,,true
618b1b2e-c83b-e551-a67f-88502ba5d62a,1850,0,Hoàng Minh Vy,contact1850@example.com,0921236530,2000,,,Đà Nẵng,Product Owner,2025-05-07 19:34:09,2025-05-07,,true
a97c0644-239f-7c50-3afb-233e91968637,1851,0,Võ Thu Thảo,contact1851@example.com,0921589740,,,,Hà Nội,Brand Manager,2026-08-06 19:09:01,2026-08-06,,true
8f113c8d-446f-d414-d864-9c33e9b1c858,1852,0,Phan Minh Giang,contact1852@example.com,0914094384,2005,,,Bình Dương,Founder,2025-12-27 11:35:40,2025-12-27,,true
0b7130f6-cfb8-0b6d-b79b-a014e6a5cf84,1853,0,Dương Thị Giang,contact1853@example.com,0991880896,1994,,,Đà Nẵng,Business Analyst,2026-05-21 11:16:51,2026-05-21,,true
c87e332c-6b23-686b-0346-7306431c17b6,1854,0,Hồ Văn Nam,contact1854@example.com,0915894550,1985,,,TP. Hồ Chí Minh,Business Analyst,2026-06-09 07:45:59,2026-06-09,,true
ba8a946a-f8d8-6c40-80af-677ba272ceba,1855,0,Hồ Bảo Long,contact1855@example.com,0915591248,1985,,,Đà Nẵng,Data Analyst,2025-11-04 22:16:28,2025-11-04,,true
7dfcb03a-8f11-b60e-83cb-763e38767632,1856,0,Trần Thị Nam,contact1856@example.com,0954188355,1996,,,Hải Phòng,Business Analyst,2025-12-05 20:25:44,2025-12-05,,true
d7e58438-2357-6198-ed6f-37cbe292939c,1857,0,Vũ Thị Hùng,contact1857@example.com,0962258051,1986,,,Hải Phòng,Business Analyst,2026-06-07 19:22:27,2026-06-07,,true
c0f03632-1463-6298-e1d8-52f3e70d9181,1858,0,Hồ Văn Lan,contact1858@example.com,0974692193,,,,Đà Nẵng,Founder,2025-04-01 10:51:46,2025-04-01,,true
2b220ef0-8f63-fdb2-3ef2-c525bad79fa1,1859,0,Phạm Thanh Sơn,contact1859@example.com,0988767475,,,,Huế,Brand Manager,2025-01-16 13:32:01,2025-01-16,,true
3d4740c7-8f90-364f-20ce-29eb70c497ac,1860,0,Phạm Thanh Phúc,contact1860@example.com,0985612600,1996,,,TP. Hồ Chí Minh,Student,2026-08-07 16:19:04,2026-08-07,,true
c256f224-82b2-48b6-dd51-ef25417f38c1,1861,0,Bùi Ngọc Giang,contact1861@example.com,0998249227,2000,,,Hà Nội,Account Manager,2025-04-06 20:30:13,2025-04-06,,true
e2cabd0c-df65-2d96-2f81-99c4a9de64a3,1862,0,Hoàng Bảo Hà,contact1862@example.com,0959333062,,,,Bình Dương,Account Manager,2026-06-26 20:53:51,2026-06-26,,true
ba3cfc84-8901-6a1b-6d56-06d357c4e3d9,1863,0,Phan Minh Khoa,contact1863@example.com,0960132551,1998,,,Cần Thơ,Account Manager,2025-06-18 07:48:48,2025-06-18,,true
47ddafc9-bbeb-c043-44d0-2163f93b9f4f,1864,0,Nguyễn Bảo Nam,contact1864@example.com,0947385258,2002,,,TP. Hồ Chí Minh,Founder,2026-03-09 22:58:26,2026-03-09,,true
546ab1da-b588-d72d-c98b-f146af05977a,1865,0,Đỗ Anh Hùng,contact1865@example.com,0920893237,,,,Đà Nẵng,Brand Manager,2026-08-12 22:21:09,2026-08-12,,true
edb51a50-fb96-2c66-e327-929daf1458cf,1866,0,Dương Thanh Châu,contact1866@example.com,0918639596,1994,,,Cần Thơ,Product Owner,2025-06-12 23:44:39,2025-06-12,,true
c981602a-5b08-1fac-6800-99bc9cf5fe16,1867,0,Phạm Bảo Trang,contact1867@example.com,0976171993,1995,,,TP. Hồ Chí Minh,Student,2026-03-31 17:48:07,2026-03-31,,true
59d8ac2f-34e0-2074-f495-f84d90d35298,1868,0,Hồ Thu Sơn,contact1868@example.com,0990376522,1985,,,Huế,Marketing Executive,2026-01-02 20:19:56,2026-01-02,,true
25036cd3-47e1-51e5-ec05-e1e72c2c5d5b,1869,0,Phan Văn Châu,contact1869@example.com,0953926914,2005,,,Bình Dương,Business Analyst,2025-07-08 08:53:07,2025-07-08,,true
a7a7f955-6f96-be80-4108-c01fc42bba49,1870,0,Huỳnh Thu Nam,contact1870@example.com,0965057429,2003,,,Bình Dương,Account Manager,2025-10-15 13:19:49,2025-10-15,,true
5fee2bc9-3df4-6bd2-bf6c-9c59704a4a29,1871,14,Phan Thanh Tâm,contact1871@example.com,0910672170,1995,,,Huế,Sales Executive,2025-03-26 23:02:17,2025-03-26,,true
64986ec1-e47a-a215-277c-579295f50f19,1872,0,Đỗ Quốc Lan,contact1872@example.com,0946583139,1985,,,Đà Nẵng,Sales Executive,2026-06-24 19:25:47,2026-06-24,2026-09-17,false
ee6fe6ca-446f-4fd0-db15-304f7c0bd82a,1872,0,Đỗ Quốc Lan,contact1872@example.com,0946583139,1985,,,Đà Nẵng,Product Owner,2026-06-24 19:25:47,2026-09-17,,true
87dcfa74-b5e9-b522-2735-4c3bb0dd1d66,1873,0,Phan Hải Yến,contact1873@example.com,0950119360,1987,,,Hà Nội,,2025-05-22 22:08:03,2025-05-22,,true
c8dffcba-d98b-ef63-e2d5-4777b8ffe8b1,1874,0,Hoàng Gia Mai,contact1874@example.com,0915714151,1987,,,Đà Nẵng,Brand Manager,2025-12-24 20:28:47,2025-12-24,,true
f140ab80-37b0-f8be-4283-ab426ab26bc8,1875,0,Dương Quốc Long,contact1875@example.com,0983688558,1990,,,Hải Phòng,Business Analyst,2025-08-11 14:55:01,2025-08-11,,true
aa92e1d3-150a-2591-57e8-a949d483cb09,1876,0,Hồ Văn Phúc,contact1876@example.com,0985320125,1985,,,Huế,Founder,2026-02-12 22:41:32,2026-02-12,,true
c7df6600-9aa0-bf74-4e8b-afc4cb208d25,1877,0,Lý Quốc Mai,contact1877@example.com,0919196824,1993,,,Đà Nẵng,Data Analyst,2026-07-31 10:38:32,2026-07-31,,true
71e7ac0c-70a2-3023-45a9-37a979d28895,1878,0,Huỳnh Gia Vy,contact1878@example.com,0942821225,2005,,,Đà Nẵng,,2025-07-30 10:27:58,2025-07-30,,true
6e919cf9-c40d-c418-fbe6-cd4138ffecca,1879,0,Đặng Bảo Lan,contact1879@example.com,0997059278,,,,TP. Hồ Chí Minh,Student,2026-01-24 08:30:01,2026-01-24,,true
f30fe9da-f254-f70f-67a8-87ef7ca3f6b2,1880,0,Huỳnh Minh An,contact1880@example.com,0988149963,2004,,,Huế,Marketing Executive,2026-05-20 10:21:55,2026-05-20,,true
3a8d24d6-dbda-db93-7471-527a765c2768,1881,0,Dương Thị Bình,contact1881@example.com,0999119251,1988,,,Đà Nẵng,Student,2025-11-02 18:13:23,2025-11-02,,true
1a96b9d0-412a-fff6-66ba-ff8a563653c3,1882,0,Võ Gia Quân,contact1882@example.com,0927916976,1996,,,Hải Phòng,Account Manager,2026-09-22 15:15:42,2026-09-22,,true
5de14440-8951-f2a5-2502-5d89dc570f3f,1883,0,Bùi Anh Mai,contact1883@example.com,0972759270,1995,,,TP. Hồ Chí Minh,Sales Executive,2025-10-04 22:19:06,2025-10-04,,true
67071746-68a6-143d-a753-b68519043f35,1884,0,Đỗ Thu Trang,contact1884@example.com,0950454816,,,,Đà Nẵng,Account Manager,2025-12-24 07:53:49,2025-12-24,2026-08-12,false
c5fe5b58-87e9-4307-e8f2-6352e5de7e4f,1884,0,Đỗ Thu Trang,contact1884@example.com,0950454816,,,,Đà Nẵng,Student,2025-12-24 07:53:49,2026-08-12,,true
f9ce407a-ff41-6009-97c8-7e0fce8e9fda,1885,0,Đặng Thu An,contact1885@example.com,0950343569,1988,,,Đà Nẵng,Product Owner,2025-05-01 13:26:10,2025-05-01,,true
b67e82c0-84a8-db26-0aaf-7ae7fea44402,1886,0,Lý Ngọc Linh,contact1886@example.com,0926708168,1995,,,Cần Thơ,Brand Manager,2025-04-09 15:46:31,2025-04-09,,true
c20ae0f1-0a10-75ef-d8ac-9c9da8b7babf,1887,39,Hồ Thị An,contact1887@example.com,0920446579,2004,,,Bình Dương,Marketing Executive,2025-10-16 08:07:29,2025-10-16,,true
190dcc47-ae0e-317d-5056-3fa850069ffb,1888,0,Võ Bảo Bình,contact1888@example.com,0975616524,2004,,,TP. Hồ Chí Minh,Account Manager,2025-02-06 19:29:36,2025-02-06,,true
ca63e418-32ac-5061-ff8a-fa105a5a5071,1889,0,Vũ Anh Tâm,contact1889@example.com,0988567993,1997,,,Bình Dương,Sales Executive,2025-06-09 10:47:51,2025-06-09,,true
15db1e89-c772-7807-4524-a8de36e2d60f,1890,0,Ngô Văn Quân,contact1890@example.com,0917756834,1989,,,Cần Thơ,Account Manager,2025-09-03 18:56:43,2025-09-03,,true
4f4c2b42-a29f-ef1e-7e14-686b2a3b6003,1891,0,Nguyễn Thị Lan,contact1891@example.com,0935442517,1999,,,Huế,Student,2025-08-25 18:52:06,2025-08-25,,true
322e2f0e-05b8-8314-f698-918085293585,1892,0,Vũ Quốc Quân,contact1892@example.com,0986205634,1987,,,Bình Dương,Student,2025-08-21 20:25:54,2025-08-21,,true
d98c8b2e-f96c-57ab-2c92-3aa8837fa030,1893,0,Đỗ Anh Nhi,contact1893@example.com,0958956912,1989,,,Hải Phòng,Marketing Executive,2025-01-12 21:43:46,2025-01-12,,true
1a8b2e45-9551-7152-f060-9f3e6dddb4ed,1894,0,Võ Thị Giang,contact1894@example.com,0977992001,,,,Cần Thơ,Product Owner,2026-03-02 14:57:46,2026-03-02,,true
95e8a0a0-1bb3-59e4-ec5b-9ce61525d26e,1895,0,Võ Anh Vy,contact1895@example.com,0932332657,1990,,,Huế,Product Owner,2025-05-10 13:50:51,2025-05-10,,true
b3378e70-5f4f-2723-ea2a-aae960a69e36,1896,0,Đặng Hải Long,contact1896@example.com,0970599967,,,,Bình Dương,Student,2026-07-14 11:53:21,2026-07-14,,true
30054231-733c-bb95-ebde-aaf961cdcd0c,1897,0,Phạm Gia Dung,contact1897@example.com,0981447247,1995,,,Hà Nội,Sales Executive,2026-01-19 17:17:18,2026-01-19,,true
19870d8c-c7c3-3f17-4d08-526483536185,1898,0,Phạm Bảo Hùng,contact1898@example.com,0969667720,,,,Bình Dương,Product Owner,2025-01-19 11:03:13,2025-01-19,,true
f98b05df-4457-af40-52da-47ac3e30ed5e,1899,0,Hoàng Minh An,contact1899@example.com,0919999329,2001,,,TP. Hồ Chí Minh,Sales Executive,2025-10-14 22:05:16,2025-10-14,,true
e86e99ec-77fd-9050-4a84-35edeb8deb4e,1900,0,Phan Hải An,contact1900@example.com,0936252326,2000,,,Huế,Product Owner,2025-04-10 10:11:28,2025-04-10,,true
00a95273-5f88-7f61-9a8c-1761bd8ef507,1901,0,Ngô Thị Tâm,contact1901@example.com,0941841589,,,,Hải Phòng,Business Analyst,2026-08-10 07:26:42,2026-08-10,,true
a8221fae-0ca0-9c81-8f98-1207650e7547,1902,0,Phạm Thu Giang,contact1902@example.com,0915609850,2001,,,Huế,Account Manager,2026-05-10 09:40:26,2026-05-10,,true
9d60cc73-41b7-4316-668e-180ecbbc840a,1903,0,Vũ Anh Hà,contact1903@example.com,0961958720,,,,Bình Dương,Brand Manager,2026-05-29 19:52:36,2026-05-29,,true
b8253bbb-9086-fcf7-f71b-0645087f29de,1904,0,Vũ Bảo Vy,contact1904@example.com,0912742492,1993,,,Huế,,2025-11-01 19:02:20,2025-11-01,,true
30158278-198f-2ed1-92e9-06548f03e621,1905,0,Phạm Bảo Phúc,contact1905@example.com,0917124317,1987,,,Bình Dương,Brand Manager,2026-05-14 07:14:19,2026-05-14,,true
f3dda144-5747-1072-dfe7-b319c7eceb5e,1906,0,Phạm Quốc Khoa,contact1906@example.com,0918990534,2005,,,Hải Phòng,Business Analyst,2026-07-10 21:00:29,2026-07-10,,true
ed951bcc-d7d1-9fa2-dd66-1ebb243d9300,1907,0,Nguyễn Gia Yến,contact1907@example.com,0978456955,1993,,,Cần Thơ,Marketing Executive,2025-01-03 20:36:47,2025-01-03,,true
cdae0f08-e2a8-e2f8-3d43-9f5e72d9b645,1908,0,Đặng Ngọc Vy,contact1908@example.com,0993424048,1985,,,Hải Phòng,Brand Manager,2025-07-23 18:34:14,2025-07-23,,true
cecc736e-e847-d6b7-0c0d-c1864de3dd66,1909,0,Hồ Bảo Hùng,contact1909@example.com,0956326746,1990,,,Bình Dương,Data Analyst,2025-03-28 22:19:21,2025-03-28,,true
cedaccec-56c0-7f2b-3875-c569ee85fb01,1910,0,Đỗ Gia Tuấn,contact1910@example.com,0988236411,2003,,,Cần Thơ,Marketing Executive,2025-06-04 14:12:05,2025-06-04,,true
e4ac24e1-0e96-7fb8-e855-80e473afccd9,1911,0,Lê Thu Yến,contact1911@example.com,0913600484,1996,,,Hải Phòng,Account Manager,2026-09-10 21:06:31,2026-09-10,,true
a274a5fa-c2c1-925c-3b5b-1d47cf248b55,1912,0,Hồ Văn Long,contact1912@example.com,0922512134,,,,Đà Nẵng,Account Manager,2025-03-17 11:16:58,2025-03-17,,true
6f82614d-aacf-a947-dd9c-829a76fc5c77,1913,0,Võ Thị Tâm,contact1913@example.com,0970873849,,,,Hải Phòng,Founder,2026-08-28 17:13:15,2026-08-28,,true
c2a34c89-78f0-75ad-c337-0882a398f60d,1914,0,Dương Anh Tuấn,contact1914@example.com,0999697229,,,,Huế,Data Analyst,2025-01-10 19:17:14,2025-01-10,,true
4d5ca142-0015-1f29-c78c-1b731dc68494,1915,0,Ngô Thu Long,contact1915@example.com,0977091759,,,,Đà Nẵng,Brand Manager,2025-08-22 14:11:16,2025-08-22,,true
4a1d5528-d85a-254f-5745-8fc4db40076b,1916,0,Dương Ngọc Dung,contact1916@example.com,0982665652,1996,,,Hải Phòng,Marketing Executive,2026-07-01 08:37:19,2026-07-01,,true
e1909c43-4e82-263e-6467-8700790003b9,1917,0,Đặng Thu Nhi,contact1917@example.com,0925752733,1986,,,Hải Phòng,,2025-02-22 18:52:37,2025-02-22,,true
fd2dd4e4-f17a-5c4e-44b3-725c567d8eb7,1918,0,Dương Minh Hà,contact1918@example.com,0961996102,1991,,,Đà Nẵng,Account Manager,2025-10-24 18:26:21,2025-10-24,,true
ec134367-2e97-4f7a-98f3-14cbba9a1998,1919,0,Hồ Gia Mai,contact1919@example.com,0965950318,1998,,,Hải Phòng,,2025-07-28 07:38:32,2025-07-28,,true
d34e5d4a-e4a0-e5ff-90a3-e4be91caf414,1920,0,Dương Thu Phúc,contact1920@example.com,0968925994,1999,,,Hà Nội,Sales Executive,2026-02-21 20:50:35,2026-02-21,,true
2148c1f4-1f8a-3673-5b8b-0b44fd04e5e7,1921,0,Dương Thị Vy,contact1921@example.com,0921462057,1999,,,Huế,Sales Executive,2026-01-21 14:31:29,2026-01-21,,true
3dea4cc7-c6bc-a20f-f10f-5e2daf358d31,1922,0,Ngô Gia Tuấn,contact1922@example.com,0932538535,1990,,,TP. Hồ Chí Minh,Sales Executive,2026-03-06 12:11:42,2026-03-06,,true
f29941da-f3b1-ddda-d921-44bdd5a30080,1923,0,Võ Thanh Nam,contact1923@example.com,0913027638,,,,Huế,Marketing Executive,2025-05-27 13:39:37,2025-05-27,,true
4e3698a4-994a-04ce-23fc-b5bdc74d9c94,1924,40,Đỗ Anh Giang,contact1924@example.com,0935599238,2002,,,Hải Phòng,Brand Manager,2025-09-22 14:43:58,2025-09-22,,true
f273f4a4-c7a5-b755-7a97-a5df881e04ef,1925,0,Trần Văn Nam,contact1925@example.com,0945554422,2002,,,Đà Nẵng,Student,2026-06-02 17:15:30,2026-06-02,,true
5540e2e1-5d7b-5b55-21cb-8d1ff87abf42,1926,0,Đặng Minh Sơn,contact1926@example.com,0910867233,1999,,,Hải Phòng,Student,2025-04-19 15:10:23,2025-04-19,,true
1f51e3c6-2b35-6a41-214b-b3fef371cfac,1927,0,Dương Gia Nam,contact1927@example.com,0913679313,1986,,,TP. Hồ Chí Minh,,2026-05-07 20:35:33,2026-05-07,,true
cfa4e764-8a39-dfaf-21b8-4e48a96de595,1928,0,Bùi Gia Nam,contact1928@example.com,0965660855,,,,Cần Thơ,,2025-03-18 22:02:57,2025-03-18,,true
68a0072b-cc15-8832-5cbf-3d019140130f,1929,0,Lý Ngọc Yến,contact1929@example.com,0920239291,1990,,,Huế,Student,2026-06-22 22:10:58,2026-06-22,,true
141de088-52fd-8d5b-04f6-7d6801263258,1930,0,Nguyễn Ngọc Hùng,contact1930@example.com,0934528463,2001,,,Hà Nội,Founder,2025-04-26 19:19:19,2025-04-26,,true
7d358d1f-e32f-b9b9-b920-ea47150f95db,1931,0,Lê Minh An,contact1931@example.com,0929748739,2005,,,Huế,Marketing Executive,2025-07-03 23:31:19,2025-07-03,,true
51cd3d87-776a-6a9b-dfdb-b3e221b1107e,1932,0,Hoàng Anh Yến,contact1932@example.com,0919147043,1993,,,Hải Phòng,Product Owner,2026-01-11 09:25:17,2026-01-11,,true
e896941f-88d8-845d-7b35-42fb0e2ed619,1933,0,Dương Thanh Lan,contact1933@example.com,0932925754,,,,TP. Hồ Chí Minh,Product Owner,2025-01-19 18:10:25,2025-01-19,,true
b50c39ce-88ef-c6f6-65dc-8a7e3756befe,1934,0,Đỗ Gia Quân,contact1934@example.com,0929026534,,,,Bình Dương,Account Manager,2025-10-27 13:12:00,2025-10-27,,true
88120589-a9e5-9b45-bdd4-b02d449482cb,1935,0,Bùi Thu Trang,contact1935@example.com,0930606335,1997,,,Hải Phòng,Data Analyst,2026-03-13 08:50:05,2026-03-13,,true
59b3a79c-210e-7075-9e0f-93750717ec47,1936,0,Phạm Bảo Nhi,contact1936@example.com,0976619163,2000,,,Bình Dương,Business Analyst,2025-04-13 21:00:06,2025-04-13,,true
a5bef82e-934a-145f-44c6-690cd4d2beb8,1937,0,Đỗ Minh Khoa,contact1937@example.com,0940446581,2003,,,Hải Phòng,Marketing Executive,2025-05-14 08:07:54,2025-05-14,,true
3604ebe1-d7a2-2491-6dea-4b8713cb97cc,1938,0,Phạm Quốc Tâm,contact1938@example.com,0994776320,,,,Đà Nẵng,Data Analyst,2026-05-04 17:32:10,2026-05-04,,true
8fb098f9-4c8d-03f6-2efb-118eea2c6b95,1939,0,Nguyễn Thu Long,contact1939@example.com,0971671760,1988,,,Huế,Student,2026-03-31 09:18:38,2026-03-31,,true
caae8f1a-f7c4-c6ab-fa0b-14f4f3d50d58,1940,0,Lê Gia Tâm,contact1940@example.com,0941908198,1990,,,Đà Nẵng,,2025-09-01 20:10:24,2025-09-01,,true
dc243ce7-57b5-25e0-e222-af50a131b298,1941,0,Dương Thu Hà,contact1941@example.com,0944612467,2005,,,Đà Nẵng,Sales Executive,2026-04-06 14:48:59,2026-04-06,,true
ddd62795-84be-35c1-e4f2-9f6739097369,1942,0,Lý Thị Long,contact1942@example.com,0964505900,,,,Huế,Student,2026-04-19 12:38:55,2026-04-19,,true
6b33f714-dd38-8a74-94c8-5e22788cec34,1943,0,Vũ Thanh Tâm,contact1943@example.com,0996875656,1994,,,TP. Hồ Chí Minh,Student,2025-02-14 12:39:58,2025-02-14,,true
f810be73-c77a-0940-b1cc-3f7c61c7041e,1944,0,Đỗ Thu Khoa,contact1944@example.com,0974140270,1994,,,TP. Hồ Chí Minh,Product Owner,2025-02-01 16:00:38,2025-02-01,,true
ec469e83-44b7-d54b-f51c-6ebcb7c3dd6c,1945,0,Trần Ngọc Nhi,contact1945@example.com,0990476326,2004,,,Huế,Data Analyst,2025-05-22 11:23:16,2025-05-22,,true
6bcd7ba3-5408-c506-ddc4-c146f5c2aa4a,1946,0,Phạm Thu Hà,contact1946@example.com,0934465088,1987,,,Đà Nẵng,Founder,2025-03-02 17:09:29,2025-03-02,,true
72c8b629-45dc-9a48-bca9-864afc2c64e0,1947,0,Hoàng Bảo Khoa,contact1947@example.com,0939182644,,,,Cần Thơ,Account Manager,2025-01-14 07:40:04,2025-01-14,,true
fba1d51b-1519-79a1-ef2a-4dcacc18998d,1948,0,Bùi Bảo Nhi,contact1948@example.com,0965759211,,,,Hải Phòng,Founder,2025-06-17 12:36:34,2025-06-17,,true
0411f8dd-9011-89f9-9ae8-be7a24ac0060,1949,0,Huỳnh Thanh Phúc,contact1949@example.com,0941712644,1985,,,Hà Nội,Sales Executive,2026-09-02 07:50:10,2026-09-02,,true
532bbb65-b4a6-747e-bccf-caf9d78f95c3,1950,0,Lê Anh Linh,contact1950@example.com,0950413766,2001,,,Hải Phòng,Sales Executive,2025-02-26 20:19:53,2025-02-26,,true
cfb988f6-5d1a-71a6-f34b-182071603b59,1951,0,Hồ Bảo Quân,contact1951@example.com,0990354946,1986,,,Bình Dương,Product Owner,2025-02-23 16:11:41,2025-02-23,,true
58c53d09-b05b-1220-fdc8-9a97ca8b116c,1952,0,Nguyễn Thanh Long,contact1952@example.com,0938455725,2003,,,Huế,Business Analyst,2026-08-07 16:14:43,2026-08-07,,true
e5ece8fb-a10a-d0f7-3fa1-1c73572398eb,1953,0,Phạm Ngọc Khoa,contact1953@example.com,0912643259,,,,TP. Hồ Chí Minh,Student,2026-04-26 14:21:29,2026-04-26,,true
75692fd5-d1a5-83c4-b6ee-ac6130dd57bd,1954,0,Hoàng Thanh Quân,contact1954@example.com,0944023937,2003,,,Cần Thơ,Brand Manager,2025-08-01 20:19:06,2025-08-01,,true
b56d7ac7-7ccb-136d-0741-1d40d1a0635e,1955,0,Lê Hải Bình,contact1955@example.com,0926846136,1989,,,Đà Nẵng,Data Analyst,2025-09-05 14:22:02,2025-09-05,,true
4e386be3-64ad-5c24-5744-7fcff240ef38,1956,0,Võ Anh Yến,contact1956@example.com,0917023244,1989,,,Bình Dương,Student,2026-01-01 17:34:54,2026-01-01,,true
d82fdff4-1754-7fcd-961d-2aae134b4c6b,1957,0,Lê Minh Long,contact1957@example.com,0941215046,1986,,,Hải Phòng,Account Manager,2026-08-31 12:23:52,2026-08-31,,true
c1a6bcf9-dbba-f54d-7f49-4f83b12756fd,1958,0,Đặng Bảo Lan,contact1958@example.com,0919178028,2000,,,Hà Nội,Brand Manager,2025-12-20 18:45:47,2025-12-20,,true
130e1283-da21-87c8-d86a-8dbf2256344f,1959,0,Hoàng Thanh Nhi,contact1959@example.com,0943021771,1998,,,Hà Nội,Product Owner,2026-05-24 19:27:51,2026-05-24,,true
a8d6fd03-8ff7-f0ad-9b6b-c8bd507c0388,1960,0,Nguyễn Thu Nhi,contact1960@example.com,0919819040,1994,,,TP. Hồ Chí Minh,Marketing Executive,2026-07-04 20:15:20,2026-07-04,,true
97c5b796-c3f5-4f4f-bec2-ff040ac2aa3d,1961,0,Lê Thanh Hùng,contact1961@example.com,0938960412,1998,,,Hà Nội,Account Manager,2026-01-03 20:38:28,2026-01-03,2026-02-13,false
c3ea13fd-48d6-ee51-ea9d-2a40142239d6,1961,0,Lê Thanh Hùng,contact1961@example.com,0938960412,1998,,,Hà Nội,Product Owner,2026-01-03 20:38:28,2026-02-13,,true
f94bb175-cc9b-8fc7-47f2-bc0d09cbba81,1962,0,Lý Gia Sơn,contact1962@example.com,0977221150,2002,,,Cần Thơ,Sales Executive,2025-04-09 08:46:13,2025-04-09,,true
988be34c-ee53-a2ef-6ba3-88aeeebea50d,1963,0,Ngô Gia Quân,contact1963@example.com,0981894634,1987,,,Cần Thơ,Brand Manager,2025-04-28 19:15:35,2025-04-28,2025-11-23,false
9759ac2c-a92c-b3ec-0901-db16a0b1a2d9,1963,0,Ngô Gia Quân,contact1963@example.com,0981894634,1987,,,Cần Thơ,Product Owner,2025-04-28 19:15:35,2025-11-23,,true
d2f9a8de-2816-7a6f-7cff-9981b6ebcf09,1964,0,Huỳnh Hải Quân,contact1964@example.com,0933635367,1985,,,Hải Phòng,Business Analyst,2025-12-09 19:48:35,2025-12-09,2026-03-06,false
dd63a743-f192-5d87-ab34-26b9ac58c5d2,1964,0,Huỳnh Hải Quân,contact1964@example.com,0933635367,1985,,,Hải Phòng,Student,2025-12-09 19:48:35,2026-03-06,,true
9a897dbd-667c-d512-c4c6-04cb0cba3ea3,1965,0,Nguyễn Thu Sơn,contact1965@example.com,0939967614,1985,,,Cần Thơ,Sales Executive,2026-04-03 21:13:22,2026-04-03,,true
090aa3c6-9075-e069-4370-81d17b1619ac,1966,0,Đặng Bảo Tâm,contact1966@example.com,0937436727,1987,,,Đà Nẵng,Product Owner,2026-06-17 18:06:41,2026-06-17,,true
cbacc8b6-9b8c-fe0e-ab38-ca2959e150a5,1967,0,Bùi Thu Dung,contact1967@example.com,0921274434,1996,,,Hải Phòng,Marketing Executive,2026-01-24 20:28:23,2026-01-24,,true
227be089-0849-8f04-b842-231b042973a9,1968,0,Lê Gia Bình,contact1968@example.com,0993995709,1991,,,Cần Thơ,Business Analyst,2026-02-16 13:19:15,2026-02-16,,true
1bb74787-7b24-df01-8ea5-4843b000d73d,1969,0,Lý Thu Khoa,contact1969@example.com,0912473434,1988,,,Hải Phòng,Founder,2025-12-21 13:15:49,2025-12-21,,true
5646a1b6-4a42-2ebd-d16c-ad10f48edce4,1970,0,Hoàng Văn Dung,contact1970@example.com,0929270621,1986,,,TP. Hồ Chí Minh,Brand Manager,2025-06-14 10:23:18,2025-06-14,,true
66c62fc8-7ef8-3fa6-d8bd-2133916a50b7,1971,0,Trần Anh Thảo,contact1971@example.com,0988671608,,,,Huế,Sales Executive,2025-03-01 16:37:02,2025-03-01,,true
c5bf163c-3842-2031-86b1-e44d3faccfab,1972,0,Hồ Ngọc An,contact1972@example.com,0937138540,,,,Huế,Student,2025-08-31 22:08:19,2025-08-31,,true
4729ad77-b6c0-2711-f941-aaadb10f71f5,1973,0,Bùi Minh Trang,contact1973@example.com,0951233484,1992,,,Hà Nội,Founder,2025-01-29 07:37:05,2025-01-29,,true
60a9e072-cc67-0a1f-9b0a-ec9485993420,1974,0,Hồ Minh Sơn,contact1974@example.com,0993107246,1991,,,Đà Nẵng,Data Analyst,2026-08-05 20:20:17,2026-08-05,,true
09f8d252-4976-dd3c-f434-4a1de58a2bf7,1975,0,Hồ Văn An,contact1975@example.com,0932271229,1986,,,TP. Hồ Chí Minh,Sales Executive,2025-12-11 11:28:49,2025-12-11,,true
c5af1533-2a7f-1785-a108-5513d9d0b0a2,1976,0,Đỗ Gia Thảo,contact1976@example.com,0915835772,,,,Hà Nội,Account Manager,2026-04-25 10:11:23,2026-04-25,,true
468154a7-c575-7f5b-4b3d-dff18da6b97c,1977,0,Trần Gia Dung,contact1977@example.com,0934117962,1989,,,Hải Phòng,Account Manager,2025-01-13 17:04:26,2025-01-13,,true
cfe06ac9-cf70-b5e7-8d39-4846d441b7f0,1978,0,Phan Hải Châu,contact1978@example.com,0953806657,1997,,,Cần Thơ,Brand Manager,2026-09-21 08:37:35,2026-09-21,,true
3c15a843-7624-2c71-de49-531a3e8b8467,1979,11,Võ Gia Giang,contact1979@example.com,0943696985,1997,,,TP. Hồ Chí Minh,Data Analyst,2025-10-16 16:19:09,2025-10-16,,true
437956f8-eb8a-cd15-1f2d-3573cfea9738,1980,0,Phạm Gia Bình,contact1980@example.com,0930468147,1997,,,Bình Dương,,2025-11-04 18:02:14,2025-11-04,,true
1fc7aa60-be8e-30d1-d553-f769915f5514,1981,0,Hồ Thị An,contact1981@example.com,0945392447,1987,,,Huế,Account Manager,2026-09-11 14:42:36,2026-09-11,,true
ab48df2e-8d5d-bc9f-8f69-321e68c1c97e,1982,0,Hồ Anh Vy,contact1982@example.com,0990429634,1994,,,Bình Dương,Founder,2026-08-18 11:46:20,2026-08-18,,true
027c3026-4fe2-8a28-1a83-7a2ba22c468b,1983,0,Võ Thị Hùng,contact1983@example.com,0919363099,1988,,,Huế,Account Manager,2025-10-24 09:02:14,2025-10-24,,true
09de91c6-734f-c539-4fd3-60ea4f49a94a,1984,0,Bùi Anh Dung,contact1984@example.com,0969718067,,,,Bình Dương,Marketing Executive,2025-12-17 09:44:45,2025-12-17,,true
cf2fdf29-433e-bdf6-1ac4-de3532abb4a5,1985,0,Phạm Thanh Vy,contact1985@example.com,0977555616,1991,,,Hà Nội,Marketing Executive,2026-02-27 08:51:57,2026-02-27,,true
b9c3cc98-747a-7bac-0dfd-b74fca621b3e,1986,0,Hoàng Thu Long,contact1986@example.com,0998770579,,,,Cần Thơ,Student,2026-02-04 15:20:30,2026-02-04,,true
ffb686e4-f83c-5357-bf6f-6cc464a7bbde,1987,0,Dương Văn Trang,contact1987@example.com,0940825851,1988,,,Bình Dương,Sales Executive,2025-08-14 15:16:39,2025-08-14,,true
10bbeed7-f0b7-b577-3bd6-916f59c074d1,1988,0,Đặng Thị An,contact1988@example.com,0961715208,1990,,,Hải Phòng,Founder,2025-04-02 12:52:40,2025-04-02,,true
683164ff-4b9a-44b6-5510-c77aa4dda659,1989,0,Hồ Ngọc Châu,contact1989@example.com,0914859447,2002,,,Cần Thơ,Product Owner,2026-07-24 08:22:31,2026-07-24,,true
8fb9eb30-e076-e169-4ce1-5a7c99755d8d,1990,19,Nguyễn Văn Lan,contact1990@example.com,0969164829,2001,,,Hải Phòng,Founder,2025-06-19 17:14:25,2025-06-19,,true
cc454c0b-74bc-14f1-e45c-500eebddcd37,1991,0,Lê Thu An,contact1991@example.com,0997192052,1988,,,Hà Nội,Marketing Executive,2026-08-21 23:37:17,2026-08-21,,true
ee7bda68-1c53-6e83-1a6f-78bd871e3cfe,1992,0,Đặng Bảo Hùng,contact1992@example.com,0937110493,,,,Hà Nội,Founder,2025-03-15 14:41:30,2025-03-15,,true
3a3a2365-4781-41fd-729f-04726c417982,1993,0,Huỳnh Thị Lan,contact1993@example.com,0948468682,1996,,,Đà Nẵng,,2026-03-27 08:02:17,2026-03-27,,true
3bf07cc4-ba15-a44a-360b-b108d18c1169,1994,0,Bùi Quốc Hà,contact1994@example.com,0940710598,1988,,,Hải Phòng,Marketing Executive,2026-06-16 16:42:36,2026-06-16,,true
bd5ced10-f50d-ffc0-1c96-48c1b7b6ccaf,1995,0,Huỳnh Hải Tuấn,contact1995@example.com,0964253283,,,,TP. Hồ Chí Minh,Product Owner,2025-01-02 08:19:39,2025-01-02,,true
caf39eb8-3232-0b6d-eb12-5723edd92249,1996,0,Đặng Hải Yến,contact1996@example.com,0930772924,2000,,,Bình Dương,Business Analyst,2026-04-13 14:06:29,2026-04-13,,true
17ad582e-a9ed-947f-7407-35e48dac2784,1997,0,Bùi Anh Khoa,contact1997@example.com,0993447742,2000,,,Bình Dương,Product Owner,2026-07-28 18:54:33,2026-07-28,,true
a41e1320-8f28-b7a8-5d24-74ab5d83baf5,1998,0,Phạm Thu Trang,contact1998@example.com,0962414294,1986,,,Hải Phòng,Marketing Executive,2025-03-22 14:17:36,2025-03-22,,true
5ef97dba-e07d-0865-ef38-f3cc301f5433,1999,0,Phạm Hải Giang,contact1999@example.com,0955499968,2003,,,Cần Thơ,,2025-08-23 21:38:08,2025-08-23,,true
a9524bf2-4023-385d-3cc2-1eb8b7a4129c,2000,0,Bùi Quốc Quân,contact2000@example.com,0910658013,,,,TP. Hồ Chí Minh,,2026-02-06 21:00:06,2026-02-06,,true
2c7350ca-ec85-cb81-9f02-e5f4061b4492,2001,0,Hoàng Quốc Long,contact2001@example.com,0926930651,2005,,,Hà Nội,Brand Manager,2025-04-12 19:25:47,2025-04-12,,true
95de12d5-d899-38bb-1206-994d6a4fab5f,2002,0,Phạm Anh Bình,contact2002@example.com,0921162108,,,,Hải Phòng,Data Analyst,2025-02-24 07:03:42,2025-02-24,,true
87e62a56-3176-b09e-c387-2f7da7b7d0fd,2003,0,Lê Minh Châu,contact2003@example.com,0941002695,2002,,,Cần Thơ,Business Analyst,2026-07-30 15:50:16,2026-07-30,,true
877b4f5b-432c-9b31-aa51-ca71438195c7,2004,0,Hồ Thu Giang,contact2004@example.com,0936392862,1991,,,Hà Nội,Marketing Executive,2026-01-20 08:48:43,2026-01-20,,true
23c3fa41-e0f8-2620-22de-d5d08c04f012,2005,0,Đỗ Quốc Nhi,contact2005@example.com,0919423062,1989,,,Hà Nội,Account Manager,2026-04-23 14:40:26,2026-04-23,2026-06-19,false
ba2c1329-86b9-956c-14e4-790dc02ac9eb,2005,0,Đỗ Quốc Nhi,contact2005@example.com,0919423062,1989,,,Hà Nội,Product Owner,2026-04-23 14:40:26,2026-06-19,,true
81b9e7dd-6c6e-7717-3d1d-caab9b887152,2006,0,Vũ Văn Giang,contact2006@example.com,0935445439,1988,,,Bình Dương,Product Owner,2025-10-22 10:30:24,2025-10-22,,true
3a65ceed-bbf2-bd45-9252-1856b68848ea,2007,0,Võ Văn Khoa,contact2007@example.com,0929775899,2003,,,Bình Dương,Data Analyst,2026-09-17 09:26:54,2026-09-17,,true
d880be2a-9ae2-2856-4291-c441954ad961,2008,0,Hồ Thu Dung,contact2008@example.com,0933461913,2004,,,TP. Hồ Chí Minh,Founder,2025-12-18 11:50:57,2025-12-18,,true
a13a2a59-bf3a-ebc4-ebfa-be59cd2ad4f5,2009,0,Ngô Thanh Lan,contact2009@example.com,0950437758,1993,,,Huế,Sales Executive,2025-11-25 12:59:11,2025-11-25,,true
06470faf-850d-8003-b520-d86a9ae14459,2010,0,Phạm Thị Linh,contact2010@example.com,0939871880,1998,,,Đà Nẵng,Marketing Executive,2026-07-10 20:32:07,2026-07-10,,true
c7adff65-2ab9-ec20-e386-f348b2d77a42,2011,0,Đỗ Bảo Vy,contact2011@example.com,0998573777,,,,Hà Nội,Product Owner,2026-05-27 22:05:53,2026-05-27,,true
2db74239-6996-bc94-1dc1-3d332b15a22c,2012,0,Phạm Minh An,contact2012@example.com,0945761862,,,,TP. Hồ Chí Minh,Founder,2026-05-06 08:10:59,2026-05-06,,true
9e85c200-a86b-bcdb-583e-4b4b51c91bec,2013,0,Phan Quốc Sơn,contact2013@example.com,0949856856,1985,,,TP. Hồ Chí Minh,,2026-02-11 19:46:01,2026-02-11,,true
a4bc556b-f630-0953-9077-9aec11444628,2014,0,Phan Bảo Mai,contact2014@example.com,0975614320,,,,Đà Nẵng,Brand Manager,2026-05-17 14:46:29,2026-05-17,,true
6cfa7287-8717-be6d-b5e2-478837ea3dc9,2015,0,Lê Thu Vy,contact2015@example.com,0939067726,,,,Hải Phòng,Marketing Executive,2025-09-18 21:17:43,2025-09-18,,true
cbe64a16-07d7-50cb-353f-1d07348da480,2016,0,Phạm Thị Hà,contact2016@example.com,0958958314,,,,Đà Nẵng,Business Analyst,2025-12-30 19:41:29,2025-12-30,2026-02-08,false
3fce807b-f4cc-3062-65de-43e95c8adaa4,2016,0,Phạm Thị Hà,contact2016@example.com,0958958314,,,,Đà Nẵng,Marketing Executive,2025-12-30 19:41:29,2026-02-08,,true
e35265ce-0a10-92c7-1c52-4935cca39441,2017,0,Hoàng Gia Phúc,contact2017@example.com,0939953588,,,,Huế,Business Analyst,2026-06-05 11:36:10,2026-06-05,,true
2f138be4-263b-8860-5953-d9c08b75f3fd,2018,0,Dương Ngọc Yến,contact2018@example.com,0967278646,,,,Huế,Student,2026-06-19 23:12:05,2026-06-19,2026-08-05,false
72fe0ed8-9dff-aff5-1065-cdf601af74cc,2018,0,Dương Ngọc Yến,contact2018@example.com,0967278646,,,,Huế,Marketing Executive,2026-06-19 23:12:05,2026-08-05,,true
9fecb523-2831-d156-10f3-f3935384eecd,2019,0,Huỳnh Thu Trang,contact2019@example.com,0967697780,,,,TP. Hồ Chí Minh,Product Owner,2026-07-16 15:53:43,2026-07-16,,true
4184d045-c4c1-e376-89ab-0b0eb04a6c09,2020,0,Nguyễn Văn Mai,contact2020@example.com,0920839968,1988,,,Cần Thơ,Student,2025-12-02 18:21:05,2025-12-02,,true
274e7204-09cd-2208-527e-3dea3d99bd15,2021,0,Trần Văn Hùng,contact2021@example.com,0966148857,1999,,,TP. Hồ Chí Minh,Business Analyst,2025-05-12 20:56:11,2025-05-12,,true
6f4b0e53-fb09-519a-1d5e-d0df930659ad,2022,0,Võ Anh Giang,contact2022@example.com,0995865113,1999,,,Đà Nẵng,Sales Executive,2026-06-26 14:00:45,2026-06-26,,true
ba15059b-78a3-8a81-8ee3-0925d60dd16b,2023,0,Ngô Hải Khoa,contact2023@example.com,0926638686,1998,,,Cần Thơ,Product Owner,2025-05-25 07:55:38,2025-05-25,,true
07d7366f-0118-c4c7-76dc-dfcc948d8c72,2024,24,Võ Thanh Châu,contact2024@example.com,0912531331,1998,,,Hải Phòng,Student,2025-01-10 14:13:54,2025-01-10,,true
d483c353-69b2-1ef3-f203-d2c49481e18a,2025,0,Nguyễn Thị Long,contact2025@example.com,0998031820,1998,,,Đà Nẵng,Business Analyst,2025-10-22 16:50:47,2025-10-22,,true
6a6b77f8-b480-1175-fa6c-f23492b9ad7b,2026,0,Bùi Văn Tuấn,contact2026@example.com,0991851272,,,,Hải Phòng,,2026-06-12 16:06:07,2026-06-12,,true
fbee6066-316f-6e03-8c59-fd47d66356a1,2027,0,Huỳnh Minh Vy,contact2027@example.com,0984178712,,,,Đà Nẵng,Account Manager,2025-07-18 17:23:10,2025-07-18,,true
c586cf84-0bf6-076a-5d37-c80098874aa7,2028,0,Trần Thanh Quân,contact2028@example.com,0964303404,1995,,,Bình Dương,Sales Executive,2026-04-01 16:15:22,2026-04-01,,true
89ce380d-8d5a-92b4-8b15-91b5b4417e12,2029,0,Bùi Gia Vy,contact2029@example.com,0968438658,,,,Hải Phòng,Founder,2025-04-29 17:49:10,2025-04-29,,true
01ca4c2e-81eb-7136-cc2a-f8dfe411a1a6,2030,0,Nguyễn Ngọc An,contact2030@example.com,0944188891,,,,Đà Nẵng,Account Manager,2025-02-11 14:05:28,2025-02-11,,true
4b8635b2-c4a6-9c4a-b12f-daeff5a9f00c,2031,0,Lê Thanh Giang,contact2031@example.com,0933902952,1992,,,Đà Nẵng,Brand Manager,2026-08-31 22:07:53,2026-08-31,,true
1b62b2bb-1698-6cb8-da43-5139fb88afc8,2032,0,Đỗ Bảo Nhi,contact2032@example.com,0969452369,2000,,,Cần Thơ,,2026-01-09 12:02:20,2026-01-09,,true
0024da9c-6399-1571-ff50-62f31677a532,2033,0,Bùi Thu Nhi,contact2033@example.com,0929165758,1993,,,Đà Nẵng,Data Analyst,2026-04-05 14:01:45,2026-04-05,,true
33901997-3481-d400-c6ce-72ab1dc4e66e,2034,0,Trần Thị Mai,contact2034@example.com,0998489419,,,,TP. Hồ Chí Minh,Business Analyst,2026-01-01 23:36:29,2026-01-01,,true
8426ab76-e35b-f96b-93e8-8b7fa2b7fb16,2035,0,Phan Thanh Phúc,contact2035@example.com,0968065670,1987,,,TP. Hồ Chí Minh,Account Manager,2026-06-19 19:03:00,2026-06-19,,true
d87bea26-dc3c-9f65-e244-716d93cafcc8,2036,0,Hồ Thị Dung,contact2036@example.com,0943073498,2003,,,Cần Thơ,Founder,2025-08-21 07:43:58,2025-08-21,,true
5a4edcb7-ad37-5eb6-84e0-6472e1c60b7b,2037,0,Hồ Văn Khoa,contact2037@example.com,0938352645,2000,,,Bình Dương,Account Manager,2026-04-23 10:40:58,2026-04-23,,true
655b635c-77a8-49ff-934c-2107f81a821c,2038,0,Hồ Gia Tuấn,contact2038@example.com,0924081236,1993,,,Huế,Sales Executive,2025-05-30 23:23:46,2025-05-30,,true
7669fdca-5008-b651-46d5-5a99c8264258,2039,0,Lý Bảo Linh,contact2039@example.com,0992607861,2004,,,Huế,Student,2025-02-22 07:41:00,2025-02-22,,true
c56c610d-a3e7-6468-62b6-c58122ac0bed,2040,0,Trần Thu Nam,contact2040@example.com,0988051688,,,,TP. Hồ Chí Minh,Product Owner,2025-09-16 16:17:07,2025-09-16,,true
84068899-9c79-2b7f-ebc0-34a535948d20,2041,0,Phạm Hải An,contact2041@example.com,0944777901,2003,,,Bình Dương,Account Manager,2025-10-19 16:49:28,2025-10-19,,true
fc790fff-aa7e-86f0-6aa8-e69b54721382,2042,0,Ngô Quốc Sơn,contact2042@example.com,0952174665,1992,,,Bình Dương,Founder,2026-08-05 08:29:51,2026-08-05,,true
afa3153c-ebd4-25cb-e152-424b180b1a8a,2043,14,Trần Thu Tuấn,contact2043@example.com,0999915673,1999,,,Hải Phòng,Product Owner,2025-03-13 13:19:43,2025-03-13,,true
b62b6006-b72a-c824-3286-ec3230d4d1a6,2044,0,Nguyễn Thu Sơn,contact2044@example.com,0981752996,2003,,,TP. Hồ Chí Minh,Business Analyst,2025-07-17 17:42:01,2025-07-17,,true
ffeae7f5-c3d5-aee0-1645-864a3965b77d,2045,0,Bùi Minh Tâm,contact2045@example.com,0954698618,1986,,,Bình Dương,Business Analyst,2025-10-17 07:15:57,2025-10-17,,true
20c1ea7c-f7f4-c985-23c0-5ef5303950c0,2046,0,Bùi Thị Linh,contact2046@example.com,0993626897,1993,,,Cần Thơ,Marketing Executive,2026-02-06 21:15:20,2026-02-06,,true
e9ca8e13-0aba-10ff-fd16-e3c1fc98036a,2047,0,Trần Bảo Khoa,contact2047@example.com,0957906991,1996,,,Bình Dương,Founder,2026-05-09 16:27:50,2026-05-09,,true
6441babd-cc98-1235-7858-f301cca047a9,2048,0,Lê Ngọc Nhi,contact2048@example.com,0951495842,1996,,,Cần Thơ,Student,2025-02-07 08:26:07,2025-02-07,,true
bc253805-7006-84a7-0798-0ab9532e76cc,2049,0,Lê Anh Giang,contact2049@example.com,0974103606,1985,,,Huế,Product Owner,2025-06-13 10:35:36,2025-06-13,,true
5ea5c313-5ef8-7075-41b5-1e5befd2c655,2050,0,Đỗ Hải Linh,contact2050@example.com,0948021653,1996,,,TP. Hồ Chí Minh,Marketing Executive,2025-06-06 14:41:45,2025-06-06,,true
4fc5e5fd-ac12-f441-cd50-883a9b1025a3,2051,0,Phan Quốc Nhi,contact2051@example.com,0910888112,2000,,,Huế,Account Manager,2025-12-15 17:03:08,2025-12-15,,true
b88b1d28-6085-040b-90c8-e07d667a8b94,2052,0,Trần Thanh Vy,contact2052@example.com,0965171529,2001,,,TP. Hồ Chí Minh,Sales Executive,2025-08-09 22:26:54,2025-08-09,,true
1aabc3e8-6681-5708-05fb-2b20ad315ef7,2053,0,Huỳnh Anh Hà,contact2053@example.com,0930087920,1999,,,Đà Nẵng,Brand Manager,2025-05-26 20:56:59,2025-05-26,,true
087d79a5-9c91-e8e5-4f30-d26840badeb8,2054,0,Bùi Anh Dung,contact2054@example.com,0933171812,1991,,,Cần Thơ,Sales Executive,2026-09-11 07:58:46,2026-09-11,,true
93f73f1a-2855-4820-98a5-1177bd9a1954,2055,0,Lê Gia Tuấn,contact2055@example.com,0935989570,1992,,,Cần Thơ,Data Analyst,2026-09-06 12:58:07,2026-09-06,,true
e26c01cb-203c-8303-8f29-68d4e5d0af0f,2056,0,Vũ Văn Quân,contact2056@example.com,0921413833,1998,,,Hà Nội,Marketing Executive,2026-09-17 11:07:00,2026-09-17,,true
ca0ea52e-71e5-4252-e39e-930c89131c17,2057,0,Dương Văn Long,contact2057@example.com,0948395922,1995,,,Hải Phòng,Account Manager,2025-08-27 21:28:47,2025-08-27,,true
0d92736a-8dac-08c7-93b1-2009f9ddc52d,2058,0,Huỳnh Anh Sơn,contact2058@example.com,0913461757,,,,TP. Hồ Chí Minh,Product Owner,2026-07-15 11:03:25,2026-07-15,,true
d48f842b-e2d8-8847-6d34-cd77a59040c7,2059,0,Bùi Minh Lan,contact2059@example.com,0975910245,2003,,,Hải Phòng,Marketing Executive,2025-09-22 20:45:26,2025-09-22,,true
e7f8cdfa-8c26-0259-7eac-652a78224ffa,2060,0,Bùi Minh Mai,contact2060@example.com,0971878659,2002,,,Hải Phòng,Student,2026-03-27 11:44:40,2026-03-27,,true
83922b0f-9d64-f431-e7a6-56b3246c68d3,2061,0,Võ Hải Long,contact2061@example.com,0974230064,1986,,,Hải Phòng,Data Analyst,2025-01-15 21:00:51,2025-01-15,,true
b51b08c7-123a-3767-b834-a149afe05f6d,2062,0,Trần Bảo Giang,contact2062@example.com,0978806653,,,,TP. Hồ Chí Minh,Product Owner,2026-04-10 11:34:19,2026-04-10,,true
65d72681-b79c-bc23-ba87-e001631f0d29,2063,22,Phan Thu Châu,contact2063@example.com,0996634023,1998,,,Hà Nội,Brand Manager,2026-01-22 15:07:28,2026-01-22,,true
7759ad21-24f3-cf37-1069-1ef4a2cf6a8b,2064,0,Hồ Hải Linh,contact2064@example.com,0973344062,,,,Cần Thơ,Brand Manager,2025-01-11 09:44:53,2025-01-11,,true
cab39e59-661e-efe8-d6a4-fb2d154cfa54,2065,0,Võ Minh Tâm,contact2065@example.com,0958447730,1996,,,Bình Dương,Student,2025-07-15 10:56:11,2025-07-15,2026-06-05,false
9de6ec59-fa23-7ec8-15e9-e0199a9b2c83,2065,0,Võ Minh Tâm,contact2065@example.com,0958447730,1996,,,Bình Dương,Account Manager,2025-07-15 10:56:11,2026-06-05,,true
1a4f3f75-e5fe-5596-df49-fae77c63de56,2066,8,Lý Văn Yến,contact2066@example.com,0979046488,,,,Bình Dương,Product Owner,2025-09-25 07:33:28,2025-09-25,,true
71507ff6-bb64-f988-5f7c-474c94381be5,2067,0,Trần Thu Linh,contact2067@example.com,0917813506,1992,,,Hải Phòng,Account Manager,2025-02-10 22:29:41,2025-02-10,,true
ecd6e2b0-9216-1cc5-d424-31aced26c65b,2068,0,Lê Anh Bình,contact2068@example.com,0953959403,,,,Hà Nội,Marketing Executive,2026-04-09 11:41:58,2026-04-09,2026-09-06,false
7f119727-1b2b-ae11-d0b3-b3f20d0e1789,2068,0,Lê Anh Bình,contact2068@example.com,0953959403,,,,Hà Nội,Account Manager,2026-04-09 11:41:58,2026-09-06,,true
2cf5c5b8-9e26-696f-aec3-f7beb40d66dd,2069,4,Hoàng Quốc Vy,contact2069@example.com,0948796960,1990,,,Bình Dương,Sales Executive,2026-01-06 07:46:11,2026-01-06,2026-02-08,false
9ebf2385-2c11-ee6e-acb1-5b9bfd60bb05,2069,4,Hoàng Quốc Vy,contact2069@example.com,0948796960,1990,,,Bình Dương,Founder,2026-01-06 07:46:11,2026-02-08,,true
d4d7b736-4120-ae49-4f29-d580bf87d026,2070,0,Bùi Anh Khoa,contact2070@example.com,0990416028,2004,,,Huế,Founder,2026-01-09 22:17:41,2026-01-09,,true
fed045c4-e5e8-006c-e684-52b917c95208,2071,0,Đặng Thị Mai,contact2071@example.com,0938345330,1986,,,Huế,Brand Manager,2025-12-19 12:03:18,2025-12-19,,true
d6654397-013a-7943-eacf-cefbc4622393,2072,0,Hồ Bảo Vy,contact2072@example.com,0991594291,2002,,,Hà Nội,Product Owner,2026-04-15 14:55:28,2026-04-15,,true
84266a05-6417-9ff7-b93d-05259d8958ce,2073,0,Dương Thanh Trang,contact2073@example.com,0998221206,1996,,,Cần Thơ,Student,2025-12-18 22:49:05,2025-12-18,,true
54a8d262-43f9-fd9b-4167-e90571b7a9b3,2074,4,Phan Quốc Sơn,contact2074@example.com,0963790137,1986,,,Bình Dương,Brand Manager,2025-10-09 15:37:39,2025-10-09,2026-09-20,false
35878f40-6fcd-847c-8ece-ac5693dae4ff,2074,4,Phan Quốc Sơn,contact2074@example.com,0963790137,1986,,,Bình Dương,Business Analyst,2025-10-09 15:37:39,2026-09-20,,true
5f37c649-84a0-c59e-b37d-8da8e93a2edc,2075,0,Dương Bảo Dung,contact2075@example.com,0923042098,,,,Hà Nội,Marketing Executive,2025-09-22 18:48:15,2025-09-22,,true
aa7f8799-8005-3fcb-1e27-1f2b697c19e1,2076,0,Bùi Bảo Khoa,contact2076@example.com,0932272739,1996,,,Huế,,2025-03-14 15:26:43,2025-03-14,,true
f2c1e33d-f7c2-1c20-9dbf-4277589e4b66,2077,0,Nguyễn Văn Giang,contact2077@example.com,0929836938,1998,,,Đà Nẵng,Business Analyst,2026-04-10 13:41:17,2026-04-10,,true
4160e5cf-aede-eb37-f8c4-22f9787166b2,2078,0,Lý Gia Dung,contact2078@example.com,0991840281,1987,,,Huế,Student,2025-05-16 16:34:52,2025-05-16,,true
4087a859-eb39-d038-8c32-5a53b8974502,2079,0,Đặng Minh Thảo,contact2079@example.com,0943273461,,,,Hà Nội,Founder,2026-07-07 15:28:19,2026-07-07,,true
2e516039-e5a5-723f-d509-bb739f1a47c7,2080,0,Huỳnh Thu Long,contact2080@example.com,0981851494,1993,,,Đà Nẵng,Business Analyst,2025-07-04 09:16:27,2025-07-04,,true
11bbc208-f76a-fb78-4b7f-4932c22c8300,2081,0,Dương Thu Long,contact2081@example.com,0949351840,2001,,,Đà Nẵng,Founder,2026-03-15 23:33:41,2026-03-15,,true
3573947e-94d8-63d1-b2c3-681afce52055,2082,0,Bùi Bảo Nhi,contact2082@example.com,0934426963,1995,,,Bình Dương,Data Analyst,2025-01-04 13:26:56,2025-01-04,,true
fb2f297d-11e5-5363-e318-2010ebcea534,2083,0,Đặng Thanh Quân,contact2083@example.com,0991073255,1996,,,Hải Phòng,Data Analyst,2025-09-13 07:07:09,2025-09-13,,true
50ea25b4-ddcb-ab13-07be-db4c84b9cc5a,2084,0,Vũ Văn Phúc,contact2084@example.com,0913788009,1995,,,Cần Thơ,Student,2026-07-22 19:08:45,2026-07-22,,true
cef50629-2d1f-6edd-acd9-12a8f5d11b01,2085,0,Dương Anh Linh,contact2085@example.com,0942383040,1991,,,Huế,Founder,2025-04-15 19:02:08,2025-04-15,,true
ccbfbdc8-1008-531e-dc90-56aa30243e0b,2086,0,Huỳnh Thanh Linh,contact2086@example.com,0971279554,,,,Đà Nẵng,Product Owner,2026-05-19 09:34:26,2026-05-19,,true
13dbe822-6a8b-d940-6524-cdb1e7facda4,2087,0,Lý Gia Hà,contact2087@example.com,0984839893,,,,Cần Thơ,Marketing Executive,2025-05-14 09:13:34,2025-05-14,,true
56adbd1c-2d0f-af7a-85b2-6663ae3fdd5f,2088,0,Ngô Quốc Yến,contact2088@example.com,0949789085,1985,,,TP. Hồ Chí Minh,Account Manager,2025-10-31 23:25:24,2025-10-31,,true
e3fbd382-8062-677e-896f-73b42cf4536a,2089,0,Trần Quốc Trang,contact2089@example.com,0946575524,2004,,,Cần Thơ,Student,2025-06-25 23:45:34,2025-06-25,,true
e7969939-ddf6-d6d6-8e34-73128a574378,2090,10,Trần Ngọc Châu,contact2090@example.com,0999905589,1990,,,Huế,,2026-06-30 16:28:56,2026-06-30,,true
6d6f0d8e-22dc-f4cb-63a2-8b1d8b8e4c86,2091,0,Hồ Gia Nhi,contact2091@example.com,0949323096,1999,,,Huế,Founder,2025-06-20 07:13:55,2025-06-20,,true
70089e88-44c5-6f4c-d4c7-05a939fbaff2,2092,0,Nguyễn Ngọc Giang,contact2092@example.com,0910844520,2000,,,Hải Phòng,Account Manager,2025-12-12 23:29:47,2025-12-12,,true
e4056763-5795-619c-3e22-c2227af7796a,2093,0,Vũ Thanh Tuấn,contact2093@example.com,0994999461,2005,,,Bình Dương,Brand Manager,2025-01-08 20:11:42,2025-01-08,,true
9581c2f1-b4a9-fe0b-5b40-7ea187de9cb5,2094,0,Dương Thu Tuấn,contact2094@example.com,0914905748,1995,,,TP. Hồ Chí Minh,Brand Manager,2025-07-17 11:54:51,2025-07-17,,true
4fea88cf-05cc-1354-e95e-9a2cec3b5e39,2095,0,Hoàng Minh Tâm,contact2095@example.com,0956223367,,,,Huế,Founder,2025-03-04 11:49:29,2025-03-04,,true
af163e67-b34a-a7a0-ca2c-df25b9f85116,2096,0,Bùi Quốc Long,contact2096@example.com,0948970622,,,,Cần Thơ,,2025-09-18 08:48:46,2025-09-18,,true
dd3df93c-c8ca-a571-a33b-d6836bdc01b5,2097,0,Phạm Hải Quân,contact2097@example.com,0984882431,1987,,,Đà Nẵng,,2026-08-16 21:41:02,2026-08-16,,true
7fdcadde-6e65-5f53-abcf-1d4ebf023ce0,2098,0,Bùi Hải Trang,contact2098@example.com,0911363545,1993,,,Cần Thơ,Student,2026-04-17 14:33:25,2026-04-17,,true
076d07c5-700d-5278-b081-391ceb035822,2099,0,Lê Minh Linh,contact2099@example.com,0983063168,1996,,,Cần Thơ,Founder,2025-08-01 12:45:11,2025-08-01,2026-04-04,false
ad6971c0-3d39-0f79-2963-eb20e4239023,2099,0,Lê Minh Linh,contact2099@example.com,0983063168,1996,,,Cần Thơ,Student,2025-08-01 12:45:11,2026-04-04,,true
b7e9c54f-f1ad-9124-20f7-4d2915cbf2d9,2100,0,Lý Hải An,contact2100@example.com,0995386640,1995,,,TP. Hồ Chí Minh,Marketing Executive,2025-11-17 15:10:26,2025-11-17,2026-04-21,false
b19d78e3-0768-570c-82fb-a3d1936f88ce,2100,0,Lý Hải An,contact2100@example.com,0995386640,1995,,,TP. Hồ Chí Minh,Data Analyst,2025-11-17 15:10:26,2026-04-21,,true
e33ac2d0-e41e-a3ac-520a-38e00da7c237,2101,0,Hồ Minh Tâm,contact2101@example.com,0940044054,1998,,,Cần Thơ,,2025-09-05 23:31:05,2025-09-05,,true
a2c98d78-2119-d4ff-056b-c7bf7558aace,2102,8,Đỗ Ngọc Hùng,contact2102@example.com,0971342104,1991,,,Đà Nẵng,Product Owner,2025-03-19 08:34:43,2025-03-19,,true
aaf403ca-94d4-67b9-eaa0-f9a6b263f2ae,2103,0,Bùi Hải Mai,contact2103@example.com,0991624905,2004,,,Đà Nẵng,Founder,2026-05-18 12:32:49,2026-05-18,,true
a1acb03b-b5c7-6204-902a-459a224e11ba,2104,0,Đỗ Quốc An,contact2104@example.com,0955983437,2005,,,TP. Hồ Chí Minh,Product Owner,2025-12-28 17:36:21,2025-12-28,,true
a9ad8897-da6d-f5ce-bd33-989721880028,2105,0,Đặng Thị Tâm,contact2105@example.com,0940099151,1990,,,Bình Dương,Brand Manager,2025-04-28 16:32:23,2025-04-28,,true
e85d8eda-d50d-12c2-4ca3-795517b022c7,2106,0,Huỳnh Thị Nam,contact2106@example.com,0997256466,1987,,,Cần Thơ,Business Analyst,2025-05-27 08:29:57,2025-05-27,,true
33d5ceaf-7696-33d7-4317-7b8ee1b79c11,2107,0,Phan Văn Vy,contact2107@example.com,0928187342,1997,,,Huế,,2025-10-30 16:20:09,2025-10-30,2026-09-05,false
0e82cf50-f379-6ab2-4cd8-f53124391e37,2107,0,Phan Văn Vy,contact2107@example.com,0928187342,1997,,,Huế,Sales Executive,2025-10-30 16:20:09,2026-09-05,,true
3bca0969-6fbe-fd0d-c5dd-049dffa8ba5e,2108,0,Huỳnh Thanh Linh,contact2108@example.com,0911289419,1990,,,Cần Thơ,Sales Executive,2026-01-07 14:11:46,2026-01-07,,true
9174729d-953f-2211-5125-e54e92593c47,2109,0,Lê Gia Bình,contact2109@example.com,0958546204,1990,,,Đà Nẵng,Founder,2025-01-23 15:05:11,2025-01-23,,true
8dbe81e1-161a-a203-0216-d82068195119,2110,0,Võ Thị Giang,contact2110@example.com,0997967344,1989,,,Đà Nẵng,Student,2025-01-28 16:59:52,2025-01-28,,true
6eb21dcc-9f97-fa5b-af84-add6c463190a,2111,0,Vũ Thanh Sơn,contact2111@example.com,0959243110,1991,,,TP. Hồ Chí Minh,,2025-03-31 10:13:51,2025-03-31,,true
342d4e17-b52f-1129-b220-4f32e2028858,2112,0,Đặng Minh Dung,contact2112@example.com,0925635996,1990,,,Cần Thơ,Data Analyst,2026-04-18 20:05:11,2026-04-18,,true
b61e9e5d-873e-21b2-a50c-b05b8b87760e,2113,0,Đặng Gia Bình,contact2113@example.com,0931845432,2004,,,Hà Nội,Account Manager,2025-08-18 08:05:18,2025-08-18,,true
378a9213-abb3-1204-11f2-4fd82771c5f8,2114,0,Phạm Bảo Dung,contact2114@example.com,0987271115,,,,Hà Nội,Account Manager,2026-01-24 16:51:23,2026-01-24,,true
02e78484-15c7-8ccb-7bf8-0355e949e29c,2115,0,Vũ Hải Tuấn,contact2115@example.com,0963511584,1994,,,Bình Dương,Data Analyst,2026-02-06 13:06:28,2026-02-06,,true
c81ee77d-34b8-c32c-b8e0-96ef3d3ac0ba,2116,0,Lý Thanh Bình,contact2116@example.com,0953091868,,,,Hà Nội,Data Analyst,2025-08-11 09:39:07,2025-08-11,,true
b72ed2c7-d38d-665e-0edb-24f1584e24c3,2117,0,Ngô Văn Quân,contact2117@example.com,0920282845,2001,,,Hải Phòng,Product Owner,2025-09-12 15:51:16,2025-09-12,,true
d5d2d13b-06ae-5314-64f5-b0c51e1fbf0c,2118,0,Dương Minh Khoa,contact2118@example.com,0920098755,,,,Huế,Sales Executive,2025-12-22 11:22:45,2025-12-22,,true
9caf6869-92c5-d3fb-db5d-c575c27b2f57,2119,0,Trần Quốc Yến,contact2119@example.com,0968987671,,,,Hà Nội,Sales Executive,2026-05-25 23:46:04,2026-05-25,,true
3edd4f0e-9ac6-ce9f-afb9-257165afc237,2120,0,Nguyễn Văn Mai,contact2120@example.com,0989699557,1997,,,Cần Thơ,Product Owner,2025-07-30 08:27:25,2025-07-30,,true
e9bf0dca-dddc-a15f-7ed7-9b91947abbe8,2121,0,Nguyễn Thu Dung,contact2121@example.com,0952718225,1985,,,Huế,Marketing Executive,2025-05-21 14:13:44,2025-05-21,,true
b222e140-e1b6-1b0d-490a-59444b0c0c53,2122,0,Đặng Ngọc An,contact2122@example.com,0964522034,2002,,,Huế,Founder,2025-02-19 20:12:15,2025-02-19,,true
e3abed80-d9d5-c321-864c-1d6724635434,2123,0,Vũ Thu Long,contact2123@example.com,0990500929,2003,,,Hải Phòng,Business Analyst,2026-06-23 13:39:56,2026-06-23,,true
e4e805bd-1d44-999b-c4f0-94b29ec5d42a,2124,0,Bùi Thanh Mai,contact2124@example.com,0952461787,,,,Hà Nội,Sales Executive,2026-07-09 11:43:23,2026-07-09,,true
90060c5a-e0c6-dd63-6579-1c663209256b,2125,0,Huỳnh Ngọc Nhi,contact2125@example.com,0976519519,1991,,,Cần Thơ,Founder,2026-03-07 13:58:19,2026-03-07,,true
846b31c4-4602-21ab-ccb0-2dbee609bbbc,2126,17,Vũ Hải Lan,contact2126@example.com,0968918324,1994,,,Hải Phòng,Product Owner,2025-07-17 11:15:34,2025-07-17,,true
713846fd-9338-eda6-2b2d-1a24e3e82c6d,2127,0,Lê Minh Bình,contact2127@example.com,0963730676,1999,,,Đà Nẵng,Brand Manager,2026-05-07 15:06:25,2026-05-07,,true
36d43b13-b61a-54a7-4fc5-668bb4ec7e8e,2128,0,Phạm Thanh Lan,contact2128@example.com,0920666439,1990,,,Cần Thơ,Data Analyst,2025-02-06 23:19:00,2025-02-06,,true
2a984495-9b89-d383-8432-986a16de10e9,2129,0,Phạm Thanh Nam,contact2129@example.com,0914167151,,,,Hải Phòng,Data Analyst,2025-03-12 09:26:34,2025-03-12,,true
4167a8cc-c0c8-8368-81ad-bb3b6138ecb0,2130,0,Võ Hải Mai,contact2130@example.com,0944655604,1997,,,Cần Thơ,Sales Executive,2025-01-23 17:21:21,2025-01-23,,true
acb06f5b-5aab-097d-910c-dc31d8fc4966,2131,0,Nguyễn Ngọc Linh,contact2131@example.com,0946599984,1995,,,Đà Nẵng,Brand Manager,2025-08-26 22:28:05,2025-08-26,,true
3875bc18-f4da-a45b-265b-a3cdc682fe96,2132,0,Lê Thị Trang,contact2132@example.com,0965520823,1989,,,TP. Hồ Chí Minh,Founder,2026-03-11 07:00:14,2026-03-11,,true
dfefe149-c93e-1531-a87a-90a75e1e57ee,2133,0,Phạm Anh Phúc,contact2133@example.com,0937871569,2001,,,TP. Hồ Chí Minh,Account Manager,2026-01-21 22:58:17,2026-01-21,,true
e8298ac0-eb31-5783-aed7-009668090364,2134,0,Nguyễn Bảo Hùng,contact2134@example.com,0944713772,2004,,,Cần Thơ,Data Analyst,2026-08-18 17:53:43,2026-08-18,,true
794ef7a4-f611-b8d0-bed9-6c70df2182e2,2135,0,Nguyễn Ngọc Lan,contact2135@example.com,0980825374,2002,,,Đà Nẵng,Sales Executive,2026-07-10 20:51:44,2026-07-10,,true
414d1f46-5afb-7584-f464-4b99980afee9,2136,0,Lý Bảo Long,contact2136@example.com,0998686570,1988,,,Đà Nẵng,Business Analyst,2025-02-04 07:44:26,2025-02-04,,true
6a3747f4-1cbc-272c-0311-2d06f79c539a,2137,0,Lý Quốc Nhi,contact2137@example.com,0927506100,1990,,,Cần Thơ,Marketing Executive,2026-02-01 17:18:08,2026-02-01,,true
3a5b201d-8d01-69b3-367d-e663b62b56d5,2138,0,Đặng Quốc Thảo,contact2138@example.com,0934712783,1988,,,Huế,Product Owner,2025-03-10 21:13:17,2025-03-10,,true
1a7b0888-f229-5380-f748-e0058e622f61,2139,0,Lý Thị Vy,contact2139@example.com,0916198563,1999,,,Hà Nội,Founder,2026-03-09 15:58:46,2026-03-09,,true
e41a576c-b4a3-1d6a-a021-a41d2c79956d,2140,0,Vũ Văn Lan,contact2140@example.com,0986004622,1994,,,Hà Nội,Student,2025-10-18 17:28:25,2025-10-18,,true
67c73503-dc04-9aec-5bf4-88bcb6835a9d,2141,0,Phan Anh Hùng,contact2141@example.com,0974879943,2002,,,Huế,Founder,2025-09-09 17:45:22,2025-09-09,,true
2140c691-8f74-40d5-8484-e07157767681,2142,9,Ngô Quốc Nam,contact2142@example.com,0946764766,2000,,,Hà Nội,Data Analyst,2026-08-11 10:42:13,2026-08-11,,true
eedab4fe-4cfa-7687-1379-19941e87d756,2143,0,Võ Thị An,contact2143@example.com,0975450100,1988,,,Hà Nội,Product Owner,2025-03-08 21:02:43,2025-03-08,,true
bb4099bf-2c26-7647-4dad-aaadccdcd16a,2144,0,Phạm Bảo Sơn,contact2144@example.com,0942362235,2003,,,Hải Phòng,Brand Manager,2025-09-18 19:45:41,2025-09-18,,true
a1ed075b-1ef9-d51f-e329-c5128f7d8e96,2145,0,Lý Thanh Tâm,contact2145@example.com,0976515217,1986,,,Hải Phòng,Account Manager,2026-05-15 12:15:31,2026-05-15,,true
67e6da0f-aa74-c44d-68ba-bf809d502e63,2146,0,Nguyễn Gia Hà,contact2146@example.com,0932279754,2003,,,Cần Thơ,Marketing Executive,2025-09-05 12:05:48,2025-09-05,,true
c20b04e3-670a-f69a-4eb4-502568ed0e6f,2147,0,Phan Gia Hùng,contact2147@example.com,0986650519,1996,,,Hải Phòng,Data Analyst,2025-01-20 11:34:27,2025-01-20,,true
a1aae0f9-8719-4c22-0f8e-abcec6d69a44,2148,0,Lý Văn Thảo,contact2148@example.com,0912842057,1992,,,Hải Phòng,Account Manager,2026-06-26 07:53:00,2026-06-26,,true
e3dede31-e3a9-4b00-f6c2-4fd9921565ea,2149,0,Vũ Minh Bình,contact2149@example.com,0976935788,,,,Huế,Marketing Executive,2026-03-03 20:48:51,2026-03-03,,true
0f2c00b2-58fd-2d54-68eb-a8489d9de80a,2150,0,Ngô Thu Linh,contact2150@example.com,0982588295,1998,,,Bình Dương,Business Analyst,2025-10-07 23:17:38,2025-10-07,,true
1a5bc643-808c-9522-2900-39b582844c24,2151,0,Dương Minh Nhi,contact2151@example.com,0973201930,1993,,,Hà Nội,,2025-10-21 15:51:21,2025-10-21,,true
f9978a8d-6ffd-9855-2f97-50590f9e5c14,2152,0,Nguyễn Văn Hùng,contact2152@example.com,0951249306,1989,,,Huế,Business Analyst,2026-08-24 15:31:30,2026-08-24,,true
e917ded1-9c9e-1d57-0296-82853dd46450,2153,0,Hồ Anh Lan,contact2153@example.com,0956347162,1996,,,Hải Phòng,Sales Executive,2026-09-19 14:03:13,2026-09-19,,true
77093625-4592-41ac-2603-25c8a5b532dd,2154,0,Trần Hải Khoa,contact2154@example.com,0954964468,2001,,,Đà Nẵng,Business Analyst,2025-02-03 21:48:49,2025-02-03,,true
35beb95a-e136-b2f0-d699-bbbed72f1825,2155,0,Phan Thu Tuấn,contact2155@example.com,0987142428,1985,,,Hà Nội,Brand Manager,2026-05-06 18:07:08,2026-05-06,,true
c551b713-f24b-c2c0-c5f8-fded28ca9023,2156,0,Vũ Ngọc Lan,contact2156@example.com,0927383675,1996,,,Bình Dương,Product Owner,2026-02-22 13:12:08,2026-02-22,,true
3abbc7cc-cf56-76e4-3baa-f99a090c5f87,2157,0,Vũ Thu Vy,contact2157@example.com,0933718135,2003,,,TP. Hồ Chí Minh,Data Analyst,2026-04-22 11:57:50,2026-04-22,,true
446085d6-02da-1b64-721e-0a41be396a77,2158,0,Hoàng Anh Hùng,contact2158@example.com,0943686408,,,,Hà Nội,Sales Executive,2025-02-24 07:34:44,2025-02-24,,true
8c240e9b-e40e-e015-7ca3-3bbca54a9c07,2159,0,Phan Gia Lan,contact2159@example.com,0959275937,1987,,,TP. Hồ Chí Minh,Brand Manager,2025-08-27 13:43:07,2025-08-27,,true
fa2ca0ee-e4c5-f25c-043d-70e78a549fd8,2160,0,Đỗ Anh Vy,contact2160@example.com,0925256771,1998,,,Cần Thơ,Product Owner,2025-01-13 15:29:14,2025-01-13,,true
28479019-ab31-0d48-9ee7-c59e76ac5ae6,2161,0,Hoàng Thị Mai,contact2161@example.com,0975695229,2002,,,Huế,Sales Executive,2026-01-29 16:19:46,2026-01-29,,true
f6285e40-b9cf-d83f-4358-d08134450610,2162,0,Dương Ngọc Tuấn,contact2162@example.com,0990870850,2001,,,Đà Nẵng,,2025-01-31 17:13:45,2025-01-31,,true
3612f729-ad7f-0730-37ba-b7ecdccd5aec,2163,0,Vũ Bảo Phúc,contact2163@example.com,0992357224,,,,Hải Phòng,Account Manager,2026-07-24 13:40:51,2026-07-24,,true
6f34f064-6f97-ebe0-6568-49f902fdadd4,2164,0,Ngô Quốc Mai,contact2164@example.com,0920830992,1985,,,TP. Hồ Chí Minh,Brand Manager,2026-01-16 10:38:32,2026-01-16,,true
6db63fb6-882a-17c8-adb4-c94793b6ab2a,2165,0,Đặng Thu Nhi,contact2165@example.com,0973220744,1994,,,Huế,,2026-06-21 08:25:41,2026-06-21,,true
1a68ea20-2717-9b32-2b3c-ca346191f9b7,2166,0,Nguyễn Ngọc Sơn,contact2166@example.com,0954956105,1989,,,Huế,Founder,2026-07-27 18:46:39,2026-07-27,,true
49fde505-98b2-8ca8-eabd-7c895639a196,2167,0,Đặng Ngọc Thảo,contact2167@example.com,0965650985,2004,,,Đà Nẵng,,2026-08-03 19:15:58,2026-08-03,,true
379a7280-7d97-fb59-8377-dc890ee6b4f4,2168,0,Ngô Quốc Nhi,contact2168@example.com,0998922266,1991,,,Hà Nội,Founder,2026-07-24 18:20:50,2026-07-24,2026-09-01,false
0404ed5e-174e-6248-da27-f919bd033fda,2168,0,Ngô Quốc Nhi,contact2168@example.com,0998922266,1991,,,Hà Nội,Business Analyst,2026-07-24 18:20:50,2026-09-01,,true
345a7238-bace-86e7-f273-6a9e2b85e585,2169,0,Huỳnh Quốc Nam,contact2169@example.com,0998155778,,,,TP. Hồ Chí Minh,Business Analyst,2026-04-24 13:24:42,2026-04-24,,true
4d67b507-02a8-0927-9a6b-d971088befee,2170,0,Lê Hải Vy,contact2170@example.com,0962537781,1988,,,Cần Thơ,Data Analyst,2026-06-02 21:17:36,2026-06-02,,true
b0db93f0-a0c1-5094-922e-590ae2f621b7,2171,29,Phan Minh Nhi,contact2171@example.com,0951545995,1999,,,Huế,Account Manager,2026-03-18 19:46:46,2026-03-18,,true
c56afa5b-f00d-c347-ea50-8c374aea2c81,2172,0,Ngô Văn Trang,contact2172@example.com,0913115044,2000,,,Hà Nội,Product Owner,2026-04-26 18:40:17,2026-04-26,,true
caf34ebb-7e66-e53c-ea06-d23a4143da2f,2173,0,Lý Ngọc Yến,contact2173@example.com,0946493821,2003,,,Huế,Student,2026-01-10 10:00:18,2026-01-10,,true
167f0607-fcc4-0681-eb1b-a9895842e17a,2174,0,Bùi Minh Sơn,contact2174@example.com,0986853073,1995,,,Hải Phòng,Product Owner,2025-08-28 21:49:35,2025-08-28,,true
821393f1-673d-2405-d1c4-ede49b31e68b,2175,0,Vũ Thu Lan,contact2175@example.com,0942952007,,,,Đà Nẵng,Marketing Executive,2026-03-30 16:47:28,2026-03-30,,true
47c98691-63d2-bf70-ac4e-1350d4259065,2176,0,Bùi Văn Giang,contact2176@example.com,0942177848,2003,,,Bình Dương,,2025-08-08 23:02:25,2025-08-08,,true
af9f9ce0-1a24-bac7-d1fb-c1642fc941de,2177,0,Vũ Quốc Lan,contact2177@example.com,0980919265,1995,,,TP. Hồ Chí Minh,Data Analyst,2026-09-15 12:16:59,2026-09-15,,true
96603485-4cb6-2fb0-e79b-186f002d55ff,2178,35,Trần Ngọc Long,contact2178@example.com,0951653312,1994,,,Hải Phòng,Product Owner,2025-02-02 23:28:04,2025-02-02,,true
cfff52ca-1da4-9151-2d6b-5a302faee978,2179,0,Dương Hải Thảo,contact2179@example.com,0926445117,1987,,,Hải Phòng,Data Analyst,2025-08-06 22:25:16,2025-08-06,,true
1f643c0d-4d7d-9c5e-d41b-b559c9af2794,2180,0,Ngô Gia Yến,contact2180@example.com,0919412672,2005,,,Hà Nội,Marketing Executive,2025-09-01 19:44:20,2025-09-01,,true
c4341bc0-0015-36f0-bfcc-1b3450cea9b7,2181,0,Ngô Anh Nam,contact2181@example.com,0910170384,1992,,,Cần Thơ,Brand Manager,2026-09-09 14:13:13,2026-09-09,,true
f68e46b1-183c-beb2-7737-f7a7db2caffe,2182,0,Phạm Văn Châu,contact2182@example.com,0934744306,,,,Huế,Brand Manager,2025-06-21 22:12:50,2025-06-21,,true
c8cf1ccd-a01e-f412-66b3-335be9d120d7,2183,0,Lê Bảo Linh,contact2183@example.com,0991548742,2003,,,Hà Nội,Sales Executive,2026-01-19 08:24:47,2026-01-19,,true
8948db22-01fe-513a-7ba7-ab2313a95b1e,2184,0,Vũ Bảo Nhi,contact2184@example.com,0981438028,2001,,,Hải Phòng,Founder,2025-02-07 18:21:07,2025-02-07,2026-01-21,false
98f23299-25c9-51cd-f2aa-ec2f9c3de962,2184,0,Vũ Bảo Nhi,contact2184@example.com,0981438028,2001,,,Hải Phòng,Sales Executive,2025-02-07 18:21:07,2026-01-21,,true
c32d0d15-1300-75dc-23f7-9f8cd01260a7,2185,0,Phạm Bảo Nhi,contact2185@example.com,0921237964,2003,,,TP. Hồ Chí Minh,Sales Executive,2025-06-16 18:01:31,2025-06-16,,true
59481c34-8e40-79cc-85ab-a44d5cfbb010,2186,17,Trần Anh Bình,contact2186@example.com,0938614869,1987,,,Hải Phòng,Founder,2026-08-14 18:10:08,2026-08-14,,true
f17510ac-5edf-87da-d485-d540ff23dc19,2187,0,Huỳnh Hải Giang,contact2187@example.com,0914405694,1986,,,Hải Phòng,,2026-04-04 19:25:06,2026-04-04,,true
a5234b3c-b5e0-6b0e-ab0d-7e8fdd0cffdf,2188,0,Ngô Văn Tuấn,contact2188@example.com,0918519119,1988,,,Bình Dương,Business Analyst,2025-11-22 09:10:07,2025-11-22,,true
1d7216bf-389e-0e30-2690-9126c9bc5d2c,2189,0,Đỗ Bảo Sơn,contact2189@example.com,0976480906,1989,,,Hà Nội,Product Owner,2026-09-22 14:12:03,2026-09-22,,true
f785e007-0c64-1777-8c2d-bd72dc349f4d,2190,0,Phạm Văn Thảo,contact2190@example.com,0961929252,2003,,,Huế,Product Owner,2025-12-16 20:35:42,2025-12-16,,true
8e8a474d-e3d4-3569-b064-b420f101362e,2191,14,Ngô Văn Sơn,contact2191@example.com,0926434846,1993,,,Huế,Data Analyst,2025-01-31 09:09:48,2025-01-31,,true
8d4379db-c640-6b52-cdef-eef209c39ca7,2192,0,Trần Gia Yến,contact2192@example.com,0920116892,2000,,,Hà Nội,Student,2025-09-17 15:47:50,2025-09-17,,true
21b74887-d3e3-ded4-69f9-ff4e08e42a16,2193,0,Đỗ Văn Nam,contact2193@example.com,0911550868,1995,,,Huế,Account Manager,2025-10-07 20:36:20,2025-10-07,,true
9bbf5afa-2443-cd79-4205-2edf7cb35809,2194,0,Vũ Anh Trang,contact2194@example.com,0995587711,1996,,,Cần Thơ,Marketing Executive,2026-04-13 15:21:25,2026-04-13,,true
c0b42d73-67ff-1b9f-7442-7a1849a3be24,2195,0,Dương Hải Hà,contact2195@example.com,0952439116,,,,Bình Dương,Account Manager,2025-03-21 16:39:22,2025-03-21,,true
ac1b984d-4b22-5d64-fd3e-1424782b76f4,2196,0,Đặng Thu Giang,contact2196@example.com,0980388660,,,,Hải Phòng,Data Analyst,2025-03-29 18:12:02,2025-03-29,,true
662602a2-8a46-d480-b81a-e4a3c4cb5c68,2197,25,Hoàng Bảo Phúc,contact2197@example.com,0962087817,1997,,,Hải Phòng,Business Analyst,2026-06-16 17:37:58,2026-06-16,,true
1ffbcde6-0bc4-dfa9-a684-ffed7bad8bc6,2198,0,Hồ Gia Trang,contact2198@example.com,0994735220,,,,Bình Dương,Product Owner,2025-07-14 16:38:33,2025-07-14,,true
16346471-34ce-e146-21d3-b8f2f3ac25cb,2199,0,Đặng Văn Hà,contact2199@example.com,0918443031,,,,Huế,Founder,2026-01-23 12:53:31,2026-01-23,,true
e0e9f830-63f6-6d73-99a6-ee704f140eba,2200,0,Hồ Văn An,contact2200@example.com,0979927287,2001,,,Huế,,2025-05-30 12:12:21,2025-05-30,,true
303c264a-1670-aa16-c47d-a2f032fff51f,2201,0,Hoàng Văn Tuấn,contact2201@example.com,0958315768,,,,TP. Hồ Chí Minh,Brand Manager,2025-07-04 10:23:54,2025-07-04,,true
b60b299a-b7c3-9b3f-b9c1-035c207ae784,2202,0,Bùi Bảo Trang,contact2202@example.com,0940861425,1989,,,TP. Hồ Chí Minh,Business Analyst,2026-06-12 15:23:58,2026-06-12,,true
ed1dedcd-89ca-a69d-e741-c19dceb4c025,2203,0,Vũ Thị Lan,contact2203@example.com,0995989974,,,,Đà Nẵng,Marketing Executive,2026-09-11 15:58:16,2026-09-11,,true
b06dc0d5-26b0-7bc1-8b43-0745c3164e09,2204,0,Phan Anh Tuấn,contact2204@example.com,0972488591,,,,Hải Phòng,,2026-06-09 14:16:44,2026-06-09,,true
a7346b26-1bea-a75a-8093-576f14affcd7,2205,0,Hoàng Ngọc Châu,contact2205@example.com,0939126690,2003,,,Huế,Account Manager,2025-02-16 10:59:07,2025-02-16,2025-04-30,false
62038741-911d-df90-ae5a-5d3ccdd42776,2205,0,Hoàng Ngọc Châu,contact2205@example.com,0939126690,2003,,,Huế,Business Analyst,2025-02-16 10:59:07,2025-04-30,,true
58c9af23-def6-221a-f1b4-79b8c6bbb861,2206,0,Ngô Ngọc Vy,contact2206@example.com,0954626867,2000,,,Hải Phòng,Student,2025-11-13 18:29:33,2025-11-13,,true
33dd88e6-5269-fd43-a3af-5ce520d5bf28,2207,0,Hoàng Ngọc Quân,contact2207@example.com,0994082879,1994,,,Đà Nẵng,Business Analyst,2026-03-04 13:49:44,2026-03-04,,true
bc78b285-8dd4-2f36-3afb-94305d92f083,2208,0,Huỳnh Gia An,contact2208@example.com,0954442000,1992,,,Đà Nẵng,Brand Manager,2025-03-11 21:33:43,2025-03-11,,true
8bc57937-8a53-6fb5-20e5-a4cd88434cb5,2209,0,Dương Hải Quân,contact2209@example.com,0968404599,1997,,,Bình Dương,Marketing Executive,2026-06-08 22:10:00,2026-06-08,,true
d2512894-d78d-917a-af1b-90b5127f5138,2210,0,Dương Thị Vy,contact2210@example.com,0927365348,2000,,,Đà Nẵng,Sales Executive,2025-11-03 17:45:44,2025-11-03,,true
150b070a-f0c9-0c94-e602-a5e4b63d4413,2211,0,Hoàng Hải Giang,contact2211@example.com,0922788504,1986,,,Hải Phòng,Student,2026-02-04 18:38:12,2026-02-04,,true
b5342b64-5a3f-3952-4e4e-e13dee6e8127,2212,0,Đặng Quốc Giang,contact2212@example.com,0989306711,,,,Cần Thơ,Product Owner,2025-09-26 07:51:24,2025-09-26,,true
9f49e457-2a25-09c0-736f-bac9eece65eb,2213,0,Lý Thị Dung,contact2213@example.com,0958643806,1992,,,Đà Nẵng,,2025-10-05 13:04:38,2025-10-05,,true
8af0dd8d-b620-e349-bd28-16675d428a45,2214,3,Phan Anh Linh,contact2214@example.com,0940371675,2004,,,Cần Thơ,Founder,2026-09-23 21:01:05,2026-09-23,,true
7fc7b581-2748-433e-973c-45bb929ba6f8,2215,0,Lê Thu Sơn,contact2215@example.com,0964152948,1989,,,Hà Nội,Brand Manager,2026-07-19 09:46:33,2026-07-19,,true
2fabe638-2ad9-5bc4-2901-6ef31e161cb2,2216,0,Hoàng Thu Linh,contact2216@example.com,0988298796,,,,TP. Hồ Chí Minh,Sales Executive,2025-08-11 21:27:58,2025-08-11,,true
8e3a3300-6576-b940-cc2c-9e0837e558a0,2217,29,Nguyễn Thanh Phúc,contact2217@example.com,0937748106,1994,,,Bình Dương,Account Manager,2026-09-09 17:16:35,2026-09-09,,true
ac15f7e3-00f4-91a5-0334-9f8166f7ac98,2218,0,Nguyễn Thu An,contact2218@example.com,0939686286,1998,,,Huế,Brand Manager,2026-04-16 22:46:54,2026-04-16,,true
6a53990d-80e1-caa2-db3c-eb9fdbd4e6eb,2219,0,Hoàng Thị Hà,contact2219@example.com,0996572962,1988,,,Cần Thơ,Sales Executive,2026-01-22 11:10:54,2026-01-22,,true
d6a9b899-ff90-96f4-9613-2301a4d327c3,2220,0,Phan Bảo Hùng,contact2220@example.com,0936516237,,,,Đà Nẵng,Brand Manager,2026-07-03 21:08:27,2026-07-03,,true
ea057652-a747-4ee9-409b-9de533cf79ba,2221,0,Hồ Văn Lan,contact2221@example.com,0982891042,1992,,,Hà Nội,Business Analyst,2025-06-20 08:57:25,2025-06-20,,true
2e6ab2fd-42ea-57a8-f784-e47a276ddecf,2222,0,Lê Thị Sơn,contact2222@example.com,0998291620,1998,,,Đà Nẵng,Data Analyst,2025-12-15 23:51:46,2025-12-15,,true
876e53a8-f31e-eab9-a03c-3b65409e9d63,2223,0,Lý Văn Linh,contact2223@example.com,0985042631,1992,,,Huế,Product Owner,2026-02-03 14:29:35,2026-02-03,,true
1aba0afc-ebe0-9d13-3284-73c2c134618f,2224,0,Đỗ Bảo Lan,contact2224@example.com,0932403611,1992,,,Hải Phòng,,2026-02-25 17:37:22,2026-02-25,,true
35a853a9-9165-911e-5db9-34337cf52bcc,2225,0,Lý Minh Quân,contact2225@example.com,0963653415,2001,,,Hải Phòng,Founder,2026-02-24 13:58:44,2026-02-24,,true
d063fb37-c641-0765-3855-c64e58967888,2226,0,Đặng Thị Quân,contact2226@example.com,0944472300,,,,Hà Nội,,2026-07-27 20:04:13,2026-07-27,,true
070eb935-ddaa-bd69-5d02-80d21d6f6d42,2227,0,Hoàng Ngọc Hùng,contact2227@example.com,0991578288,2000,,,Huế,Product Owner,2025-01-25 16:11:27,2025-01-25,2025-05-11,false
1b3400a6-9c1b-2b3f-3954-620714fdca96,2227,0,Hoàng Ngọc Hùng,contact2227@example.com,0991578288,2000,,,Huế,Brand Manager,2025-01-25 16:11:27,2025-05-11,,true
00a62f7b-1647-a849-0344-a6839a8caa40,2228,0,Phan Hải Lan,contact2228@example.com,0977027173,1987,,,Đà Nẵng,,2025-11-12 23:00:19,2025-11-12,,true
57b667f2-16ed-9108-f4aa-1228921887aa,2229,0,Võ Thu Yến,contact2229@example.com,0991282269,2005,,,Huế,,2026-06-22 19:06:51,2026-06-22,,true
95833542-095c-97fd-fa51-a4d52e77420b,2230,0,Hồ Thu Trang,contact2230@example.com,0986812248,1992,,,Hải Phòng,Founder,2026-05-08 14:33:42,2026-05-08,,true
914f23b4-630f-6963-cc66-7991824865e6,2231,0,Dương Minh Nhi,contact2231@example.com,0951010582,1990,,,Hà Nội,Brand Manager,2025-05-02 08:51:11,2025-05-02,,true
7d2811fa-e05e-9d2f-c4aa-1dff282e4148,2232,0,Lý Thị Vy,contact2232@example.com,0996651529,1999,,,Cần Thơ,Sales Executive,2025-06-12 15:58:23,2025-06-12,,true
9613bb63-f766-c361-d131-276b012d9ebf,2233,0,Phạm Thu Vy,contact2233@example.com,0976993101,1990,,,Bình Dương,Product Owner,2025-05-02 10:43:21,2025-05-02,,true
60e585ab-803e-8d5f-58c5-d8c0f11770f9,2234,0,Ngô Thị Bình,contact2234@example.com,0980295929,2004,,,Hải Phòng,Sales Executive,2025-12-15 20:32:35,2025-12-15,,true
7d70c952-267f-59bc-3365-4e7661f73d23,2235,0,Phan Hải Lan,contact2235@example.com,0946445736,,,,Hà Nội,Business Analyst,2026-05-06 16:53:13,2026-05-06,,true
d1bb5622-4260-5e08-9e78-209e6290129a,2236,0,Đỗ Bảo Nam,contact2236@example.com,0945411706,2001,,,Hải Phòng,Product Owner,2026-05-20 20:56:51,2026-05-20,,true
40d0e9a7-2134-928b-a376-72abb786d4cd,2237,0,Vũ Thanh Phúc,contact2237@example.com,0943922400,,,,Bình Dương,Marketing Executive,2025-09-29 21:47:05,2025-09-29,2026-05-03,false
2b6e6210-7ec2-7a2f-7153-b57a3dc84bf1,2237,0,Vũ Thanh Phúc,contact2237@example.com,0943922400,,,,Bình Dương,Marketing Executive,2025-09-29 21:47:05,2026-05-03,,true
59721f8d-d092-e7b5-ce02-c11770e08b47,2238,0,Hồ Quốc Khoa,contact2238@example.com,0996125202,1995,,,Hà Nội,Sales Executive,2026-07-27 15:43:53,2026-07-27,,true
1ef10ccd-9b6f-01a3-b8bb-cc542fc068d2,2239,0,Phan Ngọc Tâm,contact2239@example.com,0959912011,,,,Cần Thơ,Sales Executive,2025-02-03 22:33:00,2025-02-03,,true
b8c20889-0055-b7d8-5a0c-2aac165d4c7a,2240,0,Võ Văn Quân,contact2240@example.com,0939717276,1986,,,Huế,Student,2026-09-08 19:19:47,2026-09-08,,true
de8dace1-3aff-7d97-843b-00435c682594,2241,0,Nguyễn Quốc Dung,contact2241@example.com,0916159192,,,,TP. Hồ Chí Minh,Product Owner,2025-08-12 12:51:45,2025-08-12,,true
37e9c072-3f65-5656-098f-4aebbedd7a60,2242,0,Hồ Thu Lan,contact2242@example.com,0996935346,1997,,,Huế,Product Owner,2026-08-19 20:13:12,2026-08-19,,true
11df72d2-d0d2-cba5-d173-0c9a489f10d2,2243,0,Lý Thanh Dung,contact2243@example.com,0955053446,1986,,,Bình Dương,,2025-05-20 22:12:52,2025-05-20,,true
848b2713-fa0c-7fb4-4c8d-35ce6449155b,2244,0,Trần Thu Tâm,contact2244@example.com,0924787439,2004,,,Đà Nẵng,Data Analyst,2025-04-01 07:11:40,2025-04-01,,true
4503f517-5f07-46c1-a7c1-ca53dcb9dc82,2245,0,Vũ Văn Nhi,contact2245@example.com,0921703122,1991,,,Đà Nẵng,Founder,2026-04-18 22:12:33,2026-04-18,,true
b9e83055-076c-1b3b-77a3-bcbac2b1dabe,2246,0,Nguyễn Quốc Vy,contact2246@example.com,0996077458,1998,,,Hà Nội,Business Analyst,2026-04-30 23:37:13,2026-04-30,,true
f10230ac-1ea7-f1b1-f13c-ba45ae219765,2247,0,Trần Thu Châu,contact2247@example.com,0995430781,,,,Bình Dương,Account Manager,2026-06-25 22:21:27,2026-06-25,,true
f5bf829e-4c2f-3dec-f723-f78f855ad5d5,2248,0,Hoàng Ngọc Quân,contact2248@example.com,0971971106,2004,,,Bình Dương,,2025-07-04 10:55:13,2025-07-04,,true
0b7c9b74-c22c-b468-10ee-6e65942ae6d0,2249,0,Dương Văn Long,contact2249@example.com,0977783212,,,,Hà Nội,Founder,2025-08-01 14:31:26,2025-08-01,,true
a53ea8bc-ae44-582d-89b0-026bc2e7f436,2250,28,Võ Văn Quân,contact2250@example.com,0914806688,,,,Cần Thơ,Sales Executive,2026-02-19 18:07:56,2026-02-19,,true
de33b84d-01da-6805-adab-3072b0aa6363,2251,17,Đỗ Thu Hùng,contact2251@example.com,0968097419,,,,Đà Nẵng,Student,2026-06-28 23:12:51,2026-06-28,,true
3ee67d5f-419e-c43e-fc6c-5725cdb7fbff,2252,0,Nguyễn Ngọc Dung,contact2252@example.com,0970624300,2001,,,TP. Hồ Chí Minh,Product Owner,2025-09-26 11:30:11,2025-09-26,,true
feefe7f1-332c-d778-0621-e9e237325a7f,2253,0,Võ Thanh Lan,contact2253@example.com,0915589634,2003,,,Đà Nẵng,,2025-03-26 20:31:47,2025-03-26,,true
e97e225f-d55a-082b-34eb-c64428b12fd2,2254,0,Nguyễn Quốc Giang,contact2254@example.com,0966817791,1986,,,Hà Nội,Brand Manager,2025-02-04 21:40:56,2025-02-04,,true
97d9e5c4-a485-d43c-98e4-dc1570aec6f1,2255,0,Huỳnh Ngọc Mai,contact2255@example.com,0963626772,1985,,,TP. Hồ Chí Minh,Marketing Executive,2025-05-14 19:24:12,2025-05-14,,true
8ef504c8-17ea-3df9-370a-5c575b76df60,2256,0,Huỳnh Văn Dung,contact2256@example.com,0929591693,,,,Bình Dương,,2025-12-27 12:43:29,2025-12-27,,true
4d0b7b5a-0e33-0d81-e897-c1c6cec88e0d,2257,0,Lê Anh Tâm,contact2257@example.com,0928794710,1997,,,Cần Thơ,Business Analyst,2025-12-01 07:01:18,2025-12-01,,true
d31602a3-c1a9-24bd-7186-ec575be1e450,2258,0,Trần Quốc Linh,contact2258@example.com,0981227559,1999,,,TP. Hồ Chí Minh,Account Manager,2025-05-08 08:36:15,2025-05-08,,true
dba748a7-5fef-77a4-1adf-d612d4722d81,2259,0,Hoàng Thanh Yến,contact2259@example.com,0954225842,1995,,,TP. Hồ Chí Minh,Account Manager,2026-04-03 13:37:51,2026-04-03,,true
5d7923d8-5cc2-15aa-deee-3ce82f4643a2,2260,0,Hoàng Hải Lan,contact2260@example.com,0927650185,1988,,,Cần Thơ,Brand Manager,2025-06-10 22:09:55,2025-06-10,,true
ba0a4e55-ba59-aca8-6c58-456e933f7d2f,2261,0,Lê Quốc Long,contact2261@example.com,0989423157,1986,,,Cần Thơ,Data Analyst,2026-03-05 23:50:33,2026-03-05,,true
1d791295-bd4c-a96c-95cf-e765481f1fdc,2262,0,Hồ Thị Vy,contact2262@example.com,0955443998,1994,,,Cần Thơ,Account Manager,2025-12-03 16:16:47,2025-12-03,,true
987d2796-69b8-9e5d-d9c5-c0c4eeca7105,2263,0,Đặng Hải Yến,contact2263@example.com,0948987676,1995,,,Hà Nội,Founder,2025-11-30 23:36:08,2025-11-30,,true
d61bf839-c483-ffec-7270-6f7a4cce7196,2264,0,Lê Văn Sơn,contact2264@example.com,0927999177,1999,,,Hải Phòng,Brand Manager,2025-12-21 13:23:55,2025-12-21,,true
96382c45-bc95-cd43-49d8-632ad9fd99b4,2265,0,Đỗ Thanh Yến,contact2265@example.com,0925766820,2001,,,Hải Phòng,Business Analyst,2026-05-24 15:23:36,2026-05-24,,true
d50653a9-8c23-a9b5-48c1-e321fbb7c395,2266,0,Nguyễn Thu Bình,contact2266@example.com,0948255107,,,,Đà Nẵng,,2025-09-12 22:38:30,2025-09-12,,true
1e0ec4e9-7d13-828c-d86f-b192a8b3a2d9,2267,0,Phạm Hải Nhi,contact2267@example.com,0927793490,2003,,,Đà Nẵng,Product Owner,2026-03-03 21:57:16,2026-03-03,,true
e948c42a-27a5-3571-c840-c79b1fb98afe,2268,11,Dương Hải Phúc,contact2268@example.com,0945367363,1985,,,Hải Phòng,Student,2026-01-08 14:21:57,2026-01-08,,true
e809f6e6-7f16-749a-1a6c-8efc46bbed34,2269,0,Đỗ Ngọc Châu,contact2269@example.com,0947987212,,,,Hà Nội,Sales Executive,2025-06-06 22:09:43,2025-06-06,,true
2ff5577e-cd29-de77-6f65-6edeec73270b,2270,0,Bùi Gia Khoa,contact2270@example.com,0948894962,2004,,,Đà Nẵng,Brand Manager,2025-02-20 08:21:18,2025-02-20,,true
be6adc96-cdb4-54d7-fd0f-257b4d308f31,2271,0,Lý Hải Nhi,contact2271@example.com,0978313420,2004,,,Đà Nẵng,Marketing Executive,2026-03-11 13:13:23,2026-03-11,,true
289ef665-c415-dec4-5230-fce98f24cf47,2272,0,Đặng Ngọc Châu,contact2272@example.com,0973572140,1995,,,Bình Dương,Founder,2025-01-31 23:26:48,2025-01-31,,true
f4a66aae-9364-9895-8604-e4a9093a5d37,2273,0,Trần Bảo Vy,contact2273@example.com,0942557172,,,,Bình Dương,Product Owner,2026-08-16 14:14:25,2026-08-16,,true
5e92930d-1ba7-a611-17c4-02b1140a15e9,2274,0,Nguyễn Thị Bình,contact2274@example.com,0959466458,2002,,,TP. Hồ Chí Minh,,2026-06-15 23:34:22,2026-06-15,,true
3e34d705-6ef5-357b-9217-07d1f0c0162d,2275,0,Trần Bảo Yến,contact2275@example.com,0935482497,1992,,,Bình Dương,Sales Executive,2025-06-27 08:10:25,2025-06-27,,true
3614cf93-9d6c-97f9-8844-89558f41cb36,2276,0,Vũ Gia Tâm,contact2276@example.com,0995400258,1990,,,Bình Dương,Data Analyst,2025-02-13 12:58:00,2025-02-13,,true
3b8abb2d-8b2e-74a7-0205-dfebbd38d1a2,2277,0,Ngô Thu Nhi,contact2277@example.com,0964248213,1993,,,Huế,Business Analyst,2025-10-18 21:33:06,2025-10-18,,true
c439131b-31b2-22dd-8f0d-dc0fa5f3540e,2278,0,Hoàng Hải Linh,contact2278@example.com,0946884896,,,,Đà Nẵng,Founder,2025-04-04 19:27:18,2025-04-04,,true
dad01446-d325-5c03-7191-86d479706932,2279,0,Vũ Thu Trang,contact2279@example.com,0997403242,1987,,,Bình Dương,Account Manager,2025-06-20 22:38:52,2025-06-20,,true
3fd386b4-55bf-e6df-b400-dcf79dd9cb00,2280,0,Lê Thanh Lan,contact2280@example.com,0961542588,,,,TP. Hồ Chí Minh,,2026-09-17 12:19:24,2026-09-17,,true
c24e1ca5-9555-8207-cb3e-bc4ccad028bc,2281,0,Hoàng Ngọc Trang,contact2281@example.com,0947466710,1989,,,Bình Dương,Product Owner,2025-12-01 17:51:27,2025-12-01,2026-07-11,false
96d2875f-f484-bf01-c403-1b6144ad467e,2281,0,Hoàng Ngọc Trang,contact2281@example.com,0947466710,1989,,,Bình Dương,Product Owner,2025-12-01 17:51:27,2026-07-11,,true
a661949f-c5a9-106e-aa3c-b8dd3e34cde1,2282,0,Phạm Anh Tâm,contact2282@example.com,0934435908,,,,Cần Thơ,Business Analyst,2026-02-04 20:42:51,2026-02-04,,true
fb331963-0da0-ba2a-4514-53cbc60694c1,2283,0,Huỳnh Văn Khoa,contact2283@example.com,0972775027,2000,,,Bình Dương,Account Manager,2025-05-20 15:24:35,2025-05-20,,true
afbd8d23-6292-1f81-9588-ff3c53ee8077,2284,0,Đặng Gia Long,contact2284@example.com,0976541443,1986,,,Đà Nẵng,Brand Manager,2025-03-07 13:32:26,2025-03-07,,true
bc194683-d987-e067-112d-b7de565ae02f,2285,0,Đỗ Thu Sơn,contact2285@example.com,0961723891,1985,,,Hà Nội,Brand Manager,2025-11-30 21:42:25,2025-11-30,,true
693cfcff-5e1d-fc78-0952-e26b77863e7b,2286,0,Võ Bảo Lan,contact2286@example.com,0938834736,,,,TP. Hồ Chí Minh,Business Analyst,2026-02-10 22:41:27,2026-02-10,,true
0cfb46d3-2325-4f28-5e60-69fedd8eb663,2287,0,Hoàng Thị Vy,contact2287@example.com,0978464673,1993,,,Hải Phòng,Data Analyst,2026-03-19 15:11:02,2026-03-19,,true
51cb0c3f-8c1d-d40d-da2a-ee4fe10e466b,2288,0,Nguyễn Quốc Nhi,contact2288@example.com,0960206313,1992,,,TP. Hồ Chí Minh,Brand Manager,2025-03-26 09:36:33,2025-03-26,2025-07-23,false
30026c19-fd27-f49d-435b-42e4a03b80ea,2288,0,Nguyễn Quốc Nhi,contact2288@example.com,0960206313,1992,,,TP. Hồ Chí Minh,Business Analyst,2025-03-26 09:36:33,2025-07-23,,true
c787c538-0c30-daeb-b777-52e7b11c5f71,2289,0,Ngô Hải Yến,contact2289@example.com,0937489392,2000,,,Bình Dương,,2025-07-10 23:55:59,2025-07-10,,true
75896aab-597d-887e-446b-e3b3875bd28d,2290,3,Lê Thu Bình,contact2290@example.com,0915121791,1989,,,Cần Thơ,Data Analyst,2025-08-01 13:35:06,2025-08-01,,true
1cf1c734-f51d-4d4c-187e-a63c6de10032,2291,0,Bùi Minh Quân,contact2291@example.com,0912542831,1996,,,Cần Thơ,,2025-10-30 20:23:39,2025-10-30,,true
e3b2a723-e5a9-d49d-2734-5c84c04cb7bf,2292,31,Lý Quốc Dung,contact2292@example.com,0939638669,1987,,,Hà Nội,,2025-08-08 08:19:55,2025-08-08,,true
152ad178-3eee-a86d-488e-1dbf0b31b3f2,2293,0,Bùi Ngọc Phúc,contact2293@example.com,0924794966,1999,,,TP. Hồ Chí Minh,Business Analyst,2025-04-22 19:35:37,2025-04-22,,true
e7820d38-1621-7342-66d6-37743384e0ed,2294,0,Ngô Hải Nhi,contact2294@example.com,0957162770,1986,,,TP. Hồ Chí Minh,Sales Executive,2026-03-31 16:15:51,2026-03-31,,true
0ddc0cb3-e4ed-65ef-238b-67baf0af690d,2295,0,Hoàng Thanh Phúc,contact2295@example.com,0953736624,1989,,,Hải Phòng,Founder,2025-12-31 17:32:01,2025-12-31,,true
6d1fc3ca-0aaa-d6ae-7cc8-18d98cc39180,2296,0,Bùi Thị An,contact2296@example.com,0911033963,,,,Đà Nẵng,Product Owner,2026-02-19 22:47:03,2026-02-19,,true
cca7fa3b-5d6f-07b4-3dad-747df8ca6ce7,2297,0,Lê Gia Châu,contact2297@example.com,0961414988,2004,,,TP. Hồ Chí Minh,Business Analyst,2025-11-23 09:49:04,2025-11-23,,true
dee18785-def1-8550-14f7-70f7f7e3ab2d,2298,0,Nguyễn Anh Mai,contact2298@example.com,0946593570,2003,,,Bình Dương,Brand Manager,2026-08-12 14:48:44,2026-08-12,,true
698a3065-43db-69c8-aef3-92c2655ca3d1,2299,0,Phan Minh Dung,contact2299@example.com,0980868705,1989,,,Đà Nẵng,Business Analyst,2026-04-30 08:57:28,2026-04-30,,true
8b5c086b-4e06-2994-b5c8-c6e152afb8f4,2300,0,Hoàng Văn Linh,contact2300@example.com,0919237399,,,,Bình Dương,Data Analyst,2025-12-09 17:47:07,2025-12-09,,true
b56b48cf-7b63-f44c-50d2-519401aad933,2301,0,Đặng Hải Mai,contact2301@example.com,0943260898,1998,,,TP. Hồ Chí Minh,Sales Executive,2025-11-20 10:03:38,2025-11-20,,true
a3c91d29-0873-015b-72ef-ea42edd7ef2d,2302,0,Nguyễn Bảo Tâm,contact2302@example.com,0947823677,1993,,,TP. Hồ Chí Minh,Founder,2025-11-06 13:29:44,2025-11-06,,true
ae11f4e7-e605-94dd-8d42-b8e12b6c04c6,2303,0,Võ Thu Bình,contact2303@example.com,0924941000,,,,Đà Nẵng,,2025-04-09 21:00:53,2025-04-09,,true
743a37e5-1bc2-c57a-8778-bddc61746430,2304,0,Lý Thị Phúc,contact2304@example.com,0996160238,,,,Cần Thơ,Brand Manager,2025-08-18 13:58:58,2025-08-18,,true
d3475526-e479-9102-5cf3-0d10b89a9729,2305,0,Lý Ngọc Yến,contact2305@example.com,0985538332,1987,,,Hà Nội,Brand Manager,2026-04-01 18:02:22,2026-04-01,,true
41f8a080-d10e-19a8-b6a0-943c9a270997,2306,0,Lý Bảo Hùng,contact2306@example.com,0960438069,2000,,,Hà Nội,Account Manager,2026-01-23 13:15:45,2026-01-23,,true
f0c468fa-da3c-e8a9-7f59-bbc4a9f86b67,2307,0,Đặng Quốc Giang,contact2307@example.com,0954835291,1996,,,Hải Phòng,Marketing Executive,2025-02-14 19:22:45,2025-02-14,,true
a9611c5d-94ba-3bf2-1c54-2d78733e2137,2308,0,Nguyễn Thu Tâm,contact2308@example.com,0996977450,1989,,,Bình Dương,Business Analyst,2026-01-13 07:36:16,2026-01-13,,true
e2dacd4b-9b3a-aa9e-fd67-6ba106c1772a,2309,0,Hồ Thị Dung,contact2309@example.com,0985311312,1985,,,Bình Dương,Data Analyst,2026-02-25 07:48:08,2026-02-25,,true
32410617-df52-cf0a-0c8a-8d840c888da5,2310,0,Lê Bảo Lan,contact2310@example.com,0986741851,2002,,,Hà Nội,Founder,2025-08-14 20:53:00,2025-08-14,,true
470c3863-15aa-1ab2-0cbc-946dc8eedd25,2311,0,Đỗ Anh Vy,contact2311@example.com,0980314360,2000,,,Huế,Founder,2026-05-27 19:42:10,2026-05-27,,true
6f1b8cbb-4e50-0804-66b7-2795e8a4861a,2312,0,Phạm Thị Thảo,contact2312@example.com,0955077232,2005,,,Huế,,2026-04-21 11:44:24,2026-04-21,2026-09-23,false
51642de2-a2bf-d9d0-33c8-a51f7318dd3d,2312,0,Phạm Thị Thảo,contact2312@example.com,0955077232,2005,,,Huế,Brand Manager,2026-04-21 11:44:24,2026-09-23,,true
75a5f6e6-a9b3-8709-bd10-211eef0a4c5b,2313,0,Trần Quốc Dung,contact2313@example.com,0937467964,1992,,,Huế,,2026-02-04 10:37:52,2026-02-04,,true
306b43a8-790e-e78d-a393-067c6a834243,2314,23,Phạm Hải Phúc,contact2314@example.com,0945659479,,,,Bình Dương,Account Manager,2026-06-28 12:22:02,2026-06-28,,true
ad979325-aaaa-bd17-9f79-be9fedb2b061,2315,0,Dương Thanh Quân,contact2315@example.com,0970549218,1996,,,Huế,,2025-05-04 10:31:46,2025-05-04,,true
b270720f-0fc3-d695-333c-d4359c940c89,2316,0,Lý Thị Hà,contact2316@example.com,0957065854,1986,,,Huế,Data Analyst,2026-07-17 18:24:38,2026-07-17,,true
3d2d7f73-5e9b-8b75-35f8-39a6306c130f,2317,0,Hồ Thu Dung,contact2317@example.com,0987488011,1998,,,Cần Thơ,,2025-09-18 20:40:36,2025-09-18,,true
5455223c-3c44-994a-3b6d-b5ef5fb8a277,2318,0,Phan Văn Long,contact2318@example.com,0996086459,1989,,,Cần Thơ,Founder,2025-08-06 09:15:48,2025-08-06,,true
974495e1-673a-24f6-285b-54bf8efbdb58,2319,0,Võ Gia Quân,contact2319@example.com,0944035081,1988,,,Hà Nội,Business Analyst,2025-07-02 20:44:10,2025-07-02,,true
a510e644-70c4-5bc5-152c-17f038954fb9,2320,0,Dương Ngọc Thảo,contact2320@example.com,0932173081,,,,TP. Hồ Chí Minh,,2026-08-27 13:18:47,2026-08-27,,true
7b7ba6ca-f726-d24c-535e-3dfe50f6cbfd,2321,16,Võ Anh Phúc,contact2321@example.com,0960133229,,,,Bình Dương,Marketing Executive,2026-03-18 17:57:59,2026-03-18,,true
51bb56fc-a407-795c-4d43-62533630d9fa,2322,0,Dương Thanh Hùng,contact2322@example.com,0919954137,,,,Bình Dương,Student,2026-05-22 22:49:54,2026-05-22,,true
458c6bdd-9e70-49ff-0cd7-897f286d84e5,2323,0,Bùi Thu Mai,contact2323@example.com,0914249010,,,,TP. Hồ Chí Minh,Founder,2025-09-11 23:59:44,2025-09-11,,true
ca7e6bd7-d3a8-17a6-e3d1-48f060a84226,2324,0,Huỳnh Bảo Lan,contact2324@example.com,0936451514,1988,,,Hải Phòng,Account Manager,2025-07-10 21:41:22,2025-07-10,,true
1144fc61-b783-bd34-c92d-6cde0f793697,2325,0,Võ Ngọc Thảo,contact2325@example.com,0996331029,,,,Đà Nẵng,Data Analyst,2025-01-05 17:20:01,2025-01-05,2025-07-03,false
bfa90e41-c78e-bdd5-7c9d-ea1fdbacee2f,2325,0,Võ Ngọc Thảo,contact2325@example.com,0996331029,,,,Đà Nẵng,Founder,2025-01-05 17:20:01,2025-07-03,,true
a3ef973c-e096-2a42-8bb2-d4e3814316e8,2326,0,Hoàng Thị An,contact2326@example.com,0924335019,,,,Huế,Data Analyst,2025-09-24 13:22:17,2025-09-24,,true
19ca745c-13db-3a41-a258-5f03e342dc19,2327,0,Vũ Quốc Phúc,contact2327@example.com,0953078457,1994,,,Huế,Account Manager,2026-09-18 10:13:09,2026-09-18,,true
d50913c0-4d48-870d-2ff7-e6a96264a5ff,2328,0,Đỗ Hải Bình,contact2328@example.com,0996305446,1998,,,Đà Nẵng,Business Analyst,2026-05-27 08:54:12,2026-05-27,,true
91d259b3-3ffd-48e4-a9e2-6ef724e2d243,2329,12,Phạm Ngọc Long,contact2329@example.com,0943643075,,,,Cần Thơ,Business Analyst,2025-11-28 16:26:10,2025-11-28,,true
ed1a4d54-d54c-9bed-572c-608bed08f881,2330,0,Đặng Ngọc Lan,contact2330@example.com,0961663241,1986,,,Huế,,2026-05-17 09:48:28,2026-05-17,,true
56591909-309c-5b52-6424-90201bbd3427,2331,0,Vũ Bảo Sơn,contact2331@example.com,0920333657,2003,,,Huế,Brand Manager,2025-02-20 08:26:03,2025-02-20,,true
9b7cc800-e7cb-5012-0aa6-a29883bc8530,2332,11,Huỳnh Thanh Tuấn,contact2332@example.com,0924320234,1997,,,Hà Nội,Product Owner,2025-09-23 09:47:11,2025-09-23,,true
0328420c-cdb9-f86d-bb16-f8515c127211,2333,0,Bùi Thanh Dung,contact2333@example.com,0935735576,1991,,,Hải Phòng,Product Owner,2025-09-17 09:33:46,2025-09-17,,true
2ba1a7a1-8c7e-6fb7-7933-9fa8ba1e7371,2334,0,Bùi Gia Dung,contact2334@example.com,0968954438,1988,,,Bình Dương,Brand Manager,2025-12-15 09:21:57,2025-12-15,,true
9207a140-28f7-e1e9-487b-e236a68142aa,2335,0,Huỳnh Minh Châu,contact2335@example.com,0988503456,,,,Bình Dương,Data Analyst,2025-12-04 12:47:51,2025-12-04,,true
3087106d-94c1-b7d4-93c6-6bafe6ba5182,2336,0,Đặng Văn Châu,contact2336@example.com,0939044596,,,,Đà Nẵng,Product Owner,2026-09-15 15:32:07,2026-09-15,,true
a587b762-818f-0883-e6f4-b2fd9e891f45,2337,8,Huỳnh Văn Dung,contact2337@example.com,0970428122,1986,,,TP. Hồ Chí Minh,Marketing Executive,2025-10-19 20:20:09,2025-10-19,,true
f082c877-2fc6-2e86-769e-2dc42599a284,2338,0,Hồ Hải Mai,contact2338@example.com,0993784251,1987,,,Bình Dương,Account Manager,2025-11-11 20:39:32,2025-11-11,,true
f77741eb-e8aa-f45f-ff03-4bfc1fae5904,2339,0,Bùi Bảo Dung,contact2339@example.com,0965880522,1993,,,Bình Dương,,2025-05-08 14:42:24,2025-05-08,,true
e0b8f61c-d42d-a288-6713-8e6e5bfb5797,2340,7,Phạm Ngọc Bình,contact2340@example.com,0979441887,1989,,,TP. Hồ Chí Minh,Data Analyst,2025-06-03 10:35:41,2025-06-03,,true
c7c59195-ffc3-2f83-3e21-55a2a1361c27,2341,0,Nguyễn Minh Giang,contact2341@example.com,0943795754,1997,,,Hải Phòng,Data Analyst,2025-06-24 14:18:11,2025-06-24,,true
4f998d73-0796-583a-6286-85f7795dc229,2342,0,Võ Minh Khoa,contact2342@example.com,0982061007,1986,,,Huế,Founder,2025-05-23 17:15:59,2025-05-23,,true
e0632508-b367-a133-8a01-30dbf8a9cf5d,2343,0,Lý Anh Yến,contact2343@example.com,0967258120,2000,,,Đà Nẵng,Marketing Executive,2026-09-26 13:41:40,2026-09-26,,true
37fa4b20-d522-a7c5-3db8-dbf6053d239c,2344,0,Dương Anh Long,contact2344@example.com,0933954930,,,,Huế,Marketing Executive,2026-05-27 22:55:08,2026-05-27,,true
58aabc34-6ea8-a10d-2ecf-0d7746c95074,2345,0,Lý Minh Linh,contact2345@example.com,0972002152,,,,TP. Hồ Chí Minh,Brand Manager,2026-01-15 09:01:44,2026-01-15,,true
8d24172d-ce10-686f-1a78-4b9aa856227a,2346,0,Ngô Ngọc Thảo,contact2346@example.com,0983941612,1990,,,TP. Hồ Chí Minh,Account Manager,2025-03-08 13:37:11,2025-03-08,,true
e05bfdf3-a695-28e9-2e3e-ca904631c9fd,2347,0,Huỳnh Thu Tâm,contact2347@example.com,0997363655,1985,,,Hải Phòng,Marketing Executive,2026-06-08 13:58:24,2026-06-08,,true
2fe4e437-97da-0ac2-941e-fa01ae83606c,2348,0,Đỗ Bảo Khoa,contact2348@example.com,0919499463,,,,Bình Dương,Product Owner,2026-04-13 14:05:33,2026-04-13,,true
0191bb80-5ffd-2214-7abf-99707ee0d61d,2349,0,Trần Quốc An,contact2349@example.com,0972986089,,,,Bình Dương,Marketing Executive,2025-07-15 17:15:19,2025-07-15,,true
3cd89af3-1218-eb09-c4c9-52d820101b24,2350,0,Hồ Ngọc Mai,contact2350@example.com,0971212493,1998,,,Bình Dương,Product Owner,2026-07-19 16:36:18,2026-07-19,,true
19cf722c-562e-7e52-5533-1856952bc2ce,2351,0,Võ Gia Lan,contact2351@example.com,0958183579,1990,,,TP. Hồ Chí Minh,Brand Manager,2025-01-12 18:04:39,2025-01-12,,true
7f7556f9-6925-0338-98be-139e06a20460,2352,0,Phạm Bảo Nhi,contact2352@example.com,0937939985,1996,,,Hà Nội,Data Analyst,2025-07-13 17:39:04,2025-07-13,,true
22620589-42c4-c311-3cbc-eeee2402bd52,2353,0,Nguyễn Quốc An,contact2353@example.com,0943797209,1992,,,Hải Phòng,Business Analyst,2025-04-20 20:14:25,2025-04-20,,true
10292c12-70fc-3404-1486-90f7841597ef,2354,0,Trần Ngọc Vy,contact2354@example.com,0933151102,2002,,,Hà Nội,Business Analyst,2026-05-14 23:50:51,2026-05-14,,true
bfcbdd99-70f4-d484-2946-7638e7355bf2,2355,0,Dương Anh Long,contact2355@example.com,0928660016,,,,Hà Nội,Data Analyst,2026-06-23 14:22:55,2026-06-23,,true
88f8516e-ff0e-46f4-0422-553ce5cd69f3,2356,0,Phan Thị Châu,contact2356@example.com,0951045554,1991,,,TP. Hồ Chí Minh,Data Analyst,2026-08-19 20:15:48,2026-08-19,,true
b479d898-3e53-0429-04ca-56c4cd193f76,2357,0,Bùi Bảo Lan,contact2357@example.com,0913536226,2002,,,Hà Nội,Account Manager,2025-06-15 08:52:27,2025-06-15,,true
729f0c10-1655-9da4-8b41-d6a006138a83,2358,0,Trần Minh Châu,contact2358@example.com,0977216215,1987,,,Bình Dương,Student,2026-07-15 18:45:05,2026-07-15,2026-09-16,false
100bdf50-6c33-3aea-f8f6-bf244304b63a,2358,0,Trần Minh Châu,contact2358@example.com,0977216215,1987,,,Bình Dương,Product Owner,2026-07-15 18:45:05,2026-09-16,,true
f66feb4e-20dc-25c9-aa2c-64ac35a9f2b3,2359,0,Huỳnh Thị Linh,contact2359@example.com,0986218490,2000,,,Huế,Marketing Executive,2026-07-18 21:41:50,2026-07-18,2026-08-29,false
7ede0a0a-aa0f-0335-4fb7-1ca6a4ec1371,2359,0,Huỳnh Thị Linh,contact2359@example.com,0986218490,2000,,,Huế,Student,2026-07-18 21:41:50,2026-08-29,,true
007f6bd0-6525-2940-d7ec-b2ab4b5293e4,2360,0,Trần Hải Mai,contact2360@example.com,0918904455,,,,Huế,Marketing Executive,2025-08-07 13:19:19,2025-08-07,,true
2590d4fb-ff9e-1f08-f9cc-2915c284d2f5,2361,0,Đỗ Quốc Phúc,contact2361@example.com,0986668481,1986,,,Bình Dương,Founder,2025-10-27 10:12:07,2025-10-27,,true
e4272524-9993-b1e5-c3a7-600bccfd21c3,2362,0,Dương Minh Vy,contact2362@example.com,0921420105,1987,,,Bình Dương,Account Manager,2025-05-11 18:27:48,2025-05-11,,true
76f7d7d1-7afa-610c-8006-9f8937bda64d,2363,0,Dương Thu Nhi,contact2363@example.com,0973903876,1996,,,Huế,Data Analyst,2026-08-20 22:45:35,2026-08-20,,true
09f114d3-398e-1c11-79ff-479981b5b4d9,2364,0,Vũ Bảo Phúc,contact2364@example.com,0996331936,1990,,,Hà Nội,Student,2025-05-12 13:38:34,2025-05-12,,true
8e3698e8-89de-7964-1d0c-518447d2151e,2365,0,Ngô Gia Châu,contact2365@example.com,0996597336,1999,,,Huế,Sales Executive,2025-04-30 15:20:21,2025-04-30,,true
54da025a-828f-479a-51a9-dff5ce0b2985,2366,0,Trần Ngọc Tuấn,contact2366@example.com,0995051306,,,,Đà Nẵng,Founder,2025-02-01 19:49:19,2025-02-01,,true
3c4c3c4e-c467-b3df-30f3-5dc399d7e738,2367,0,Vũ Anh Nam,contact2367@example.com,0928818549,1993,,,Huế,Student,2026-08-06 10:49:34,2026-08-06,,true
c489d6d7-131f-c388-a287-fc6df6aa2893,2368,0,Bùi Hải Phúc,contact2368@example.com,0911131880,1986,,,Bình Dương,Founder,2026-04-02 15:01:26,2026-04-02,,true
484c6265-4458-ce41-51d1-fedfac7c2bca,2369,0,Đỗ Quốc Vy,contact2369@example.com,0997091318,1995,,,Huế,Sales Executive,2026-04-15 15:11:03,2026-04-15,,true
a4f3c259-2a2c-8f9d-e071-2f7aed584d65,2370,0,Ngô Thu Phúc,contact2370@example.com,0977556543,,,,Cần Thơ,,2025-02-06 21:48:58,2025-02-06,,true
f84b8619-c283-3293-7e96-e4fe4f73783a,2371,3,Dương Minh Vy,contact2371@example.com,0999400310,1993,,,Hà Nội,,2025-05-19 10:48:59,2025-05-19,,true
f3db4104-05e2-63c7-e341-d3fcf14ef0fe,2372,0,Dương Quốc Vy,contact2372@example.com,0976005767,1985,,,Đà Nẵng,Data Analyst,2025-05-08 12:18:25,2025-05-08,,true
901d8dc2-423e-2c4c-b219-aa6d0f2de639,2373,0,Võ Thanh Giang,contact2373@example.com,0968170457,1994,,,Đà Nẵng,Founder,2025-11-15 20:30:05,2025-11-15,,true
4b33b3f3-a8dc-6db2-4907-2a0ab16464e8,2374,8,Dương Thu An,contact2374@example.com,0940994964,1995,,,Hải Phòng,Marketing Executive,2026-04-27 09:07:51,2026-04-27,,true
99c8bc55-41a1-4527-e463-6d0ca842c013,2375,0,Hồ Anh Nhi,contact2375@example.com,0981150374,2004,,,Huế,Founder,2025-01-30 21:15:08,2025-01-30,,true
248a188f-92cb-5e1f-9702-fe56eef9c4ab,2376,0,Vũ Gia Dung,contact2376@example.com,0972282055,2004,,,Bình Dương,Account Manager,2025-03-03 13:40:49,2025-03-03,,true
156fd7cf-3f59-92e6-22ca-4d6d3ebc5194,2377,34,Phạm Thị Vy,contact2377@example.com,0935722735,2001,,,Hải Phòng,Student,2026-08-11 12:18:29,2026-08-11,,true
e74da397-3df5-deff-456f-25c03ee831ac,2378,0,Phạm Minh Phúc,contact2378@example.com,0959285251,2000,,,Hà Nội,Marketing Executive,2026-01-01 19:52:23,2026-01-01,,true
27a351ff-abf8-106d-a63f-50afe0163b1c,2379,0,Lý Thanh An,contact2379@example.com,0954372878,1989,,,Đà Nẵng,Data Analyst,2025-10-04 18:56:24,2025-10-04,,true
9543431c-a64d-2f1c-66ea-359ebcac6209,2380,0,Nguyễn Anh Giang,contact2380@example.com,0913726953,2000,,,Hà Nội,Sales Executive,2025-03-16 15:06:40,2025-03-16,,true
3e8d544a-f23c-3d37-fc80-4f90a76b9d80,2381,0,Đặng Thanh Hà,contact2381@example.com,0996802493,,,,Huế,Founder,2025-02-03 18:55:08,2025-02-03,,true
4fa3230b-9c71-aebd-b725-f18d9224e427,2382,0,Ngô Thị Dung,contact2382@example.com,0964942990,1995,,,Bình Dương,,2026-01-10 15:42:08,2026-01-10,,true
b84736f2-2093-9d12-87ab-f7ad66c722f6,2383,0,Võ Quốc Long,contact2383@example.com,0938139308,1995,,,Cần Thơ,Business Analyst,2025-05-26 20:50:44,2025-05-26,,true
590a446e-d352-7803-3ae0-9dba97d974e9,2384,0,Đặng Văn Hà,contact2384@example.com,0935703214,1996,,,Cần Thơ,Brand Manager,2026-01-13 08:34:06,2026-01-13,,true
e1eccef3-afa5-ef5f-95fe-26f416892173,2385,0,Nguyễn Quốc An,contact2385@example.com,0976550163,2000,,,Bình Dương,Account Manager,2025-07-31 17:56:41,2025-07-31,,true
c752a7b9-4907-bb41-40cb-f2c37b801e1b,2386,0,Đặng Minh Mai,contact2386@example.com,0934271143,2000,,,Hải Phòng,Founder,2026-04-07 13:23:16,2026-04-07,,true
8835eb99-917c-1c85-62f3-c49a023ac2b0,2387,0,Trần Thanh Nhi,contact2387@example.com,0947891233,,,,Hà Nội,Product Owner,2026-08-03 19:16:50,2026-08-03,,true
dd8729e4-a6ce-6b4d-e738-eb305a04d51d,2388,0,Dương Quốc Mai,contact2388@example.com,0937902884,2003,,,TP. Hồ Chí Minh,Account Manager,2025-05-19 19:19:34,2025-05-19,,true
6f6058c3-9a61-a1c8-32b7-b24fbb2bec75,2389,0,Võ Văn Phúc,contact2389@example.com,0931093658,,,,Đà Nẵng,Brand Manager,2026-01-23 11:07:01,2026-01-23,2026-09-03,false
d577f441-92d1-33d8-0f79-6d346f23d00e,2389,0,Võ Văn Phúc,contact2389@example.com,0931093658,,,,Đà Nẵng,Sales Executive,2026-01-23 11:07:01,2026-09-03,,true
af85f328-1fd7-0d6f-3387-dc6b4bf12c14,2390,0,Hoàng Hải Giang,contact2390@example.com,0958394743,1988,,,Bình Dương,Founder,2025-05-25 15:29:01,2025-05-25,,true
f29ec80c-4237-52b9-87fa-5903ef3647a4,2391,0,Vũ Anh Yến,contact2391@example.com,0988448668,2005,,,Cần Thơ,Account Manager,2025-02-28 13:08:23,2025-02-28,,true
ed2c3977-560c-2ce3-4337-5b68b9d52741,2392,0,Ngô Thị Quân,contact2392@example.com,0989393857,,,,Cần Thơ,Product Owner,2025-06-08 18:09:43,2025-06-08,,true
49b39bed-dfc3-d424-b5aa-591f7e360082,2393,0,Dương Gia Dung,contact2393@example.com,0933260029,1991,,,Bình Dương,Data Analyst,2026-09-12 18:45:39,2026-09-12,,true
64e63f27-356b-4d5f-f709-a3a599860656,2394,0,Hoàng Minh Vy,contact2394@example.com,0947562120,,,,TP. Hồ Chí Minh,Sales Executive,2025-05-28 21:46:06,2025-05-28,,true
196baadd-5dd8-6468-a9ed-7cc3561b743a,2395,0,Võ Văn Vy,contact2395@example.com,0947147828,,,,Đà Nẵng,Product Owner,2025-05-13 22:24:06,2025-05-13,,true
297496de-9a64-d450-b7ec-e5d6882a66d5,2396,0,Phạm Văn Mai,contact2396@example.com,0910879093,,,,Bình Dương,Business Analyst,2026-07-20 19:14:32,2026-07-20,2026-09-06,false
96710d4f-56a8-9706-a2ed-22e3adde259d,2396,0,Phạm Văn Mai,contact2396@example.com,0910879093,,,,Bình Dương,Brand Manager,2026-07-20 19:14:32,2026-09-06,,true
e9209932-378e-d10b-43d6-b29db2ff8d07,2397,0,Ngô Thu Quân,contact2397@example.com,0946629025,2004,,,TP. Hồ Chí Minh,Brand Manager,2025-06-23 23:45:08,2025-06-23,,true
1ea43f09-583f-1568-f561-5c4cd32acc65,2398,0,Dương Gia Hùng,contact2398@example.com,0991592462,2003,,,TP. Hồ Chí Minh,Data Analyst,2026-04-13 13:46:50,2026-04-13,2026-06-17,false
70e6db97-7d5e-19bb-005c-beb8611d701e,2398,0,Dương Gia Hùng,contact2398@example.com,0991592462,2003,,,TP. Hồ Chí Minh,Business Analyst,2026-04-13 13:46:50,2026-06-17,,true
117b01df-7f28-ef1a-dfe4-e44437718796,2399,0,Võ Gia Nam,contact2399@example.com,0986403553,1997,,,Huế,Brand Manager,2025-03-11 15:12:57,2025-03-11,,true
aa4ed9ce-07c3-2150-38d3-c4c4740357ce,2400,0,Đỗ Minh An,contact2400@example.com,0985204210,1991,,,Hà Nội,Account Manager,2026-01-01 22:15:07,2026-01-01,,true
f24e0ff8-e39b-4a17-3159-60cbfd28d0ce,2401,0,Vũ Thu Phúc,contact2401@example.com,0940566116,1989,,,Cần Thơ,Founder,2026-01-06 08:30:39,2026-01-06,,true
8b4ad625-6977-2fbc-263d-9cae86863614,2402,0,Huỳnh Anh Yến,contact2402@example.com,0970917200,1996,,,Cần Thơ,Marketing Executive,2025-03-29 23:21:03,2025-03-29,,true
a4a779db-fef7-a254-98a1-26a23eccb075,2403,0,Lý Thị Hà,contact2403@example.com,0926272372,1993,,,Đà Nẵng,Business Analyst,2025-01-01 08:30:09,2025-01-01,,true
59ccb1cb-f232-0d50-76ed-51d8b8b98baf,2404,0,Phan Thị Long,contact2404@example.com,0993306443,,,,Cần Thơ,Account Manager,2026-08-07 20:49:02,2026-08-07,,true
f05f9dfc-4873-4df7-9ae1-da0ce2d033eb,2405,11,Phan Văn Tâm,contact2405@example.com,0980568301,1998,,,Huế,Marketing Executive,2026-01-05 21:50:39,2026-01-05,,true
84033bdc-597c-0402-a64d-e2ac7e5e33b2,2406,0,Phạm Ngọc An,contact2406@example.com,0916318880,2005,,,Cần Thơ,Product Owner,2025-12-11 07:10:50,2025-12-11,,true
d42f3073-9e5d-6bfe-4bf2-f5440b083785,2407,0,Nguyễn Bảo Long,contact2407@example.com,0987180611,,,,Đà Nẵng,Brand Manager,2026-05-12 17:21:43,2026-05-12,,true
c465635c-49bc-8114-1ff5-8356e9491f6c,2408,0,Hồ Minh Phúc,contact2408@example.com,0933888258,1995,,,Hà Nội,Account Manager,2025-06-30 14:25:26,2025-06-30,,true
62d539b7-e072-25cb-7cab-a2621b25ccdf,2409,0,Võ Anh Long,contact2409@example.com,0916171992,1993,,,Hải Phòng,Business Analyst,2025-02-10 16:50:58,2025-02-10,,true
ac0937f7-8f4b-657b-adc4-d087e4f7d6ad,2410,0,Đặng Thị Nhi,contact2410@example.com,0960688574,1986,,,Hải Phòng,Account Manager,2025-07-18 16:38:55,2025-07-18,,true
cfa0bb71-a547-f818-6531-d59c0dfa5b4d,2411,0,Đỗ Gia Long,contact2411@example.com,0969930717,1987,,,Huế,Data Analyst,2026-03-06 23:47:53,2026-03-06,,true
0d6918c5-7903-7f06-745b-08a93774d2d5,2412,0,Dương Bảo Khoa,contact2412@example.com,0997660116,2002,,,Cần Thơ,Brand Manager,2026-04-14 11:27:18,2026-04-14,,true
fb6fed47-4238-de26-e4d3-8fc7ed222388,2413,0,Phạm Hải Lan,contact2413@example.com,0957831723,2004,,,Cần Thơ,Business Analyst,2025-06-13 15:36:13,2025-06-13,,true
64d76ec4-5f8e-9dc6-7272-4a33d6875a11,2414,3,Lý Anh Thảo,contact2414@example.com,0936965153,1987,,,Huế,Account Manager,2026-03-26 07:17:28,2026-03-26,,true
f6c225d2-3555-f415-f3ec-9d12783935b3,2415,0,Hoàng Văn Khoa,contact2415@example.com,0999688354,,,,Bình Dương,Business Analyst,2025-07-02 20:57:44,2025-07-02,,true
c9a4d972-5953-3db5-937b-c3d1dcce49fe,2416,0,Lê Minh Khoa,contact2416@example.com,0910652253,1995,,,Hải Phòng,Account Manager,2026-05-22 19:57:30,2026-05-22,,true
eab83685-5569-b82e-df50-607fe01e4236,2417,0,Bùi Hải Nam,contact2417@example.com,0912646902,2002,,,Huế,Marketing Executive,2026-01-12 14:09:45,2026-01-12,,true
6f05d8fb-52bb-bf4b-83fd-3b41969b4652,2418,0,Võ Thị Khoa,contact2418@example.com,0995479589,2005,,,TP. Hồ Chí Minh,Business Analyst,2026-07-04 13:01:12,2026-07-04,,true
f04accdc-45b9-1b52-7fac-17b4065f73c1,2419,0,Dương Thu An,contact2419@example.com,0976885393,,,,Hải Phòng,Marketing Executive,2026-07-03 15:39:56,2026-07-03,,true
151b5289-700b-fc99-8f50-521d633476f0,2420,4,Võ Bảo Châu,contact2420@example.com,0998647615,1994,,,Đà Nẵng,Sales Executive,2025-10-12 14:55:28,2025-10-12,,true
0197106f-d51b-62b3-4d11-a9f0cccc3146,2421,0,Ngô Minh Châu,contact2421@example.com,0958021410,,,,Bình Dương,Founder,2026-01-26 14:32:58,2026-01-26,,true
2b9b65ba-4628-639e-112b-68564ebf474c,2422,0,Phạm Gia Giang,contact2422@example.com,0948986219,,,,Bình Dương,Founder,2025-09-19 18:53:32,2025-09-19,,true
3477e35b-22e8-0727-2939-7928a20bd299,2423,0,Lý Minh Nhi,contact2423@example.com,0937815268,2003,,,TP. Hồ Chí Minh,Data Analyst,2026-01-06 14:40:04,2026-01-06,,true
362cd88b-1f77-ec32-d27b-c0e4b2dc77f1,2424,0,Huỳnh Thị Long,contact2424@example.com,0985589668,,,,Hà Nội,Founder,2026-08-14 23:57:53,2026-08-14,,true
aab060a0-d3df-72d2-d47e-021d5d066099,2425,0,Võ Quốc Nhi,contact2425@example.com,0970851542,,,,Hải Phòng,Data Analyst,2025-05-22 07:18:45,2025-05-22,,true
66926a49-a724-f9a8-70af-0f125ede88f9,2426,0,Ngô Gia Thảo,contact2426@example.com,0940960439,1988,,,Hải Phòng,Student,2026-04-21 19:24:00,2026-04-21,,true
8008c710-0227-db19-202f-55b65a505abf,2427,0,Ngô Hải Nam,contact2427@example.com,0943783663,1997,,,Hà Nội,Account Manager,2026-04-06 19:59:23,2026-04-06,,true
877af1f3-7ebf-6450-84f7-e3f9898b98d8,2428,0,Bùi Minh Châu,contact2428@example.com,0975902440,1994,,,Cần Thơ,,2025-12-17 11:37:27,2025-12-17,,true
2b901c66-9b79-9a18-e3f1-fcad6a06007d,2429,0,Võ Minh Hà,contact2429@example.com,0910663960,2002,,,Đà Nẵng,Marketing Executive,2026-07-26 11:29:23,2026-07-26,,true
6e89f080-f5c8-a1c7-dc60-08846a35f0ea,2430,0,Võ Văn Bình,contact2430@example.com,0960989790,,,,TP. Hồ Chí Minh,Student,2026-07-04 14:41:33,2026-07-04,,true
de6d4f39-cd0c-7586-1cae-8ac7ebf9c85b,2431,0,Phan Bảo Khoa,contact2431@example.com,0942455784,,,,Hà Nội,Data Analyst,2025-02-07 15:15:03,2025-02-07,,true
6487af4d-91cb-9dae-274a-72255b00ae93,2432,0,Bùi Quốc Sơn,contact2432@example.com,0976860919,1989,,,Bình Dương,Student,2025-01-22 19:22:16,2025-01-22,,true
a67156dc-3320-c680-8bd4-3a8de133af3b,2433,0,Võ Quốc Phúc,contact2433@example.com,0980233781,1987,,,Hải Phòng,,2025-03-18 15:12:26,2025-03-18,,true
5afb930c-933e-31c6-ce3c-b5edb648ca59,2434,0,Ngô Bảo Nhi,contact2434@example.com,0943211214,1991,,,Huế,Account Manager,2025-04-02 14:21:22,2025-04-02,,true
95499817-bffe-2cba-9d5e-ce049999fb5c,2435,0,Hoàng Quốc Vy,contact2435@example.com,0961952261,,,,Bình Dương,Data Analyst,2026-07-05 15:04:29,2026-07-05,,true
af1ae1b1-e2a4-ae18-cd3c-b60f64b18f8b,2436,0,Đặng Anh Quân,contact2436@example.com,0966492929,1990,,,Cần Thơ,Sales Executive,2026-03-19 11:16:55,2026-03-19,,true
2190d471-0101-33ed-e0b2-a223d00a05f7,2437,0,Ngô Thu Thảo,contact2437@example.com,0991363169,,,,Hà Nội,Data Analyst,2025-10-16 10:31:37,2025-10-16,,true
c69dd06e-1fcb-92b0-20ec-540aea447359,2438,0,Bùi Anh Giang,contact2438@example.com,0911211767,1999,,,TP. Hồ Chí Minh,Data Analyst,2026-05-22 09:38:48,2026-05-22,,true
6cce4d29-562a-37f9-6404-00be180695cb,2439,0,Hồ Minh Linh,contact2439@example.com,0946327630,1990,,,TP. Hồ Chí Minh,Marketing Executive,2026-01-10 08:40:17,2026-01-10,,true
a4a91526-0dbc-48fe-3c2a-1c9e03b5d896,2440,0,Phan Minh Nam,contact2440@example.com,0927210301,2002,,,Hà Nội,Student,2025-08-30 18:02:33,2025-08-30,,true
58b5dfed-f2b4-7627-c0c6-2677308b5be9,2441,0,Võ Minh Bình,contact2441@example.com,0928943936,,,,Cần Thơ,Student,2025-11-17 23:53:18,2025-11-17,2026-05-09,false
f46b566c-c28d-3086-03b5-22b55e7b8a46,2441,0,Võ Minh Bình,contact2441@example.com,0928943936,,,,Cần Thơ,Sales Executive,2025-11-17 23:53:18,2026-05-09,,true
9ea6ffda-e844-ba31-0628-0b151606a6df,2442,0,Dương Văn Giang,contact2442@example.com,0945567457,1994,,,Huế,Sales Executive,2025-09-10 12:32:03,2025-09-10,2026-06-14,false
2c84124a-8ea8-bc81-ab55-94ff18a0141e,2442,0,Dương Văn Giang,contact2442@example.com,0945567457,1994,,,Huế,Sales Executive,2025-09-10 12:32:03,2026-06-14,,true
109b6cbe-65d8-a43f-70da-a13e41db7842,2443,0,Lý Thu Tuấn,contact2443@example.com,0996311307,1998,,,Đà Nẵng,Brand Manager,2025-12-03 14:59:08,2025-12-03,,true
56ef1586-1b12-9d36-6d90-cc3668026646,2444,0,Đặng Gia Dung,contact2444@example.com,0948668201,1988,,,TP. Hồ Chí Minh,Product Owner,2026-03-31 18:30:14,2026-03-31,,true
0f120c0c-5882-cb5d-11a8-49e8f63340a4,2445,0,Hoàng Bảo Lan,contact2445@example.com,0934056124,1986,,,Huế,Business Analyst,2025-09-10 13:51:49,2025-09-10,,true
f8f15c22-8a22-d653-bda8-a949dacc2d1a,2446,0,Vũ Anh Khoa,contact2446@example.com,0986422772,1990,,,Hải Phòng,,2025-04-11 13:56:16,2025-04-11,,true
dd5326f9-9a8a-506f-dd68-01739a5f9835,2447,0,Dương Thu Hùng,contact2447@example.com,0938886122,2003,,,Hà Nội,Business Analyst,2025-12-05 23:11:57,2025-12-05,2026-08-22,false
99bb4c3e-b04b-c0cd-1ca6-edcceb40e2bc,2447,0,Dương Thu Hùng,contact2447@example.com,0938886122,2003,,,Hà Nội,Data Analyst,2025-12-05 23:11:57,2026-08-22,,true
16ee34e9-bd49-0412-ca2e-69331593191b,2448,0,Đỗ Quốc Phúc,contact2448@example.com,0999651742,,,,Đà Nẵng,Business Analyst,2025-06-01 18:38:15,2025-06-01,,true
64d4edd2-3088-f44b-405d-a416d58b867a,2449,0,Hồ Anh Vy,contact2449@example.com,0953647949,1986,,,Hà Nội,Student,2025-07-11 12:02:53,2025-07-11,,true
2a47452f-2676-8716-a116-9da676a0a1bb,2450,0,Ngô Bảo Châu,contact2450@example.com,0943941326,1985,,,Bình Dương,Marketing Executive,2025-08-07 15:13:52,2025-08-07,,true
5f441ba8-c027-f798-8a58-1d55303808c8,2451,0,Dương Gia Long,contact2451@example.com,0999745255,1986,,,Cần Thơ,Sales Executive,2026-03-28 17:10:29,2026-03-28,,true
54a91f62-e27c-4696-7229-69aaee8c3aa6,2452,0,Ngô Ngọc Tuấn,contact2452@example.com,0928859018,1998,,,Bình Dương,Founder,2025-01-15 08:37:02,2025-01-15,,true
2f0e346b-3860-4b38-3772-f988a341c5f8,2453,0,Đặng Thu Tuấn,contact2453@example.com,0913732591,1993,,,Huế,Product Owner,2026-01-14 20:07:30,2026-01-14,,true
50071ef6-772d-96f3-1eff-963e5538bb91,2454,0,Ngô Gia Linh,contact2454@example.com,0918731930,1998,,,Bình Dương,Sales Executive,2026-01-23 18:41:50,2026-01-23,,true
696e6a62-ca00-6fa9-53c3-f674688c1f66,2455,0,Lý Hải Thảo,contact2455@example.com,0961889216,2003,,,Đà Nẵng,,2025-11-18 09:52:32,2025-11-18,2026-04-14,false
be73dcf7-729c-af22-380b-a8c8b4911a81,2455,0,Lý Hải Thảo,contact2455@example.com,0961889216,2003,,,Đà Nẵng,Brand Manager,2025-11-18 09:52:32,2026-04-14,,true
5a668079-56a8-b01a-43fc-1535bb7b774f,2456,0,Lê Văn Thảo,contact2456@example.com,0931442068,1989,,,Đà Nẵng,Data Analyst,2025-06-05 15:33:16,2025-06-05,,true
4e90030f-6dfd-2176-ef8a-efd824d80f7e,2457,0,Hoàng Ngọc Quân,contact2457@example.com,0963217173,1993,,,Hà Nội,Student,2026-08-25 18:53:46,2026-08-25,,true
a36c7e7d-5c98-9c01-3347-ea22c7773dac,2458,0,Lý Minh Hà,contact2458@example.com,0989233755,1988,,,Hà Nội,,2025-07-09 22:02:34,2025-07-09,,true
8e9705d1-2211-f6b8-e5d4-3fe564e53fa3,2459,0,Đỗ Văn Châu,contact2459@example.com,0999529662,,,,Đà Nẵng,,2025-11-15 13:38:09,2025-11-15,,true
ffac340b-a8c3-5a5f-3661-00f8ef0f9a44,2460,0,Bùi Ngọc Trang,contact2460@example.com,0917306170,,,,Hải Phòng,Account Manager,2026-04-17 20:43:41,2026-04-17,,true
b015d2cb-4f00-e9a8-9b89-75be6095cd5e,2461,0,Trần Thu Sơn,contact2461@example.com,0930915021,1997,,,Hải Phòng,Product Owner,2026-05-26 19:29:43,2026-05-26,,true
944bc909-55dc-22ed-53b4-e9a8878548f5,2462,0,Phan Gia Nhi,contact2462@example.com,0977854979,1996,,,Bình Dương,Marketing Executive,2026-03-18 07:43:36,2026-03-18,,true
b7c45dd8-4dde-1873-f20a-ed36a1cb3a52,2463,0,Hoàng Ngọc Giang,contact2463@example.com,0953942135,1990,,,Hải Phòng,Sales Executive,2026-03-12 12:24:24,2026-03-12,,true
e00fa28c-405c-1d50-a356-2ae740d945ad,2464,0,Võ Thu Hà,contact2464@example.com,0935828453,,,,Bình Dương,Sales Executive,2026-02-27 12:30:03,2026-02-27,,true
d05247cc-808d-21ad-2b36-e4fa6556cadf,2465,7,Đặng Bảo Nam,contact2465@example.com,0921668101,1997,,,Huế,Account Manager,2026-03-17 20:25:06,2026-03-17,,true
c25d52c2-cbdb-3d33-ef65-665fae2054f6,2466,0,Võ Thanh Trang,contact2466@example.com,0944201583,,,,Huế,Sales Executive,2026-06-17 23:30:39,2026-06-17,,true
3f6101dc-8b61-f2e7-19fb-b208de6b7247,2467,0,Đặng Thanh Bình,contact2467@example.com,0985356036,,,,TP. Hồ Chí Minh,Sales Executive,2026-01-02 17:26:51,2026-01-02,,true
9a3b5491-7e6b-f58f-f72e-b0347e7422ad,2468,0,Lý Hải Thảo,contact2468@example.com,0919142510,,,,Bình Dương,Sales Executive,2025-05-05 19:37:47,2025-05-05,,true
a08f1019-0182-ea71-07f4-d1b32e2d6b83,2469,0,Huỳnh Minh An,contact2469@example.com,0920305086,1988,,,Cần Thơ,Brand Manager,2025-09-11 07:05:49,2025-09-11,,true
97f94128-013f-34a6-c49d-2d2f4a84cb5d,2470,0,Phan Ngọc Nam,contact2470@example.com,0995518131,,,,TP. Hồ Chí Minh,Data Analyst,2026-08-17 10:23:09,2026-08-17,,true
e5c6debb-04a6-a5e4-9ab9-a4d45901cdd5,2471,0,Ngô Thu Hà,contact2471@example.com,0914692831,,,,TP. Hồ Chí Minh,,2025-03-22 12:15:07,2025-03-22,,true
ff6843d8-a38b-f3b8-94f3-14d8a7f9fde9,2472,0,Bùi Hải Thảo,contact2472@example.com,0911844317,1985,,,Bình Dương,Data Analyst,2025-09-08 10:42:49,2025-09-08,,true
1d1d931c-7b20-29bd-c732-b28ee8e02c58,2473,0,Phan Minh Linh,contact2473@example.com,0951460853,1993,,,TP. Hồ Chí Minh,Account Manager,2025-03-23 19:55:21,2025-03-23,,true
e7f70fa9-2fb6-4e19-f7a5-0ed988753928,2474,0,Dương Anh Bình,contact2474@example.com,0984148525,1989,,,Hải Phòng,Business Analyst,2025-03-14 16:27:39,2025-03-14,2025-12-29,false
3cc74259-9f8c-f4d2-0bed-20bf0da066bf,2474,0,Dương Anh Bình,contact2474@example.com,0984148525,1989,,,Hải Phòng,Account Manager,2025-03-14 16:27:39,2025-12-29,,true
b5ceeed1-ded4-cdb1-99ad-7c9fdc726d4b,2475,0,Phạm Minh Hùng,contact2475@example.com,0932512506,1985,,,Hà Nội,Brand Manager,2025-01-10 13:18:40,2025-01-10,,true
3861d10a-1698-10ab-29fd-9858e2517b0a,2476,0,Đỗ Minh Yến,contact2476@example.com,0970514507,1996,,,TP. Hồ Chí Minh,Marketing Executive,2025-09-29 09:34:14,2025-09-29,,true
155c6768-c1e8-c0fe-bfd2-1f5b19fcd170,2477,0,Huỳnh Gia Hùng,contact2477@example.com,0932476811,,,,Hải Phòng,Marketing Executive,2026-03-24 21:36:22,2026-03-24,,true
3055549c-5545-9126-1889-abab51e2416b,2478,0,Dương Gia Nhi,contact2478@example.com,0928213263,,,,Hà Nội,Business Analyst,2026-06-02 10:07:51,2026-06-02,,true
05ed8c70-db6c-dfea-a405-febc356e64b0,2479,0,Huỳnh Minh Bình,contact2479@example.com,0992515948,1987,,,Hải Phòng,Brand Manager,2025-09-20 20:28:14,2025-09-20,,true
807600fe-426b-d3a9-8711-f4ed00ac47dd,2480,0,Võ Thị Bình,contact2480@example.com,0999220347,1999,,,Đà Nẵng,Brand Manager,2025-01-13 18:50:12,2025-01-13,,true
8f234f24-01c6-a550-bbdc-b66d0cacc178,2481,0,Trần Ngọc Quân,contact2481@example.com,0977673602,1999,,,Cần Thơ,Founder,2026-07-15 16:26:59,2026-07-15,,true
29d5ee57-e71b-ef25-7f5f-7a16158ed5c1,2482,0,Đặng Văn Long,contact2482@example.com,0978442573,1995,,,Bình Dương,Marketing Executive,2025-08-21 07:41:28,2025-08-21,,true
1ba1f57c-5c6a-ec85-02c9-2c8c2164429b,2483,0,Huỳnh Bảo An,contact2483@example.com,0925811498,,,,Cần Thơ,Sales Executive,2026-04-11 21:15:59,2026-04-11,,true
4d8780d0-2dc3-e172-078b-5c055d2706bc,2484,0,Ngô Ngọc Nam,contact2484@example.com,0981694209,2004,,,Cần Thơ,Marketing Executive,2025-06-11 09:52:12,2025-06-11,2025-12-19,false
78148f86-aca6-01d1-10ee-c3d21070750e,2484,0,Ngô Ngọc Nam,contact2484@example.com,0981694209,2004,,,Cần Thơ,Student,2025-06-11 09:52:12,2025-12-19,,true
a848fe9c-a179-2d9f-31fb-6b84f3beb28f,2485,0,Võ Gia Mai,contact2485@example.com,0969046840,2001,,,Cần Thơ,Product Owner,2026-05-02 09:29:03,2026-05-02,,true
1ed724d7-856e-62af-a85b-5df7fb8fce92,2486,0,Nguyễn Thanh Tuấn,contact2486@example.com,0949965018,1987,,,TP. Hồ Chí Minh,Account Manager,2025-09-18 08:28:47,2025-09-18,,true
4499f740-2116-4937-569c-a9ecdc4a7ef6,2487,0,Bùi Hải Quân,contact2487@example.com,0963971244,1998,,,Hà Nội,,2025-05-08 10:48:54,2025-05-08,,true
2101f87d-0a45-6ebb-cc6c-b94ec2255913,2488,0,Phạm Thu Nhi,contact2488@example.com,0951127483,2000,,,Huế,Founder,2025-01-30 10:30:02,2025-01-30,,true
dcae8170-5295-9b3f-22cf-e7d0a838ebc6,2489,0,Vũ Thanh Phúc,contact2489@example.com,0977753320,,,,Hải Phòng,Founder,2025-07-30 07:16:45,2025-07-30,,true
7fb4b109-8085-1f87-b570-dfb75c5ad3a4,2490,0,Huỳnh Gia Lan,contact2490@example.com,0980348128,2000,,,Huế,Sales Executive,2025-06-02 08:39:58,2025-06-02,,true
07aeec23-4143-7d71-e6b1-37b4b335049f,2491,0,Phan Ngọc Tuấn,contact2491@example.com,0955560245,2005,,,Hà Nội,Business Analyst,2026-04-15 12:39:38,2026-04-15,,true
3b8657f9-8ea7-1162-95e5-b29d3f9b33d4,2492,0,Đặng Hải Linh,contact2492@example.com,0981634077,1989,,,Bình Dương,Founder,2026-09-18 20:12:45,2026-09-18,,true
f92ad086-555f-9eff-3fb9-c537792b9356,2493,0,Lê Gia Tâm,contact2493@example.com,0965875906,1997,,,TP. Hồ Chí Minh,Business Analyst,2026-02-07 18:08:45,2026-02-07,,true
c790396a-4529-d779-3eef-94c631c64655,2494,0,Hồ Anh Hà,contact2494@example.com,0917586107,,,,Hải Phòng,Product Owner,2025-08-20 14:54:19,2025-08-20,,true
8736be22-de65-e548-ccb9-dbe32bdc1aa6,2495,0,Phan Thanh Yến,contact2495@example.com,0956086149,1998,,,TP. Hồ Chí Minh,Product Owner,2025-09-26 11:05:23,2025-09-26,,true
4a5d95a7-df0b-1449-4559-620034111701,2496,18,Võ Quốc Mai,contact2496@example.com,0925729422,,,,Bình Dương,Student,2025-07-06 13:23:29,2025-07-06,,true
b7f5b3ac-880e-fb55-8de0-f010a1bc1a16,2497,0,Võ Thanh Thảo,contact2497@example.com,0954620660,1994,,,TP. Hồ Chí Minh,Data Analyst,2025-03-28 09:06:29,2025-03-28,,true
e6ee6ade-2c73-81ab-9c46-808da4453aba,2498,0,Đỗ Thị Hà,contact2498@example.com,0993757290,1998,,,Đà Nẵng,Founder,2025-11-04 19:15:32,2025-11-04,,true
3d67d2df-5c31-b745-1e45-f86ecfde0fd1,2499,0,Bùi Ngọc Tuấn,contact2499@example.com,0993452683,2000,,,Đà Nẵng,,2026-01-30 12:16:28,2026-01-30,,true
e5ceac23-aff7-188d-eada-d07f2d6b89e7,2500,0,Đỗ Anh Châu,contact2500@example.com,0981005505,1993,,,Hải Phòng,,2025-03-04 21:20:51,2025-03-04,,true
a3d3ea27-88fa-85b9-7a78-7a7cbe274090,2501,0,Lê Văn Sơn,contact2501@example.com,0922319855,1997,,,Đà Nẵng,Sales Executive,2025-12-14 12:16:20,2025-12-14,,true
06c7b7ce-b9b3-6884-1d3e-4ce463a64fff,2502,0,Lê Thanh Tuấn,contact2502@example.com,0965802725,1998,,,Bình Dương,,2026-01-29 12:19:13,2026-01-29,,true
99044300-7db7-b6d4-e9b1-4cf584d4d7be,2503,0,Đặng Bảo Dung,contact2503@example.com,0929734722,,,,Huế,Data Analyst,2026-09-02 20:15:47,2026-09-02,,true
ba26519b-2387-f287-0091-d90c51840bab,2504,0,Võ Thu Châu,contact2504@example.com,0956975704,1988,,,Hà Nội,Business Analyst,2025-02-07 19:21:00,2025-02-07,,true
dc2c57b7-f655-5f0f-feba-4f18ca092da3,2505,0,Trần Minh Quân,contact2505@example.com,0932153640,2004,,,Cần Thơ,Product Owner,2025-03-25 20:02:00,2025-03-25,,true
6520a744-9e54-85b4-764b-c004d9b833fd,2506,0,Hồ Thị Lan,contact2506@example.com,0992825661,1989,,,Đà Nẵng,Marketing Executive,2025-08-21 11:07:59,2025-08-21,,true
038b0cba-646a-ed9f-41e4-318122ec1704,2507,0,Trần Văn Tuấn,contact2507@example.com,0919052828,1993,,,Huế,Student,2026-09-25 21:32:56,2026-09-25,,true
ddfce905-b56c-8e75-9956-614cbd67f6a9,2508,0,Ngô Thị Yến,contact2508@example.com,0957508354,1990,,,Cần Thơ,Brand Manager,2025-08-17 12:15:45,2025-08-17,,true
7a550fe5-7fb8-baba-507b-f7d5570b2c06,2509,0,Phan Thu Yến,contact2509@example.com,0991712332,2003,,,TP. Hồ Chí Minh,Marketing Executive,2026-04-13 17:42:30,2026-04-13,,true
89159257-ac32-f8ac-bad1-c44445c8bd55,2510,0,Lý Thanh Tuấn,contact2510@example.com,0923382179,2003,,,TP. Hồ Chí Minh,,2026-09-08 13:24:28,2026-09-08,,true
6210ab22-f6bd-93ed-a1fa-43b79e74f6a8,2511,0,Bùi Hải An,contact2511@example.com,0927900332,2002,,,Bình Dương,Product Owner,2025-01-05 14:36:03,2025-01-05,,true
801ac91b-16ae-a9bb-0e93-a664164a634c,2512,0,Dương Hải An,contact2512@example.com,0975252581,1987,,,Huế,Business Analyst,2025-01-16 20:13:22,2025-01-16,,true
0f962dde-4b1b-e774-9519-fd53586126fe,2513,0,Đặng Thị Sơn,contact2513@example.com,0913132558,,,,TP. Hồ Chí Minh,Student,2026-02-03 12:42:08,2026-02-03,,true
727fc72b-d2ad-4cf7-09be-c81554b2b5ab,2514,0,Bùi Minh Lan,contact2514@example.com,0996021452,1999,,,Huế,,2026-09-14 14:20:25,2026-09-14,,true
279b0e4f-bffa-3c0d-eba4-e4b1ba38397b,2515,0,Vũ Thu Lan,contact2515@example.com,0985179486,,,,Huế,Brand Manager,2026-03-04 18:49:49,2026-03-04,,true
531a5956-ce30-f80d-7de4-e475a8e03d6b,2516,0,Đặng Hải Phúc,contact2516@example.com,0989534224,,,,Hà Nội,Data Analyst,2025-06-24 12:21:52,2025-06-24,,true
65bc9033-9fc9-ced7-c95a-90973582b335,2517,0,Huỳnh Bảo Lan,contact2517@example.com,0985511951,1998,,,Đà Nẵng,Business Analyst,2025-06-11 22:37:48,2025-06-11,,true
1507a93e-b6e9-62b3-9202-756857ad564d,2518,0,Bùi Thanh Bình,contact2518@example.com,0968741281,2002,,,Đà Nẵng,Data Analyst,2026-08-22 08:09:03,2026-08-22,,true
b4973f68-6007-9b3d-7b69-39aadee94590,2519,0,Lý Quốc Khoa,contact2519@example.com,0982928246,1991,,,Bình Dương,,2025-10-17 11:26:36,2025-10-17,,true
3459a938-3efe-4d6b-ca64-fd8165daf73e,2520,0,Ngô Minh An,contact2520@example.com,0946389052,1996,,,TP. Hồ Chí Minh,Marketing Executive,2025-06-14 20:04:19,2025-06-14,,true
81f15677-b108-fffa-37f0-67e3a8b4fd7d,2521,0,Huỳnh Anh Nam,contact2521@example.com,0956886056,,,,Huế,Sales Executive,2026-02-20 23:31:12,2026-02-20,2026-04-17,false
10e28a07-9ceb-ac3b-f456-bc07b63ef912,2521,0,Huỳnh Anh Nam,contact2521@example.com,0956886056,,,,Huế,Founder,2026-02-20 23:31:12,2026-04-17,,true
cde93ee3-a716-caa3-6b6d-79813ff2f59b,2522,0,Vũ Văn Sơn,contact2522@example.com,0960157791,1987,,,Cần Thơ,Student,2025-03-29 19:03:15,2025-03-29,,true
e893c71a-af24-aea1-2889-5932bb2d621d,2523,0,Phan Thị Khoa,contact2523@example.com,0973246853,,,,Cần Thơ,Marketing Executive,2025-02-25 12:43:01,2025-02-25,,true
593d736f-5b69-a0a6-4fa7-a6ee60a23628,2524,0,Ngô Thu Phúc,contact2524@example.com,0972247131,1998,,,Đà Nẵng,Founder,2026-08-18 14:59:26,2026-08-18,,true
344e3c13-9fcf-a0dd-61be-dea323c409e8,2525,0,Phạm Bảo Long,contact2525@example.com,0943570307,1988,,,Hà Nội,Marketing Executive,2026-09-25 08:13:16,2026-09-25,,true
11e093c0-fbbf-ee72-bec5-e361adc043cc,2526,40,Hoàng Ngọc Yến,contact2526@example.com,0943485845,1987,,,TP. Hồ Chí Minh,Brand Manager,2026-01-16 13:15:52,2026-01-16,,true
480c8194-70a4-e9e4-62b0-99a503a2fcda,2527,0,Dương Văn Giang,contact2527@example.com,0960535131,1998,,,TP. Hồ Chí Minh,Product Owner,2026-06-17 17:21:47,2026-06-17,,true
bc194478-3ea3-92ca-fbec-0c6b8fff2706,2528,0,Lý Hải Hà,contact2528@example.com,0924409940,,,,Hải Phòng,Student,2025-11-24 10:47:52,2025-11-24,,true
eb10e79d-7a5d-478c-d336-aae053c2d225,2529,0,Dương Ngọc Bình,contact2529@example.com,0933389437,1986,,,Hải Phòng,,2025-05-20 21:44:56,2025-05-20,,true
43b42591-8979-ae2a-2e44-c25f8bd3a18c,2530,0,Đỗ Gia Trang,contact2530@example.com,0937681754,1988,,,TP. Hồ Chí Minh,Brand Manager,2025-06-21 12:14:47,2025-06-21,,true
b34cd20f-b4f5-60bd-bfc7-a53311354e88,2531,0,Đặng Bảo Mai,contact2531@example.com,0921079693,1995,,,Cần Thơ,,2026-07-27 09:37:42,2026-07-27,,true
5ed29e43-f7f1-e4dd-1292-a80d4200fc47,2532,0,Ngô Thanh Long,contact2532@example.com,0929378307,2003,,,Hà Nội,Marketing Executive,2025-11-18 19:42:18,2025-11-18,,true
995faf9e-7cf2-030a-c318-7da0784d1304,2533,0,Bùi Thanh Quân,contact2533@example.com,0911252986,,,,Cần Thơ,,2025-06-09 23:24:31,2025-06-09,,true
80e5efcd-e857-997d-20d0-101fbe2ef077,2534,0,Vũ Hải Quân,contact2534@example.com,0929227061,,,,Đà Nẵng,Marketing Executive,2025-02-14 19:28:02,2025-02-14,,true
38b828c9-1905-c268-69e2-0b451b18b735,2535,0,Trần Anh Quân,contact2535@example.com,0942388547,1998,,,Hà Nội,Sales Executive,2025-02-28 16:42:04,2025-02-28,,true
b7b1dcab-2dde-e2cf-a5c8-eb3749e0767a,2536,0,Lê Hải Lan,contact2536@example.com,0956982946,1990,,,Hải Phòng,Brand Manager,2025-01-13 22:37:39,2025-01-13,,true
be229c05-5bcb-7f2a-58f7-793711fb02d1,2537,0,Bùi Thị Mai,contact2537@example.com,0917010108,1997,,,Cần Thơ,Account Manager,2025-07-26 19:31:43,2025-07-26,,true
57756632-039f-665c-a3a4-5bd46846ebe8,2538,0,Đặng Văn Thảo,contact2538@example.com,0942147005,1992,,,Hải Phòng,Student,2025-11-27 20:05:55,2025-11-27,,true
ee5cfbab-5f17-5b50-e803-39dc42c3badb,2539,0,Lê Ngọc Hùng,contact2539@example.com,0988787469,1991,,,TP. Hồ Chí Minh,Business Analyst,2026-01-15 17:07:44,2026-01-15,,true
b320c670-c282-fd05-d6e9-e7658edbe792,2540,0,Hoàng Thị Giang,contact2540@example.com,0996065653,2003,,,Hải Phòng,Student,2025-06-02 18:25:38,2025-06-02,,true
0d0b1341-a081-662d-7ea2-1411297b3699,2541,0,Ngô Ngọc Châu,contact2541@example.com,0986726036,1992,,,Hà Nội,Brand Manager,2026-08-17 22:35:19,2026-08-17,,true
1ed92dca-f0f8-79c6-011b-673c3c2cef2f,2542,0,Huỳnh Minh Mai,contact2542@example.com,0985618104,1998,,,Đà Nẵng,Business Analyst,2025-07-29 19:36:56,2025-07-29,,true
809de93b-d353-a992-9217-4d2f17297cc3,2543,0,Nguyễn Thị Quân,contact2543@example.com,0962405728,1988,,,Huế,,2025-10-16 19:37:58,2025-10-16,,true
592a0eeb-3045-ac44-69c9-4fc003171354,2544,0,Đỗ Ngọc Nam,contact2544@example.com,0910594718,1989,,,TP. Hồ Chí Minh,Sales Executive,2025-09-07 07:53:33,2025-09-07,,true
f96e8963-d68d-746b-0226-7d71e13f53bd,2545,0,Đặng Minh Trang,contact2545@example.com,0979905597,1987,,,Hà Nội,Student,2025-07-31 18:31:29,2025-07-31,,true
3ab1534d-b981-3055-aefa-8e4e20985aac,2546,9,Đặng Gia Hà,contact2546@example.com,0969658335,1997,,,TP. Hồ Chí Minh,Brand Manager,2025-08-11 12:30:13,2025-08-11,,true
eb2168f1-332a-ba47-55b8-20c48feb2881,2547,0,Nguyễn Anh Nhi,contact2547@example.com,0988207548,1998,,,TP. Hồ Chí Minh,Data Analyst,2026-02-27 07:15:53,2026-02-27,,true
3a81481e-64ab-a2d7-628b-48446c84a0fb,2548,0,Lê Thu Quân,contact2548@example.com,0990919385,1991,,,Bình Dương,Product Owner,2025-03-07 10:06:41,2025-03-07,,true
af12011a-fa28-5214-3378-1d0f314754c0,2549,0,Vũ Minh Nhi,contact2549@example.com,0953804537,1993,,,Đà Nẵng,Marketing Executive,2026-09-24 16:30:11,2026-09-24,,true
a8ff9d12-1b8f-5512-be05-2644aa924983,2550,0,Nguyễn Ngọc Quân,contact2550@example.com,0958483068,2005,,,Bình Dương,Sales Executive,2025-02-20 12:42:42,2025-02-20,,true
