deal_id,contact_key,stage_id,owner_user_id,deal_name,deal_status,deal_value,labels,is_alumni,group_registration,course_selected,learning_format,class_code,expectation,promotion_code,gift,need_consulting,preferred_consulting_time,pain_point_captured,pending_reason,pending_reason_detail,has_followup_plan,next_step,lost_reason,lost_reason_detail,utm_source,utm_medium,utm_content,utm_product,utm_person,created_at,updated_at,closed_at,is_test_deal
10001,ad5835f3-f87e-213c-f873-6e59062bd6f0,77,1004,Deal 10001,lost,,,,,Combo: Course A + Course C,Offline,Course03,,REFERRAL,,,,,,,,,Trash: Đăng ký trùng deal,,facebook,fanpage,campaign_12,,,2025-04-08 23:20:49,2025-04-14 03:20:49,2025-04-14 03:20:49,false
10002,248dbf75-0096-b4d6-d67d-81a6a6d5ab1c,73,1007,Deal 10002,lost,,,,,Program G - Professional,Offline,G02,Demo expectation,EARLYBIRD,,,,,,,,,Bad Timing: No Immediate Priority,,facebook,cpc,campaign_04,,,2025-02-20 19:42:19,2025-02-24 17:31:25,2025-02-24 17:31:25,false
10003,1be00f8e-0c8d-51d2-1673-aefbeb9e54e0,224,1003,Deal 10003,won,6375000.0,,,,Course C - Advanced,Offline,,,EARLYBIRD,,,,,,,,,,,facebook,cpc,campaign_12,,,2025-08-06 14:05:25,2025-09-07 03:54:01,2025-09-07 03:54:01,false
10004,6e3a0ba8-ac8d-6c7d-b2a6-e468d02b1243,222,1001,Deal 10004,won,9500000,,,,Course E - Specialist,Hybrid,E10,Demo expectation,EARLYBIRD,,,,,,,,,,,facebook,cpc,campaign_03,,,2026-05-22 13:39:25,2026-06-12 10:54:44,2026-06-12 10:54:44,false
10005,3c4c3c4e-c467-b3df-30f3-5dc399d7e738,224,1004,Deal 10005,won,16200000.0,,,,Program G - Professional,Hybrid,G12,Demo expectation,REFERRAL,,,,,,,,,,,email,newsletter,campaign_12,,,2026-08-16 01:39:51,2026-09-09 21:38:58,2026-09-09 21:38:58,false
10006,a3b5bc49-f05a-fb4a-daa5-1cfb605a79a3,224,1004,Deal 10006,won,7200000.0,,,,Course D - Advanced,Hybrid,D09,Demo expectation,,,,,,,,,,,,facebook,cpc,campaign_12,,,2026-05-28 00:44:58,2026-06-14 09:14:21,2026-06-14 09:14:21,false
10007,ea3d19b2-c319-8f41-2467-f4a324da0109,224,1002,Deal 10007,won,2125000.0,,,,Course F - Short course,Hybrid,F09,Demo expectation,REFERRAL,,,,,,,,,,,,,,,,2026-04-08 13:47:14,2026-05-25 01:07:02,2026-05-25 01:07:02,false
10008,df223246-e6fb-61d3-fba2-6c214264e318,78,1004,Deal 10008,lost,,,,,Course E - Specialist,Online,E05,,,,,,,,,,,Trash: Không có nhu cầu,,,,,,,2025-07-25 18:14:48,2025-08-01 02:15:58,2025-08-01 02:15:58,false
10009,1f51e3c6-2b35-6a41-214b-b3fef371cfac,77,1004,Deal 10009,lost,,,,,Course B - Foundation,Online,B09,Demo expectation,EARLYBIRD,,,,,,,,,Communication: Invalid Contact,,homepage,organic,campaign_08,,,2026-05-15 20:17:41,2026-05-17 00:17:41,2026-05-17 00:17:41,false
10010,db747f33-fdba-93eb-78e1-524090771f71,91,1003,Deal 10010,open,,,,,Course A - Foundation,Offline,,Demo expectation,,,,,,,,,,,,google,cpc,campaign_10,,,2026-08-10 02:59:06,2026-08-26 10:50:58,,false
10011,8329bd1a-6cd6-cedf-52df-c152c8e6cd4b,78,1001,Deal 10011,open,,,,,Course B - Foundation,Offline,,Demo expectation,,,,,,,,,,,,google,cpc,campaign_05,,,2026-03-05 00:19:07,2026-03-09 08:18:37,,false
10012,e8dab4dc-cecb-e1f1-f655-1ac63879b941,78,1003,Deal 10012,lost,,,,,Course E - Specialist,Hybrid,E07,Demo expectation,EARLYBIRD,,,,,,,,,Communication: Not Connected: Không liên hệ được,,facebook,cpc,campaign_12,,,2026-01-02 06:41:33,2026-01-06 22:56:25,2026-01-06 22:56:25,false
10013,dfefe149-c93e-1531-a87a-90a75e1e57ee,224,1001,Deal 10013,won,2250000.0,,,,Course F - Short course,Offline,F08,Demo expectation,,,,,,,,,,,,facebook,cpc,campaign_12,,,2026-01-26 12:04:34,2026-03-09 10:31:03,2026-03-09 10:31:03,false
10014,518d38f8-6904-1328-871c-db5df728a97a,77,1002,Deal 10014,lost,,,,,Program G - Professional,Offline,G05,,,,,,,,,,,Communication: Invalid Contact,,facebook,cpc,campaign_11,,,2025-07-27 10:44:23,2025-07-29 16:44:23,2025-07-29 16:44:23,false
10015,4cd82847-66b1-f859-adb5-d5e67b88e4ef,224,1001,Deal 10015,won,2500000,,,,Course F - Short course,Hybrid,,Demo expectation,,,,,,,,,,,,facebook,fanpage,campaign_05,,,2025-01-31 13:50:49,2025-03-04 13:25:25,2025-03-04 13:25:25,false
10016,c60b846e-06bf-1fb7-0e2b-d8c9ee662c46,224,1002,Deal 10016,won,3825000.0,,Cựu học viên,,Course A - Foundation,Offline,A03,Demo expectation,,,,,,,,,,,,google,cpc,campaign_07,,,2025-05-14 09:49:53,2025-06-30 14:18:39,2025-06-30 14:18:39,false
10017,1cada48a-46a4-2ee1-2a2e-1e6a1bff56f4,224,1004,Deal 10017,won,8075000.0,,,,Course E - Specialist,Online,E06,Demo expectation,REFERRAL,,,,,,,,,,,facebook,cpc,campaign_12,,,2025-11-02 11:09:04,2025-12-01 13:31:14,2025-12-01 13:31:14,false
10018,4799c04b-f719-25ae-bb00-84fa3822b51b,78,1001,Deal 10018,lost,,,,,Course B - Foundation,Hybrid,B11,Demo expectation,EARLYBIRD,,,,,,,,,Communication: Not Connected: Không liên hệ được,,,,,,,2026-07-24 21:00:50,2026-08-03 11:38:21,2026-08-03 11:38:21,false
10019,384852b6-57f4-98e0-c2a5-9d7b2bd3d971,92,1002,Deal 10019,lost,,,,,Course F - Short course,Hybrid,,Demo expectation,EARLYBIRD,,,,,,,,,Budget: Giá quá cao,,,,,,,2026-01-08 11:16:18,2026-02-02 19:41:00,2026-02-02 19:41:00,false
10020,7a550fe5-7fb8-baba-507b-f7d5570b2c06,224,1002,Deal 10020,won,8000000,,,,Course D - Advanced,Online,,,EARLYBIRD,,,,,,,,,,,facebook,fanpage,campaign_11,,,2026-04-24 12:42:32,2026-05-24 12:32:53,2026-05-24 12:32:53,false
10021,15ac37f0-0de9-a283-d6d5-aed275d106f2,92,1003,Deal 10021,lost,,,,,Course A - Foundation,Offline,A05,,REFERRAL,,,,,,,,,Budget: Giá quá cao,,google,cpc,campaign_01,,,2025-09-16 08:11:31,2025-10-08 18:50:55,2025-10-08 18:50:55,false
10022,7108f569-108d-6ac7-5bac-a4390963c291,224,1004,Deal 10022,won,18000000,,,,Program G - Professional,Offline,G08,Demo expectation,REFERRAL,,,,,,,,,,,google,cpc,campaign_10,,,2026-01-29 18:59:15,2026-03-06 21:23:25,2026-03-06 21:23:25,false
10023,07aa240c-5762-0a6f-6f24-564d9c296b78,77,1003,Deal 10023,open,,,,,Course F - Short course,Online,F11,Demo expectation,EARLYBIRD,,,,,,,,,,,,,,,,2026-07-31 00:08:11,2026-07-31 00:08:11,,false
10024,8c7e6f42-2646-eaf9-d5c0-244d3735262d,80,1001,Deal 10024,lost,,,,,Course F - Short course,Online,,Demo expectation,,,,,,,,,,Choose Competitor: Đã đi học bên khác,,facebook,cpc,campaign_06,,,2025-05-25 09:23:59,2025-06-11 06:09:27,2025-06-11 06:09:27,false
10025,cab39e59-661e-efe8-d6a4-fb2d154cfa54,78,1004,Deal 10025,lost,,,,,Course B - Foundation,Offline,B05,Demo expectation,REFERRAL,,,,,,,,,Communication: Not Connected: Không liên hệ được,,homepage,organic,campaign_01,,,2025-07-27 02:19:39,2025-08-01 08:01:19,2025-08-01 08:01:19,false
10026,d063fb37-c641-0765-3855-c64e58967888,78,1004,Deal 10026,lost,,,,,Course D - Advanced,Offline,D11,Demo expectation,,,,,,,,,,Communication: Not Connected: Không liên hệ được,,facebook,cpc,campaign_06,,,2026-07-27 20:26:52,2026-08-05 09:30:24,2026-08-05 09:30:24,false
10027,f50fa11b-87d4-eb62-8e59-8494eb753fd7,224,1003,Deal 10027,won,11000000,,,,Combo: Course A + Course C,Hybrid,Course03,Demo expectation,,,,,,,,,,,,facebook,cpc,campaign_08,,,2025-05-15 06:40:56,2025-06-05 00:45:38,2025-06-05 00:45:38,false
10028,14611ef1-42bf-18d2-2a17-879a67a79886,216,1002,Deal 10028,lost,,,,,Course E - Specialist,Offline,E12,Demo expectation,,,,,,,,,,Communication: No Response,,,,,,,2026-09-27 11:00:00,2026-09-27 12:00:00,2026-09-27 12:00:00,false
10029,5183c54f-ab3f-631b-d60c-e979c4d0388b,222,1004,Deal 10029,won,4500000.0,,,,Course B - Foundation,Hybrid,B05,Demo expectation,,,,,,,,,,,,blog,organic,campaign_06,,,2025-08-10 04:13:12,2025-09-05 04:23:09,2025-09-05 04:23:09,false
10030,635b729c-eb2a-e08b-8780-d6caddebd8d4,224,1002,Deal 10030,won,4250000.0,,,,Course B - Foundation,Offline,B11,Demo expectation,REFERRAL,,,,,,,,,,,facebook,cpc,campaign_01,,,2026-07-25 14:00:41,2026-08-16 14:45:15,2026-08-16 14:45:15,false
10031,65aa6c06-5d43-3dc2-cb11-5be6227cc456,224,1004,Deal 10031,won,5000000,,,,Course B - Foundation,Hybrid,B07,,,,,,,,,,,,,facebook,cpc,campaign_12,,,2025-12-03 21:34:19,2026-01-07 05:50:58,2026-01-07 05:50:58,false
10032,1c31d9b9-fda2-f9a0-2b68-38e37de7f41a,78,1002,Deal 10032,lost,,,,,Course F - Short course,Offline,F04,,,,,,,,,,,Sales Process: Sales không follow-up khách,,facebook,cpc,campaign_12,,,2025-06-01 08:57:45,2025-06-09 14:44:11,2025-06-09 14:44:11,false
10033,50ea25b4-ddcb-ab13-07be-db4c84b9cc5a,75,1008,Deal 10033,lost,,,,,Course F - Short course,Online,F11,,,,,,,,,,,Budget: Giá quá cao,,zalo,oa,campaign_01,,,2026-08-14 22:59:39,2026-08-28 22:41:14,2026-08-28 22:41:14,false
10034,2482e8d1-03d3-3907-ce02-8d6018ef9a28,217,1001,Deal 10034,lost,,,,,Course A - Foundation,Online,A06,Demo expectation,,,,,,,,,,Budget: Giá quá cao,,google,cpc,campaign_03,,,2025-12-16 16:25:19,2025-12-21 16:45:35,2025-12-21 16:45:35,false
10035,6e919cf9-c40d-c418-fbe6-cd4138ffecca,228,1001,Deal 10035,open,,,,,Course E - Specialist,Online,E08,,,,,,,,,,,,,facebook,cpc,campaign_08,,,2026-01-26 01:34:13,2026-02-06 08:31:57,,false
10036,076d07c5-700d-5278-b081-391ceb035822,222,1001,Deal 10036,won,8550000.0,,,,Course E - Specialist,Offline,E05,Demo expectation,REFERRAL,,,,,,,,,,,blog,organic,campaign_12,,,2025-08-03 05:54:21,2025-09-22 06:12:09,2025-09-22 06:12:09,false
10037,4fc5e5fd-ac12-f441-cd50-883a9b1025a3,224,1001,Deal 10037,won,7500000,,,,Course C - Advanced,Hybrid,C07,Demo expectation,,,,,,,,,,,,,,,,,2025-12-29 09:24:01,2026-02-11 03:52:09,2026-02-11 03:52:09,false
10038,ea897692-1176-37b2-64d8-8360ec68fc07,77,1003,Deal 10038,lost,,,,,Course D - Advanced,Hybrid,D10,,,,,,,,,,,Communication: Not Connected: Không liên hệ được,,facebook,cpc,campaign_12,,,2026-06-25 23:00:32,2026-06-27 05:00:32,2026-06-27 05:00:32,false
10039,a206527c-3c68-41d6-1ce8-e12ff9287d26,222,1002,Deal 10039,won,7500000,,,,Course C - Advanced,Hybrid,,,REFERRAL,,,,,,,,,,,zalo,oa,campaign_10,,,2025-12-17 15:03:27,2026-01-16 00:35:48,2026-01-16 00:35:48,false
10040,48dc1e26-c7c2-564a-fab8-328f2cae93a2,92,1003,Deal 10040,lost,,,,,Course A - Foundation,Hybrid,A10,,EARLYBIRD,,,,,,,,,Choose Competitor: Không học online,,,,,,,2026-08-04 04:42:50,2026-09-05 09:45:06,2026-09-05 09:45:06,false
10041,2c1e86bb-aac0-16bd-9140-a95d62cef959,224,1004,Deal 10041,won,2500000,,,,Course F - Short course,Offline,F07,Demo expectation,,,,,,,,,,,,email,newsletter,campaign_03,,,2025-11-09 00:14:27,2025-12-31 23:24:54,2025-12-31 23:24:54,false
10042,134e2bd9-dd1a-d072-165e-ffd1c7647651,78,1003,Deal 10042,lost,,,,,Course F - Short course,Online,,Demo expectation,,,,,,,,,,Trash: Không có nhu cầu,,facebook,cpc,campaign_10,,,2025-11-24 05:47:26,2025-12-06 19:55:04,2025-12-06 19:55:04,false
10043,de598930-23de-6993-4ea2-afafe1b5eaf4,77,1001,Deal 10043,lost,,,,,Course C - Advanced,Online,C08,Demo expectation,REFERRAL,,,,,,,,,Trash: Không có nhu cầu,,,,,,,2026-02-21 20:43:23,2026-02-26 02:43:23,2026-02-26 02:43:23,false
10044,d61bf839-c483-ffec-7270-6f7a4cce7196,227,1004,Deal 10044,lost,,,,,Course B - Foundation,Offline,B08,,,,,,,,,,,Bad Timing: No Immediate Priority,,,,,,,2026-01-15 12:04:10,2026-01-28 21:25:20,2026-01-28 21:25:20,false
10045,dc243ce7-57b5-25e0-e222-af50a131b298,76,1007,Deal 10045,won,8000000,,,,Course D - Advanced,Hybrid,D09,,,,,,,,,,,,,email,newsletter,campaign_12,,,2026-04-13 20:27:40,2026-04-21 04:54:39,2026-04-21 04:54:39,false
10046,61730c48-4876-9153-c688-13fe52555c75,91,1002,Deal 10046,open,,,,,Program G - Professional,Offline,G01,,,,,,,,,,,,,facebook,cpc,campaign_08,,,2025-01-18 08:07:01,2025-02-01 13:29:22,,false
10047,a6a5f0ff-93fb-71d0-dd32-6d9cc9ea356a,76,1008,Deal 10047,won,9500000,,,,Course E - Specialist,Offline,,Demo expectation,REFERRAL,,,,,,,,,,,blog,organic,campaign_10,,,2025-01-24 06:45:52,2025-02-09 02:35:09,2025-02-09 02:35:09,false
10048,19960b40-367d-9053-bec2-e40df0b81b29,77,1004,Deal 10048,lost,,,,,Course C - Advanced,Offline,,Demo expectation,EARLYBIRD,,,,,,,,,Trash: Không có nhu cầu,,facebook,cpc,campaign_04,,,2025-02-28 08:50:58,2025-02-28 14:50:58,2025-02-28 14:50:58,false
10049,a444c040-4663-3755-a5b0-163908954db1,78,1004,Deal 10049,lost,,,,,Course F - Short course,Offline,F05,Demo expectation,,,,,,,,,,Communication: Not Connected: Không liên hệ được,,blog,organic,campaign_10,,,2025-07-28 13:02:30,2025-08-08 14:17:46,2025-08-08 14:17:46,false
10050,ecc11ecb-2a65-04e1-fb2f-be8cea463911,79,1002,Deal 10050,open,,,,,Course D - Advanced,Hybrid,D11,,,,,,,,,,,,,,,,,,2026-08-17 03:17:37,2026-08-24 17:24:13,,false
10051,cf95e764-af31-e92d-bbff-1e4b7236b469,224,1004,Deal 10051,won,2250000.0,,,,Course F - Short course,Hybrid,F04,Demo expectation,,,,,,,,,,,,zalo,oa,campaign_09,,,2025-05-29 05:32:45,2025-06-27 16:09:53,2025-06-27 16:09:53,false
10052,e2eed64b-82f4-7196-1a41-c57f4bf70dc6,77,1002,Deal 10052,lost,,,,,Course A - Foundation,Offline,A09,Demo expectation,,,,,,,,,,Communication: Invalid Contact,,email,newsletter,campaign_06,,,2026-05-23 01:56:27,2026-05-27 08:56:27,2026-05-27 08:56:27,false
10053,8835eb99-917c-1c85-62f3-c49a023ac2b0,224,1001,Deal 10053,won,8000000,,,,Course D - Advanced,Online,,Demo expectation,,,,,,,,,,,,facebook,cpc,campaign_08,,,2026-08-18 09:07:05,2026-09-10 03:08:14,2026-09-10 03:08:14,false
10054,baec2ca3-4fdc-8ac8-1395-8e2f6d279518,80,1004,Deal 10054,lost,,,,,Course C - Advanced,Online,C08,Demo expectation,,,,,,,,,,Choose Competitor: Đã đi học bên khác,,facebook,cpc,campaign_07,,,2026-03-18 02:25:59,2026-04-04 17:01:53,2026-04-04 17:01:53,false
10055,eb84e764-1aba-9ef9-e995-888cb3054c89,224,1004,Deal 10055,won,2500000,,,,Course F - Short course,Offline,F07,,,,,,,,,,,,,zalo,oa,campaign_05,,,2025-10-27 04:14:37,2025-12-01 15:06:56,2025-12-01 15:06:56,false
10056,e49a4f58-4aee-df72-3225-6d64c9947eba,222,1001,Deal 10056,won,4250000.0,,,,Course B - Foundation,Hybrid,B05,,EARLYBIRD,,,,,,,,,,,blog,organic,campaign_05,,,2025-08-21 06:58:43,2025-09-14 14:10:36,2025-09-14 14:10:36,false
10057,087d79a5-9c91-e8e5-4f30-d26840badeb8,91,1002,Deal 10057,open,,,,,Course F - Short course,Online,F12,Demo expectation,REFERRAL,,,,,,,,,,,facebook,fanpage,campaign_12,,,2026-09-12 11:26:03,2026-09-27 11:00:00,,false
10058,05ed8c70-db6c-dfea-a405-febc356e64b0,224,1001,Deal 10058,won,5000000,,,,Course B - Foundation,Hybrid,B05,,,,,,,,,,,,,facebook,cpc,campaign_06,,,2025-09-25 16:49:22,2025-10-28 03:42:35,2025-10-28 03:42:35,false
10059,55e17880-d8bb-62b7-c75f-41dc9a6aabb1,79,1003,Deal 10059,lost,,,,,Course C - Advanced,Hybrid,C06,,EARLYBIRD,,,,,,,,,Low engagement: Không còn nhu cầu học,,facebook,fanpage,campaign_06,,,2025-11-19 12:19:59,2025-11-26 19:16:08,2025-11-26 19:16:08,false
10060,cdb5782a-678b-941f-dcca-9a71a7e70139,79,1004,Deal 10060,lost,,,,,Course B - Foundation,Offline,B09,,EARLYBIRD,,,,,,,,,Communication: No Response,,,,,,,2026-05-12 15:56:19,2026-05-19 08:30:03,2026-05-19 08:30:03,false
10061,2099e71f-4b65-7bcc-b041-6f19bbe71835,91,1004,Deal 10061,lost,,,,,Course B - Foundation,Offline,B09,,REFERRAL,,,,,,,,,Bad Timing: Không sắp xếp được thời gian học,,facebook,cpc,campaign_04,,,2026-04-21 05:20:05,2026-05-15 00:16:40,2026-05-15 00:16:40,false
10062,0885dbcf-f57e-cb8e-4cf8-3b401fd6d1df,91,1004,Deal 10062,lost,,,Cựu học viên,,Combo: Course A + Course C,Offline,Course02,,,,,,,,,,,Bad Timing: Không sắp xếp được thời gian học,,google,cpc,campaign_07,,,2025-02-20 09:09:11,2025-03-26 10:36:47,2025-03-26 10:36:47,false
10063,5115d7ee-3b90-908e-7ce3-456320363a73,77,1004,Deal 10063,lost,,,,,Course C - Advanced,Online,C10,Demo expectation,,,,,,,,,,Trash: Đăng ký trùng deal,,google,cpc,campaign_04,,,2026-05-30 13:09:11,2026-06-03 15:09:11,2026-06-03 15:09:11,false
10064,1a68ea20-2717-9b32-2b3c-ca346191f9b7,79,1004,Deal 10064,lost,,,,,Course F - Short course,Online,F11,Demo expectation,,,,,,,,,,Communication: No Response,,,,,,,2026-08-04 06:32:00,2026-08-19 02:51:30,2026-08-19 02:51:30,false
10065,437956f8-eb8a-cd15-1f2d-3573cfea9738,224,1004,Deal 10065,won,9500000,,,,Course E - Specialist,Online,E07,Demo expectation,,,,,,,,,,,,facebook,fanpage,campaign_05,,,2025-11-08 00:06:07,2025-12-05 14:59:49,2025-12-05 14:59:49,false
10066,619a4805-e03a-0ab6-6789-278dcc86ac85,76,1008,Deal 10066,won,3825000.0,,,,Course A - Foundation,Hybrid,A06,,REFERRAL,,,,,,,,,,,zalo,oa,campaign_08,,,2025-11-17 23:21:37,2025-12-14 12:32:43,2025-12-14 12:32:43,false
10067,5765e2bb-52ce-32e8-22b5-4f371b2e1e89,74,1008,Deal 10067,lost,,,,,Course C - Advanced,Online,C02,Demo expectation,REFERRAL,,,,,,,,,Communication: No Response,,blog,organic,campaign_10,,,2025-04-01 13:25:51,2025-05-01 11:23:56,2025-05-01 11:23:56,false
10068,e6ee6ade-2c73-81ab-9c46-808da4453aba,78,1001,Deal 10068,open,,,,,Course E - Specialist,Online,E07,,,,,,,,,,,,,facebook,cpc,campaign_08,,,2025-11-27 07:31:12,2025-11-28 04:50:50,,false
10069,f30fe9da-f254-f70f-67a8-87ef7ca3f6b2,91,1002,Deal 10069,lost,,,,,Course D - Advanced,Offline,D09,Demo expectation,,,,,,,,,,Bad Timing: No Immediate Priority,,google,cpc,campaign_12,,,2026-05-26 06:24:48,2026-06-11 14:57:37,2026-06-11 14:57:37,false
10070,84d67c4f-f0df-1684-f28e-41225894f7f1,77,1002,Deal 10070,lost,,,,,Program G - Professional,Online,G04,,REFERRAL,,,,,,,,,Communication: Not Connected: Không liên hệ được,,facebook,fanpage,campaign_08,,,2025-07-10 18:33:06,2025-07-14 20:33:06,2025-07-14 20:33:06,false
10071,dfefe149-c93e-1531-a87a-90a75e1e57ee,76,1006,Deal 10071,won,6375000.0,,,,Course C - Advanced,Offline,,Demo expectation,REFERRAL,,,,,,,,,,,,,,,,2026-02-18 13:59:05,2026-03-07 02:34:33,2026-03-07 02:34:33,false
10072,df7f6207-0e5b-6b91-0a14-a9f16db42d26,92,1004,Deal 10072,lost,,,Cựu học viên,,Course A - Foundation,Offline,A07,,EARLYBIRD,,,,,,,,,Choose Competitor: Không học online,,blog,organic,campaign_05,,,2026-02-14 21:06:53,2026-03-31 03:06:38,2026-03-31 03:06:38,false
10073,9ea87552-c475-66bf-8f66-0bbd54fc286f,78,1003,Deal 10073,open,,,,,Course D - Advanced,Offline,,Demo expectation,,,,,,,,,,,,facebook,fanpage,campaign_08,,,2026-09-27 06:35:45,2026-09-27 11:00:00,,false
10074,25b08a57-a4ba-1e5c-f195-dc4c2ce9b6cb,77,1001,Deal 10074,lost,,,,,Program G - Professional,Online,,,,,,,,,,,,Trash: Đăng ký trùng deal,,facebook,fanpage,campaign_05,,,2026-06-25 02:13:31,2026-06-30 10:13:31,2026-06-30 10:13:31,false
10075,1e1296dc-d582-8d59-e1ce-f59e6f102145,91,1003,Deal 10075,lost,,,,,Course C - Advanced,Hybrid,C05,,,,,,,,,,,Bad Timing: No Immediate Priority,,facebook,cpc,campaign_07,,,2025-08-29 15:00:30,2025-09-14 05:21:29,2025-09-14 05:21:29,false
10076,dcae8170-5295-9b3f-22cf-e7d0a838ebc6,224,1001,Deal 10076,won,2500000,,,,Course F - Short course,Online,F05,Demo expectation,,,,,,,,,,,,facebook,fanpage,campaign_05,,,2025-07-30 15:53:02,2025-09-11 19:03:03,2025-09-11 19:03:03,false
10077,12bf7a23-b326-4e5e-010b-a241042b2a24,75,1007,Deal 10077,open,,,,,Course C - Advanced,Offline,C11,Demo expectation,REFERRAL,,,,,,,,,,,facebook,cpc,campaign_11,,,2026-09-08 01:35:46,2026-09-23 08:57:36,,false
10078,1f7e09de-b799-08b6-8095-fa69db07a2a9,77,1001,Deal 10078,open,,,,,Combo: Course A + Course C,Offline,Course07,Demo expectation,,,,,,,,,,,,,,,,,2025-12-04 15:03:38,2025-12-04 15:03:38,,false
10079,40c56cf6-e895-6041-1e71-afa97815c7df,78,1004,Deal 10079,lost,,,,,Course B - Foundation,Online,,,,,,,,,,,,Trash: Không có nhu cầu,,blog,organic,campaign_09,,,2025-04-29 23:54:38,2025-05-04 13:13:51,2025-05-04 13:13:51,false
10080,2190d471-0101-33ed-e0b2-a223d00a05f7,80,1004,Deal 10080,lost,,,,,Course A - Foundation,Offline,A05,Demo expectation,,,,,,,,,,Relevance: Not ICP fit,,google,cpc,campaign_06,,,2025-10-23 11:46:14,2025-11-03 10:52:03,2025-11-03 10:52:03,false
10081,a661949f-c5a9-106e-aa3c-b8dd3e34cde1,224,1004,Deal 10081,won,2125000.0,,,,Course F - Short course,Hybrid,F08,,REFERRAL,,,,,,,,,,,facebook,fanpage,campaign_03,,,2026-02-07 01:30:24,2026-02-25 08:15:42,2026-02-25 08:15:42,false
10082,ae3acdf2-eac9-b1cc-9ea3-93eadb646a33,91,1002,Deal 10082,lost,,,,,Course A - Foundation,Hybrid,,,,,,,,,,,,Bad Timing: Không sắp xếp được thời gian học,,facebook,fanpage,campaign_07,,,2026-05-06 15:51:54,2026-05-19 06:54:12,2026-05-19 06:54:12,false
10083,1d1d931c-7b20-29bd-c732-b28ee8e02c58,78,1001,Deal 10083,lost,,,,,Combo: Course A + Course C,Offline,Course03,Demo expectation,REFERRAL,,,,,,,,,Trash: Không có nhu cầu,,google,cpc,campaign_09,,,2025-04-26 01:19:00,2025-05-02 05:09:31,2025-05-02 05:09:31,false
10084,c36db2ec-eeda-69bc-9c40-6cbe50f370af,91,1001,Deal 10084,lost,,,,,Course E - Specialist,Offline,E11,Demo expectation,EARLYBIRD,,,,,,,,,Bad Timing: No Immediate Priority,,facebook,fanpage,campaign_01,,,2026-08-02 14:05:20,2026-08-08 03:37:36,2026-08-08 03:37:36,false
10085,cff88b63-22d7-8c4f-f0bf-602305127656,77,1004,Deal 10085,lost,,,,,Program G - Professional,Hybrid,,Demo expectation,,,,,,,,,,Trash: Không có nhu cầu,,facebook,fanpage,campaign_02,,,2025-07-04 23:36:36,2025-07-10 02:36:36,2025-07-10 02:36:36,false
10086,e97e225f-d55a-082b-34eb-c64428b12fd2,77,1002,Deal 10086,lost,,,,,Program G - Professional,Offline,G02,Demo expectation,,,,,,,,,,Trash: Đăng ký trùng deal,,,,,,,2025-03-26 17:01:22,2025-03-27 23:01:22,2025-03-27 23:01:22,false
10087,727fc72b-d2ad-4cf7-09be-c81554b2b5ab,72,1008,Deal 10087,open,,,,,Combo: Course A + Course C,Online,Course12,,,,,,,,,,,,,email,newsletter,campaign_09,,,2026-09-27 11:00:00,2026-09-27 11:00:00,,false
10088,9f54a3d2-1a30-a775-cce6-fd28f141be04,91,1002,Deal 10088,lost,,,,,Course C - Advanced,Hybrid,C02,,,,,,,,,,,Bad Timing: Không sắp xếp được thời gian học,,,,,,,2025-02-27 11:24:03,2025-03-12 05:49:02,2025-03-12 05:49:02,false
10089,efadd4b5-590b-bfbc-0160-c1c40ff8a84c,79,1004,Deal 10089,lost,,,,,Course E - Specialist,Hybrid,E05,Demo expectation,,,,,,,,,,Bad Timing: Không sắp xếp được thời gian học,,facebook,cpc,campaign_08,,,2025-08-14 18:45:19,2025-08-24 00:44:47,2025-08-24 00:44:47,false
10090,9e2fd4af-b18f-bcd3-83d9-7b4cb245ab9c,224,1001,Deal 10090,won,8000000,,,,Course D - Advanced,Online,D08,,,,,,,,,,,,,homepage,organic,campaign_10,,,2026-03-22 03:58:42,2026-04-15 06:32:42,2026-04-15 06:32:42,false
10091,acf5e81e-7131-6269-7118-e36477097749,224,1002,Deal 10091,won,5000000,,,,Course B - Foundation,Online,B08,Demo expectation,EARLYBIRD,,,,,,,,,,,inbox,inbox,campaign_12,,,2026-01-27 20:25:13,2026-02-15 19:41:38,2026-02-15 19:41:38,false
10092,3f6101dc-8b61-f2e7-19fb-b208de6b7247,224,1003,Deal 10092,won,4500000.0,,,,Course B - Foundation,Online,B08,Demo expectation,,,,,,,,,,,,,,,,,2026-01-18 12:33:37,2026-02-09 05:28:09,2026-02-09 05:28:09,false
10093,e4e5ab2a-7578-1b4d-c7a1-9d754d97f351,224,1003,Deal 10093,won,8000000,,,,Course D - Advanced,Hybrid,D10,,,,,,,,,,,,,facebook,cpc,campaign_06,,,2026-06-09 14:24:05,2026-06-30 16:34:49,2026-06-30 16:34:49,false
10094,b949c125-7faf-15be-67cc-fdf39af1cbf0,76,1005,Deal 10094,won,9900000.0,,,,Combo: Course A + Course C,Hybrid,Course05,,EARLYBIRD,,,,,,,,,,,facebook,fanpage,campaign_02,,,2025-09-23 08:12:54,2025-10-03 02:24:16,2025-10-03 02:24:16,false
10095,8f113c8d-446f-d414-d864-9c33e9b1c858,80,1002,Deal 10095,lost,,,,,Program G - Professional,Online,,Demo expectation,,,,,,,,,,Choose Competitor: Đã đi học bên khác,,email,newsletter,campaign_04,,,2025-12-29 21:08:49,2026-01-17 10:19:11,2026-01-17 10:19:11,false
10096,b31add22-bddd-bd36-82f2-a59e2bb7f146,78,1001,Deal 10096,lost,,,,,Course F - Short course,Hybrid,F11,Demo expectation,EARLYBIRD,,,,,,,,,Trash: Không có nhu cầu,,zalo,oa,campaign_04,,,2026-07-18 06:29:43,2026-07-22 05:28:38,2026-07-22 05:28:38,false
10097,16ee34e9-bd49-0412-ca2e-69331593191b,224,1001,Deal 10097,won,9500000,,,,Course E - Specialist,Online,E04,,,,,,,,,,,,,blog,organic,campaign_10,,,2025-06-18 07:53:20,2025-07-08 01:43:52,2025-07-08 01:43:52,false
10098,c2492e5e-005f-d0e6-55c3-b2dbf374190d,76,1008,Deal 10098,won,8000000,,,,Course D - Advanced,Online,D05,,,,,,,,,,,,,blog,organic,campaign_06,,,2025-09-17 03:20:37,2025-09-24 08:16:41,2025-09-24 08:16:41,false
10099,67814c1f-cc53-0e36-addc-3e13ab3b4d37,78,1002,Deal 10099,lost,,,,,Course C - Advanced,Offline,C08,Demo expectation,,,,,,,,,,Sales Process: Sales không follow-up khách,,facebook,cpc,campaign_08,,,2026-02-20 17:06:33,2026-02-25 06:05:56,2026-02-25 06:05:56,false
10100,15668483-c526-6dc8-3f93-672421d67c73,76,1007,Deal 10100,won,7500000,,,,Course C - Advanced,Hybrid,C03,,,,,,,,,,,,,facebook,fanpage,campaign_10,,,2025-04-20 11:11:20,2025-05-09 09:18:14,2025-05-09 09:18:14,false
10101,df223246-e6fb-61d3-fba2-6c214264e318,224,1002,Deal 10101,won,2125000.0,,,,Course F - Short course,Online,F05,Demo expectation,REFERRAL,,,,,,,,,,,blog,organic,campaign_08,,,2025-08-12 23:28:34,2025-09-07 02:36:50,2025-09-07 02:36:50,false
10102,8082efd4-78b2-a65d-6a0e-99b21c94d5c6,224,1004,Deal 10102,won,4500000,,,,Course A - Foundation,Hybrid,A04,Demo expectation,REFERRAL,,,,,,,,,,,email,newsletter,campaign_01,,,2025-06-27 02:50:45,2025-08-02 11:57:13,2025-08-02 11:57:13,false
10103,fba1d51b-1519-79a1-ef2a-4dcacc18998d,224,1003,Deal 10103,won,9900000.0,,,,Combo: Course A + Course C,Online,Course04,Demo expectation,REFERRAL,,,,,,,,,,,facebook,cpc,campaign_02,,,2025-06-21 12:04:14,2025-07-22 09:02:56,2025-07-22 09:02:56,false
10104,10fd7164-819f-2393-42ce-ef41b2cfba8b,79,1002,Deal 10104,lost,,,,,Course A - Foundation,Hybrid,A02,,,,,,,,,,,Low engagement: Không còn nhu cầu học,,google,cpc,campaign_02,,,2025-02-10 04:25:04,2025-02-22 20:07:56,2025-02-22 20:07:56,false
10105,5d8c4fea-c82e-27a3-1028-7c78434b033d,224,1003,Deal 10105,won,8000000,,,,Course D - Advanced,Offline,D07,,EARLYBIRD,,,,,,,,,,,google,cpc,campaign_06,,,2025-12-18 15:25:46,2026-02-02 12:49:48,2026-02-02 12:49:48,false
10106,b2be520f-1e1f-86f7-95ed-e22d40d1ff56,73,1005,Deal 10106,open,,,,,Course C - Advanced,Offline,C02,,EARLYBIRD,,,,,,,,,,,facebook,cpc,campaign_10,,,2025-02-01 09:58:57,2025-02-10 13:01:36,,false
10107,27340be8-e609-2042-eb5f-89447aa83419,77,1002,Deal 10107,lost,,,,,Course D - Advanced,Hybrid,D09,Demo expectation,,,,,,,,,,Trash: Đăng ký trùng deal,,zalo,oa,campaign_02,,,2026-05-04 01:31:35,2026-05-04 09:31:35,2026-05-04 09:31:35,false
10108,27a351ff-abf8-106d-a63f-50afe0163b1c,78,1001,Deal 10108,lost,,,,,Program G - Professional,Offline,G06,Demo expectation,,,,,,,,,,Sales Process: Sales không follow-up khách,,facebook,cpc,campaign_06,,,2025-10-06 06:20:12,2025-10-10 17:58:15,2025-10-10 17:58:15,false
10109,729f0c10-1655-9da4-8b41-d6a006138a83,91,1001,Deal 10109,lost,,,,,Course B - Foundation,Offline,B11,,,,,,,,,,,Bad Timing: Không sắp xếp được thời gian học,,facebook,cpc,campaign_02,,,2026-07-26 14:04:06,2026-08-15 23:04:10,2026-08-15 23:04:10,false
10110,aa69aac2-c0e3-09ac-fd56-6c8695bcf1b9,224,1002,Deal 10110,won,4500000,,,,Course A - Foundation,Offline,A02,,,,,,,,,,,,,facebook,fanpage,campaign_05,,,2025-02-05 09:19:59,2025-02-27 05:49:45,2025-02-27 05:49:45,false
10111,c64ee6e3-89c5-b31a-eb6c-1016cee624d0,224,1001,Deal 10111,won,4500000,,,,Course A - Foundation,Offline,A08,Demo expectation,,,,,,,,,,,,,,,,,2026-04-27 04:33:29,2026-05-25 18:32:01,2026-05-25 18:32:01,false
10112,974e598d-836b-47c3-7c71-1cc8665173fa,224,1003,Deal 10112,won,9500000,,,,Course E - Specialist,Offline,,Demo expectation,,,,,,,,,,,,facebook,cpc,campaign_10,,,2026-08-26 09:14:06,2026-09-13 10:01:49,2026-09-13 10:01:49,false
10113,4b0653e2-9343-2c76-d604-ae9f31ed10f5,76,1007,Deal 10113,won,4500000,,,,Course A - Foundation,Hybrid,,,EARLYBIRD,,,,,,,,,,,,,,,,2026-08-05 18:02:16,2026-08-29 12:32:59,2026-08-29 12:32:59,false
10114,22620589-42c4-c311-3cbc-eeee2402bd52,76,1008,Deal 10114,won,5000000,,,,Course B - Foundation,Hybrid,B03,Demo expectation,,,,,,,,,,,,inbox,inbox,campaign_08,,,2025-05-01 15:32:34,2025-05-22 11:04:43,2025-05-22 11:04:43,false
10115,2a1b76e3-3266-84ff-3ffe-f652eac032fa,78,1004,Deal 10115,lost,,,,,Course B - Foundation,Hybrid,B09,,EARLYBIRD,,,,,,,,,Communication: Not Connected: Không liên hệ được,,,,,,,2026-03-26 11:03:44,2026-04-03 06:31:09,2026-04-03 06:31:09,false
10116,4b33b3f3-a8dc-6db2-4907-2a0ab16464e8,78,1001,Deal 10116,lost,,,,,Course D - Advanced,Offline,D09,Demo expectation,,,,,,,,,,Communication: Not Connected: Không liên hệ được,,facebook,cpc,campaign_02,,,2026-05-04 05:40:38,2026-05-13 07:05:49,2026-05-13 07:05:49,false
10117,85f801f0-efa5-fccb-eb24-4b05845aede2,92,1004,Deal 10117,lost,,,,,Combo: Course A + Course C,Online,Course08,Demo expectation,,,,,,,,,,Budget: Giá quá cao,,facebook,cpc,campaign_01,,,2026-03-03 19:40:04,2026-03-28 07:24:14,2026-03-28 07:24:14,false
10118,07afb918-5020-036f-9adb-b8f179cdc59e,226,1001,Deal 10118,open,,,,,Course E - Specialist,Hybrid,E08,Demo expectation,,,,,,,,,,,,,,,,,2026-03-08 05:36:47,2026-03-14 12:39:32,,false
10119,728e1002-5766-fe0c-c4c5-57d8ee235eb0,73,1008,Deal 10119,open,,,,,Course F - Short course,Online,,,,,,,,,,,,,,google,cpc,campaign_05,,,2025-04-19 22:00:30,2025-04-26 05:54:07,,false
10120,79342fbd-4629-6ada-f367-043bdadf5f67,224,1004,Deal 10120,won,8075000.0,,Cựu học viên,,Course E - Specialist,Online,E03,,,,,,,,,,,,,facebook,cpc,campaign_05,,,2025-04-11 22:32:18,2025-05-22 16:11:39,2025-05-22 16:11:39,false
10121,01813f3f-2d75-fd4f-fcfa-2369cf11be94,224,1002,Deal 10121,won,2250000.0,,,,Course F - Short course,Hybrid,F10,Demo expectation,REFERRAL,,,,,,,,,,,,,,,,2026-05-23 20:23:48,2026-06-17 17:30:30,2026-06-17 17:30:30,false
10122,735bea93-923a-d413-0778-9daee4787edc,80,1002,Deal 10122,lost,,,,,Course F - Short course,Offline,F07,Demo expectation,EARLYBIRD,,,,,,,,,Relevance: Use Case Misfit: Nhu cầu không đúng với sản phẩm,,,,,,,2025-12-19 09:28:06,2026-01-17 19:06:45,2026-01-17 19:06:45,false
10123,cdf392f9-aa6c-fab9-dffb-ad3730a0d16d,222,1002,Deal 10123,won,6750000.0,,,,Course C - Advanced,Online,C01,Demo expectation,,,,,,,,,,,,,,,,,2025-01-23 20:36:20,2025-03-06 16:33:55,2025-03-06 16:33:55,false
10124,4d5e6dde-4172-f01c-2de2-da2b2102c5ad,222,1003,Deal 10124,won,4500000,,,,Course A - Foundation,Offline,A01,Demo expectation,EARLYBIRD,,,,,,,,,,,facebook,fanpage,campaign_12,,,2025-01-08 03:43:58,2025-02-03 23:26:21,2025-02-03 23:26:21,false
10125,839e7623-c1d8-41d3-2a74-b90caf2537f5,91,1004,Deal 10125,open,,,,,Course B - Foundation,Online,,,,,,,,,,,,,,,,,,,2026-09-27 11:00:00,2026-09-27 11:00:00,,false
10126,9ad620ab-4821-2ddb-45b8-9cd927cb6f2a,80,1002,Deal 10126,open,,lead cks,,,Course D - Advanced,Online,,Demo expectation,,,,,,,,,,,,,,,,,2026-09-25 08:04:02,2026-09-27 11:00:00,,false
10127,ae7cfd14-7577-1730-c68d-a4b2f613bda0,80,1003,Deal 10127,lost,,,,,Course E - Specialist,Offline,E04,Demo expectation,,,,,,,,,,Choose Competitor: Đã đi học bên khác,,facebook,cpc,campaign_08,,,2025-05-13 06:30:07,2025-06-10 15:26:35,2025-06-10 15:26:35,false
10128,cb1fa325-44e5-f394-3c6b-ad3494fc712b,224,1003,Deal 10128,won,7500000,,,,Course C - Advanced,Online,C11,,,,,,,,,,,,,,,,,,2026-08-16 06:28:08,2026-09-10 03:19:02,2026-09-10 03:19:02,false
10129,0a707ba8-df9a-09f5-7643-5b4e1508faec,77,1004,Deal 10129,lost,,,,,Course D - Advanced,Online,D07,Demo expectation,,,,,,,,,,Communication: Invalid Contact,,blog,organic,campaign_10,,,2025-11-26 08:39:02,2025-11-26 12:39:02,2025-11-26 12:39:02,false
10130,0885dbcf-f57e-cb8e-4cf8-3b401fd6d1df,222,1002,Deal 10130,won,5000000,,,,Course B - Foundation,Hybrid,B02,,EARLYBIRD,,,,,,,,,,,facebook,cpc,campaign_08,,,2025-02-14 23:23:29,2025-03-14 12:12:31,2025-03-14 12:12:31,false
10131,e948c42a-27a5-3571-c840-c79b1fb98afe,76,1007,Deal 10131,won,9900000.0,,,,Combo: Course A + Course C,Offline,Course07,,EARLYBIRD,,,,,,,,,,,blog,organic,campaign_09,,,2026-01-11 11:32:39,2026-01-17 21:46:45,2026-01-17 21:46:45,false
10132,584cb0f7-48de-d8be-031e-ef965f71dcc4,224,1001,Deal 10132,won,7500000,,,,Course C - Advanced,Hybrid,C02,Demo expectation,,,,,,,,,,,,homepage,organic,campaign_02,,,2025-04-02 20:18:22,2025-04-28 12:03:58,2025-04-28 12:03:58,false
10133,e0e4fb32-8c14-1f23-1695-4ee6bcfc7e7f,92,1004,Deal 10133,lost,,,,,Course F - Short course,Offline,F04,,,,,,,,,,,Choose Competitor: Không học online,,email,newsletter,campaign_08,,,2025-06-10 08:58:19,2025-06-30 20:46:03,2025-06-30 20:46:03,false
10134,c0b42d73-67ff-1b9f-7442-7a1849a3be24,74,1007,Deal 10134,lost,,,,,Program G - Professional,Hybrid,G03,,EARLYBIRD,,,,,,,,,Bad Timing: No Immediate Priority,,facebook,cpc,campaign_12,,,2025-04-15 07:37:32,2025-04-24 09:15:59,2025-04-24 09:15:59,false
10135,33901997-3481-d400-c6ce-72ab1dc4e66e,78,1004,Deal 10135,lost,,,,,Course B - Foundation,Hybrid,B08,Demo expectation,,,,,,,,,,Communication: Not Connected: Không liên hệ được,,google,cpc,campaign_07,,,2026-01-23 20:08:24,2026-01-27 10:37:58,2026-01-27 10:37:58,false
10136,77d468ea-e0bd-d765-56d4-4952ee29e80e,224,1001,Deal 10136,won,9500000,,,,Course E - Specialist,Hybrid,E11,Demo expectation,,,,,,,,,,,,facebook,cpc,campaign_01,,,2026-08-01 22:35:13,2026-08-07 13:17:39,2026-08-07 13:17:39,false
10137,bd5a6112-d1b2-2e3c-2ede-2487373058be,224,1001,Deal 10137,won,18000000,,,,Program G - Professional,Hybrid,G08,Demo expectation,EARLYBIRD,,,,,,,,,,,facebook,cpc,campaign_06,,,2026-01-22 00:21:18,2026-02-16 19:12:31,2026-02-16 19:12:31,false
10138,a5689f3a-0ee1-ec9d-0087-1d180fd1be3b,77,1004,Deal 10138,lost,,,,,Course A - Foundation,Hybrid,A02,Demo expectation,,,,,,,,,,Trash: Không có nhu cầu,,blog,organic,campaign_07,,,2025-03-08 02:41:54,2025-03-12 04:41:54,2025-03-12 04:41:54,false
10139,a444c040-4663-3755-a5b0-163908954db1,77,1002,Deal 10139,lost,,,,,Combo: Course A + Course C,Online,Course04,,,,,,,,,,,Communication: Not Connected: Không liên hệ được,,,,,,,2025-07-26 14:23:40,2025-07-31 19:23:40,2025-07-31 19:23:40,false
10140,910171d2-1138-978b-45fb-3e8a563b04fa,77,1004,Deal 10140,lost,,,,,Course F - Short course,Online,F11,Demo expectation,REFERRAL,,,,,,,,,Trash: Không có nhu cầu,,,,,,,2026-07-28 08:11:22,2026-07-31 12:11:22,2026-07-31 12:11:22,false
10141,9e482e45-e904-ee42-8845-26f51e521d48,224,1002,Deal 10141,won,4500000,,,,Course A - Foundation,Offline,A06,Demo expectation,EARLYBIRD,,,,,,,,,,,,,,,,2025-12-02 15:45:19,2025-12-27 16:49:50,2025-12-27 16:49:50,false
10142,77093625-4592-41ac-2603-25c8a5b532dd,76,1006,Deal 10142,won,5000000,,,,Course B - Foundation,Hybrid,B02,,,,,,,,,,,,,google,cpc,campaign_01,,,2025-03-13 05:57:26,2025-04-17 20:15:48,2025-04-17 20:15:48,false
10143,c2171498-1d26-b39d-1355-a620d9afa521,79,1001,Deal 10143,open,,,,,Program G - Professional,Hybrid,G12,Demo expectation,REFERRAL,,,,,,,,,,,blog,organic,campaign_02,,,2026-09-13 16:12:06,2026-09-16 21:58:41,,false
10144,eb29d912-9d1b-83df-a46b-6fcee78d147c,79,1003,Deal 10144,open,,,,,Course D - Advanced,Offline,D05,Demo expectation,,,,,,,,,,,,,,,,,2025-08-15 07:09:40,2025-08-27 09:41:03,,false
10145,aa92e1d3-150a-2591-57e8-a949d483cb09,224,1002,Deal 10145,won,6375000.0,,,,Course C - Advanced,Online,,Demo expectation,EARLYBIRD,,,,,,,,,,,facebook,cpc,campaign_06,,,2026-03-09 17:07:03,2026-03-30 00:30:35,2026-03-30 00:30:35,false
10146,85334baf-222b-8537-3377-7a8232efb83d,224,1001,Deal 10146,won,5000000,,,,Course B - Foundation,Offline,,Demo expectation,,,,,,,,,,,,homepage,organic,campaign_03,,,2025-02-25 04:11:39,2025-03-24 01:26:31,2025-03-24 01:26:31,false
10147,65bc9033-9fc9-ced7-c95a-90973582b335,224,1003,Deal 10147,won,15300000.0,,,,Program G - Professional,Online,,Demo expectation,,,,,,,,,,,,email,newsletter,campaign_07,,,2025-06-23 21:57:57,2025-07-30 02:15:35,2025-07-30 02:15:35,false
10148,8f7e91de-5941-109a-66bd-483a2271e3be,224,1004,Deal 10148,won,15300000.0,,,,Program G - Professional,Offline,G07,Demo expectation,,,,,,,,,,,,email,newsletter,campaign_06,,,2025-12-05 10:23:51,2026-01-11 06:35:17,2026-01-11 06:35:17,false
10149,a54cf489-0fdb-a768-e939-0c7f47561669,91,1002,Deal 10149,lost,,,,,Course A - Foundation,Offline,,Demo expectation,EARLYBIRD,,,,,,,,,Bad Timing: No Immediate Priority,,facebook,cpc,campaign_01,,,2025-06-27 07:18:02,2025-07-14 09:25:28,2025-07-14 09:25:28,false
10150,9ea87552-c475-66bf-8f66-0bbd54fc286f,77,1004,Deal 10150,open,,,,,Course F - Short course,Offline,F12,Demo expectation,REFERRAL,,,,,,,,,,,facebook,cpc,campaign_08,,,2026-09-21 13:45:08,2026-09-21 13:45:08,,false
10151,ed1c4d70-36d2-5823-9b35-4089429e5882,227,1003,Deal 10151,open,,,,,Course F - Short course,Online,F12,,,,,,,,,,,,,google,cpc,campaign_09,,,2026-09-01 13:27:12,2026-09-07 09:57:51,,false
10152,611e5684-76af-13c0-36c1-c052207ca173,77,1004,Deal 10152,lost,,,,,Combo: Course A + Course C,Online,Course09,,EARLYBIRD,,,,,,,,,Communication: Not Connected: Không liên hệ được,,facebook,cpc,campaign_02,,,2026-03-22 06:36:09,2026-03-27 12:36:09,2026-03-27 12:36:09,false
10153,f3e62704-4408-7b43-9eea-d5def5b5777f,77,1001,Deal 10153,lost,,,,,Combo: Course A + Course C,Hybrid,Course05,,,,,,,,,,,Communication: Not Connected: Không liên hệ được,,blog,organic,campaign_12,,,2025-08-21 21:27:12,2025-08-25 02:27:12,2025-08-25 02:27:12,false
10154,5fee2bc9-3df4-6bd2-bf6c-9c59704a4a29,77,1004,Deal 10154,lost,,,,,Course E - Specialist,Offline,E03,,,,,,,,,,,Trash: Không có nhu cầu,,facebook,cpc,campaign_03,,,2025-04-03 09:51:19,2025-04-06 17:51:19,2025-04-06 17:51:19,false
10155,e3fbd382-8062-677e-896f-73b42cf4536a,79,1003,Deal 10155,lost,,,,,Course A - Foundation,Online,A04,Demo expectation,,,,,,,,,,Budget: Giá quá cao,,blog,organic,campaign_06,,,2025-06-28 08:39:50,2025-07-09 03:50:15,2025-07-09 03:50:15,false
10156,f273f4a4-c7a5-b755-7a97-a5df881e04ef,222,1001,Deal 10156,won,11000000,,,,Combo: Course A + Course C,Hybrid,Course10,Demo expectation,,,,,,,,,,,,facebook,cpc,campaign_04,,,2026-07-07 15:44:14,2026-08-05 18:15:58,2026-08-05 18:15:58,false
10157,06289878-6a39-4607-2e35-c5c86fe05fa2,227,1002,Deal 10157,open,,,,,Course A - Foundation,Offline,A08,,,,,,,,,,,,,blog,organic,campaign_01,,,2026-04-02 02:34:38,2026-04-18 17:24:30,,false
10158,38d77b9a-e916-da57-f248-23ab177a8a5f,77,1002,Deal 10158,lost,,,,,Course C - Advanced,Offline,C09,,EARLYBIRD,,,,,,,,,Communication: Invalid Contact,,facebook,fanpage,campaign_05,,,2026-05-18 22:46:19,2026-05-20 01:46:19,2026-05-20 01:46:19,false
10159,c4134dc2-c5c5-ae8a-be15-ad1290ce77e9,79,1002,Deal 10159,lost,,,,,Course C - Advanced,Hybrid,,,,,,,,,,,,Bad Timing: Không sắp xếp được thời gian học,,facebook,cpc,campaign_06,,,2026-04-07 11:41:39,2026-04-14 12:52:39,2026-04-14 12:52:39,false
10160,ed1a4d54-d54c-9bed-572c-608bed08f881,77,1002,Deal 10160,lost,,,,,Course C - Advanced,Offline,C09,Demo expectation,,,,,,,,,,Communication: Not Connected: Không liên hệ được,,email,newsletter,campaign_12,,,2026-05-19 01:50:03,2026-05-21 03:50:03,2026-05-21 03:50:03,false
10161,5bc07988-21f9-69e9-37cf-45f6f32ede3c,226,1003,Deal 10161,lost,,,,,Course F - Short course,Offline,F02,Demo expectation,EARLYBIRD,,,,,,,,,Communication: No Response,,,,,,,2025-02-09 08:05:06,2025-02-13 14:53:32,2025-02-13 14:53:32,false
10162,8c7e6f42-2646-eaf9-d5c0-244d3735262d,224,1001,Deal 10162,won,4500000,,,,Course A - Foundation,Hybrid,A03,,,,,,,,,,,,,facebook,cpc,campaign_06,,,2025-06-06 12:42:57,2025-07-08 09:40:35,2025-07-08 09:40:35,false
10163,7f5f61aa-aee7-c7a5-8629-6fbe309b48dd,79,1003,Deal 10163,lost,,,,,Course A - Foundation,Hybrid,A04,Demo expectation,,,,,,,,,,Bad Timing: Không sắp xếp được thời gian học,,facebook,fanpage,campaign_11,,,2025-07-23 01:22:49,2025-07-26 18:49:33,2025-07-26 18:49:33,false
10164,1ccda878-b800-f540-7f69-53afe9213dfa,80,1002,Deal 10164,lost,,,,,Course F - Short course,Hybrid,F09,Demo expectation,,,,,,,,,,Choose Competitor: Đã đi học bên khác,,facebook,fanpage,campaign_02,,,2026-04-03 22:31:48,2026-04-20 07:07:45,2026-04-20 07:07:45,false
10165,02e7b683-4cf2-7f33-e637-1a1ba16f9a2a,77,1004,Deal 10165,lost,,,,,Course F - Short course,Hybrid,F08,Demo expectation,,,,,,,,,,Trash: Không có nhu cầu,,facebook,fanpage,campaign_07,,,2026-02-15 17:01:24,2026-02-15 18:01:24,2026-02-15 18:01:24,false
10166,ff08862c-bc66-d391-069c-d30949ad5cbb,76,1008,Deal 10166,won,18000000,,,,Program G - Professional,Offline,,Demo expectation,EARLYBIRD,,,,,,,,,,,,,,,,2025-04-15 03:51:07,2025-04-29 15:04:56,2025-04-29 15:04:56,false
10167,9f30418c-9089-bcfd-9145-9617b9c1f1b2,224,1001,Deal 10167,won,9900000.0,,,,Combo: Course A + Course C,Hybrid,,Demo expectation,,,,,,,,,,,,inbox,inbox,campaign_07,,,2025-01-18 14:04:47,2025-01-31 22:49:22,2025-01-31 22:49:22,false
10168,aa4d5bb8-f5ae-d2e9-7ab3-137cf2c8c25e,78,1002,Deal 10168,lost,,,,,Course A - Foundation,Online,A07,Demo expectation,,,,,,,,,,Sales Process: Sales không follow-up khách,,zalo,oa,campaign_09,,,2026-01-05 04:00:15,2026-01-11 23:48:08,2026-01-11 23:48:08,false
10169,b7321e2b-d4a4-2bf0-b96a-53053ed1d8f8,77,1001,Deal 10169,lost,,,,,Course D - Advanced,Online,,Demo expectation,REFERRAL,,,,,,,,,Trash: Đăng ký trùng deal,,facebook,cpc,campaign_12,,,2026-08-25 21:40:25,2026-08-30 03:40:25,2026-08-30 03:40:25,false
10170,839e7623-c1d8-41d3-2a74-b90caf2537f5,77,1004,Deal 10170,lost,,,,,Course C - Advanced,Online,C11,,,,,,,,,,,Communication: Not Connected: Không liên hệ được,,,,,,,2026-09-14 16:59:52,2026-09-16 23:59:52,2026-09-16 23:59:52,false
10171,a6d50103-18b6-85c5-86df-605bb0cebeff,80,1003,Deal 10171,open,,,,,Course E - Specialist,Offline,E11,Demo expectation,,,,,,,,,,,,,,,,,2026-08-05 23:54:23,2026-08-15 20:41:12,,false
10172,52b1731b-a4df-08c5-67ad-b841227c27df,224,1003,Deal 10172,won,8550000.0,,,,Course E - Specialist,Offline,,Demo expectation,EARLYBIRD,,,,,,,,,,,,,,,,2026-04-12 01:24:47,2026-05-18 13:38:18,2026-05-18 13:38:18,false
10173,846b31c4-4602-21ab-ccb0-2dbee609bbbc,77,1003,Deal 10173,lost,,,,,Course D - Advanced,Online,,Demo expectation,,,,,,,,,,Communication: Invalid Contact,,facebook,cpc,campaign_02,,,2025-07-31 02:18:47,2025-08-04 08:18:47,2025-08-04 08:18:47,false
10174,4167a8cc-c0c8-8368-81ad-bb3b6138ecb0,77,1001,Deal 10174,lost,,,,,Course C - Advanced,Hybrid,,,,,,,,,,,,Communication: Invalid Contact,,facebook,cpc,campaign_09,,,2025-02-12 17:40:43,2025-02-18 01:40:43,2025-02-18 01:40:43,false
10175,635b729c-eb2a-e08b-8780-d6caddebd8d4,72,1005,Deal 10175,open,,,,,Course D - Advanced,Hybrid,D11,,REFERRAL,,,,,,,,,,,,,,,,2026-09-14 18:36:53,2026-09-14 18:36:53,,false
10176,ee7bda68-1c53-6e83-1a6f-78bd871e3cfe,224,1004,Deal 10176,won,3825000.0,,,,Course A - Foundation,Hybrid,A02,Demo expectation,EARLYBIRD,,,,,,,,,,,,,,,,2025-03-27 13:32:27,2025-04-19 03:36:59,2025-04-19 03:36:59,false
10177,301b5b4e-6293-4e8e-d189-f75077d8b428,224,1002,Deal 10177,won,8075000.0,,,,Course E - Specialist,Offline,E03,,,,,,,,,,,,,facebook,cpc,campaign_08,,,2025-04-12 16:37:41,2025-04-26 18:28:51,2025-04-26 18:28:51,false
10178,e4272524-9993-b1e5-c3a7-600bccfd21c3,79,1004,Deal 10178,lost,,,Cựu học viên,,Course A - Foundation,Online,A03,Demo expectation,REFERRAL,,,,,,,,,Budget: Giá quá cao,,,,,,,2025-05-13 20:49:17,2025-05-27 14:37:20,2025-05-27 14:37:20,false
10179,53ef2e33-9a31-797d-8ce5-87877d2c70bd,91,1002,Deal 10179,lost,,,,,Course F - Short course,Hybrid,F09,,,,,,,,,,,Bad Timing: No Immediate Priority,,homepage,organic,campaign_06,,,2026-03-19 11:40:49,2026-04-25 19:09:19,2026-04-25 19:09:19,false
10180,61dfd243-38e1-a05d-9785-db5af31b74f8,78,1004,Deal 10180,lost,,,,,Course F - Short course,Online,,Demo expectation,,,,,,,,,,Communication: Not Connected: Không liên hệ được,,zalo,oa,campaign_02,,,2025-09-28 10:18:03,2025-10-04 09:26:01,2025-10-04 09:26:01,false
10181,c8e60939-1d2f-ed2a-485f-78881e23da4b,80,1004,Deal 10181,lost,,,,,Course A - Foundation,Offline,A01,,EARLYBIRD,,,,,,,,,Choose Competitor: Đã đi học bên khác,,,,,,,2025-01-16 14:52:01,2025-01-29 21:21:06,2025-01-29 21:21:06,false
10182,54a91f62-e27c-4696-7229-69aaee8c3aa6,224,1004,Deal 10182,won,9350000.0,,,,Combo: Course A + Course C,Offline,Course01,Demo expectation,,,,,,,,,,,,google,cpc,campaign_03,,,2025-01-19 09:49:43,2025-02-19 01:11:33,2025-02-19 01:11:33,false
10183,af051197-3ebb-65f1-758d-aaee760fdd95,224,1004,Deal 10183,won,9350000.0,,,,Combo: Course A + Course C,Offline,Course04,Demo expectation,REFERRAL,,,,,,,,,,,facebook,cpc,campaign_01,,,2025-06-17 12:00:28,2025-07-25 07:19:45,2025-07-25 07:19:45,false
10184,17269541-b8d1-1a8f-ea07-219819eead26,77,1001,Deal 10184,lost,,,,,Course D - Advanced,Online,D08,Demo expectation,REFERRAL,,,,,,,,,Trash: Đăng ký trùng deal,,,,,,,2026-02-16 16:02:20,2026-02-19 22:02:20,2026-02-19 22:02:20,false
10185,18360f46-170e-0447-1a28-2f20ce529b86,77,1003,Deal 10185,lost,,,Cựu học viên,,Course A - Foundation,Online,,Demo expectation,REFERRAL,,,,,,,,,Communication: Not Connected: Không liên hệ được,,facebook,cpc,campaign_06,,,2025-10-26 19:30:02,2025-10-26 20:30:02,2025-10-26 20:30:02,false
10186,e91d6821-888f-db71-2e39-b34c2403b9a9,224,1002,Deal 10186,won,4500000,,,,Course A - Foundation,Hybrid,A06,Demo expectation,REFERRAL,,,,,,,,,,,facebook,cpc,campaign_06,,,2025-12-29 22:03:15,2026-01-23 06:21:49,2026-01-23 06:21:49,false
10187,176de21f-1b46-ebdc-5c56-d9bc5111d31d,216,1003,Deal 10187,open,,,,,Course C - Advanced,Offline,C11,Demo expectation,REFERRAL,,,,,,,,,,,facebook,fanpage,campaign_11,,,2026-08-27 03:41:14,2026-08-27 03:41:14,,false
10188,362cd88b-1f77-ec32-d27b-c0e4b2dc77f1,91,1002,Deal 10188,lost,,,,,Course A - Foundation,Online,A10,,,,,,,,,,,Bad Timing: No Immediate Priority,,facebook,cpc,campaign_06,,,2026-08-20 00:53:27,2026-08-27 04:52:54,2026-08-27 04:52:54,false
10189,2ac14fd1-eb74-e721-5b34-5eded26b6c21,224,1002,Deal 10189,won,8550000.0,,,,Course E - Specialist,Online,E09,Demo expectation,,,,,,,,,,,,inbox,inbox,campaign_02,,,2026-04-20 05:14:44,2026-06-06 19:03:12,2026-06-06 19:03:12,false
10190,a4f3c259-2a2c-8f9d-e071-2f7aed584d65,74,1008,Deal 10190,lost,,,,,Course F - Short course,Hybrid,,,,,,,,,,,,Bad Timing: No Immediate Priority,,google,cpc,campaign_03,,,2025-03-04 19:26:33,2025-03-26 05:35:31,2025-03-26 05:35:31,false
10191,36c59dac-b4d7-e28e-271e-3ee2b1a6b1f1,77,1004,Deal 10191,open,,,,,Course A - Foundation,Offline,A05,Demo expectation,REFERRAL,,,,,,,,,,,facebook,fanpage,campaign_12,,,2025-10-12 20:24:10,2025-10-12 20:24:10,,false
10192,3dea4cc7-c6bc-a20f-f10f-5e2daf358d31,222,1004,Deal 10192,won,11000000,,,,Combo: Course A + Course C,Online,Course09,Demo expectation,,,,,,,,,,,,facebook,cpc,campaign_05,,,2026-03-07 17:30:52,2026-04-06 15:47:43,2026-04-06 15:47:43,false
10193,9ea87552-c475-66bf-8f66-0bbd54fc286f,78,1001,Deal 10193,open,,,,,Course A - Foundation,Offline,,Demo expectation,EARLYBIRD,,,,,,,,,,,google,cpc,campaign_08,,,2026-09-27 01:07:42,2026-09-27 11:00:00,,false
10194,d18183d1-ac2b-0cfc-c5c5-1060991121e7,224,1002,Deal 10194,won,11000000,,,,Combo: Course A + Course C,Hybrid,Course02,Demo expectation,,,,,,,,,,,,facebook,cpc,campaign_04,,,2025-02-16 14:50:58,2025-03-09 21:56:00,2025-03-09 21:56:00,false
10195,3cd89af3-1218-eb09-c4c9-52d820101b24,79,1002,Deal 10195,lost,,,,,Course C - Advanced,Hybrid,C10,,EARLYBIRD,,,,,,,,,Communication: Ghosted After Demo/Call,,zalo,oa,campaign_10,,,2026-07-28 09:00:16,2026-07-31 15:41:25,2026-07-31 15:41:25,false
10196,379a7280-7d97-fb59-8377-dc890ee6b4f4,80,1003,Deal 10196,lost,,,,,Course B - Foundation,Hybrid,B11,,EARLYBIRD,,,,,,,,,Choose Competitor: Đã đi học bên khác,,email,newsletter,campaign_12,,,2026-07-25 02:58:41,2026-08-15 12:27:45,2026-08-15 12:27:45,false
10197,fef518a6-4dea-d645-0986-bbebf23e323d,78,1001,Deal 10197,open,,,,,Course D - Advanced,Offline,D11,Demo expectation,,,,,,,,,,,,,,,,,2026-08-17 08:47:44,2026-08-19 06:54:27,,false
10198,560b63a9-2a36-856d-cdf5-a57f9c4e7e7f,79,1003,Deal 10198,lost,,,,,Course F - Short course,Hybrid,F01,,,,,,,,,,,Low engagement: Không còn nhu cầu học,,blog,organic,campaign_07,,,2025-01-31 16:02:00,2025-02-08 12:12:47,2025-02-08 12:12:47,false
10199,69e0d8c3-b8e2-e864-e0f0-c823d0778d1f,78,1001,Deal 10199,lost,,,,,Combo: Course A + Course C,Online,Course02,,EARLYBIRD,,,,,,,,,Sales Process: Sales không follow-up khách,,email,newsletter,campaign_10,,,2025-01-28 21:24:00,2025-02-05 13:41:58,2025-02-05 13:41:58,false
10200,a911d192-43bf-d931-3605-bf54a021c0ca,80,1003,Deal 10200,open,,,,,Course B - Foundation,Offline,B12,Demo expectation,REFERRAL,,,,,,,,,,,zalo,oa,campaign_01,,,2026-09-26 15:51:35,2026-09-27 11:00:00,,false
10201,90ae41e4-1a6a-d169-1386-5151b0921979,78,1004,Deal 10201,lost,,,,,Program G - Professional,Offline,G05,Demo expectation,,,,,,,,,,Trash: Không có nhu cầu,,blog,organic,campaign_07,,,2025-07-26 21:29:42,2025-08-05 15:55:53,2025-08-05 15:55:53,false
10202,23377bbc-fffe-77c8-39fe-b99c31274148,224,1003,Deal 10202,won,5000000,,,,Course B - Foundation,Offline,B03,,EARLYBIRD,,,,,,,,,,,facebook,cpc,campaign_05,,,2025-05-12 02:25:42,2025-06-09 17:46:20,2025-06-09 17:46:20,false
10203,c516e394-aae6-787e-e744-aa30b1356d67,77,1002,Deal 10203,open,,,Cựu học viên,,Course C - Advanced,Online,,Demo expectation,,,,,,,,,,,,google,cpc,campaign_12,,,2026-09-18 17:02:09,2026-09-18 17:02:09,,false
10204,a3ef973c-e096-2a42-8bb2-d4e3814316e8,224,1001,Deal 10204,won,6375000.0,,,,Course C - Advanced,Hybrid,C05,,,,,,,,,,,,,zalo,oa,campaign_03,,,2025-09-25 17:51:52,2025-10-15 03:56:42,2025-10-15 03:56:42,false
10205,7e8d6bb3-7932-b233-22c1-d7a197c75839,224,1001,Deal 10205,won,4050000.0,,,,Course A - Foundation,Offline,A07,,,,,,,,,,,,,facebook,cpc,campaign_02,,,2026-01-25 10:23:19,2026-02-23 08:55:16,2026-02-23 08:55:16,false
10206,9008cdc9-9d42-1bae-2134-e15bed56c714,73,1006,Deal 10206,lost,,,,,Course B - Foundation,Offline,,Demo expectation,REFERRAL,,,,,,,,,Budget: Giá quá cao,,email,newsletter,campaign_01,,,2025-04-05 02:44:34,2025-04-09 04:31:24,2025-04-09 04:31:24,false
10207,c7036a4c-7150-f94f-e2f2-cf57b850b440,222,1002,Deal 10207,won,5000000,,,,Course B - Foundation,Offline,B02,Demo expectation,REFERRAL,,,,,,,,,,,homepage,organic,campaign_11,,,2025-03-30 00:53:46,2025-04-15 06:11:47,2025-04-15 06:11:47,false
10208,170bdd14-95e7-b610-04c0-d48a98bf6a3e,224,1001,Deal 10208,won,9350000.0,,,,Combo: Course A + Course C,Offline,Course10,,EARLYBIRD,,,,,,,,,,,email,newsletter,campaign_04,,,2026-05-17 16:22:16,2026-06-23 17:15:12,2026-06-23 17:15:12,false
10209,204ec480-fc77-c405-38a6-8341656e5a10,80,1002,Deal 10209,open,,,Cựu học viên,,Course D - Advanced,Offline,D09,,,,,,,,,,,,,email,newsletter,campaign_04,,,2026-04-23 21:00:59,2026-05-04 08:58:18,,false
10210,7845a524-b1f0-1f04-23e5-7b5027dfc6e0,224,1002,Deal 10210,won,4050000.0,,,,Course A - Foundation,Online,A03,Demo expectation,EARLYBIRD,,,,,,,,,,,facebook,cpc,campaign_11,,,2025-04-09 04:13:18,2025-04-26 20:11:48,2025-04-26 20:11:48,false
10211,9a307096-d977-66be-a71c-8948bf67de42,224,1004,Deal 10211,won,4500000,,,,Course A - Foundation,Offline,A10,Demo expectation,EARLYBIRD,,,,,,,,,,,email,newsletter,campaign_05,,,2026-08-20 14:28:12,2026-09-27 12:00:00,2026-09-27 12:00:00,false
10212,df7d0dd7-236e-1608-9acb-394acd1f5318,224,1002,Deal 10212,won,11000000,,,,Combo: Course A + Course C,Offline,Course09,Demo expectation,,,,,,,,,,,,facebook,cpc,campaign_04,,,2026-04-28 16:50:52,2026-05-14 20:54:49,2026-05-14 20:54:49,false
10213,88a613b4-a3b8-1f92-a3c9-0c6a86017633,224,1003,Deal 10213,won,3825000.0,,,,Course A - Foundation,Hybrid,,Demo expectation,,,,,,,,,,,,,,,,,2026-05-05 01:44:19,2026-06-05 14:18:25,2026-06-05 14:18:25,false
10214,3c70dfca-fba2-a5f1-56c7-6990740173c1,78,1004,Deal 10214,lost,,,,,Course C - Advanced,Hybrid,C02,,,,,,,,,,,Trash: Không có nhu cầu,,google,cpc,campaign_05,,,2025-03-06 10:44:25,2025-03-15 04:48:01,2025-03-15 04:48:01,false
10215,973f7fd5-dca9-b10a-6d1b-5e966e648ec8,77,1003,Deal 10215,open,,,,,Course C - Advanced,Offline,C11,Demo expectation,REFERRAL,,,,,,,,,,,homepage,organic,campaign_09,,,2026-09-27 11:00:00,2026-09-27 11:00:00,,false
10216,5f269466-54d1-332a-e308-2ddcc9c04b7d,224,1001,Deal 10216,won,16200000.0,,,,Program G - Professional,Offline,,,,,,,,,,,,,,,,,,,2025-09-28 15:00:39,2025-10-30 15:34:10,2025-10-30 15:34:10,false
10217,408669bb-4721-194b-c8a4-ae21d9f850e9,78,1004,Deal 10217,open,,,,,Course F - Short course,Online,F11,Demo expectation,REFERRAL,,,,,,,,,,,facebook,cpc,campaign_03,,,2026-08-13 22:12:09,2026-08-20 00:19:22,,false
10218,2c92f14d-6259-24b2-075f-0f97ed9c52a7,78,1004,Deal 10218,lost,,,,,Course B - Foundation,Offline,,Demo expectation,EARLYBIRD,,,,,,,,,Trash: Không có nhu cầu,,,,,,,2025-12-07 02:38:24,2025-12-12 23:59:54,2025-12-12 23:59:54,false
10219,5ef981f8-af92-7913-cb50-d1f598dcb918,79,1001,Deal 10219,lost,,,,,Program G - Professional,Hybrid,G08,Demo expectation,,,,,,,,,,Budget: Giá quá cao,,facebook,fanpage,campaign_10,,,2026-02-05 15:30:13,2026-02-22 13:06:24,2026-02-22 13:06:24,false
10220,7ce4770e-32b7-3d80-8f2e-08d37b1dbca3,224,1002,Deal 10220,won,4500000.0,,,,Course B - Foundation,Offline,B08,Demo expectation,REFERRAL,,,,,,,,,,,facebook,cpc,campaign_10,,,2026-02-15 14:05:11,2026-03-12 11:14:10,2026-03-12 11:14:10,false
10221,6b0115ca-bf94-abfa-af61-e25eec6874df,72,1008,Deal 10221,open,,,,,Course B - Foundation,Online,B02,,,,,,,,,,,,,,,,,,2025-02-18 09:06:54,2025-02-18 09:06:54,,false
10222,5bcc7bfb-40e6-4eed-e414-f2c5d9743ff0,224,1004,Deal 10222,won,6750000.0,,,,Course C - Advanced,Hybrid,C08,,,,,,,,,,,,,,,,,,2026-03-22 06:04:45,2026-04-18 09:40:11,2026-04-18 09:40:11,false
10223,acf5e81e-7131-6269-7118-e36477097749,78,1001,Deal 10223,lost,,,,,Course F - Short course,Hybrid,F08,Demo expectation,,,,,,,,,,Trash: Không có nhu cầu,,google,cpc,campaign_12,,,2026-01-31 09:20:38,2026-02-04 06:32:46,2026-02-04 06:32:46,false
10224,ae5a5f99-f1bb-5d9b-7499-bb6b9afdd464,76,1005,Deal 10224,won,2500000,,,,Course F - Short course,Online,F02,Demo expectation,,,,,,,,,,,,facebook,cpc,campaign_05,,,2025-03-12 22:46:36,2025-03-26 17:08:24,2025-03-26 17:08:24,false
10225,8fd7b1a1-bd4f-6118-acef-45c4de3790fb,224,1002,Deal 10225,won,2250000.0,,,,Course F - Short course,Online,F04,,REFERRAL,,,,,,,,,,,email,newsletter,campaign_10,,,2025-06-23 09:55:31,2025-08-03 05:31:53,2025-08-03 05:31:53,false
10226,e74da397-3df5-deff-456f-25c03ee831ac,224,1002,Deal 10226,won,4050000.0,,,,Course A - Foundation,Offline,A07,,,,,,,,,,,,,,,,,,2026-01-16 15:37:09,2026-02-07 17:32:18,2026-02-07 17:32:18,false
10227,36c59dac-b4d7-e28e-271e-3ee2b1a6b1f1,78,1002,Deal 10227,lost,,,,,Course C - Advanced,Online,C06,,,,,,,,,,,Trash: Không có nhu cầu,,facebook,cpc,campaign_04,,,2025-11-01 12:11:22,2025-11-06 21:27:48,2025-11-06 21:27:48,false
10228,3b6b6054-51cb-cee7-fdc0-30040810da56,77,1003,Deal 10228,lost,,,,,Course D - Advanced,Hybrid,D06,,EARLYBIRD,,,,,,,,,Communication: Invalid Contact,,facebook,cpc,campaign_02,,,2025-10-06 18:38:28,2025-10-08 19:38:28,2025-10-08 19:38:28,false
10229,c7774fae-6137-58c3-9c7f-aca62e671784,79,1004,Deal 10229,lost,,,Cựu học viên,,Course D - Advanced,Hybrid,D04,Demo expectation,,,,,,,,,,Budget: Giá quá cao,,facebook,cpc,campaign_03,,,2025-07-04 13:57:31,2025-07-20 23:10:42,2025-07-20 23:10:42,false
10230,946239de-ad87-f3d7-1ecc-9af6ef46e612,91,1001,Deal 10230,lost,,,Cựu học viên,,Course D - Advanced,Offline,D06,Demo expectation,REFERRAL,,,,,,,,,Bad Timing: No Immediate Priority,,,,,,,2025-10-29 22:00:09,2025-11-22 16:44:44,2025-11-22 16:44:44,false
10231,c7adff65-2ab9-ec20-e386-f348b2d77a42,77,1002,Deal 10231,lost,,,,,Program G - Professional,Offline,,Demo expectation,,,,,,,,,,Trash: Đăng ký trùng deal,,google,cpc,campaign_03,,,2026-05-29 10:22:40,2026-05-29 17:22:40,2026-05-29 17:22:40,false
10232,bd5a6112-d1b2-2e3c-2ede-2487373058be,78,1001,Deal 10232,lost,,,,,Course A - Foundation,Offline,A07,,,,,,,,,,,Communication: Not Connected: Không liên hệ được,,facebook,cpc,campaign_12,,,2026-01-27 12:26:51,2026-02-08 18:31:25,2026-02-08 18:31:25,false
10233,81f4d97b-842e-de07-25b5-ca9a75281c2c,77,1003,Deal 10233,open,,,,,Course C - Advanced,Hybrid,C11,,,,,,,,,,,,,facebook,fanpage,campaign_10,,,2026-09-14 22:03:28,2026-09-14 22:03:28,,false
10234,d6312a80-1c61-2ec2-1014-2131750565f5,222,1002,Deal 10234,won,2250000.0,,,,Course F - Short course,Online,F12,,REFERRAL,,,,,,,,,,,facebook,cpc,campaign_01,,,2026-09-27 11:00:00,2026-09-27 12:00:00,2026-09-27 12:00:00,false
10235,bcfe4408-9ac7-25a7-40b6-0c17d7ee15bc,92,1001,Deal 10235,lost,,,,,Course C - Advanced,Offline,C06,Demo expectation,EARLYBIRD,,,,,,,,,Choose Competitor: Không học online,,,,,,,2025-11-18 10:02:51,2025-12-21 18:28:36,2025-12-21 18:28:36,false
10236,774d34f5-caf0-7226-7e00-0029c47f9b05,224,1001,Deal 10236,won,4050000.0,,,,Course A - Foundation,Online,A02,Demo expectation,,,,,,,,,,,,google,cpc,campaign_08,,,2025-02-09 15:15:57,2025-03-07 20:41:38,2025-03-07 20:41:38,false
10237,fb426ef0-45fa-8cb6-cfb2-af2941fe7f64,224,1004,Deal 10237,won,2500000,,,,Course F - Short course,Hybrid,F08,,,,,,,,,,,,,facebook,cpc,campaign_11,,,2026-01-18 05:56:03,2026-02-04 21:10:26,2026-02-04 21:10:26,false
10238,89465e5b-26fa-3d5c-3678-a41a65adafab,79,1003,Deal 10238,lost,,,,,Course A - Foundation,Hybrid,A07,Demo expectation,REFERRAL,,,,,,,,,Communication: Ghosted After Demo/Call,,google,cpc,campaign_05,,,2026-03-03 22:58:12,2026-03-07 00:47:56,2026-03-07 00:47:56,false
10239,d1587136-6e52-8655-af17-8dbbc461aac1,78,1003,Deal 10239,lost,,,,,Course C - Advanced,Hybrid,C10,Demo expectation,,,,,,,,,,Trash: Không có nhu cầu,,homepage,organic,campaign_04,,,2026-07-04 18:26:25,2026-07-23 15:55:36,2026-07-23 15:55:36,false
10240,c055ceb0-b9ee-2247-09fc-cdac179ef857,224,1003,Deal 10240,won,4500000,,,,Course A - Foundation,Hybrid,,Demo expectation,,,,,,,,,,,,google,cpc,campaign_02,,,2025-06-10 07:12:52,2025-07-03 20:38:02,2025-07-03 20:38:02,false
10241,44cca057-5c98-08f4-4636-8d129d94813f,224,1003,Deal 10241,won,3825000.0,,,,Course A - Foundation,Offline,,,REFERRAL,,,,,,,,,,,facebook,fanpage,campaign_06,,,2025-09-02 04:29:24,2025-09-14 20:30:43,2025-09-14 20:30:43,false
10242,0207006d-e883-a4f4-b29f-2d6b8915a364,80,1004,Deal 10242,lost,,,,,Course F - Short course,Hybrid,F08,Demo expectation,EARLYBIRD,,,,,,,,,Budget: Not willing to pay,,google,cpc,campaign_03,,,2026-02-02 02:48:44,2026-02-13 16:44:34,2026-02-13 16:44:34,false
10243,2bacf712-d6a9-19e8-86d8-95e5219b606d,78,1004,Deal 10243,lost,,,,,Combo: Course A + Course C,Online,Course02,,EARLYBIRD,,,,,,,,,Communication: Not Connected: Không liên hệ được,,facebook,cpc,campaign_11,,,2025-03-28 21:12:43,2025-04-05 10:29:27,2025-04-05 10:29:27,false
10244,b06dc0d5-26b0-7bc1-8b43-0745c3164e09,77,1002,Deal 10244,lost,,,,,Course A - Foundation,Offline,A09,Demo expectation,,,,,,,,,,Trash: Đăng ký trùng deal,,facebook,cpc,campaign_11,,,2026-06-18 15:16:02,2026-06-20 20:16:02,2026-06-20 20:16:02,false
10245,ba8a946a-f8d8-6c40-80af-677ba272ceba,78,1001,Deal 10245,lost,,,,,Combo: Course A + Course C,Online,Course07,Demo expectation,REFERRAL,,,,,,,,,Trash: Không có nhu cầu,,homepage,organic,campaign_09,,,2025-12-08 19:01:40,2025-12-08 22:19:14,2025-12-08 22:19:14,false
10246,67e6da0f-aa74-c44d-68ba-bf809d502e63,222,1002,Deal 10246,won,2500000,,,,Course F - Short course,Offline,F06,Demo expectation,,,,,,,,,,,,,,,,,2025-09-18 19:52:43,2025-10-14 03:57:51,2025-10-14 03:57:51,false
10247,49f86d9d-dfef-b72a-4570-b7feef252aa8,80,1002,Deal 10247,lost,,,,,Course F - Short course,Hybrid,F11,Demo expectation,,,,,,,,,,Budget: Not willing to pay,,facebook,fanpage,campaign_02,,,2026-08-15 03:17:43,2026-08-27 14:47:31,2026-08-27 14:47:31,false
10248,25d4a0fc-6154-2765-d756-ba9cc64c9647,79,1004,Deal 10248,open,,lead cks,,,Course C - Advanced,Hybrid,C02,,EARLYBIRD,,,,,,,,,,,blog,organic,campaign_05,,,2025-02-02 05:43:09,2025-02-14 08:00:30,,false
10249,cac29f1d-c72c-3764-0570-ea72a16700f7,77,1001,Deal 10249,lost,,,,,Course F - Short course,Hybrid,F06,,,,,,,,,,,Communication: Invalid Contact,,facebook,cpc,campaign_03,,,2025-10-14 21:25:18,2025-10-19 02:25:18,2025-10-19 02:25:18,false
10250,b72ed2c7-d38d-665e-0edb-24f1584e24c3,78,1003,Deal 10250,lost,,,,,Course F - Short course,Offline,,Demo expectation,REFERRAL,,,,,,,,,Communication: Not Connected: Không liên hệ được,,,,,,,2025-10-17 18:41:50,2025-10-25 09:57:22,2025-10-25 09:57:22,false
10251,480c8194-70a4-e9e4-62b0-99a503a2fcda,91,1003,Deal 10251,lost,,,,,Combo: Course A + Course C,Hybrid,,Demo expectation,,,,,,,,,,Bad Timing: No Immediate Priority,,facebook,cpc,campaign_03,,,2026-06-19 02:28:05,2026-07-04 13:04:16,2026-07-04 13:04:16,false
10252,688e8d5d-5185-6418-fef4-4a33ae78dd3f,92,1001,Deal 10252,open,,,,,Course E - Specialist,Hybrid,E12,Demo expectation,EARLYBIRD,,,,,,,,,,,,,,,,2026-09-27 11:00:00,2026-09-27 11:00:00,,false
10253,f334685d-b6ad-478c-3e06-f427a832a228,80,1002,Deal 10253,open,,,,,Course A - Foundation,Offline,A08,,,,,,,,,,,,,facebook,fanpage,campaign_01,,,2026-04-17 00:36:30,2026-05-02 09:38:01,,false
10254,99c93a43-a4a4-08f5-a95c-7f2566c8b707,79,1003,Deal 10254,lost,,,,,Combo: Course A + Course C,Offline,Course02,Demo expectation,EARLYBIRD,,,,,,,,,Low engagement: Không còn nhu cầu học,,email,newsletter,campaign_05,,,2025-02-02 02:23:23,2025-02-08 16:37:56,2025-02-08 16:37:56,false
10255,c35826a5-37b5-ba07-eb21-0c92c4ecdf3a,78,1003,Deal 10255,lost,,,,,Course E - Specialist,Hybrid,,Demo expectation,,,,,,,,,,Sales Process: Sales không follow-up khách,,blog,organic,campaign_05,,,2025-05-17 00:55:28,2025-05-17 17:40:15,2025-05-17 17:40:15,false
10256,bfcbdd99-70f4-d484-2946-7638e7355bf2,77,1001,Deal 10256,lost,,,,,Course E - Specialist,Offline,,Demo expectation,,,,,,,,,,Trash: Đăng ký trùng deal,,google,cpc,campaign_05,,,2026-07-01 00:47:26,2026-07-04 02:47:26,2026-07-04 02:47:26,false
10257,4fa3baf6-48f3-68ba-2697-64976cfb6acc,217,1003,Deal 10257,lost,,,,,Course D - Advanced,Hybrid,D08,Demo expectation,REFERRAL,,,,,,,,,Communication: No Response,,facebook,fanpage,campaign_12,,,2026-02-17 04:02:10,2026-02-22 19:43:16,2026-02-22 19:43:16,false
10258,fffcd743-e3f1-6406-631d-9c8be0f0fe79,78,1001,Deal 10258,lost,,,,,Course F - Short course,Hybrid,,,EARLYBIRD,,,,,,,,,Trash: Không có nhu cầu,,homepage,organic,campaign_06,,,2026-05-21 06:23:19,2026-05-31 04:57:35,2026-05-31 04:57:35,false
10259,7202fae5-767d-3b27-7ade-4367e0bd202c,78,1004,Deal 10259,lost,,,,,Course A - Foundation,Offline,,Demo expectation,EARLYBIRD,,,,,,,,,Sales Process: Sales không follow-up khách,,zalo,oa,campaign_11,,,2026-08-22 04:01:38,2026-08-29 15:49:16,2026-08-29 15:49:16,false
10260,b61e9e5d-873e-21b2-a50c-b05b8b87760e,77,1001,Deal 10260,lost,,,,,Course D - Advanced,Offline,D05,Demo expectation,REFERRAL,,,,,,,,,Trash: Đăng ký trùng deal,,facebook,cpc,campaign_04,,,2025-08-19 06:50:46,2025-08-23 11:50:46,2025-08-23 11:50:46,false
10261,e7269390-c235-25c0-c16f-584add1b469d,224,1001,Deal 10261,won,11000000,,,,Combo: Course A + Course C,Offline,Course01,Demo expectation,,,,,,,,,,,,facebook,fanpage,campaign_04,,,2025-01-18 15:07:10,2025-02-26 02:33:37,2025-02-26 02:33:37,false
10262,8daf1352-6775-3489-3bdc-f115c148e224,79,1001,Deal 10262,lost,,,,,Course F - Short course,Hybrid,F03,Demo expectation,,,,,,,,,,Communication: No Response,,google,cpc,campaign_12,,,2025-03-31 23:43:33,2025-04-07 17:19:50,2025-04-07 17:19:50,false
10263,c556f034-b177-3184-a3d2-e30b26994648,80,1002,Deal 10263,lost,,,,,Course C - Advanced,Hybrid,C04,,REFERRAL,,,,,,,,,Relevance: Not ICP fit,,email,newsletter,campaign_08,,,2025-07-18 15:07:06,2025-08-07 22:13:28,2025-08-07 22:13:28,false
10264,6bf7d125-a571-f542-e485-a11892ee4820,78,1001,Deal 10264,open,,,,,Course D - Advanced,Hybrid,D07,Demo expectation,REFERRAL,,,,,,,,,,,google,cpc,campaign_10,,,2025-11-28 19:02:15,2025-12-03 07:55:09,,false
10265,2ea4790b-fdd0-2c32-b405-e657d1a37650,91,1004,Deal 10265,open,,,Cựu học viên,,Course D - Advanced,Offline,D11,,,,,,,,,,,,,facebook,fanpage,campaign_06,,,2026-09-11 00:56:55,2026-09-25 10:33:12,,false
10266,b61e9e5d-873e-21b2-a50c-b05b8b87760e,91,1001,Deal 10266,lost,,,,,Course E - Specialist,Hybrid,E05,,EARLYBIRD,,,,,,,,,Bad Timing: Không sắp xếp được thời gian học,,zalo,oa,campaign_05,,,2025-08-27 09:10:00,2025-09-14 07:28:46,2025-09-14 07:28:46,false
10267,bb15894a-eeb4-7b07-8239-01c4ad5209e7,216,1002,Deal 10267,lost,,,,,Course D - Advanced,Offline,D03,Demo expectation,REFERRAL,,,,,,,,,Budget: Giá quá cao,,homepage,organic,campaign_05,,,2025-04-07 12:08:43,2025-04-07 17:08:43,2025-04-07 17:08:43,false
10268,ee7385d8-6c75-a765-3a31-4e67b5982577,224,1002,Deal 10268,won,3825000.0,,,,Course A - Foundation,Offline,,Demo expectation,,,,,,,,,,,,,,,,,2025-02-04 09:29:21,2025-03-05 04:23:16,2025-03-05 04:23:16,false
10269,c8b190e1-089a-9f4f-31da-e8174937b90f,78,1001,Deal 10269,open,,,,,Course D - Advanced,Hybrid,D02,Demo expectation,EARLYBIRD,,,,,,,,,,,,,,,,2025-03-04 08:51:27,2025-03-15 06:59:45,,false
10270,ffb88ef4-80dc-4873-9eb3-18ad9c15b25e,79,1002,Deal 10270,lost,,,,,Course B - Foundation,Online,,Demo expectation,EARLYBIRD,,,,,,,,,Low engagement: Không còn nhu cầu học,,,,,,,2026-04-27 03:21:21,2026-05-07 23:54:15,2026-05-07 23:54:15,false
10271,63416840-f5b3-029a-bc9b-944fc6a3e5d4,224,1002,Deal 10271,won,4250000.0,,,,Course B - Foundation,Online,B01,,,,,,,,,,,,,facebook,cpc,campaign_05,,,2025-01-03 07:28:32,2025-02-09 21:57:31,2025-02-09 21:57:31,false
10272,f7bcbc14-9241-9671-da2f-c99ba923895d,91,1002,Deal 10272,lost,,,,,Course B - Foundation,Offline,B07,,,,,,,,,,,Bad Timing: Không sắp xếp được thời gian học,,email,newsletter,campaign_08,,,2026-01-10 01:46:21,2026-01-29 22:23:09,2026-01-29 22:23:09,false
10273,1e53a5da-0780-b3ee-dcfa-02a93f4435c3,224,1001,Deal 10273,won,4250000.0,,Cựu học viên,,Course B - Foundation,Hybrid,B02,,,,,,,,,,,,,facebook,cpc,campaign_01,,,2025-01-20 06:13:55,2025-02-04 09:16:14,2025-02-04 09:16:14,false
10274,91d259b3-3ffd-48e4-a9e2-6ef724e2d243,77,1004,Deal 10274,lost,,,,,Course A - Foundation,Online,A06,Demo expectation,,,,,,,,,,Trash: Đăng ký trùng deal,,google,cpc,campaign_11,,,2025-12-03 19:57:16,2025-12-04 22:57:16,2025-12-04 22:57:16,false
10275,66f89b87-fccc-1a7d-3a1b-ba9cda07f08e,92,1001,Deal 10275,lost,,,,,Course E - Specialist,Online,E07,Demo expectation,EARLYBIRD,,,,,,,,,Choose Competitor: Không học online,,facebook,cpc,campaign_08,,,2026-01-06 01:26:55,2026-01-25 18:53:05,2026-01-25 18:53:05,false
10276,23ea7956-49f1-137d-7d59-2e192ab7b2ef,78,1001,Deal 10276,lost,,,,,Course A - Foundation,Online,A09,Demo expectation,,,,,,,,,,Sales Process: Sales không follow-up khách,,google,cpc,campaign_10,,,2026-06-21 23:13:57,2026-06-24 02:52:51,2026-06-24 02:52:51,false
10277,7885187d-18fc-83b7-4b35-6e9a2e5eeb6a,80,1001,Deal 10277,lost,,,,,Course C - Advanced,Online,,Demo expectation,,,,,,,,,,Relevance: Not ICP fit,,facebook,cpc,campaign_12,,,2025-07-25 11:12:41,2025-08-20 03:01:58,2025-08-20 03:01:58,false
10278,c981602a-5b08-1fac-6800-99bc9cf5fe16,78,1001,Deal 10278,open,,,,,Course C - Advanced,Online,C08,Demo expectation,REFERRAL,,,,,,,,,,,facebook,fanpage,campaign_08,,,2026-04-08 17:14:55,2026-04-10 13:45:05,,false
10279,ee7385d8-6c75-a765-3a31-4e67b5982577,77,1002,Deal 10279,lost,,,,,Course D - Advanced,Offline,D02,Demo expectation,,,,,,,,,,Trash: Đăng ký trùng deal,,facebook,cpc,campaign_02,,,2025-02-03 04:40:35,2025-02-08 12:40:35,2025-02-08 12:40:35,false
10280,17745bc2-3529-c231-e068-9f1905dfc5bb,77,1001,Deal 10280,lost,,,,,Course E - Specialist,Online,,Demo expectation,,,,,,,,,,Communication: Invalid Contact,,facebook,cpc,campaign_12,,,2026-09-10 12:16:44,2026-09-15 13:16:44,2026-09-15 13:16:44,false
10281,0c0a7983-e2e6-e895-55e1-0b396afd5fed,78,1002,Deal 10281,open,,,,,Course B - Foundation,Online,,,,,,,,,,,,,,,,,,,2026-05-29 15:47:11,2026-05-30 02:09:18,,false
10282,801ac91b-16ae-a9bb-0e93-a664164a634c,224,1001,Deal 10282,won,2500000,,,,Course F - Short course,Online,F01,Demo expectation,,,,,,,,,,,,,,,,,2025-01-25 09:38:05,2025-02-18 07:08:26,2025-02-18 07:08:26,false
10283,988be34c-ee53-a2ef-6ba3-88aeeebea50d,91,1004,Deal 10283,lost,,,,,Course E - Specialist,Online,E03,,EARLYBIRD,,,,,,,,,Bad Timing: No Immediate Priority,,facebook,cpc,campaign_12,,,2025-05-01 14:01:33,2025-05-17 09:40:16,2025-05-17 09:40:16,false
10284,d2a81922-6518-9347-1e91-0b71c2d031ad,224,1001,Deal 10284,won,9350000.0,,,,Combo: Course A + Course C,Hybrid,Course07,,,,,,,,,,,,,facebook,cpc,campaign_07,,,2025-12-04 15:39:21,2026-01-04 10:52:01,2026-01-04 10:52:01,false
10285,ff51cc96-27be-a2b2-9a7f-326f3172e9f8,72,1005,Deal 10285,lost,,,,,Course F - Short course,Offline,F02,Demo expectation,,,,,,,,,,Budget: Giá quá cao,,facebook,fanpage,campaign_06,,,2025-02-23 14:47:52,2025-02-27 20:47:52,2025-02-27 20:47:52,false
10286,6aa26216-fada-98f5-1c0f-0bdcac7e937c,79,1003,Deal 10286,open,,,,,Course F - Short course,Offline,F12,,REFERRAL,,,,,,,,,,,,,,,,2026-09-27 11:00:00,2026-09-27 11:00:00,,false
10287,ed592398-f649-ff09-1759-91ea093d4e37,80,1001,Deal 10287,lost,,,,,Course C - Advanced,Online,,,,,,,,,,,,Choose Competitor: Đã đi học bên khác,,facebook,cpc,campaign_08,,,2025-01-14 03:20:02,2025-01-20 21:20:52,2025-01-20 21:20:52,false
10288,cac4d0eb-3373-730e-fc31-a5971f119c0f,224,1001,Deal 10288,won,4500000.0,,,,Course B - Foundation,Hybrid,B07,,,,,,,,,,,,,,,,,,2025-12-29 12:48:02,2026-01-31 04:25:59,2026-01-31 04:25:59,false
10289,6cc0067f-141f-746e-fb29-ff362155fba8,77,1004,Deal 10289,lost,,,,,Course D - Advanced,Online,D07,Demo expectation,EARLYBIRD,,,,,,,,,Trash: Không có nhu cầu,,,,,,,2025-12-19 09:42:00,2025-12-19 13:42:00,2025-12-19 13:42:00,false
10290,6dbf7fbc-dc35-2b5a-4b68-8c40616cab19,79,1001,Deal 10290,lost,,,,,Course D - Advanced,Offline,D06,,,,,,,,,,,Communication: Ghosted After Demo/Call,,facebook,cpc,campaign_11,,,2025-11-03 19:28:17,2025-11-15 10:39:06,2025-11-15 10:39:06,false
10291,91386474-0473-b982-d1a5-29db0b90b03d,224,1004,Deal 10291,won,4500000,,,,Course A - Foundation,Offline,A03,Demo expectation,,,,,,,,,,,,,,,,,2025-05-01 15:43:50,2025-06-06 19:48:35,2025-06-06 19:48:35,false
10292,48164644-01a9-abd0-ed71-d8749dc3a0c6,80,1002,Deal 10292,lost,,,Cựu học viên,,Course F - Short course,Offline,F01,,REFERRAL,,,,,,,,,Budget: Not willing to pay,,facebook,cpc,campaign_11,,,2025-01-10 11:23:53,2025-01-16 04:20:47,2025-01-16 04:20:47,false
10293,50f35bb4-40fe-a948-d2d9-3f36cde44f3a,78,1002,Deal 10293,lost,,,,,Course B - Foundation,Offline,B05,,,,,,,,,,,Sales Process: Sales không follow-up khách,,,,,,,2025-07-31 12:36:34,2025-08-12 19:16:43,2025-08-12 19:16:43,false
10294,d6654397-013a-7943-eacf-cefbc4622393,76,1008,Deal 10294,won,7200000.0,,,,Course D - Advanced,Offline,D09,,EARLYBIRD,,,,,,,,,,,google,cpc,campaign_09,,,2026-05-07 07:16:54,2026-05-29 21:17:29,2026-05-29 21:17:29,false
10295,88964456-b344-dde4-bcac-44263ad0190f,80,1004,Deal 10295,lost,,,,,Combo: Course A + Course C,Hybrid,Course02,,REFERRAL,,,,,,,,,Choose Competitor: Đã đi học bên khác,,,,,,,2025-01-25 01:02:52,2025-02-04 23:13:37,2025-02-04 23:13:37,false
10296,8cf70470-fda8-977a-ef4b-d7a8746b302f,76,1007,Deal 10296,won,2500000,,,,Course F - Short course,Offline,F06,Demo expectation,,,,,,,,,,,,inbox,inbox,campaign_06,,,2025-10-14 23:09:39,2025-10-26 17:32:34,2025-10-26 17:32:34,false
10297,ffd8ca90-cc12-e44b-bdcc-5163cf3b5aa8,91,1003,Deal 10297,lost,,,,,Course D - Advanced,Offline,D05,Demo expectation,EARLYBIRD,,,,,,,,,Bad Timing: No Immediate Priority,,,,,,,2025-08-31 09:49:37,2025-09-15 05:57:38,2025-09-15 05:57:38,false
10298,f58b8c61-2ba0-09ec-55c8-74415145c6f8,224,1003,Deal 10298,won,2250000.0,,,,Course F - Short course,Offline,F06,Demo expectation,REFERRAL,,,,,,,,,,,inbox,inbox,campaign_08,,,2025-09-17 05:15:26,2025-10-11 17:42:01,2025-10-11 17:42:01,false
10299,7bf47042-bd15-31c8-3764-fbda3108d448,80,1002,Deal 10299,lost,,,,,Course C - Advanced,Hybrid,C10,Demo expectation,REFERRAL,,,,,,,,,Choose Competitor: Đã đi học bên khác,,facebook,fanpage,campaign_03,,,2026-07-31 18:13:38,2026-08-10 09:34:03,2026-08-10 09:34:03,false
10300,a4f3c259-2a2c-8f9d-e071-2f7aed584d65,78,1001,Deal 10300,lost,,,,,Course B - Foundation,Offline,B02,,,,,,,,,,,Sales Process: Sales không follow-up khách,,,,,,,2025-02-09 22:43:55,2025-02-17 01:12:31,2025-02-17 01:12:31,false
10301,1713742b-d862-042e-500f-86b1c544a049,78,1004,Deal 10301,lost,,,,,Course A - Foundation,Online,A07,,EARLYBIRD,,,,,,,,,Sales Process: Sales không follow-up khách,,facebook,cpc,campaign_03,,,2026-01-19 00:11:08,2026-01-24 11:37:10,2026-01-24 11:37:10,false
10302,db247ea2-9a23-63fe-6901-c88c3d8a3090,79,1001,Deal 10302,lost,,,,,Course B - Foundation,Offline,,Demo expectation,,,,,,,,,,Low engagement: Không còn nhu cầu học,,facebook,fanpage,campaign_04,,,2025-03-09 22:03:24,2025-03-24 03:27:46,2025-03-24 03:27:46,false
10303,e0e9f830-63f6-6d73-99a6-ee704f140eba,224,1004,Deal 10303,won,4500000,,,,Course A - Foundation,Offline,A03,Demo expectation,,,,,,,,,,,,google,cpc,campaign_07,,,2025-05-31 09:32:44,2025-06-23 13:06:20,2025-06-23 13:06:20,false
10304,59d8ac2f-34e0-2074-f495-f84d90d35298,78,1004,Deal 10304,lost,,,,,Course A - Foundation,Online,A07,,REFERRAL,,,,,,,,,Trash: Không có nhu cầu,,,,,,,2026-01-03 22:17:10,2026-01-09 22:44:00,2026-01-09 22:44:00,false
10305,688e8d5d-5185-6418-fef4-4a33ae78dd3f,92,1003,Deal 10305,lost,,,,,Course C - Advanced,Online,C11,Demo expectation,EARLYBIRD,,,,,,,,,Budget: Giá quá cao,,email,newsletter,campaign_04,,,2026-09-16 06:16:37,2026-09-27 12:00:00,2026-09-27 12:00:00,false
10306,ae94c0b5-aaf1-c938-27d5-4ab086d66946,222,1002,Deal 10306,won,2500000,,,,Course F - Short course,Offline,F03,,,,,,,,,,,,,google,cpc,campaign_09,,,2025-04-28 12:30:00,2025-05-30 04:40:24,2025-05-30 04:40:24,false
10307,6c776e95-0b98-1ccd-12b2-102d940c3503,74,1006,Deal 10307,lost,,,,,Course F - Short course,Hybrid,,Demo expectation,,,,,,,,,,Bad Timing: No Immediate Priority,,google,cpc,campaign_10,,,2026-03-13 17:42:58,2026-03-22 07:11:47,2026-03-22 07:11:47,false
10308,ac15f7e3-00f4-91a5-0334-9f8166f7ac98,77,1001,Deal 10308,lost,,,,,Course D - Advanced,Online,,Demo expectation,EARLYBIRD,,,,,,,,,Trash: Không có nhu cầu,,email,newsletter,campaign_11,,,2026-05-09 22:35:42,2026-05-11 01:35:42,2026-05-11 01:35:42,false
10309,8211dfed-73be-43cc-830b-ed4fc566a2fa,222,1003,Deal 10309,won,8000000,,,,Course D - Advanced,Hybrid,D03,,,,,,,,,,,,,facebook,cpc,campaign_03,,,2025-05-14 04:28:44,2025-06-16 22:52:45,2025-06-16 22:52:45,false
10310,ddd62795-84be-35c1-e4f2-9f6739097369,79,1001,Deal 10310,lost,,,Cựu học viên,,Course D - Advanced,Hybrid,D09,,EARLYBIRD,,,,,,,,,Communication: Ghosted After Demo/Call,,blog,organic,campaign_07,,,2026-04-28 13:42:58,2026-05-16 12:34:17,2026-05-16 12:34:17,false
10311,c9776598-203c-8c25-fd23-5def3e5a87e3,92,1001,Deal 10311,lost,,,,,Course C - Advanced,Hybrid,,,,,,,,,,,,Choose Competitor: Không học online,,blog,organic,campaign_01,,,2025-10-11 16:24:13,2025-11-01 17:14:13,2025-11-01 17:14:13,false
10312,720d576f-0d96-30be-5580-885a54b279cd,76,1008,Deal 10312,won,3825000.0,,,,Course A - Foundation,Hybrid,A11,Demo expectation,,,,,,,,,,,,facebook,cpc,campaign_07,,,2026-09-05 09:53:23,2026-09-18 07:09:58,2026-09-18 07:09:58,false
10313,6aa26216-fada-98f5-1c0f-0bdcac7e937c,78,1003,Deal 10313,lost,,,,,Course A - Foundation,Hybrid,A11,,,,,,,,,,,Trash: Không có nhu cầu,,,,,,,2026-09-27 11:00:00,2026-09-27 12:00:00,2026-09-27 12:00:00,false
10314,b5342b64-5a3f-3952-4e4e-e13dee6e8127,80,1003,Deal 10314,lost,,,,,Course D - Advanced,Hybrid,D06,,,,,,,,,,,Relevance: Not ICP fit,,facebook,cpc,campaign_01,,,2025-10-13 22:56:04,2025-10-23 06:14:32,2025-10-23 06:14:32,false
10315,c90b9454-50d3-802d-b876-a45588b3152d,224,1002,Deal 10315,won,2500000,,,,Course F - Short course,Online,F06,Demo expectation,,,,,,,,,,,,facebook,cpc,campaign_05,,,2025-10-12 22:27:02,2025-11-11 16:38:00,2025-11-11 16:38:00,false
10316,e2f820df-15a5-7d60-cba8-dd6eea5479f2,77,1001,Deal 10316,lost,,,,,Program G - Professional,Online,G06,Demo expectation,,,,,,,,,,Communication: Not Connected: Không liên hệ được,,,,,,,2025-09-23 17:48:31,2025-09-24 00:48:31,2025-09-24 00:48:31,false
10317,8a05ce06-1f83-c18b-7c7d-ca05af17b2a6,77,1003,Deal 10317,lost,,,,,Course D - Advanced,Offline,D10,,,,,,,,,,,Trash: Đăng ký trùng deal,,facebook,fanpage,campaign_11,,,2026-06-30 16:43:12,2026-07-01 17:43:12,2026-07-01 17:43:12,false
10318,560b63a9-2a36-856d-cdf5-a57f9c4e7e7f,224,1002,Deal 10318,won,7500000,,,,Course C - Advanced,Hybrid,C02,Demo expectation,EARLYBIRD,,,,,,,,,,,,,,,,2025-02-01 11:56:08,2025-03-05 16:40:08,2025-03-05 16:40:08,false
10319,ecb359bf-6cdb-930c-dc87-885e8f6e1e30,77,1003,Deal 10319,lost,,,,,Course D - Advanced,Offline,D01,,,,,,,,,,,Trash: Đăng ký trùng deal,,google,cpc,campaign_11,,,2025-01-13 06:42:56,2025-01-14 09:42:56,2025-01-14 09:42:56,false
10320,7b7ba6ca-f726-d24c-535e-3dfe50f6cbfd,224,1002,Deal 10320,won,4500000,,,,Course A - Foundation,Offline,A08,,,,,,,,,,,,,facebook,cpc,campaign_11,,,2026-03-26 09:36:18,2026-04-26 10:09:41,2026-04-26 10:09:41,false
10321,33baba88-36c7-d6fa-7aa4-f052bf519362,76,1007,Deal 10321,won,5000000,,,,Course B - Foundation,Hybrid,B08,Demo expectation,REFERRAL,,,,,,,,,,,,,,,,2026-03-15 04:09:57,2026-04-06 01:40:24,2026-04-06 01:40:24,false
10322,84266a05-6417-9ff7-b93d-05259d8958ce,77,1001,Deal 10322,lost,,,,,Course C - Advanced,Offline,C07,,EARLYBIRD,,,,,,,,,Trash: Không có nhu cầu,,facebook,cpc,campaign_12,,,2025-12-19 05:12:42,2025-12-21 08:12:42,2025-12-21 08:12:42,false
10323,a3fb6609-334b-92a2-f9fc-9c3f32063388,224,1003,Deal 10323,won,11000000,,,,Combo: Course A + Course C,Hybrid,Course02,Demo expectation,REFERRAL,,,,,,,,,,,email,newsletter,campaign_07,,,2025-02-10 06:29:51,2025-03-18 20:23:22,2025-03-18 20:23:22,false
10324,34b158aa-26df-6494-ac1c-fcfcf1c056ba,79,1002,Deal 10324,lost,,,,,Course F - Short course,Offline,F06,Demo expectation,,,,,,,,,,Budget: Giá quá cao,,blog,organic,campaign_05,,,2025-09-11 00:18:40,2025-09-20 21:30:56,2025-09-20 21:30:56,false
10325,ee7385d8-6c75-a765-3a31-4e67b5982577,224,1003,Deal 10325,won,2500000,,,,Course F - Short course,Hybrid,,Demo expectation,,,,,,,,,,,,facebook,fanpage,campaign_09,,,2025-02-15 17:43:31,2025-03-18 12:07:59,2025-03-18 12:07:59,false
10326,3aecf60f-341f-e701-0633-c388757e1b17,224,1003,Deal 10326,won,4500000,,,,Course A - Foundation,Online,A10,Demo expectation,,,,,,,,,,,,facebook,cpc,campaign_11,,,2026-07-25 03:31:29,2026-08-13 15:28:00,2026-08-13 15:28:00,false
10327,bf9cd75c-0637-66dd-9729-0c024af53dfe,77,1004,Deal 10327,lost,,,,,Course B - Foundation,Offline,B04,Demo expectation,,,,,,,,,,Trash: Đăng ký trùng deal,,facebook,cpc,campaign_07,,,2025-05-20 19:12:32,2025-05-21 22:12:32,2025-05-21 22:12:32,false
10328,f58b8c61-2ba0-09ec-55c8-74415145c6f8,77,1002,Deal 10328,lost,,,,,Course F - Short course,Online,F06,Demo expectation,REFERRAL,,,,,,,,,Communication: Invalid Contact,,,,,,,2025-09-10 01:08:52,2025-09-14 08:08:52,2025-09-14 08:08:52,false
10329,e05bfdf3-a695-28e9-2e3e-ca904631c9fd,222,1002,Deal 10329,won,2250000.0,,,,Course F - Short course,Hybrid,F10,Demo expectation,,,,,,,,,,,,facebook,cpc,campaign_03,,,2026-06-12 18:35:50,2026-07-07 01:39:11,2026-07-07 01:39:11,false
10330,df2053a3-553a-0159-9cfe-e5c913c376ce,76,1008,Deal 10330,won,6375000.0,,,,Course C - Advanced,Online,C05,Demo expectation,,,,,,,,,,,,homepage,organic,campaign_12,,,2025-09-04 13:49:58,2025-09-26 05:52:52,2025-09-26 05:52:52,false
10331,b0db93f0-a0c1-5094-922e-590ae2f621b7,77,1002,Deal 10331,lost,,,,,Combo: Course A + Course C,Online,Course09,Demo expectation,,,,,,,,,,Trash: Không có nhu cầu,,,,,,,2026-03-24 19:21:19,2026-03-26 22:21:19,2026-03-26 22:21:19,false
10332,d28fcf68-c871-d7b3-8468-b74d85e3ade5,77,1001,Deal 10332,open,,,,,Course C - Advanced,Hybrid,C11,Demo expectation,EARLYBIRD,,,,,,,,,,,email,newsletter,campaign_07,,,2026-09-19 11:46:47,2026-09-19 11:46:47,,false
10333,656c0188-0d1d-5dbc-7500-56ea3657e50a,224,1003,Deal 10333,won,4500000,,,,Course A - Foundation,Online,,,,,,,,,,,,,,facebook,fanpage,campaign_07,,,2025-02-25 14:49:12,2025-03-15 13:07:41,2025-03-15 13:07:41,false
10334,6fa579d0-ee1f-18ac-b701-001e2412a2ab,78,1004,Deal 10334,lost,,,,,Course A - Foundation,Online,A06,,EARLYBIRD,,,,,,,,,Trash: Không có nhu cầu,,,,,,,2025-11-26 02:07:58,2025-12-11 04:48:52,2025-12-11 04:48:52,false
10335,50ea25b4-ddcb-ab13-07be-db4c84b9cc5a,77,1002,Deal 10335,lost,,,,,Course C - Advanced,Hybrid,C10,Demo expectation,,,,,,,,,,Communication: Not Connected: Không liên hệ được,,,,,,,2026-07-26 21:42:12,2026-07-27 04:42:12,2026-07-27 04:42:12,false
10336,ed1c4d70-36d2-5823-9b35-4089429e5882,78,1004,Deal 10336,lost,,,,,Course B - Foundation,Online,B12,,,,,,,,,,,Communication: Not Connected: Không liên hệ được,,google,cpc,campaign_01,,,2026-08-30 11:32:09,2026-09-02 13:28:45,2026-09-02 13:28:45,false
10337,f2bd509b-564d-36b6-01c7-ea8b267fc6ec,224,1002,Deal 10337,won,6750000.0,,,,Course C - Advanced,Offline,C09,,REFERRAL,,,,,,,,,,,homepage,organic,campaign_10,,,2026-05-07 03:08:38,2026-06-05 12:36:08,2026-06-05 12:36:08,false
10338,ab35f75a-a433-66c9-7d3d-6b721f3ec572,224,1003,Deal 10338,won,18000000,,,,Program G - Professional,Online,G03,Demo expectation,REFERRAL,,,,,,,,,,,email,newsletter,campaign_08,,,2025-04-14 11:21:24,2025-05-15 01:46:04,2025-05-15 01:46:04,false
10339,feb3a855-48e6-1273-4680-13786e607c2f,224,1003,Deal 10339,won,2250000.0,,,,Course F - Short course,Online,F09,,,,,,,,,,,,,,,,,,2026-04-17 17:10:54,2026-05-27 17:51:57,2026-05-27 17:51:57,false
10340,e97c0337-28f6-f012-2ba5-a631cb776246,77,1004,Deal 10340,lost,,,,,Course C - Advanced,Hybrid,C08,Demo expectation,,,,,,,,,,Communication: Invalid Contact,,facebook,cpc,campaign_07,,,2026-04-02 02:49:22,2026-04-03 03:49:22,2026-04-03 03:49:22,false
10341,9fa935b1-2e18-7603-4ad5-51ad9aba4c01,91,1004,Deal 10341,lost,,,,,Combo: Course A + Course C,Offline,Course10,,,,,,,,,,,Bad Timing: Không sắp xếp được thời gian học,,,,,,,2026-05-11 15:12:56,2026-06-10 22:02:18,2026-06-10 22:02:18,false
10342,c7fee39f-1190-f938-a66f-d7f739669fa7,224,1002,Deal 10342,won,15300000.0,,,,Program G - Professional,Hybrid,G07,,REFERRAL,,,,,,,,,,,email,newsletter,campaign_03,,,2025-12-26 04:42:41,2026-01-20 20:52:22,2026-01-20 20:52:22,false
10343,e6e987ca-b87b-6384-9fdd-de2ea8a2b7ad,78,1002,Deal 10343,lost,,,,,Course F - Short course,Offline,,Demo expectation,EARLYBIRD,,,,,,,,,Communication: Not Connected: Không liên hệ được,,facebook,cpc,campaign_12,,,2025-03-24 00:43:59,2025-04-02 05:13:39,2025-04-02 05:13:39,false
10344,ab640937-a52a-ea24-9248-9bee858fab60,91,1002,Deal 10344,lost,,,,,Course B - Foundation,Hybrid,B02,,,,,,,,,,,Bad Timing: Không sắp xếp được thời gian học,,facebook,cpc,campaign_11,,,2025-03-27 20:30:28,2025-04-21 22:20:53,2025-04-21 22:20:53,false
10345,fab6ad91-bacf-7cfc-9245-1cc41bfb3b3d,77,1002,Deal 10345,lost,,,,,Course C - Advanced,Online,C08,Demo expectation,,,,,,,,,,Trash: Không có nhu cầu,,facebook,cpc,campaign_07,,,2026-03-19 23:02:57,2026-03-22 01:02:57,2026-03-22 01:02:57,false
10346,df2ddf20-05a4-3113-101d-759e3066478c,77,1001,Deal 10346,lost,,,,,Course B - Foundation,Offline,B10,Demo expectation,,,,,,,,,,Communication: Invalid Contact,,google,cpc,campaign_06,,,2026-05-29 14:18:01,2026-06-03 18:18:01,2026-06-03 18:18:01,false
10347,71693ed5-9994-13cc-ff99-57a888adb388,222,1004,Deal 10347,won,2250000.0,,,,Course F - Short course,Offline,,,,,,,,,,,,,,blog,organic,campaign_07,,,2026-08-16 16:37:35,2026-09-16 03:22:02,2026-09-16 03:22:02,false
10348,cf95e764-af31-e92d-bbff-1e4b7236b469,77,1002,Deal 10348,lost,,,,,Course D - Advanced,Hybrid,D03,Demo expectation,,,,,,,,,,Communication: Not Connected: Không liên hệ được,,facebook,cpc,campaign_02,,,2025-05-27 23:55:59,2025-05-31 07:55:59,2025-05-31 07:55:59,false
10349,a7ff3051-ae8b-3239-311d-3751507409da,80,1001,Deal 10349,lost,,,,,Course E - Specialist,Offline,E05,Demo expectation,,,,,,,,,,Relevance: Use Case Misfit: Nhu cầu không đúng với sản phẩm,,,,,,,2025-08-21 00:13:11,2025-09-07 06:18:15,2025-09-07 06:18:15,false
10350,0c0d20d9-1e50-e261-df81-ee4a0961c221,77,1002,Deal 10350,lost,,,,,Course A - Foundation,Offline,A03,Demo expectation,REFERRAL,,,,,,,,,Communication: Invalid Contact,,facebook,cpc,campaign_11,,,2025-04-23 14:24:30,2025-04-26 17:24:30,2025-04-26 17:24:30,false
10351,c3c27248-3af6-527f-78bb-d25144ed3d94,78,1002,Deal 10351,lost,,,,,Course E - Specialist,Offline,E02,Demo expectation,,,,,,,,,,Sales Process: Sales không follow-up khách,,facebook,cpc,campaign_04,,,2025-03-03 00:17:08,2025-03-09 11:57:49,2025-03-09 11:57:49,false
10352,344e3c13-9fcf-a0dd-61be-dea323c409e8,77,1002,Deal 10352,lost,,,,,Course A - Foundation,Offline,,Demo expectation,,,,,,,,,,Communication: Not Connected: Không liên hệ được,,homepage,organic,campaign_03,,,2026-09-27 11:00:00,2026-09-27 12:00:00,2026-09-27 12:00:00,false
10353,646cd3c1-8c45-fc9e-0585-5672fdb651a6,77,1003,Deal 10353,open,,,,,Course D - Advanced,Online,D07,Demo expectation,,,,,,,,,,,,facebook,cpc,campaign_08,,,2025-12-16 11:39:07,2025-12-16 11:39:07,,false
10354,47e402c5-e05a-2a8a-c500-1e3ef59d2194,80,1004,Deal 10354,lost,,,,,Course F - Short course,Hybrid,F02,Demo expectation,REFERRAL,,,,,,,,,Budget: Not willing to pay,,facebook,cpc,campaign_03,,,2025-03-06 19:21:01,2025-03-16 16:15:46,2025-03-16 16:15:46,false
10355,f1efa963-2dfc-6b9c-794f-ebeff96277e5,224,1001,Deal 10355,won,2125000.0,,,,Course F - Short course,Online,F08,,,,,,,,,,,,,,,,,,2026-01-23 18:12:53,2026-02-08 23:50:36,2026-02-08 23:50:36,false
10356,98133da1-7d21-20ad-5f59-fb4d3defa7ba,77,1003,Deal 10356,lost,,,,,Course A - Foundation,Offline,A02,,EARLYBIRD,,,,,,,,,Trash: Đăng ký trùng deal,,facebook,cpc,campaign_08,,,2025-03-07 13:32:49,2025-03-12 18:32:49,2025-03-12 18:32:49,false
10357,f2bd509b-564d-36b6-01c7-ea8b267fc6ec,224,1002,Deal 10357,won,11000000,,,,Combo: Course A + Course C,Hybrid,Course10,,EARLYBIRD,,,,,,,,,,,,,,,,2026-05-03 00:38:01,2026-05-30 00:33:55,2026-05-30 00:33:55,false
10358,fc76627b-00cd-11a8-301c-8108a904babd,224,1003,Deal 10358,won,6375000.0,,,,Course C - Advanced,Hybrid,C02,Demo expectation,,,,,,,,,,,,blog,organic,campaign_04,,,2025-02-12 10:30:13,2025-02-20 18:48:41,2025-02-20 18:48:41,false
10359,26330c43-a92f-85fe-258f-cafcc1cfd878,78,1004,Deal 10359,lost,,,,,Course B - Foundation,Hybrid,B03,Demo expectation,REFERRAL,,,,,,,,,Trash: Không có nhu cầu,,homepage,organic,campaign_04,,,2025-04-23 01:18:34,2025-04-26 19:19:39,2025-04-26 19:19:39,false
10360,bd5a19be-049a-f501-2c01-b5a6c9dd80a8,216,1003,Deal 10360,open,,,,,Course F - Short course,Hybrid,F08,Demo expectation,,,,,,,,,,,,,,,,,2026-01-11 21:42:30,2026-01-11 21:42:30,,false
10361,aec5509c-9226-15b2-99cd-0df3a873abc8,77,1003,Deal 10361,lost,,,,,Course D - Advanced,Hybrid,D09,,,,,,,,,,,Trash: Đăng ký trùng deal,,,,,,,2026-05-28 10:44:21,2026-06-01 18:44:21,2026-06-01 18:44:21,false
10362,ddfce905-b56c-8e75-9956-614cbd67f6a9,91,1003,Deal 10362,lost,,,,,Course F - Short course,Offline,F05,Demo expectation,EARLYBIRD,,,,,,,,,Bad Timing: Không sắp xếp được thời gian học,,,,,,,2025-08-18 01:45:03,2025-09-18 01:12:28,2025-09-18 01:12:28,false
10363,2101f87d-0a45-6ebb-cc6c-b94ec2255913,77,1002,Deal 10363,open,,,,,Course B - Foundation,Online,B02,Demo expectation,,,,,,,,,,,,google,cpc,campaign_03,,,2025-02-04 23:52:34,2025-02-04 23:52:34,,false
10364,6761f64e-b79e-e140-1844-1abdbe41635f,79,1003,Deal 10364,lost,,,,,Course D - Advanced,Online,D03,,,,,,,,,,,Bad Timing: Không sắp xếp được thời gian học,,facebook,cpc,campaign_04,,,2025-04-12 08:20:49,2025-04-26 21:11:11,2025-04-26 21:11:11,false
10365,3614cf93-9d6c-97f9-8844-89558f41cb36,224,1002,Deal 10365,won,6750000.0,,,,Course C - Advanced,Hybrid,,Demo expectation,,,,,,,,,,,,inbox,inbox,campaign_01,,,2025-03-09 07:17:04,2025-04-01 21:06:27,2025-04-01 21:06:27,false
10366,7d70c952-267f-59bc-3365-4e7661f73d23,76,1007,Deal 10366,won,9500000,,,,Course E - Specialist,Offline,E10,,REFERRAL,,,,,,,,,,,facebook,cpc,campaign_08,,,2026-05-07 04:28:05,2026-05-17 07:49:20,2026-05-17 07:49:20,false
10367,2777a40b-cff7-16ad-b85f-20e5ab1aa0c5,79,1001,Deal 10367,lost,,,,,Program G - Professional,Hybrid,G09,,EARLYBIRD,,,,,,,,,Communication: Ghosted After Demo/Call,,,,,,,2026-03-28 20:31:49,2026-04-03 15:56:19,2026-04-03 15:56:19,false
10368,70972046-fa7c-f893-24f2-95fce4d24857,78,1003,Deal 10368,lost,,,,,Combo: Course A + Course C,Offline,Course06,Demo expectation,EARLYBIRD,,,,,,,,,Sales Process: Sales không follow-up khách,,facebook,cpc,campaign_02,,,2025-10-01 06:30:54,2025-10-05 23:45:56,2025-10-05 23:45:56,false
10369,2101f87d-0a45-6ebb-cc6c-b94ec2255913,79,1002,Deal 10369,open,,,,,Course C - Advanced,Online,C02,Demo expectation,,,,,,,,,,,,facebook,cpc,campaign_10,,,2025-02-04 22:35:34,2025-03-09 06:25:17,,false
10370,4167a8cc-c0c8-8368-81ad-bb3b6138ecb0,224,1003,Deal 10370,won,6375000.0,,,,Course C - Advanced,Hybrid,,,,,,,,,,,,,,,,,,,2025-01-26 01:18:11,2025-02-18 18:26:38,2025-02-18 18:26:38,false
10371,c79e0484-aca1-c130-364b-979ff26692f6,224,1001,Deal 10371,won,5000000,,,,Course B - Foundation,Online,B06,,EARLYBIRD,,,,,,,,,,,google,cpc,campaign_10,,,2025-09-29 04:08:01,2025-10-21 05:11:00,2025-10-21 05:11:00,false
10372,268c3b15-139c-4fd6-c49a-cd85e9066120,77,1004,Deal 10372,lost,,,,,Course D - Advanced,Hybrid,D06,,,,,,,,,,,Communication: Invalid Contact,,facebook,cpc,campaign_10,,,2025-10-29 05:25:36,2025-11-02 11:25:36,2025-11-02 11:25:36,false
10373,ca5fccf2-9726-6a28-dd7d-8ff7732f4bd7,77,1004,Deal 10373,lost,,,,,Program G - Professional,Offline,G06,,REFERRAL,,,,,,,,,Trash: Đăng ký trùng deal,,homepage,organic,campaign_04,,,2025-11-13 23:46:29,2025-11-19 01:46:29,2025-11-19 01:46:29,false
10374,07aa240c-5762-0a6f-6f24-564d9c296b78,224,1003,Deal 10374,won,4050000.0,,,,Course A - Foundation,Hybrid,A10,Demo expectation,EARLYBIRD,,,,,,,,,,,google,cpc,campaign_01,,,2026-08-01 00:13:45,2026-08-16 01:43:12,2026-08-16 01:43:12,false
10375,b73c62ab-fe4c-efed-6f55-2c9e1b000f9f,224,1003,Deal 10375,won,11000000,,,,Combo: Course A + Course C,Offline,Course11,Demo expectation,REFERRAL,,,,,,,,,,,facebook,fanpage,campaign_07,,,2026-07-27 22:15:25,2026-09-05 10:02:12,2026-09-05 10:02:12,false
10376,846c454c-5170-a2ef-e777-c6646732ceca,78,1003,Deal 10376,lost,,,,,Program G - Professional,Online,G09,Demo expectation,,,,,,,,,,Trash: Không có nhu cầu,,facebook,cpc,campaign_11,,,2026-03-18 02:06:46,2026-03-20 12:48:05,2026-03-20 12:48:05,false
10377,3bb979b9-3f8c-c66b-4423-fcd5922e3abc,77,1003,Deal 10377,open,,lead cks,,,Course E - Specialist,Online,E11,Demo expectation,,,,,,,,,,,,facebook,cpc,campaign_10,,,2026-08-06 08:47:33,2026-08-06 08:47:33,,false
10378,248a188f-92cb-5e1f-9702-fe56eef9c4ab,77,1002,Deal 10378,lost,,,,,Course F - Short course,Hybrid,,Demo expectation,REFERRAL,,,,,,,,,Communication: Not Connected: Không liên hệ được,,facebook,cpc,campaign_06,,,2025-03-07 12:26:45,2025-03-11 17:26:45,2025-03-11 17:26:45,false
10379,2edff02e-7531-8081-b4ef-fa296b1205aa,92,1001,Deal 10379,lost,,,,,Course B - Foundation,Hybrid,,Demo expectation,EARLYBIRD,,,,,,,,,Budget: Giá quá cao,,facebook,cpc,campaign_04,,,2025-06-20 05:09:51,2025-07-16 17:27:01,2025-07-16 17:27:01,false
10380,384852b6-57f4-98e0-c2a5-9d7b2bd3d971,76,1008,Deal 10380,won,2500000,,,,Course F - Short course,Offline,F08,Demo expectation,REFERRAL,,,,,,,,,,,,,,,,2026-01-06 02:09:29,2026-02-06 13:31:55,2026-02-06 13:31:55,false
10381,546ab1da-b588-d72d-c98b-f146af05977a,222,1001,Deal 10381,won,6375000.0,,,,Course C - Advanced,Offline,C11,,EARLYBIRD,,,,,,,,,,,,,,,,2026-09-06 10:29:14,2026-09-27 12:00:00,2026-09-27 12:00:00,false
10382,8f5d0e9f-c586-e43c-fe13-d91c183e5726,79,1001,Deal 10382,lost,,,,,Course D - Advanced,Hybrid,D05,,EARLYBIRD,,,,,,,,,Bad Timing: Không sắp xếp được thời gian học,,facebook,cpc,campaign_10,,,2025-08-01 08:06:20,2025-08-15 20:33:01,2025-08-15 20:33:01,false
10383,066803ee-78b2-b549-3bdb-c09eacc216a0,80,1002,Deal 10383,lost,,,,,Course B - Foundation,Hybrid,B08,,,,,,,,,,,Relevance: Not ICP fit,,facebook,fanpage,campaign_02,,,2026-02-12 10:56:04,2026-02-24 14:10:33,2026-02-24 14:10:33,false
10384,8be15610-b234-8948-e4f2-ae4cf016716b,76,1006,Deal 10384,won,6375000.0,,,,Course C - Advanced,Online,C09,Demo expectation,,,,,,,,,,,,facebook,cpc,campaign_01,,,2026-05-10 12:33:39,2026-05-20 01:39:06,2026-05-20 01:39:06,false
10385,8e8a474d-e3d4-3569-b064-b420f101362e,73,1007,Deal 10385,lost,,,,,Course B - Foundation,Offline,B02,,,,,,,,,,,Budget: Giá quá cao,,,,,,,2025-01-31 21:02:55,2025-02-03 14:01:39,2025-02-03 14:01:39,false
10386,21136ce0-39ba-7d2f-5aa2-49bfc827e447,224,1004,Deal 10386,won,11000000,,,,Combo: Course A + Course C,Offline,Course05,,,,,,,,,,,,,facebook,cpc,campaign_09,,,2025-08-24 07:33:26,2025-10-09 02:25:31,2025-10-09 02:25:31,false
10387,6d7168e9-705a-501c-1131-0c8bcd35637c,224,1002,Deal 10387,won,18000000,,,,Program G - Professional,Offline,G11,,REFERRAL,,,,,,,,,,,google,cpc,campaign_05,,,2026-07-07 05:03:35,2026-08-30 04:35:28,2026-08-30 04:35:28,false
10388,3312de73-c485-63a3-aeee-230223a10fdd,77,1003,Deal 10388,lost,,,,,Course D - Advanced,Hybrid,D08,,EARLYBIRD,,,,,,,,,Trash: Không có nhu cầu,,google,cpc,campaign_12,,,2026-02-25 05:39:26,2026-02-28 10:39:26,2026-02-28 10:39:26,false
10389,735bea93-923a-d413-0778-9daee4787edc,224,1004,Deal 10389,won,9900000.0,,,,Combo: Course A + Course C,Hybrid,Course07,Demo expectation,,,,,,,,,,,,google,cpc,campaign_12,,,2025-12-20 20:20:12,2026-01-11 14:40:27,2026-01-11 14:40:27,false
10390,863ecbe2-a8d9-9292-4a85-e4433ba878d9,77,1003,Deal 10390,lost,,,,,Combo: Course A + Course C,Hybrid,Course06,Demo expectation,,,,,,,,,,Communication: Invalid Contact,,google,cpc,campaign_11,,,2025-11-11 19:13:45,2025-11-13 23:13:45,2025-11-13 23:13:45,false
10391,13106665-aec2-bb19-fbc3-98d82d6bc882,80,1004,Deal 10391,lost,,,,,Course D - Advanced,Hybrid,D09,,,,,,,,,,,Relevance: Not ICP fit,,,,,,,2026-04-16 01:32:38,2026-05-02 15:09:32,2026-05-02 15:09:32,false
10392,a8221fae-0ca0-9c81-8f98-1207650e7547,80,1002,Deal 10392,lost,,,,,Course C - Advanced,Online,C09,Demo expectation,,,,,,,,,,Relevance: Not ICP fit,,facebook,fanpage,campaign_05,,,2026-05-14 12:01:15,2026-05-31 17:13:21,2026-05-31 17:13:21,false
10393,19048ca7-9291-e493-528a-34f363eac0a1,78,1004,Deal 10393,lost,,,,,Course A - Foundation,Online,A06,,REFERRAL,,,,,,,,,Trash: Không có nhu cầu,,facebook,cpc,campaign_12,,,2025-11-18 00:55:05,2025-11-20 21:05:35,2025-11-20 21:05:35,false
10394,b7b1dcab-2dde-e2cf-a5c8-eb3749e0767a,224,1003,Deal 10394,won,7500000,,,,Course C - Advanced,Online,C01,Demo expectation,EARLYBIRD,,,,,,,,,,,facebook,cpc,campaign_01,,,2025-01-20 02:28:11,2025-02-13 13:20:49,2025-02-13 13:20:49,false
10395,331bd602-9dd0-ce04-0485-742a6d22313c,80,1002,Deal 10395,lost,,,,,Course F - Short course,Offline,F03,Demo expectation,,,,,,,,,,Budget: Not willing to pay,,homepage,organic,campaign_08,,,2025-04-30 20:38:49,2025-05-26 05:24:41,2025-05-26 05:24:41,false
10396,23ea7956-49f1-137d-7d59-2e192ab7b2ef,76,1005,Deal 10396,won,4500000.0,,,,Course B - Foundation,Online,,,,,,,,,,,,,,facebook,cpc,campaign_12,,,2026-06-27 01:28:07,2026-07-13 13:50:24,2026-07-13 13:50:24,false
10397,8be15610-b234-8948-e4f2-ae4cf016716b,224,1002,Deal 10397,won,9900000.0,,,,Combo: Course A + Course C,Hybrid,Course10,,REFERRAL,,,,,,,,,,,zalo,oa,campaign_09,,,2026-05-04 23:23:28,2026-06-01 14:37:45,2026-06-01 14:37:45,false
10398,289ef665-c415-dec4-5230-fce98f24cf47,78,1002,Deal 10398,lost,,,,,Course E - Specialist,Hybrid,E02,,,,,,,,,,,Sales Process: Sales không follow-up khách,,facebook,fanpage,campaign_11,,,2025-02-01 02:04:17,2025-02-14 08:09:39,2025-02-14 08:09:39,false
10399,3d67d2df-5c31-b745-1e45-f86ecfde0fd1,224,1001,Deal 10399,won,4250000.0,,,,Course B - Foundation,Online,B08,Demo expectation,,,,,,,,,,,,google,cpc,campaign_10,,,2026-02-08 15:07:02,2026-03-21 16:09:26,2026-03-21 16:09:26,false
10400,9288cbf5-a6bd-63a4-a7f3-cf5c981813c7,224,1003,Deal 10400,won,7500000,,,,Course C - Advanced,Hybrid,C11,Demo expectation,EARLYBIRD,,,,,,,,,,,,,,,,2026-09-01 07:38:56,2026-09-11 03:10:23,2026-09-11 03:10:23,false
10401,8af6d268-1bd0-7f9b-7861-2769242e4cff,222,1001,Deal 10401,won,4500000,,,,Course A - Foundation,Offline,A04,,,,,,,,,,,,,,,,,,2025-08-02 23:40:12,2025-08-18 21:08:55,2025-08-18 21:08:55,false
10402,177d8b26-2024-c407-3447-c34af032c262,80,1003,Deal 10402,lost,,,,,Course A - Foundation,Offline,,Demo expectation,REFERRAL,,,,,,,,,Choose Competitor: Đã đi học bên khác,,,,,,,2025-08-18 02:26:41,2025-08-22 09:14:19,2025-08-22 09:14:19,false
10403,df2ddf20-05a4-3113-101d-759e3066478c,224,1002,Deal 10403,won,3825000.0,,,,Course A - Foundation,Offline,A09,,EARLYBIRD,,,,,,,,,,,facebook,fanpage,campaign_06,,,2026-05-24 21:42:01,2026-06-27 01:49:34,2026-06-27 01:49:34,false
10404,f810be73-c77a-0940-b1cc-3f7c61c7041e,91,1003,Deal 10404,lost,,,,,Course D - Advanced,Hybrid,,Demo expectation,,,,,,,,,,Bad Timing: No Immediate Priority,,facebook,cpc,campaign_06,,,2025-02-04 16:08:04,2025-02-16 17:21:14,2025-02-16 17:21:14,false
10405,0c760d28-df49-5037-b40a-9181ac09bdb7,77,1004,Deal 10405,lost,,,,,Course F - Short course,Hybrid,F02,,EARLYBIRD,,,,,,,,,Trash: Không có nhu cầu,,facebook,cpc,campaign_12,,,2025-02-15 15:17:29,2025-02-19 18:17:29,2025-02-19 18:17:29,false
10406,1ba651ed-3146-74a6-967a-efbb5404801d,91,1003,Deal 10406,open,,,,,Combo: Course A + Course C,Online,Course12,Demo expectation,REFERRAL,,,,,,,,,,,facebook,cpc,campaign_07,,,2026-09-16 22:27:06,2026-09-27 06:28:29,,false
10407,dca21033-16ec-34b5-cf6a-d43f09536c4a,78,1002,Deal 10407,open,,,,,Course A - Foundation,Hybrid,A11,,,,,,,,,,,,,facebook,fanpage,campaign_02,,,2026-09-22 19:10:39,2026-09-27 11:00:00,,false
10408,4279c1cc-67b8-0414-67b8-0731fe39fe8d,72,1007,Deal 10408,lost,,,,,Course D - Advanced,Offline,D07,Demo expectation,REFERRAL,,,,,,,,,Bad Timing: No Immediate Priority,,facebook,cpc,campaign_01,,,2025-11-07 07:07:33,2025-11-11 14:07:33,2025-11-11 14:07:33,false
10409,344e3c13-9fcf-a0dd-61be-dea323c409e8,79,1004,Deal 10409,lost,,,,,Course E - Specialist,Hybrid,E12,,REFERRAL,,,,,,,,,Communication: No Response,,,,,,,2026-09-26 20:45:12,2026-09-27 12:00:00,2026-09-27 12:00:00,false
10410,1ef10ccd-9b6f-01a3-b8bb-cc542fc068d2,225,1004,Deal 10410,open,,,,,Course D - Advanced,Hybrid,D02,,,,,,,,,,,,,,,,,,2025-02-07 16:54:21,2025-02-07 16:54:21,,false
10411,efc59738-2fb2-1e66-7ed1-7aabc9b7c9bc,79,1002,Deal 10411,lost,,,,,Course A - Foundation,Hybrid,,,,,,,,,,,,Communication: No Response,,facebook,cpc,campaign_09,,,2025-04-04 11:20:30,2025-04-12 07:25:50,2025-04-12 07:25:50,false
10412,f17f3f92-d26a-a790-c582-8939058e389e,217,1003,Deal 10412,lost,,,,,Course D - Advanced,Offline,,,,,,,,,,,,Communication: No Response,,google,cpc,campaign_02,,,2026-04-14 18:20:48,2026-04-20 13:14:12,2026-04-20 13:14:12,false
10413,ab8e77a1-28e6-0130-2d23-8ed17f5d21f2,224,1002,Deal 10413,won,2500000,,,,Course F - Short course,Offline,F08,Demo expectation,EARLYBIRD,,,,,,,,,,,facebook,fanpage,campaign_11,,,2026-01-12 02:23:25,2026-02-02 16:08:18,2026-02-02 16:08:18,false
10414,38858f7e-2f1a-25a8-2934-4e152477f047,224,1003,Deal 10414,won,4500000,,,,Course A - Foundation,Hybrid,A01,,,,,,,,,,,,,,,,,,2025-01-08 19:23:26,2025-02-16 05:35:35,2025-02-16 05:35:35,false
10415,5fee2bc9-3df4-6bd2-bf6c-9c59704a4a29,78,1001,Deal 10415,open,,,,,Course A - Foundation,Online,A02,,,,,,,,,,,,,facebook,cpc,campaign_04,,,2025-04-01 10:10:46,2025-04-06 06:40:26,,false
10416,08697ffa-0936-0f02-75ac-0819714b5c03,78,1004,Deal 10416,lost,,,,,Program G - Professional,Hybrid,G11,Demo expectation,,,,,,,,,,Trash: Không có nhu cầu,,facebook,cpc,campaign_03,,,2026-06-18 16:31:14,2026-06-30 15:57:43,2026-06-30 15:57:43,false
10417,85664da4-8422-edc7-00dc-1d6c013c7d7c,224,1002,Deal 10417,won,9900000.0,,,,Combo: Course A + Course C,Offline,Course02,,,,,,,,,,,,,facebook,fanpage,campaign_03,,,2025-03-08 11:43:44,2025-03-25 01:04:40,2025-03-25 01:04:40,false
10418,2c7350ca-ec85-cb81-9f02-e5f4061b4492,224,1002,Deal 10418,won,3825000.0,,,,Course A - Foundation,Hybrid,A03,Demo expectation,EARLYBIRD,,,,,,,,,,,facebook,cpc,campaign_01,,,2025-04-15 06:20:41,2025-05-23 14:48:02,2025-05-23 14:48:02,false
10419,6e919cf9-c40d-c418-fbe6-cd4138ffecca,91,1002,Deal 10419,lost,,,,,Course E - Specialist,Online,,Demo expectation,EARLYBIRD,,,,,,,,,Bad Timing: No Immediate Priority,,email,newsletter,campaign_01,,,2026-02-10 21:35:04,2026-03-14 17:58:50,2026-03-14 17:58:50,false
10420,ae973869-2ea1-51aa-bcf7-bbc28e38440e,224,1002,Deal 10420,won,4250000.0,,,,Course B - Foundation,Online,B03,Demo expectation,,,,,,,,,,,,email,newsletter,campaign_02,,,2025-04-30 02:30:57,2025-05-25 14:01:02,2025-05-25 14:01:02,false
10421,d05247cc-808d-21ad-2b36-e4fa6556cadf,224,1004,Deal 10421,won,4500000,,,,Course A - Foundation,Online,A08,Demo expectation,REFERRAL,,,,,,,,,,,homepage,organic,campaign_10,,,2026-04-05 08:11:46,2026-05-18 12:25:31,2026-05-18 12:25:31,false
10422,7ee6990b-932d-6b2f-cfc0-426b843efe2f,78,1001,Deal 10422,lost,,,,,Course B - Foundation,Offline,B02,Demo expectation,,,,,,,,,,Trash: Không có nhu cầu,,facebook,fanpage,campaign_02,,,2025-03-17 04:04:30,2025-03-27 19:20:12,2025-03-27 19:20:12,false
10423,a3ef973c-e096-2a42-8bb2-d4e3814316e8,91,1004,Deal 10423,lost,,,,,Course C - Advanced,Online,C05,,,,,,,,,,,Bad Timing: Không sắp xếp được thời gian học,,email,newsletter,campaign_02,,,2025-09-30 12:15:40,2025-11-10 08:25:56,2025-11-10 08:25:56,false
10424,0e197c86-2717-6819-575b-b6ff44539a53,222,1004,Deal 10424,won,2500000,,,,Course F - Short course,Offline,F07,,EARLYBIRD,,,,,,,,,,,,,,,,2025-11-07 18:39:06,2025-12-10 00:44:04,2025-12-10 00:44:04,false
10425,a13a2a59-bf3a-ebc4-ebfa-be59cd2ad4f5,224,1004,Deal 10425,won,5000000,,,,Course B - Foundation,Hybrid,B07,,EARLYBIRD,,,,,,,,,,,inbox,inbox,campaign_08,,,2025-12-07 01:21:37,2025-12-31 08:00:15,2025-12-31 08:00:15,false
10426,a8d6fd03-8ff7-f0ad-9b6b-c8bd507c0388,77,1004,Deal 10426,open,,,,,Course E - Specialist,Offline,E10,,EARLYBIRD,,,,,,,,,,,facebook,cpc,campaign_12,,,2026-07-04 20:30:20,2026-07-04 20:30:20,,false
10427,51634a91-b993-b65f-35de-d447c4bfa424,222,1004,Deal 10427,won,7200000.0,,,,Course D - Advanced,Offline,D05,,REFERRAL,,,,,,,,,,,google,cpc,campaign_01,,,2025-09-15 04:27:29,2025-10-01 21:06:57,2025-10-01 21:06:57,false
10428,0a707ba8-df9a-09f5-7643-5b4e1508faec,78,1004,Deal 10428,open,,,,,Course B - Foundation,Hybrid,B06,,,,,,,,,,,,,google,cpc,campaign_05,,,2025-11-25 14:23:52,2025-12-11 04:51:04,,false
10429,6b9c7d7c-8b71-3ce4-a614-5f1b79a3b6a8,79,1004,Deal 10429,open,,,,,Course B - Foundation,Online,B12,Demo expectation,,,,,,,,,,,,,,,,,2026-09-14 02:58:45,2026-09-27 11:00:00,,false
10430,6f34f064-6f97-ebe0-6568-49f902fdadd4,77,1004,Deal 10430,lost,,,,,Course B - Foundation,Hybrid,B08,Demo expectation,REFERRAL,,,,,,,,,Trash: Không có nhu cầu,,zalo,oa,campaign_09,,,2026-01-27 17:50:57,2026-01-31 21:50:57,2026-01-31 21:50:57,false
10431,3f58ee69-3325-da60-74a4-01316a6d7c9d,80,1002,Deal 10431,lost,,,,,Course D - Advanced,Offline,D07,Demo expectation,,,,,,,,,,Choose Competitor: Đã đi học bên khác,,email,newsletter,campaign_10,,,2025-11-14 19:33:04,2025-11-25 07:41:46,2025-11-25 07:41:46,false
10432,ea53a09d-5f2a-cb16-8384-907b3d117149,224,1003,Deal 10432,won,9350000.0,,,,Combo: Course A + Course C,Hybrid,,,REFERRAL,,,,,,,,,,,blog,organic,campaign_04,,,2025-10-10 22:30:52,2025-12-02 00:23:34,2025-12-02 00:23:34,false
10433,b24841dd-619c-4496-6856-c822ce0ed735,77,1003,Deal 10433,lost,,,,,Course A - Foundation,Hybrid,A04,Demo expectation,,,,,,,,,,Communication: Invalid Contact,,google,cpc,campaign_02,,,2025-07-15 06:46:58,2025-07-16 11:46:58,2025-07-16 11:46:58,false
10434,e4d43692-5bfa-2c97-4c4c-2c7db08122b0,224,1001,Deal 10434,won,5000000,,,,Course B - Foundation,Offline,B08,Demo expectation,,,,,,,,,,,,,,,,,2026-01-31 17:36:54,2026-02-26 16:05:51,2026-02-26 16:05:51,false
10435,6ed5855d-2d1c-a2b3-e571-5f31bd37414a,78,1004,Deal 10435,lost,,,,,Course F - Short course,Hybrid,F03,,,,,,,,,,,Trash: Không có nhu cầu,,homepage,organic,campaign_08,,,2025-05-09 09:53:21,2025-05-15 13:08:16,2025-05-15 13:08:16,false
10436,d403fd02-5a2a-83bd-5a0a-e917690f1c3c,77,1004,Deal 10436,lost,,,,,Course B - Foundation,Offline,B11,,,,,,,,,,,Trash: Đăng ký trùng deal,,facebook,cpc,campaign_07,,,2026-08-15 19:58:56,2026-08-16 23:58:56,2026-08-16 23:58:56,false
10437,dc2c57b7-f655-5f0f-feba-4f18ca092da3,77,1004,Deal 10437,lost,,,,,Course E - Specialist,Online,E03,Demo expectation,EARLYBIRD,,,,,,,,,Trash: Đăng ký trùng deal,,facebook,cpc,campaign_08,,,2025-04-01 04:34:18,2025-04-05 11:34:18,2025-04-05 11:34:18,false
10438,7bf47042-bd15-31c8-3764-fbda3108d448,77,1004,Deal 10438,lost,,,,,Course E - Specialist,Offline,,,,,,,,,,,,Trash: Không có nhu cầu,,,,,,,2026-07-17 04:48:45,2026-07-19 08:48:45,2026-07-19 08:48:45,false
10439,97f31baf-01fe-1d86-e545-fcc626fa466b,77,1003,Deal 10439,lost,,,,,Course F - Short course,Online,F08,,REFERRAL,,,,,,,,,Trash: Đăng ký trùng deal,,,,,,,2026-02-25 06:26:28,2026-03-01 12:26:28,2026-03-01 12:26:28,false
10440,8646f5c1-ea89-cc6d-4a3c-2fe29d347254,224,1003,Deal 10440,won,8000000,,,,Course D - Advanced,Online,,Demo expectation,EARLYBIRD,,,,,,,,,,,facebook,cpc,campaign_06,,,2025-12-31 02:45:14,2026-01-25 12:22:57,2026-01-25 12:22:57,false
10441,d48f842b-e2d8-8847-6d34-cd77a59040c7,80,1003,Deal 10441,lost,,,,,Course C - Advanced,Online,C05,,EARLYBIRD,,,,,,,,,Budget: Not willing to pay,,,,,,,2025-09-27 07:33:23,2025-10-02 20:42:46,2025-10-02 20:42:46,false
10442,e47d85ce-306b-ba50-2d4a-ad08687e93fb,78,1004,Deal 10442,open,,,,,Course B - Foundation,Hybrid,B12,Demo expectation,EARLYBIRD,,,,,,,,,,,facebook,fanpage,campaign_06,,,2026-09-15 10:20:10,2026-09-21 15:17:17,,false
10443,7c2cfbcf-0770-d18f-c916-01472875ad5d,78,1002,Deal 10443,lost,,,,,Combo: Course A + Course C,Hybrid,Course02,,REFERRAL,,,,,,,,,Sales Process: Sales không follow-up khách,,facebook,fanpage,campaign_08,,,2025-02-27 06:05:26,2025-03-20 15:23:17,2025-03-20 15:23:17,false
10444,e78579d2-ab1e-5fcf-3abe-bcc1d115a0ca,77,1003,Deal 10444,open,,,,,Course D - Advanced,Hybrid,,,,,,,,,,,,,,facebook,cpc,campaign_01,,,2026-09-25 09:16:35,2026-09-25 09:16:35,,false
10445,35145890-84c8-6c46-2359-5fa4b4adaf89,224,1004,Deal 10445,won,11000000,,,,Combo: Course A + Course C,Offline,Course05,Demo expectation,REFERRAL,,,,,,,,,,,,,,,,2025-09-07 00:41:17,2025-09-29 09:01:00,2025-09-29 09:01:00,false
10446,6b2b0c27-1eec-0480-2ab1-803803f89c7b,78,1003,Deal 10446,lost,,,,,Course E - Specialist,Hybrid,E06,Demo expectation,,,,,,,,,,Sales Process: Sales không follow-up khách,,facebook,cpc,campaign_12,,,2025-10-28 22:59:15,2025-11-01 17:10:16,2025-11-01 17:10:16,false
10447,914f23b4-630f-6963-cc66-7991824865e6,224,1004,Deal 10447,won,2250000.0,,,,Course F - Short course,Offline,F03,,,,,,,,,,,,,facebook,cpc,campaign_07,,,2025-05-03 14:24:03,2025-06-07 23:27:55,2025-06-07 23:27:55,false
10448,1e0ec4e9-7d13-828c-d86f-b192a8b3a2d9,79,1003,Deal 10448,lost,,,,,Course E - Specialist,Offline,E08,,,,,,,,,,,Communication: Ghosted After Demo/Call,,facebook,cpc,campaign_05,,,2026-03-08 09:49:40,2026-03-15 19:53:48,2026-03-15 19:53:48,false
10449,0b8ce21f-9728-9c5e-0734-a4030fb97b5d,224,1004,Deal 10449,won,4050000.0,,,,Course A - Foundation,Online,A09,Demo expectation,,,,,,,,,,,,google,cpc,campaign_06,,,2026-06-10 19:50:31,2026-07-04 04:52:33,2026-07-04 04:52:33,false
10450,67c73503-dc04-9aec-5bf4-88bcb6835a9d,80,1003,Deal 10450,lost,,,,,Course E - Specialist,Offline,,Demo expectation,EARLYBIRD,,,,,,,,,Choose Competitor: Đã đi học bên khác,,facebook,cpc,campaign_02,,,2025-10-24 23:36:33,2025-11-06 21:15:09,2025-11-06 21:15:09,false
10451,dd5326f9-9a8a-506f-dd68-01739a5f9835,77,1003,Deal 10451,lost,,,,,Course B - Foundation,Online,B07,,EARLYBIRD,,,,,,,,,Communication: Not Connected: Không liên hệ được,,email,newsletter,campaign_11,,,2025-12-09 18:26:26,2025-12-12 22:26:26,2025-12-12 22:26:26,false
10452,cfc3845b-1464-cda8-dbf7-fa26e9b89caf,78,1001,Deal 10452,lost,,,,,Course B - Foundation,Offline,B03,,,,,,,,,,,Communication: Not Connected: Không liên hệ được,,,,,,,2025-05-16 20:39:07,2025-05-24 12:29:15,2025-05-24 12:29:15,false
10453,86043d41-31e7-ca38-e280-65d7bc496467,76,1008,Deal 10453,won,18000000,,,,Program G - Professional,Offline,,,,,,,,,,,,,,inbox,inbox,campaign_01,,,2025-06-01 17:15:38,2025-06-25 20:49:33,2025-06-25 20:49:33,false
10454,9ef63a80-179f-1235-df2e-f2803b5844f5,91,1001,Deal 10454,lost,,,,,Course C - Advanced,Online,,Demo expectation,REFERRAL,,,,,,,,,Bad Timing: No Immediate Priority,,google,cpc,campaign_08,,,2025-10-12 09:35:53,2025-11-12 15:28:19,2025-11-12 15:28:19,false
10455,98b98619-0ae5-3849-f804-ab4dfe0df098,224,1002,Deal 10455,won,2500000,,,,Course F - Short course,Hybrid,,Demo expectation,,,,,,,,,,,,,,,,,2025-09-30 17:34:29,2025-10-29 07:25:59,2025-10-29 07:25:59,false
10456,0abdbcd1-782c-cfec-9e5d-78a1c5bdb495,79,1001,Deal 10456,lost,,,,,Course E - Specialist,Offline,E05,Demo expectation,EARLYBIRD,,,,,,,,,Communication: Ghosted After Demo/Call,,email,newsletter,campaign_11,,,2025-08-21 05:37:47,2025-08-23 01:56:47,2025-08-23 01:56:47,false
10457,b142de87-d109-ffe5-13c3-fc1bd77a80b8,222,1003,Deal 10457,won,16200000.0,,,,Program G - Professional,Offline,G03,,EARLYBIRD,,,,,,,,,,,,,,,,2025-04-17 11:15:12,2025-05-07 14:17:53,2025-05-07 14:17:53,false
10458,7c0e8cd8-8573-e793-c715-b2b9c40c5d91,91,1002,Deal 10458,lost,,,,,Course E - Specialist,Offline,E10,Demo expectation,,,,,,,,,,Bad Timing: No Immediate Priority,,email,newsletter,campaign_04,,,2026-06-02 16:27:43,2026-06-20 16:50:06,2026-06-20 16:50:06,false
10459,8bea6f03-e645-3b43-d07e-22a18906a4e2,76,1007,Deal 10459,won,4500000,,,,Course A - Foundation,Hybrid,A07,Demo expectation,,,,,,,,,,,,facebook,cpc,campaign_06,,,2026-03-08 12:04:34,2026-03-17 07:07:36,2026-03-17 07:07:36,false
10460,f33c4c36-9a69-0cad-aaab-583079cfc04f,216,1004,Deal 10460,open,,,,,Course D - Advanced,Online,D11,,,,,,,,,,,,,facebook,cpc,campaign_12,,,2026-09-04 18:25:02,2026-09-04 18:25:02,,false
10461,c080aba4-9e07-809d-1888-54db66d4b394,225,1003,Deal 10461,open,,,,,Course B - Foundation,Online,B03,,EARLYBIRD,,,,,,,,,,,email,newsletter,campaign_11,,,2025-05-10 13:19:12,2025-05-10 13:19:12,,false
10462,0609ac3b-386b-8594-10e2-a69d80de1dbe,224,1001,Deal 10462,won,5000000,,Cựu học viên,,Course B - Foundation,Hybrid,B11,Demo expectation,EARLYBIRD,,,,,,,,,,,,,,,,2026-07-04 20:23:01,2026-07-27 19:03:07,2026-07-27 19:03:07,false
10463,e893c71a-af24-aea1-2889-5932bb2d621d,79,1001,Deal 10463,lost,,,,,Course D - Advanced,Offline,,Demo expectation,REFERRAL,,,,,,,,,Communication: Ghosted After Demo/Call,,,,,,,2025-03-05 04:00:42,2025-04-08 06:05:32,2025-04-08 06:05:32,false
10464,f66c7331-a172-2ee3-c3e1-847c8420e0d8,222,1001,Deal 10464,won,4500000,,,,Course A - Foundation,Hybrid,A09,Demo expectation,,,,,,,,,,,,homepage,organic,campaign_04,,,2026-07-13 11:38:16,2026-08-18 03:54:13,2026-08-18 03:54:13,false
10465,02e7b683-4cf2-7f33-e637-1a1ba16f9a2a,224,1003,Deal 10465,won,2125000.0,,,,Course F - Short course,Offline,,Demo expectation,EARLYBIRD,,,,,,,,,,,facebook,cpc,campaign_10,,,2026-02-15 22:15:20,2026-03-24 05:24:39,2026-03-24 05:24:39,false
10466,8feff87b-79d5-4e9f-7846-0474927c5ea7,74,1007,Deal 10466,lost,,,,,Course A - Foundation,Offline,A06,,REFERRAL,,,,,,,,,Budget: Giá quá cao,,blog,organic,campaign_10,,,2025-11-15 12:59:50,2025-11-25 04:29:35,2025-11-25 04:29:35,false
10467,b190dea4-c335-e9e5-1567-55f42f39f8c8,78,1003,Deal 10467,lost,,,Cựu học viên,,Course A - Foundation,Online,A04,Demo expectation,,,,,,,,,,Trash: Không có nhu cầu,,,,,,,2025-08-11 05:33:02,2025-08-17 15:18:20,2025-08-17 15:18:20,false
10468,eac7c57b-fc96-fd06-ce8b-30cea67155cd,78,1004,Deal 10468,lost,,,,,Course D - Advanced,Offline,D03,Demo expectation,,,,,,,,,,Trash: Không có nhu cầu,,facebook,cpc,campaign_03,,,2025-04-14 07:47:15,2025-05-10 04:09:41,2025-05-10 04:09:41,false
10469,e0e9f830-63f6-6d73-99a6-ee704f140eba,80,1004,Deal 10469,open,,,,,Course A - Foundation,Online,,Demo expectation,EARLYBIRD,,,,,,,,,,,,,,,,2025-05-30 21:47:04,2025-06-14 01:44:19,,false
10470,92071602-161c-d674-2978-868d062c0692,224,1004,Deal 10470,won,9350000.0,,Cựu học viên,,Combo: Course A + Course C,Online,Course11,,,,,,,,,,,,,facebook,fanpage,campaign_12,,,2026-07-31 16:24:17,2026-08-17 15:20:39,2026-08-17 15:20:39,false
10471,4e70263a-8245-b08f-f3a2-e9575bd72a7c,78,1004,Deal 10471,lost,,,,,Course E - Specialist,Offline,E10,,,,,,,,,,,Trash: Không có nhu cầu,,google,cpc,campaign_09,,,2026-06-13 05:31:00,2026-06-17 16:35:52,2026-06-17 16:35:52,false
10472,209595a4-602c-f604-13d7-54d6b30269aa,79,1004,Deal 10472,lost,,,,,Course F - Short course,Offline,F11,Demo expectation,EARLYBIRD,,,,,,,,,Communication: No Response,,facebook,fanpage,campaign_08,,,2026-08-17 07:20:31,2026-08-24 20:46:01,2026-08-24 20:46:01,false
10473,6182f347-533f-5a72-b64f-a54a8c611654,74,1006,Deal 10473,lost,,,,,Course A - Foundation,Offline,A03,,,,,,,,,,,Budget: Giá quá cao,,homepage,organic,campaign_04,,,2025-04-23 01:56:25,2025-04-25 22:04:54,2025-04-25 22:04:54,false
10474,fb1fb5e8-6c9e-7b87-63a6-b06fed871e96,78,1004,Deal 10474,lost,,,,,Course E - Specialist,Hybrid,E04,,,,,,,,,,,Sales Process: Sales không follow-up khách,,facebook,cpc,campaign_03,,,2025-06-15 13:28:30,2025-06-19 13:27:00,2025-06-19 13:27:00,false
10475,0b7130f6-cfb8-0b6d-b79b-a014e6a5cf84,78,1004,Deal 10475,lost,,,,,Course E - Specialist,Hybrid,E10,,REFERRAL,,,,,,,,,Communication: Not Connected: Không liên hệ được,,homepage,organic,campaign_07,,,2026-05-21 11:33:39,2026-05-25 05:02:24,2026-05-25 05:02:24,false
10476,7b62e628-b34d-5ab6-c6da-d79be7c9b4b3,78,1002,Deal 10476,lost,,,,,Program G - Professional,Offline,G06,Demo expectation,EARLYBIRD,,,,,,,,,Sales Process: Sales không follow-up khách,,,,,,,2025-09-18 00:08:06,2025-09-28 00:30:16,2025-09-28 00:30:16,false
10477,ecd6e2b0-9216-1cc5-d424-31aced26c65b,72,1005,Deal 10477,open,,,,,Course C - Advanced,Offline,C09,,EARLYBIRD,,,,,,,,,,,zalo,oa,campaign_02,,,2026-04-13 13:36:26,2026-04-13 13:36:26,,false
10478,72c1e68e-9390-6193-490c-e3154d980202,91,1001,Deal 10478,lost,,,,,Course F - Short course,Offline,F11,,,,,,,,,,,Bad Timing: Không sắp xếp được thời gian học,,,,,,,2026-07-23 21:03:55,2026-08-09 19:31:46,2026-08-09 19:31:46,false
10479,e1909c43-4e82-263e-6467-8700790003b9,224,1004,Deal 10479,won,11000000,,,,Combo: Course A + Course C,Hybrid,Course02,Demo expectation,REFERRAL,,,,,,,,,,,email,newsletter,campaign_01,,,2025-02-27 17:30:59,2025-03-27 02:53:20,2025-03-27 02:53:20,false
10480,e9bf0dca-dddc-a15f-7ed7-9b91947abbe8,79,1002,Deal 10480,lost,,,,,Course D - Advanced,Online,D03,,REFERRAL,,,,,,,,,Communication: Ghosted After Demo/Call,,,,,,,2025-05-24 18:18:50,2025-06-02 11:11:14,2025-06-02 11:11:14,false
10481,151b5289-700b-fc99-8f50-521d633476f0,79,1001,Deal 10481,lost,,,,,Course A - Foundation,Online,A05,,,,,,,,,,,Communication: Ghosted After Demo/Call,,zalo,oa,campaign_04,,,2025-10-14 10:30:57,2025-11-01 23:30:30,2025-11-01 23:30:30,false
10482,84266a05-6417-9ff7-b93d-05259d8958ce,224,1004,Deal 10482,won,4500000,,,,Course A - Foundation,Online,A06,,EARLYBIRD,,,,,,,,,,,facebook,cpc,campaign_06,,,2025-12-20 01:06:39,2025-12-28 15:33:45,2025-12-28 15:33:45,false
10483,869d7b01-61f0-3b99-4e33-db3731425d81,80,1001,Deal 10483,lost,,,,,Course D - Advanced,Online,D02,Demo expectation,,,,,,,,,,Relevance: Not ICP fit,,homepage,organic,campaign_07,,,2025-01-27 05:15:07,2025-02-05 14:42:42,2025-02-05 14:42:42,false
10484,7dfcb03a-8f11-b60e-83cb-763e38767632,77,1002,Deal 10484,lost,,,,,Course C - Advanced,Online,C07,Demo expectation,,,,,,,,,,Trash: Đăng ký trùng deal,,,,,,,2025-12-06 20:24:25,2025-12-09 22:24:25,2025-12-09 22:24:25,false
10485,d37805ee-204f-cbe4-adec-6f15bfdc2b0d,78,1001,Deal 10485,lost,,,,,Course E - Specialist,Online,E06,Demo expectation,EARLYBIRD,,,,,,,,,Trash: Không có nhu cầu,,homepage,organic,campaign_12,,,2025-10-30 10:09:14,2025-11-17 23:54:03,2025-11-17 23:54:03,false
10486,1916f984-c510-c97a-89fd-09b5c0bf3b37,79,1003,Deal 10486,lost,,,,,Course B - Foundation,Offline,B12,Demo expectation,EARLYBIRD,,,,,,,,,Bad Timing: Không sắp xếp được thời gian học,,facebook,fanpage,campaign_04,,,2026-08-31 13:47:48,2026-09-13 17:46:41,2026-09-13 17:46:41,false
10487,8f1a5d4a-72ce-d11f-8f59-748b05a95733,224,1004,Deal 10487,won,15300000.0,,,,Program G - Professional,Online,G11,,,,,,,,,,,,,zalo,oa,campaign_03,,,2026-07-22 20:53:29,2026-08-25 03:31:21,2026-08-25 03:31:21,false
10488,dd8729e4-a6ce-6b4d-e738-eb305a04d51d,91,1001,Deal 10488,lost,,,,,Combo: Course A + Course C,Hybrid,Course03,Demo expectation,,,,,,,,,,Bad Timing: Không sắp xếp được thời gian học,,google,cpc,campaign_08,,,2025-05-20 13:52:34,2025-06-04 02:12:53,2025-06-04 02:12:53,false
10489,cc4f2da9-d5d1-9277-0418-cd279a78ceed,78,1001,Deal 10489,lost,,,,,Course F - Short course,Online,F10,,EARLYBIRD,,,,,,,,,Communication: Not Connected: Không liên hệ được,,facebook,cpc,campaign_03,,,2026-06-09 13:45:18,2026-06-15 00:16:59,2026-06-15 00:16:59,false
10490,d483c353-69b2-1ef3-f203-d2c49481e18a,77,1001,Deal 10490,lost,,,,,Course E - Specialist,Offline,E06,Demo expectation,EARLYBIRD,,,,,,,,,Communication: Invalid Contact,,facebook,cpc,campaign_06,,,2025-10-22 21:11:35,2025-10-27 00:11:35,2025-10-27 00:11:35,false
10491,49f86d9d-dfef-b72a-4570-b7feef252aa8,78,1003,Deal 10491,lost,,,,,Course D - Advanced,Hybrid,D11,,,,,,,,,,,Communication: Not Connected: Không liên hệ được,,,,,,,2026-08-13 13:20:56,2026-08-18 19:07:07,2026-08-18 19:07:07,false
10492,4128d40b-5fc5-7ff4-d7a9-98eaef7cdb39,79,1001,Deal 10492,open,,,Cựu học viên,,Course E - Specialist,Offline,E11,Demo expectation,,,,,,,,,,,,,,,,,2026-09-07 20:09:53,2026-09-16 07:31:51,,false
10493,a319dcb4-217d-65a0-c568-11cd5563f616,80,1003,Deal 10493,lost,,,,,Course C - Advanced,Offline,C07,Demo expectation,REFERRAL,,,,,,,,,Relevance: Not ICP fit,,facebook,fanpage,campaign_07,,,2025-12-20 04:11:02,2025-12-27 20:07:01,2025-12-27 20:07:01,false
10494,6bcd7ba3-5408-c506-ddc4-c146f5c2aa4a,222,1004,Deal 10494,won,9350000.0,,,,Combo: Course A + Course C,Hybrid,Course02,,,,,,,,,,,,,facebook,cpc,campaign_09,,,2025-03-24 09:12:30,2025-04-27 04:36:56,2025-04-27 04:36:56,false
10495,2c3126c0-4cd8-054c-7f69-c5def0655f62,77,1003,Deal 10495,lost,,,,,Program G - Professional,Offline,G09,,,,,,,,,,,Trash: Đăng ký trùng deal,,facebook,cpc,campaign_05,,,2026-04-13 16:46:09,2026-04-16 21:46:09,2026-04-16 21:46:09,false
10496,6d7168e9-705a-501c-1131-0c8bcd35637c,224,1001,Deal 10496,won,9350000.0,,,,Combo: Course A + Course C,Offline,Course10,Demo expectation,,,,,,,,,,,,,,,,,2026-07-03 19:38:31,2026-08-04 12:41:54,2026-08-04 12:41:54,false
10497,8a8016fe-8fa5-0e32-4137-4168ef2ecdc9,79,1004,Deal 10497,open,,,,,Course D - Advanced,Offline,D05,,REFERRAL,,,,,,,,,,,homepage,organic,campaign_02,,,2025-08-21 08:48:45,2025-08-26 00:01:18,,false
10498,c69dd06e-1fcb-92b0-20ec-540aea447359,92,1001,Deal 10498,lost,,,,,Course C - Advanced,Online,C09,,,,,,,,,,,Budget: Giá quá cao,,facebook,fanpage,campaign_12,,,2026-05-22 17:52:00,2026-06-07 11:13:08,2026-06-07 11:13:08,false
10499,a7a7f955-6f96-be80-4108-c01fc42bba49,79,1002,Deal 10499,lost,,,,,Course A - Foundation,Offline,A05,Demo expectation,,,,,,,,,,Budget: Giá quá cao,,,,,,,2025-10-17 14:20:56,2025-10-23 16:59:34,2025-10-23 16:59:34,false
10500,ee7385d8-6c75-a765-3a31-4e67b5982577,79,1001,Deal 10500,lost,,,,,Program G - Professional,Hybrid,,,EARLYBIRD,,,,,,,,,Communication: Ghosted After Demo/Call,,homepage,organic,campaign_07,,,2025-02-07 22:40:47,2025-02-14 04:14:28,2025-02-14 04:14:28,false
10501,4358ce3f-b01f-90e7-6b0c-7da509efa19b,224,1004,Deal 10501,won,11000000,,,,Combo: Course A + Course C,Offline,Course03,,EARLYBIRD,,,,,,,,,,,google,cpc,campaign_11,,,2025-04-12 23:50:18,2025-05-30 11:41:54,2025-05-30 11:41:54,false
10502,8d1d122a-ab37-ff0a-a574-625f06edeb11,224,1003,Deal 10502,won,7500000,,,,Course C - Advanced,Offline,C04,Demo expectation,,,,,,,,,,,,facebook,cpc,campaign_06,,,2025-07-03 01:23:08,2025-07-27 04:42:06,2025-07-27 04:42:06,false
10503,7722ec2c-36b9-ca35-5430-c8c3b780606a,92,1003,Deal 10503,lost,,,,,Course A - Foundation,Offline,A08,,,,,,,,,,,Budget: Giá quá cao,,facebook,cpc,campaign_06,,,2026-03-18 13:09:57,2026-04-15 05:29:05,2026-04-15 05:29:05,false
10504,cc454c0b-74bc-14f1-e45c-500eebddcd37,91,1002,Deal 10504,open,,,,,Course A - Foundation,Online,A10,Demo expectation,REFERRAL,,,,,,,,,,,google,cpc,campaign_08,,,2026-08-24 19:34:45,2026-09-11 02:46:21,,false
10505,bec5715c-a71d-b3a6-2c28-1bbdf45dbd91,224,1003,Deal 10505,won,6750000.0,,,,Course C - Advanced,Online,,,EARLYBIRD,,,,,,,,,,,inbox,inbox,campaign_10,,,2026-06-15 17:42:05,2026-07-06 08:52:37,2026-07-06 08:52:37,false
10506,5832c8de-521b-e8c2-30c3-ef8a592ab43d,224,1001,Deal 10506,won,4250000.0,,,,Course B - Foundation,Online,,Demo expectation,,,,,,,,,,,,google,cpc,campaign_05,,,2026-08-10 03:10:28,2026-09-02 11:17:45,2026-09-02 11:17:45,false
10507,d04a8ff9-eee1-4ab3-1f5e-c4d26282a4d5,72,1006,Deal 10507,lost,,,,,Course A - Foundation,Offline,A05,Demo expectation,,,,,,,,,,Bad Timing: No Immediate Priority,,facebook,cpc,campaign_09,,,2025-09-08 19:09:00,2025-09-14 01:09:00,2025-09-14 01:09:00,false
10508,d057ab85-6f1e-c0de-297e-b3f4bdfdcc7b,224,1004,Deal 10508,won,18000000,,,,Program G - Professional,Offline,,Demo expectation,,,,,,,,,,,,,,,,,2025-06-27 14:24:56,2025-07-19 22:33:46,2025-07-19 22:33:46,false
10509,848ac924-3347-8a91-9609-598e67cba27a,219,1001,Deal 10509,lost,,,,,Course C - Advanced,Hybrid,C10,Demo expectation,,,,,,,,,,Bad Timing: No Immediate Priority,,google,cpc,campaign_09,,,2026-06-14 14:49:58,2026-06-25 02:39:50,2026-06-25 02:39:50,false
10510,65d72681-b79c-bc23-ba87-e001631f0d29,78,1002,Deal 10510,lost,,,,,Course C - Advanced,Hybrid,C07,,,,,,,,,,,Trash: Không có nhu cầu,,email,newsletter,campaign_01,,,2026-02-04 01:53:18,2026-02-04 14:57:10,2026-02-04 14:57:10,false
10511,ec756a2a-61b5-f657-d445-3727c3d14c96,224,1003,Deal 10511,won,8000000,,,,Course D - Advanced,Online,D10,Demo expectation,,,,,,,,,,,,facebook,cpc,campaign_01,,,2026-07-06 05:10:03,2026-08-11 10:49:40,2026-08-11 10:49:40,false
10512,0ebd7e73-6395-c49f-e58e-137020786fea,78,1004,Deal 10512,lost,,,,,Course A - Foundation,Offline,A02,Demo expectation,EARLYBIRD,,,,,,,,,Trash: Không có nhu cầu,,,,,,,2025-03-15 16:48:38,2025-03-20 22:01:13,2025-03-20 22:01:13,false
10513,8dbe81e1-161a-a203-0216-d82068195119,224,1003,Deal 10513,won,7500000,,,,Course C - Advanced,Online,,Demo expectation,,,,,,,,,,,,google,cpc,campaign_05,,,2025-02-05 06:38:21,2025-03-02 07:05:07,2025-03-02 07:05:07,false
10514,32c5bd89-b70b-3420-f104-3785658b2523,80,1001,Deal 10514,open,,,,,Course F - Short course,Online,F12,,REFERRAL,,,,,,,,,,,homepage,organic,campaign_04,,,2026-09-27 11:00:00,2026-09-27 11:00:00,,false
10515,feb3a855-48e6-1273-4680-13786e607c2f,78,1001,Deal 10515,lost,,,,,Course C - Advanced,Offline,C08,Demo expectation,REFERRAL,,,,,,,,,Trash: Không có nhu cầu,,google,cpc,campaign_10,,,2026-04-06 16:12:48,2026-04-11 02:22:42,2026-04-11 02:22:42,false
10516,173e13d9-fc32-edb4-35d8-053130e423e1,79,1001,Deal 10516,lost,,,,,Course B - Foundation,Hybrid,B11,Demo expectation,,,,,,,,,,Bad Timing: Không sắp xếp được thời gian học,,google,cpc,campaign_04,,,2026-07-05 10:40:00,2026-07-12 08:19:39,2026-07-12 08:19:39,false
10517,5d7923d8-5cc2-15aa-deee-3ce82f4643a2,77,1002,Deal 10517,lost,,,,,Course D - Advanced,Hybrid,D04,,,,,,,,,,,Trash: Không có nhu cầu,,blog,organic,campaign_02,,,2025-06-12 09:11:49,2025-06-12 11:11:49,2025-06-12 11:11:49,false
10518,c742bbaf-7787-0d52-dd12-bbc65eaae175,224,1002,Deal 10518,won,4050000.0,,,,Course A - Foundation,Offline,A04,Demo expectation,,,,,,,,,,,,inbox,inbox,campaign_07,,,2025-07-29 07:36:14,2025-08-28 14:45:18,2025-08-28 14:45:18,false
10519,1cada48a-46a4-2ee1-2a2e-1e6a1bff56f4,224,1002,Deal 10519,won,6800000.0,,,,Course D - Advanced,Hybrid,D06,,,,,,,,,,,,,blog,organic,campaign_06,,,2025-10-28 18:57:39,2025-11-16 13:11:25,2025-11-16 13:11:25,false
10520,0599e1f2-ccd3-654c-b68b-bbc673c66188,224,1002,Deal 10520,won,2125000.0,,,,Course F - Short course,Hybrid,F07,Demo expectation,,,,,,,,,,,,facebook,cpc,campaign_08,,,2025-12-29 04:11:50,2026-01-25 01:34:28,2026-01-25 01:34:28,false
10521,1f7bd82f-2345-0e72-d1b4-856255a8d6a1,91,1003,Deal 10521,lost,,,,,Course A - Foundation,Online,A03,,,,,,,,,,,Bad Timing: Không sắp xếp được thời gian học,,,,,,,2025-05-01 15:36:09,2025-05-14 01:51:55,2025-05-14 01:51:55,false
10522,85f801f0-efa5-fccb-eb24-4b05845aede2,77,1001,Deal 10522,lost,,,,,Course D - Advanced,Offline,D08,Demo expectation,,,,,,,,,,Communication: Not Connected: Không liên hệ được,,facebook,fanpage,campaign_02,,,2026-02-26 06:38:43,2026-03-01 11:38:43,2026-03-01 11:38:43,false
10523,60e585ab-803e-8d5f-58c5-d8c0f11770f9,224,1002,Deal 10523,won,4250000.0,,,,Course B - Foundation,Online,B07,,,,,,,,,,,,,homepage,organic,campaign_08,,,2025-12-29 11:53:27,2026-01-31 09:18:12,2026-01-31 09:18:12,false
10524,0d92736a-8dac-08c7-93b1-2009f9ddc52d,91,1004,Deal 10524,lost,,,,,Course E - Specialist,Offline,E11,,EARLYBIRD,,,,,,,,,Bad Timing: No Immediate Priority,,,,,,,2026-08-01 03:56:57,2026-08-26 12:41:06,2026-08-26 12:41:06,false
10525,c60b846e-06bf-1fb7-0e2b-d8c9ee662c46,76,1008,Deal 10525,won,2500000,,,,Course F - Short course,Offline,F03,Demo expectation,,,,,,,,,,,,,,,,,2025-04-23 01:07:32,2025-05-14 11:26:42,2025-05-14 11:26:42,false
10526,03fde24e-9cee-af74-a3f2-a3db9236948e,80,1002,Deal 10526,lost,,,,,Course D - Advanced,Hybrid,D07,,,,,,,,,,,Choose Competitor: Đã đi học bên khác,,facebook,cpc,campaign_02,,,2026-01-15 22:35:15,2026-02-01 00:09:37,2026-02-01 00:09:37,false
10527,f68695aa-373e-2f8f-34c9-3ebfe099ab65,224,1002,Deal 10527,won,5000000,,,,Course B - Foundation,Online,,Demo expectation,EARLYBIRD,,,,,,,,,,,inbox,inbox,campaign_05,,,2025-05-05 22:33:33,2025-05-30 04:49:24,2025-05-30 04:49:24,false
10528,e5ceac23-aff7-188d-eada-d07f2d6b89e7,91,1002,Deal 10528,lost,,,,,Course F - Short course,Offline,,Demo expectation,REFERRAL,,,,,,,,,Bad Timing: No Immediate Priority,,facebook,cpc,campaign_04,,,2025-03-13 09:10:11,2025-04-14 13:31:58,2025-04-14 13:31:58,false
10529,198640a1-45a9-17a0-b443-7813d6bfe645,76,1005,Deal 10529,won,6750000.0,,,,Course C - Advanced,Hybrid,,,,,,,,,,,,,,facebook,fanpage,campaign_08,,,2025-02-10 07:09:18,2025-02-26 19:08:44,2025-02-26 19:08:44,false
10530,2f589a81-67c5-b29b-b400-a5e1dfcb821b,224,1002,Deal 10530,won,4250000.0,,,,Course B - Foundation,Online,B03,,,,,,,,,,,,,,,,,,2025-04-20 14:05:38,2025-05-07 11:35:06,2025-05-07 11:35:06,false
10531,2dc84e80-a90b-dc3a-036e-c6cb8941069b,77,1002,Deal 10531,lost,,,,,Combo: Course A + Course C,Online,Course10,Demo expectation,REFERRAL,,,,,,,,,Communication: Not Connected: Không liên hệ được,,facebook,cpc,campaign_11,,,2026-05-03 08:15:30,2026-05-04 09:15:30,2026-05-04 09:15:30,false
10532,c3195a33-9bc8-42e3-fcd1-23a0828aa03e,224,1002,Deal 10532,won,3825000.0,,,,Course A - Foundation,Offline,A04,,EARLYBIRD,,,,,,,,,,,google,cpc,campaign_02,,,2025-08-06 06:09:07,2025-09-24 07:35:30,2025-09-24 07:35:30,false
10533,6210ab22-f6bd-93ed-a1fa-43b79e74f6a8,79,1002,Deal 10533,lost,,,,,Course B - Foundation,Hybrid,B02,,EARLYBIRD,,,,,,,,,Bad Timing: Không sắp xếp được thời gian học,,homepage,organic,campaign_10,,,2025-02-04 07:59:07,2025-02-16 02:01:02,2025-02-16 02:01:02,false
10534,8a9da702-660f-44e6-445d-3231c6f7cc83,79,1004,Deal 10534,lost,,,,,Course A - Foundation,Hybrid,A08,,,,,,,,,,,Communication: Ghosted After Demo/Call,,google,cpc,campaign_04,,,2026-03-29 05:10:25,2026-04-13 01:30:29,2026-04-13 01:30:29,false
10535,f2de05fd-28b7-b541-8d8b-3728d65bc676,77,1002,Deal 10535,lost,,,,,Combo: Course A + Course C,Online,Course05,Demo expectation,REFERRAL,,,,,,,,,Communication: Invalid Contact,,google,cpc,campaign_09,,,2025-08-27 21:41:20,2025-09-01 01:41:20,2025-09-01 01:41:20,false
10536,ac15f7e3-00f4-91a5-0334-9f8166f7ac98,79,1003,Deal 10536,lost,,,,,Course E - Specialist,Offline,E09,,REFERRAL,,,,,,,,,Communication: Ghosted After Demo/Call,,facebook,cpc,campaign_05,,,2026-04-20 05:39:38,2026-04-28 05:10:39,2026-04-28 05:10:39,false
10537,b0acb9ba-da78-f4c5-26b3-a03ae57513a5,79,1003,Deal 10537,open,,,,,Course B - Foundation,Offline,B12,,REFERRAL,,,,,,,,,,,google,cpc,campaign_01,,,2026-09-27 11:00:00,2026-09-27 11:00:00,,false
10538,9b0fa7c1-53ca-dfcd-301f-4cda00ae81a1,78,1001,Deal 10538,lost,,,,,Course B - Foundation,Online,B05,,,,,,,,,,,Trash: Không có nhu cầu,,facebook,fanpage,campaign_01,,,2025-09-12 12:10:33,2025-09-18 07:28:11,2025-09-18 07:28:11,false
10539,b74eba93-1027-5b53-2285-b2efcfbe4fe9,224,1001,Deal 10539,won,6800000.0,,,,Course D - Advanced,Online,D03,Demo expectation,,,,,,,,,,,,,,,,,2025-04-30 14:35:33,2025-05-22 01:48:14,2025-05-22 01:48:14,false
10540,e6647803-32f9-130d-5e6e-5122a47cacbf,77,1002,Deal 10540,open,,,Cựu học viên,,Course C - Advanced,Offline,C05,,EARLYBIRD,,,,,,,,,,,,,,,,2025-09-01 20:53:27,2025-09-01 20:53:27,,false
10541,24b0e62f-85ba-2504-3e07-90f18fc23d26,78,1004,Deal 10541,lost,,,,,Course D - Advanced,Online,,Demo expectation,,,,,,,,,,Sales Process: Sales không follow-up khách,,facebook,fanpage,campaign_07,,,2025-04-28 20:10:20,2025-05-03 10:25:58,2025-05-03 10:25:58,false
10542,c2492e5e-005f-d0e6-55c3-b2dbf374190d,76,1008,Deal 10542,won,9900000.0,,,,Combo: Course A + Course C,Hybrid,,Demo expectation,,,,,,,,,,,,homepage,organic,campaign_02,,,2025-09-07 04:03:19,2025-09-19 03:03:48,2025-09-19 03:03:48,false
10543,68b49b00-c867-68b2-d9da-5f47e3caa0c4,91,1003,Deal 10543,lost,,,,,Course E - Specialist,Offline,,Demo expectation,,,,,,,,,,Bad Timing: No Immediate Priority,,facebook,cpc,campaign_11,,,2026-03-01 01:43:03,2026-03-12 02:07:03,2026-03-12 02:07:03,false
10544,c03b3a8e-58ed-7798-9c26-6a1b9c137f71,224,1004,Deal 10544,won,7500000,,,,Course C - Advanced,Hybrid,C02,Demo expectation,EARLYBIRD,,,,,,,,,,,,,,,,2025-03-19 01:29:58,2025-04-05 10:02:52,2025-04-05 10:02:52,false
10545,5e6fea07-c453-6f1d-4199-2fdfb31022f0,77,1002,Deal 10545,lost,,,,,Course D - Advanced,Online,D02,,,,,,,,,,,Trash: Đăng ký trùng deal,,blog,organic,campaign_09,,,2025-03-06 01:00:41,2025-03-10 07:00:41,2025-03-10 07:00:41,false
10546,f347e18d-f7de-a35a-e941-cff1046cf25d,224,1001,Deal 10546,won,9900000.0,,,,Combo: Course A + Course C,Hybrid,Course02,Demo expectation,EARLYBIRD,,,,,,,,,,,email,newsletter,campaign_08,,,2025-02-02 21:40:30,2025-03-06 00:51:14,2025-03-06 00:51:14,false
10547,1f7e09de-b799-08b6-8095-fa69db07a2a9,224,1001,Deal 10547,won,8550000.0,,,,Course E - Specialist,Online,E07,,,,,,,,,,,,,,,,,,2025-11-28 01:18:26,2025-12-12 08:36:29,2025-12-12 08:36:29,false
10548,e85d8eda-d50d-12c2-4ca3-795517b022c7,79,1001,Deal 10548,lost,,,,,Course C - Advanced,Hybrid,C03,Demo expectation,EARLYBIRD,,,,,,,,,Low engagement: Không còn nhu cầu học,,facebook,cpc,campaign_11,,,2025-06-09 12:35:42,2025-06-20 17:57:36,2025-06-20 17:57:36,false
10549,3a81481e-64ab-a2d7-628b-48446c84a0fb,224,1002,Deal 10549,won,2125000.0,,,,Course F - Short course,Offline,F02,Demo expectation,,,,,,,,,,,,,,,,,2025-03-17 22:15:36,2025-04-02 20:06:39,2025-04-02 20:06:39,false
10550,c7c59195-ffc3-2f83-3e21-55a2a1361c27,224,1003,Deal 10550,won,4050000.0,,,,Course A - Foundation,Online,A04,Demo expectation,,,,,,,,,,,,,,,,,2025-06-30 02:11:24,2025-08-10 23:37:01,2025-08-10 23:37:01,false
10551,2fd81782-99a1-a943-16d9-aa91e4f96c65,78,1001,Deal 10551,lost,,,,,Program G - Professional,Hybrid,G05,,REFERRAL,,,,,,,,,Trash: Không có nhu cầu,,,,,,,2025-08-16 04:38:05,2025-08-19 17:40:20,2025-08-19 17:40:20,false
10552,611e5684-76af-13c0-36c1-c052207ca173,73,1005,Deal 10552,lost,,,,,Course F - Short course,Online,,Demo expectation,REFERRAL,,,,,,,,,Communication: No Response,,,,,,,2026-03-21 22:00:10,2026-04-02 10:33:53,2026-04-02 10:33:53,false
10553,e3ea2d7f-c219-a845-d9eb-404c1851d1cf,224,1003,Deal 10553,won,18000000,,,,Program G - Professional,Online,G05,,REFERRAL,,,,,,,,,,,facebook,cpc,campaign_12,,,2025-08-26 10:00:07,2025-09-18 18:13:16,2025-09-18 18:13:16,false
10554,f6419405-91cb-bc49-542e-f29e1bcfb92f,77,1004,Deal 10554,lost,,,,,Course F - Short course,Online,,,,,,,,,,,,Communication: Not Connected: Không liên hệ được,,google,cpc,campaign_02,,,2025-02-04 05:29:08,2025-02-04 11:29:08,2025-02-04 11:29:08,false
10555,7d2811fa-e05e-9d2f-c4aa-1dff282e4148,224,1002,Deal 10555,won,5000000,,,,Course B - Foundation,Online,,Demo expectation,,,,,,,,,,,,inbox,inbox,campaign_02,,,2025-06-20 13:33:59,2025-07-14 06:58:20,2025-07-14 06:58:20,false
10556,12bf7a23-b326-4e5e-010b-a241042b2a24,92,1002,Deal 10556,lost,,,,,Course E - Specialist,Online,E11,Demo expectation,EARLYBIRD,,,,,,,,,Budget: Giá quá cao,,google,cpc,campaign_01,,,2026-07-20 03:09:29,2026-08-21 18:32:47,2026-08-21 18:32:47,false
10557,86a8f21a-010e-622b-f8bc-920cff7d39f7,224,1003,Deal 10557,won,7500000,,,,Course C - Advanced,Offline,,Demo expectation,,,,,,,,,,,,facebook,cpc,campaign_06,,,2025-05-08 01:36:56,2025-05-21 05:27:10,2025-05-21 05:27:10,false
10558,3b6b6054-51cb-cee7-fdc0-30040810da56,79,1002,Deal 10558,lost,,,,,Course D - Advanced,Online,,Demo expectation,REFERRAL,,,,,,,,,Communication: Ghosted After Demo/Call,,facebook,cpc,campaign_03,,,2025-09-23 01:43:32,2025-09-27 22:06:48,2025-09-27 22:06:48,false
10559,8a9da702-660f-44e6-445d-3231c6f7cc83,78,1003,Deal 10559,lost,,,,,Course B - Foundation,Hybrid,B09,Demo expectation,REFERRAL,,,,,,,,,Trash: Không có nhu cầu,,blog,organic,campaign_07,,,2026-03-24 19:28:02,2026-03-29 03:43:21,2026-03-29 03:43:21,false
10560,9a897dbd-667c-d512-c4c6-04cb0cba3ea3,224,1002,Deal 10560,won,2500000,,,,Course F - Short course,Hybrid,F09,Demo expectation,EARLYBIRD,,,,,,,,,,,email,newsletter,campaign_12,,,2026-04-04 13:09:05,2026-05-12 11:54:28,2026-05-12 11:54:28,false
10561,5bcc7bfb-40e6-4eed-e414-f2c5d9743ff0,77,1001,Deal 10561,lost,,,Cựu học viên,,Course F - Short course,Online,F09,,,,,,,,,,,Trash: Không có nhu cầu,,,,,,,2026-03-27 13:59:41,2026-03-31 15:59:41,2026-03-31 15:59:41,false
10562,3fc543c9-7c47-9df2-3f55-f644f278b488,224,1003,Deal 10562,won,4500000,,,,Course A - Foundation,Offline,A03,,EARLYBIRD,,,,,,,,,,,facebook,fanpage,campaign_03,,,2025-06-13 21:15:28,2025-07-05 22:00:37,2025-07-05 22:00:37,false
10563,026f05f6-19ce-a0c3-c2b2-547dac3cebe3,224,1003,Deal 10563,won,6800000.0,,,,Course D - Advanced,Hybrid,D03,Demo expectation,REFERRAL,,,,,,,,,,,facebook,cpc,campaign_06,,,2025-04-23 06:22:59,2025-05-23 03:01:24,2025-05-23 03:01:24,false
10564,1f92bdc9-9883-7e3e-a4c6-34ce3dad2abf,79,1004,Deal 10564,lost,,,,,Course B - Foundation,Offline,B11,,,,,,,,,,,Budget: Giá quá cao,,google,cpc,campaign_05,,,2026-07-11 11:07:37,2026-07-16 04:48:12,2026-07-16 04:48:12,false
10565,8a8ffb2c-1ff7-1e8c-d27e-58464c7f9cd6,224,1003,Deal 10565,won,6800000.0,,,,Course D - Advanced,Hybrid,,Demo expectation,,,,,,,,,,,,facebook,cpc,campaign_03,,,2025-10-20 15:31:28,2025-11-27 11:43:58,2025-11-27 11:43:58,false
10566,1f643c0d-4d7d-9c5e-d41b-b559c9af2794,77,1004,Deal 10566,lost,,,,,Program G - Professional,Offline,G05,Demo expectation,REFERRAL,,,,,,,,,Communication: Not Connected: Không liên hệ được,,facebook,cpc,campaign_12,,,2025-09-11 21:08:36,2025-09-17 00:08:36,2025-09-17 00:08:36,false
10567,46f7b20a-c3c4-9506-1e8e-06ed07480379,225,1001,Deal 10567,open,,,,,Course C - Advanced,Hybrid,,,,,,,,,,,,,,homepage,organic,campaign_01,,,2025-12-04 14:17:29,2025-12-04 14:17:29,,false
10568,1ed92dca-f0f8-79c6-011b-673c3c2cef2f,77,1001,Deal 10568,lost,,,,,Program G - Professional,Offline,G05,,EARLYBIRD,,,,,,,,,Trash: Đăng ký trùng deal,,,,,,,2025-08-02 07:06:07,2025-08-05 09:06:07,2025-08-05 09:06:07,false
10569,c7c40854-d6d4-eb06-2f59-2f3e1bbd2513,224,1003,Deal 10569,won,6800000.0,,,,Course D - Advanced,Hybrid,D07,Demo expectation,,,,,,,,,,,,facebook,cpc,campaign_02,,,2026-01-12 11:03:55,2026-02-14 03:05:22,2026-02-14 03:05:22,false
10570,e4272524-9993-b1e5-c3a7-600bccfd21c3,73,1007,Deal 10570,lost,,,,,Course A - Foundation,Offline,,Demo expectation,,,,,,,,,,Bad Timing: No Immediate Priority,,email,newsletter,campaign_04,,,2025-05-13 19:50:45,2025-05-18 17:08:15,2025-05-18 17:08:15,false
10571,77d468ea-e0bd-d765-56d4-4952ee29e80e,92,1004,Deal 10571,lost,,,,,Course F - Short course,Offline,F10,Demo expectation,,,,,,,,,,Budget: Giá quá cao,,,,,,,2026-06-02 19:07:09,2026-06-21 13:30:17,2026-06-21 13:30:17,false
10572,3608428a-5668-9e24-fe39-0df5fe2ee066,91,1004,Deal 10572,lost,,,,,Course A - Foundation,Online,A10,,,,,,,,,,,Bad Timing: No Immediate Priority,,facebook,fanpage,campaign_01,,,2026-08-15 02:11:16,2026-08-27 23:41:23,2026-08-27 23:41:23,false
10573,db378723-00f2-f636-f897-baf03dcf2273,222,1001,Deal 10573,won,9500000,,,,Course E - Specialist,Hybrid,E08,,EARLYBIRD,,,,,,,,,,,facebook,cpc,campaign_12,,,2026-02-15 02:54:20,2026-03-06 07:56:12,2026-03-06 07:56:12,false
10574,a1acb03b-b5c7-6204-902a-459a224e11ba,92,1003,Deal 10574,lost,,,,,Course C - Advanced,Online,C07,Demo expectation,,,,,,,,,,Choose Competitor: Không học online,,facebook,cpc,campaign_03,,,2026-01-10 10:30:49,2026-02-12 15:34:47,2026-02-12 15:34:47,false
10575,ad9fb00d-4882-d73c-1c63-45ab6e0ed1e8,78,1002,Deal 10575,lost,,,,,Course D - Advanced,Hybrid,D02,Demo expectation,,,,,,,,,,Trash: Không có nhu cầu,,facebook,cpc,campaign_01,,,2025-02-20 12:37:25,2025-02-21 10:58:56,2025-02-21 10:58:56,false
10576,6885ca47-40ee-7a6e-3280-3153382e80e8,77,1002,Deal 10576,lost,,,,,Course F - Short course,Online,F06,Demo expectation,,,,,,,,,,Communication: Not Connected: Không liên hệ được,,facebook,cpc,campaign_09,,,2025-09-14 10:08:45,2025-09-16 13:08:45,2025-09-16 13:08:45,false
10577,fffcd743-e3f1-6406-631d-9c8be0f0fe79,72,1007,Deal 10577,lost,,,,,Course D - Advanced,Hybrid,,Demo expectation,EARLYBIRD,,,,,,,,,Bad Timing: No Immediate Priority,,zalo,oa,campaign_01,,,2026-05-19 05:47:57,2026-05-23 10:47:57,2026-05-23 10:47:57,false
10578,a53e62ba-2dae-62c0-6483-b0e79c3cbe9d,77,1004,Deal 10578,lost,,,,,Course B - Foundation,Offline,B06,Demo expectation,REFERRAL,,,,,,,,,Trash: Đăng ký trùng deal,,zalo,oa,campaign_03,,,2025-10-05 04:29:20,2025-10-07 07:29:20,2025-10-07 07:29:20,false
10579,da9bccc1-e71c-681a-6511-e61a143665f5,224,1004,Deal 10579,won,2125000.0,,,,Course F - Short course,Offline,F12,,,,,,,,,,,,,google,cpc,campaign_08,,,2026-09-17 06:23:34,2026-09-27 12:00:00,2026-09-27 12:00:00,false
10580,b9465130-9b58-e20a-7c8d-8aef30a04e0b,75,1006,Deal 10580,lost,,,,,Course D - Advanced,Online,D02,Demo expectation,,,,,,,,,,Communication: No Response,,,,,,,2025-01-20 11:02:44,2025-02-13 09:53:05,2025-02-13 09:53:05,false
10581,2fabe638-2ad9-5bc4-2901-6ef31e161cb2,224,1003,Deal 10581,won,4050000.0,,,,Course A - Foundation,Offline,A04,Demo expectation,,,,,,,,,,,,,,,,,2025-08-12 06:15:36,2025-09-02 04:15:48,2025-09-02 04:15:48,false
10582,707df251-fdb1-429e-7010-ed13b526b22d,224,1003,Deal 10582,won,9350000.0,,,,Combo: Course A + Course C,Hybrid,Course07,,,,,,,,,,,,,inbox,inbox,campaign_02,,,2025-12-13 13:13:50,2026-01-18 21:02:16,2026-01-18 21:02:16,false
10583,8e3a3300-6576-b940-cc2c-9e0837e558a0,77,1003,Deal 10583,lost,,,,,Course D - Advanced,Hybrid,D11,Demo expectation,,,,,,,,,,Trash: Không có nhu cầu,,,,,,,2026-09-16 14:58:47,2026-09-19 15:58:47,2026-09-19 15:58:47,false
10584,c489d6d7-131f-c388-a287-fc6df6aa2893,91,1001,Deal 10584,open,,,,,Course C - Advanced,Hybrid,C08,Demo expectation,EARLYBIRD,,,,,,,,,,,,,,,,2026-04-03 14:45:12,2026-04-21 03:53:56,,false
10585,7a3367d0-87a6-c63c-65a1-ee9c3b39b8aa,224,1004,Deal 10585,won,2125000.0,,,,Course F - Short course,Offline,F07,Demo expectation,EARLYBIRD,,,,,,,,,,,facebook,fanpage,campaign_11,,,2025-12-31 10:36:31,2026-01-28 10:07:24,2026-01-28 10:07:24,false
10586,2191990c-3c86-1a6a-f55d-b8b9129f9fa5,91,1003,Deal 10586,lost,,,,,Course B - Foundation,Hybrid,B08,Demo expectation,,,,,,,,,,Bad Timing: No Immediate Priority,,facebook,fanpage,campaign_02,,,2026-03-20 12:43:23,2026-04-22 15:54:32,2026-04-22 15:54:32,false
10587,fef518a6-4dea-d645-0986-bbebf23e323d,224,1004,Deal 10587,won,16200000.0,,,,Program G - Professional,Offline,G11,Demo expectation,,,,,,,,,,,,homepage,organic,campaign_12,,,2026-07-29 23:38:40,2026-09-03 14:35:52,2026-09-03 14:35:52,false
10588,4a36a7c0-f0cc-4f56-d242-89ea39597465,80,1004,Deal 10588,lost,,,,,Course F - Short course,Online,F02,,,,,,,,,,,Budget: Not willing to pay,,,,,,,2025-03-17 19:24:03,2025-03-28 03:33:22,2025-03-28 03:33:22,false
10589,ba15059b-78a3-8a81-8ee3-0925d60dd16b,224,1001,Deal 10589,won,4500000,,,,Course A - Foundation,Online,A03,Demo expectation,EARLYBIRD,,,,,,,,,,,facebook,fanpage,campaign_09,,,2025-06-02 15:00:06,2025-06-22 07:27:32,2025-06-22 07:27:32,false
10590,f05ff9c3-9f69-0cde-7eaa-7a911defd401,91,1004,Deal 10590,lost,,,,,Combo: Course A + Course C,Hybrid,,Demo expectation,,,,,,,,,,Bad Timing: Không sắp xếp được thời gian học,,email,newsletter,campaign_02,,,2026-05-17 06:44:25,2026-05-26 08:15:28,2026-05-26 08:15:28,false
10591,f53d4330-cdda-24ba-2d06-e8cf3805f907,224,1003,Deal 10591,won,11000000,,,,Combo: Course A + Course C,Online,Course02,Demo expectation,,,,,,,,,,,,,,,,,2025-03-23 16:21:19,2025-04-14 09:16:35,2025-04-14 09:16:35,false
10592,3087106d-94c1-b7d4-93c6-6bafe6ba5182,77,1003,Deal 10592,open,,,,,Course E - Specialist,Hybrid,E12,Demo expectation,,,,,,,,,,,,facebook,cpc,campaign_09,,,2026-09-27 11:00:00,2026-09-27 11:00:00,,false
10593,2b840c67-2e18-3554-cae2-8e66ae8a7813,78,1003,Deal 10593,lost,,,,,Program G - Professional,Hybrid,G04,Demo expectation,,,,,,,,,,Trash: Không có nhu cầu,,google,cpc,campaign_05,,,2025-05-15 20:20:04,2025-05-26 10:18:25,2025-05-26 10:18:25,false
10594,3025f041-0aa8-6e33-d4cd-45a9870d8661,224,1003,Deal 10594,won,9500000,,,,Course E - Specialist,Offline,,Demo expectation,EARLYBIRD,,,,,,,,,,,facebook,cpc,campaign_08,,,2026-05-24 12:55:37,2026-06-07 00:43:40,2026-06-07 00:43:40,false
10595,7a3367d0-87a6-c63c-65a1-ee9c3b39b8aa,224,1001,Deal 10595,won,6800000.0,,,,Course D - Advanced,Offline,D07,,,,,,,,,,,,,facebook,fanpage,campaign_04,,,2025-12-22 23:41:58,2026-01-09 22:53:13,2026-01-09 22:53:13,false
10596,8be15610-b234-8948-e4f2-ae4cf016716b,224,1004,Deal 10596,won,9900000.0,,,,Combo: Course A + Course C,Hybrid,Course09,Demo expectation,EARLYBIRD,,,,,,,,,,,,,,,,2026-04-22 19:15:28,2026-05-17 05:50:24,2026-05-17 05:50:24,false
10597,8211dfed-73be-43cc-830b-ed4fc566a2fa,224,1002,Deal 10597,won,3825000.0,,,,Course A - Foundation,Hybrid,A03,Demo expectation,EARLYBIRD,,,,,,,,,,,google,cpc,campaign_07,,,2025-05-05 19:27:33,2025-05-31 14:02:03,2025-05-31 14:02:03,false
10598,3fc543c9-7c47-9df2-3f55-f644f278b488,77,1004,Deal 10598,lost,,,,,Course E - Specialist,Offline,,Demo expectation,EARLYBIRD,,,,,,,,,Trash: Đăng ký trùng deal,,facebook,cpc,campaign_08,,,2025-06-12 01:29:30,2025-06-12 02:29:30,2025-06-12 02:29:30,false
10599,3573947e-94d8-63d1-b2c3-681afce52055,79,1004,Deal 10599,lost,,,,,Course F - Short course,Hybrid,F01,Demo expectation,REFERRAL,,,,,,,,,Low engagement: Không còn nhu cầu học,,facebook,fanpage,campaign_06,,,2025-01-17 04:51:06,2025-01-28 13:27:48,2025-01-28 13:27:48,false
10600,a69083d0-1850-147b-62b9-7bbf7e35cb46,91,1002,Deal 10600,lost,,,,,Combo: Course A + Course C,Offline,Course11,Demo expectation,EARLYBIRD,,,,,,,,,Bad Timing: No Immediate Priority,,google,cpc,campaign_08,,,2026-07-18 19:58:14,2026-08-07 08:28:13,2026-08-07 08:28:13,false
10601,ffb8102d-9475-dbc9-9641-8cedd664d264,224,1002,Deal 10601,won,4050000.0,,,,Course A - Foundation,Offline,A03,Demo expectation,,,,,,,,,,,,homepage,organic,campaign_11,,,2025-05-26 11:18:29,2025-06-30 09:37:31,2025-06-30 09:37:31,false
10602,6fac1673-0ad4-5230-bdf6-6ba5dc9c96de,77,1001,Deal 10602,lost,,,,,Course E - Specialist,Offline,,Demo expectation,EARLYBIRD,,,,,,,,,Trash: Không có nhu cầu,,facebook,fanpage,campaign_02,,,2026-05-26 13:05:36,2026-05-30 19:05:36,2026-05-30 19:05:36,false
10603,833ff31e-3650-2aef-ea93-17e92764dec0,78,1004,Deal 10603,lost,,,,,Course A - Foundation,Offline,A08,Demo expectation,,,,,,,,,,Trash: Không có nhu cầu,,blog,organic,campaign_02,,,2026-05-01 21:40:56,2026-05-05 14:10:07,2026-05-05 14:10:07,false
10604,3f58ee69-3325-da60-74a4-01316a6d7c9d,77,1003,Deal 10604,lost,,,,,Combo: Course A + Course C,Online,Course06,Demo expectation,EARLYBIRD,,,,,,,,,Communication: Invalid Contact,,email,newsletter,campaign_09,,,2025-11-06 23:11:35,2025-11-07 04:11:35,2025-11-07 04:11:35,false
10605,f5beee1a-c842-2488-e73b-63f363cbb148,91,1002,Deal 10605,lost,,,,,Course C - Advanced,Offline,C09,Demo expectation,REFERRAL,,,,,,,,,Bad Timing: No Immediate Priority,,,,,,,2026-05-15 05:04:46,2026-05-25 04:01:41,2026-05-25 04:01:41,false
10606,e3dede31-e3a9-4b00-f6c2-4fd9921565ea,91,1002,Deal 10606,lost,,,,,Combo: Course A + Course C,Online,Course09,,,,,,,,,,,Bad Timing: No Immediate Priority,,email,newsletter,campaign_01,,,2026-04-05 21:13:57,2026-04-28 00:05:51,2026-04-28 00:05:51,false
10607,c2886352-4448-2593-e232-7c25fcd62aba,77,1002,Deal 10607,lost,,,,,Course C - Advanced,Offline,C11,,EARLYBIRD,,,,,,,,,Communication: Not Connected: Không liên hệ được,,,,,,,2026-09-26 01:15:30,2026-09-26 03:15:30,2026-09-26 03:15:30,false
10608,417b6634-a3ec-152c-e065-3245600c9c71,224,1003,Deal 10608,won,2500000,,,,Course F - Short course,Offline,F02,Demo expectation,,,,,,,,,,,,google,cpc,campaign_08,,,2025-02-05 09:21:38,2025-03-05 18:12:32,2025-03-05 18:12:32,false
10609,ec756a2a-61b5-f657-d445-3727c3d14c96,224,1003,Deal 10609,won,5000000,,,,Course B - Foundation,Hybrid,B10,,,,,,,,,,,,,facebook,cpc,campaign_03,,,2026-06-17 09:28:07,2026-06-30 18:42:23,2026-06-30 18:42:23,false
10610,c40f5405-7a25-ed81-4128-17eb224629cd,77,1003,Deal 10610,lost,,,,,Course E - Specialist,Offline,E10,,,,,,,,,,,Trash: Không có nhu cầu,,facebook,cpc,campaign_09,,,2026-07-15 02:11:57,2026-07-20 09:11:57,2026-07-20 09:11:57,false
10611,bf9cd75c-0637-66dd-9729-0c024af53dfe,92,1003,Deal 10611,lost,,,,,Combo: Course A + Course C,Hybrid,Course04,Demo expectation,,,,,,,,,,Choose Competitor: Không học online,,facebook,fanpage,campaign_06,,,2025-07-03 08:18:56,2025-08-04 06:45:08,2025-08-04 06:45:08,false
10612,a3595d1f-7fe4-a42e-3db7-88a61cdcc4c2,224,1003,Deal 10612,won,2125000.0,,Cựu học viên,,Course F - Short course,Offline,F02,Demo expectation,REFERRAL,,,,,,,,,,,facebook,fanpage,campaign_07,,,2025-02-04 11:35:23,2025-03-04 14:00:12,2025-03-04 14:00:12,false
10613,a6b96653-a62b-3d30-e070-bdb9c98cd5fb,72,1005,Deal 10613,lost,,,,,Course E - Specialist,Hybrid,E12,Demo expectation,REFERRAL,,,,,,,,,Communication: No Response,,facebook,cpc,campaign_03,,,2026-09-18 13:51:44,2026-09-23 16:51:44,2026-09-23 16:51:44,false
10614,a97c0644-239f-7c50-3afb-233e91968637,80,1002,Deal 10614,open,,,,,Course A - Foundation,Online,A10,,EARLYBIRD,,,,,,,,,,,homepage,organic,campaign_02,,,2026-08-11 08:18:43,2026-08-17 18:10:11,,false
10615,01e58ea3-21e5-8589-6699-42fe625a58c6,78,1004,Deal 10615,lost,,,,,Program G - Professional,Offline,G09,Demo expectation,,,,,,,,,,Trash: Không có nhu cầu,,email,newsletter,campaign_01,,,2026-04-15 19:38:46,2026-04-18 23:10:58,2026-04-18 23:10:58,false
10616,8e3698e8-89de-7964-1d0c-518447d2151e,222,1002,Deal 10616,won,5000000,,,,Course B - Foundation,Offline,B03,,,,,,,,,,,,,,,,,,2025-05-09 07:38:11,2025-06-02 09:39:30,2025-06-02 09:39:30,false
10617,c0b42d73-67ff-1b9f-7442-7a1849a3be24,78,1002,Deal 10617,lost,,,,,Course A - Foundation,Offline,A02,Demo expectation,,,,,,,,,,Trash: Không có nhu cầu,,google,cpc,campaign_06,,,2025-03-25 06:42:39,2025-03-27 01:04:42,2025-03-27 01:04:42,false
10618,0d892ced-c1f3-1143-93ac-ceb88ab5a799,72,1005,Deal 10618,lost,,,,,Course C - Advanced,Hybrid,C06,Demo expectation,EARLYBIRD,,,,,,,,,Budget: Giá quá cao,,facebook,fanpage,campaign_11,,,2025-10-24 23:38:10,2025-10-29 03:38:10,2025-10-29 03:38:10,false
10619,314a9ace-4677-4ddc-aad4-14ad0577f0c3,77,1004,Deal 10619,lost,,,,,Program G - Professional,Hybrid,G10,,,,,,,,,,,Communication: Invalid Contact,,facebook,cpc,campaign_11,,,2026-06-02 10:52:59,2026-06-07 15:52:59,2026-06-07 15:52:59,false
10620,4fa3baf6-48f3-68ba-2697-64976cfb6acc,224,1003,Deal 10620,won,18000000,,,,Program G - Professional,Online,G08,Demo expectation,,,,,,,,,,,,inbox,inbox,campaign_08,,,2026-02-14 05:12:52,2026-03-08 09:48:38,2026-03-08 09:48:38,false
10621,d50653a9-8c23-a9b5-48c1-e321fbb7c395,77,1002,Deal 10621,open,,,,,Course C - Advanced,Hybrid,C05,,,,,,,,,,,,,facebook,cpc,campaign_06,,,2025-09-16 12:49:51,2025-09-16 12:49:51,,false
10622,2ae06f26-4fca-946a-6c6a-58e9c564956a,77,1004,Deal 10622,lost,,,,,Course D - Advanced,Offline,D07,Demo expectation,,,,,,,,,,Communication: Not Connected: Không liên hệ được,,facebook,cpc,campaign_10,,,2025-12-19 11:16:42,2025-12-21 17:16:42,2025-12-21 17:16:42,false
10623,ee7385d8-6c75-a765-3a31-4e67b5982577,77,1001,Deal 10623,lost,,,,,Course D - Advanced,Online,D02,,EARLYBIRD,,,,,,,,,Trash: Không có nhu cầu,,,,,,,2025-02-10 07:45:07,2025-02-13 11:45:07,2025-02-13 11:45:07,false
10624,4299b351-99b3-568d-6dcc-9c609e35836f,80,1002,Deal 10624,lost,,,,,Course B - Foundation,Online,,Demo expectation,REFERRAL,,,,,,,,,Budget: Not willing to pay,,,,,,,2025-07-09 08:24:21,2025-07-27 06:32:51,2025-07-27 06:32:51,false
10625,0a707ba8-df9a-09f5-7643-5b4e1508faec,224,1004,Deal 10625,won,3825000.0,,,,Course A - Foundation,Online,,Demo expectation,REFERRAL,,,,,,,,,,,facebook,fanpage,campaign_06,,,2025-12-09 08:09:15,2026-01-09 13:51:10,2026-01-09 13:51:10,false
10626,3459a938-3efe-4d6b-ca64-fd8165daf73e,77,1003,Deal 10626,lost,,,,,Course E - Specialist,Hybrid,E04,,,,,,,,,,,Trash: Không có nhu cầu,,facebook,cpc,campaign_08,,,2025-06-15 21:36:15,2025-06-19 22:36:15,2025-06-19 22:36:15,false
10627,31646c14-f1a0-051f-0aca-e683f0582911,78,1004,Deal 10627,lost,,,,,Course D - Advanced,Online,D10,Demo expectation,,,,,,,,,,Communication: Not Connected: Không liên hệ được,,zalo,oa,campaign_11,,,2026-06-04 21:22:31,2026-06-05 11:04:38,2026-06-05 11:04:38,false
10628,6e1a1e1b-ed1d-defa-5c4f-c55ebf715a28,224,1004,Deal 10628,won,5000000,,,,Course B - Foundation,Online,B06,Demo expectation,,,,,,,,,,,,facebook,fanpage,campaign_11,,,2025-11-26 04:12:32,2026-01-12 21:08:10,2026-01-12 21:08:10,false
10629,5c3bc3e5-c9c5-2567-9b62-2c0a53982922,72,1005,Deal 10629,lost,,,,,Course F - Short course,Offline,,Demo expectation,EARLYBIRD,,,,,,,,,Budget: Giá quá cao,,facebook,fanpage,campaign_01,,,2025-07-31 16:19:32,2025-08-05 00:19:32,2025-08-05 00:19:32,false
10630,92eef5bb-16b3-bada-122f-0f9481d2645b,224,1001,Deal 10630,won,5000000,,,,Course B - Foundation,Online,B07,,REFERRAL,,,,,,,,,,,inbox,inbox,campaign_08,,,2026-01-02 08:58:05,2026-01-27 18:14:28,2026-01-27 18:14:28,false
10631,be07d0c9-7154-5572-7aac-3fd3bc376bf5,77,1003,Deal 10631,lost,,,,,Course F - Short course,Offline,F03,Demo expectation,,,,,,,,,,Trash: Đăng ký trùng deal,,homepage,organic,campaign_09,,,2025-04-16 11:35:59,2025-04-20 19:35:59,2025-04-20 19:35:59,false
10632,7ee6990b-932d-6b2f-cfc0-426b843efe2f,224,1004,Deal 10632,won,9350000.0,,,,Combo: Course A + Course C,Hybrid,Course02,,EARLYBIRD,,,,,,,,,,,facebook,cpc,campaign_11,,,2025-04-04 12:01:08,2025-05-15 09:23:10,2025-05-15 09:23:10,false
10633,9603df79-eac5-0d4b-9902-fea3ae19e2b4,80,1003,Deal 10633,lost,,,,,Combo: Course A + Course C,Offline,Course07,Demo expectation,,,,,,,,,,Relevance: Use Case Misfit: Nhu cầu không đúng với sản phẩm,,facebook,cpc,campaign_04,,,2025-11-20 21:22:07,2025-12-01 22:14:13,2025-12-01 22:14:13,false
10634,f02a2956-b8b7-58b8-22d8-c08b52696eeb,80,1001,Deal 10634,lost,,,,,Course B - Foundation,Online,B11,Demo expectation,,,,,,,,,,Relevance: Not ICP fit,,google,cpc,campaign_08,,,2026-07-13 19:49:40,2026-08-05 17:06:37,2026-08-05 17:06:37,false
10635,56591909-309c-5b52-6424-90201bbd3427,78,1002,Deal 10635,lost,,,,,Course F - Short course,Offline,F02,,,,,,,,,,,Communication: Not Connected: Không liên hệ được,,facebook,cpc,campaign_06,,,2025-03-09 01:21:41,2025-03-13 21:52:28,2025-03-13 21:52:28,false
10636,59b3a79c-210e-7075-9e0f-93750717ec47,224,1001,Deal 10636,won,9900000.0,,,,Combo: Course A + Course C,Offline,Course03,,,,,,,,,,,,,facebook,cpc,campaign_02,,,2025-04-26 02:43:26,2025-06-06 12:59:17,2025-06-06 12:59:17,false
10637,16f4a6b5-a760-a7df-ce01-fa3fe2d8d2e6,74,1005,Deal 10637,open,,,,,Course E - Specialist,Online,E08,Demo expectation,EARLYBIRD,,,,,,,,,,,google,cpc,campaign_11,,,2026-02-17 23:17:57,2026-02-22 21:01:26,,false
10638,b222e140-e1b6-1b0d-490a-59444b0c0c53,77,1001,Deal 10638,lost,,,,,Course D - Advanced,Online,D02,Demo expectation,,,,,,,,,,Communication: Not Connected: Không liên hệ được,,,,,,,2025-03-03 12:04:23,2025-03-08 20:04:23,2025-03-08 20:04:23,false
10639,8e200724-7d13-7018-680b-ac63b856d035,224,1002,Deal 10639,won,5000000,,,,Course B - Foundation,Offline,B07,Demo expectation,EARLYBIRD,,,,,,,,,,,inbox,inbox,campaign_06,,,2025-12-05 21:32:47,2025-12-17 09:16:19,2025-12-17 09:16:19,false
10640,eefe1006-05fd-c6c5-d602-7e8297fe0542,79,1001,Deal 10640,lost,,,,,Combo: Course A + Course C,Online,Course02,Demo expectation,,,,,,,,,,Low engagement: Không còn nhu cầu học,,email,newsletter,campaign_08,,,2025-04-01 04:08:13,2025-04-16 20:10:22,2025-04-16 20:10:22,false
10641,40d0e9a7-2134-928b-a376-72abb786d4cd,77,1001,Deal 10641,lost,,,,,Combo: Course A + Course C,Offline,Course06,Demo expectation,EARLYBIRD,,,,,,,,,Communication: Not Connected: Không liên hệ được,,,,,,,2025-10-09 19:21:58,2025-10-13 22:21:58,2025-10-13 22:21:58,false
10642,afbd8d23-6292-1f81-9588-ff3c53ee8077,224,1003,Deal 10642,won,15300000.0,,,,Program G - Professional,Offline,,Demo expectation,REFERRAL,,,,,,,,,,,,,,,,2025-03-09 07:41:12,2025-03-30 06:47:58,2025-03-30 06:47:58,false
10643,b044db1b-a8db-e9a1-d857-ec6048f79726,78,1003,Deal 10643,lost,,,,,Course B - Foundation,Offline,B10,,EARLYBIRD,,,,,,,,,Trash: Không có nhu cầu,,,,,,,2026-06-22 12:31:36,2026-07-02 21:52:56,2026-07-02 21:52:56,false
10644,ec134367-2e97-4f7a-98f3-14cbba9a1998,224,1001,Deal 10644,won,2500000,,,,Course F - Short course,Online,F05,Demo expectation,,,,,,,,,,,,inbox,inbox,campaign_11,,,2025-08-01 00:46:12,2025-08-28 23:49:27,2025-08-28 23:49:27,false
10645,4279c1cc-67b8-0414-67b8-0731fe39fe8d,78,1001,Deal 10645,lost,,,,,Program G - Professional,Hybrid,G06,,,,,,,,,,,Communication: Not Connected: Không liên hệ được,,,,,,,2025-10-25 16:36:01,2025-11-01 10:10:49,2025-11-01 10:10:49,false
10646,0609ac3b-386b-8594-10e2-a69d80de1dbe,224,1003,Deal 10646,won,18000000,,,,Program G - Professional,Hybrid,G11,,REFERRAL,,,,,,,,,,,,,,,,2026-06-24 14:41:00,2026-07-28 06:44:06,2026-07-28 06:44:06,false
10647,2cac003c-f4f1-83e5-a259-2eb5090501a0,77,1003,Deal 10647,lost,,,,,Course F - Short course,Hybrid,F03,Demo expectation,REFERRAL,,,,,,,,,Communication: Not Connected: Không liên hệ được,,facebook,cpc,campaign_11,,,2025-03-30 16:12:17,2025-04-01 00:12:17,2025-04-01 00:12:17,false
10648,ff4c96d6-71f2-ce8f-b69f-68c3e60fd420,224,1001,Deal 10648,won,3825000.0,,,,Course A - Foundation,Offline,A08,Demo expectation,REFERRAL,,,,,,,,,,,facebook,cpc,campaign_12,,,2026-04-25 08:38:57,2026-05-30 06:13:34,2026-05-30 06:13:34,false
10649,6624f8ed-ed96-5f31-8bef-2ae1f87339cc,80,1002,Deal 10649,lost,,,,,Course D - Advanced,Hybrid,D09,Demo expectation,,,,,,,,,,Relevance: Not ICP fit,,facebook,cpc,campaign_09,,,2026-04-08 01:57:09,2026-04-24 10:45:12,2026-04-24 10:45:12,false
10650,ca9128fb-c094-8932-52cb-8f692182b518,75,1008,Deal 10650,lost,,,,,Course B - Foundation,Hybrid,B09,Demo expectation,,,,,,,,,,Budget: Giá quá cao,,facebook,cpc,campaign_04,,,2026-05-12 12:22:59,2026-05-20 13:06:53,2026-05-20 13:06:53,false
10651,49058e12-0277-f141-3240-ab1579a7e05a,73,1007,Deal 10651,open,,,,,Combo: Course A + Course C,Offline,,,,,,,,,,,,,,email,newsletter,campaign_06,,,2026-09-10 22:02:12,2026-09-13 23:27:32,,false
10652,21b74887-d3e3-ded4-69f9-ff4e08e42a16,91,1001,Deal 10652,lost,,,,,Course D - Advanced,Online,D06,Demo expectation,,,,,,,,,,Bad Timing: No Immediate Priority,,facebook,fanpage,campaign_01,,,2025-10-27 06:37:22,2025-11-11 14:21:11,2025-11-11 14:21:11,false
10653,faae7f71-0be2-3972-5d2d-b4f932978c7d,77,1003,Deal 10653,lost,,,,,Course E - Specialist,Offline,E03,,EARLYBIRD,,,,,,,,,Communication: Not Connected: Không liên hệ được,,blog,organic,campaign_05,,,2025-04-06 21:49:36,2025-04-06 23:49:36,2025-04-06 23:49:36,false
10654,02e78484-15c7-8ccb-7bf8-0355e949e29c,77,1002,Deal 10654,lost,,,,,Course C - Advanced,Hybrid,C08,,EARLYBIRD,,,,,,,,,Communication: Invalid Contact,,,,,,,2026-02-13 22:14:44,2026-02-19 03:14:44,2026-02-19 03:14:44,false
10655,b3e6922d-a504-4925-fffc-ff637bf3f8f5,92,1001,Deal 10655,lost,,,,,Course C - Advanced,Online,,,REFERRAL,,,,,,,,,Budget: Giá quá cao,,zalo,oa,campaign_10,,,2025-08-22 19:55:32,2025-09-20 20:49:51,2025-09-20 20:49:51,false
10656,e8dab4dc-cecb-e1f1-f655-1ac63879b941,76,1007,Deal 10656,won,2500000,,,,Course F - Short course,Online,F07,Demo expectation,REFERRAL,,,,,,,,,,,,,,,,2025-12-31 06:39:02,2026-01-08 19:56:42,2026-01-08 19:56:42,false
10657,6399839f-cc0e-8c1b-6ecf-f11d954498b4,78,1004,Deal 10657,lost,,,,,Course A - Foundation,Offline,,Demo expectation,,,,,,,,,,Communication: Not Connected: Không liên hệ được,,homepage,organic,campaign_10,,,2025-06-20 09:21:25,2025-06-27 21:03:58,2025-06-27 21:03:58,false
10658,b9c2d65b-6c5a-aa25-c5ab-b318d1c46141,224,1003,Deal 10658,won,9900000.0,,,,Combo: Course A + Course C,Online,Course06,,,,,,,,,,,,,facebook,cpc,campaign_10,,,2025-11-13 09:12:45,2025-12-21 07:01:55,2025-12-21 07:01:55,false
10659,c59de4aa-b5ed-7ce8-2ddf-26751235d52e,224,1004,Deal 10659,won,4050000.0,,,,Course A - Foundation,Online,A06,,,,,,,,,,,,,email,newsletter,campaign_09,,,2025-12-09 23:03:38,2026-01-09 04:57:02,2026-01-09 04:57:02,false
10660,8029d633-5b95-59d0-2887-4d02fb5435ba,222,1002,Deal 10660,won,8075000.0,,,,Course E - Specialist,Online,,Demo expectation,,,,,,,,,,,,facebook,cpc,campaign_08,,,2025-05-06 15:31:34,2025-05-25 10:09:04,2025-05-25 10:09:04,false
10661,c5a435cb-05c2-08e0-eb05-6b48ea90f648,92,1002,Deal 10661,lost,,,,,Course D - Advanced,Offline,D02,Demo expectation,EARLYBIRD,,,,,,,,,Choose Competitor: Không học online,,facebook,cpc,campaign_05,,,2025-01-30 11:53:48,2025-02-20 05:03:27,2025-02-20 05:03:27,false
10662,75896aab-597d-887e-446b-e3b3875bd28d,77,1002,Deal 10662,lost,,,,,Combo: Course A + Course C,Online,,,,,,,,,,,,Trash: Đăng ký trùng deal,,,,,,,2025-08-04 18:59:50,2025-08-08 21:59:50,2025-08-08 21:59:50,false
10663,27a351ff-abf8-106d-a63f-50afe0163b1c,76,1008,Deal 10663,won,4500000,,,,Course A - Foundation,Online,,Demo expectation,REFERRAL,,,,,,,,,,,facebook,fanpage,campaign_09,,,2025-10-15 11:31:19,2025-10-27 11:55:14,2025-10-27 11:55:14,false
10664,8d4e46c5-4409-10e2-9bf0-72e7fab87bb6,77,1002,Deal 10664,lost,,,,,Course B - Foundation,Offline,B11,Demo expectation,,,,,,,,,,Communication: Invalid Contact,,facebook,fanpage,campaign_03,,,2026-08-07 03:56:53,2026-08-10 05:56:53,2026-08-10 05:56:53,false
10665,3b38102b-7bdf-1546-e4a8-844f7d94a6ce,91,1003,Deal 10665,lost,,,,,Combo: Course A + Course C,Online,Course08,,EARLYBIRD,,,,,,,,,Bad Timing: Không sắp xếp được thời gian học,,email,newsletter,campaign_01,,,2026-02-27 06:56:49,2026-03-22 06:31:17,2026-03-22 06:31:17,false
10666,9e6b42d2-a453-cfdc-86d9-5abd044b6c42,76,1008,Deal 10666,won,7500000,,,,Course C - Advanced,Online,,Demo expectation,REFERRAL,,,,,,,,,,,facebook,cpc,campaign_10,,,2026-02-05 21:47:53,2026-03-02 12:49:28,2026-03-02 12:49:28,false
10667,d353db1c-3d59-6f7b-3377-4ed1b039ba0d,78,1002,Deal 10667,open,,,,,Course B - Foundation,Hybrid,B12,,,,,,,,,,,,,facebook,cpc,campaign_06,,,2026-09-13 13:37:25,2026-09-17 03:32:47,,false
10668,2db74239-6996-bc94-1dc1-3d332b15a22c,80,1002,Deal 10668,lost,,,,,Course F - Short course,Offline,,Demo expectation,EARLYBIRD,,,,,,,,,Relevance: Not ICP fit,,facebook,cpc,campaign_08,,,2026-05-07 23:55:31,2026-05-23 12:29:28,2026-05-23 12:29:28,false
10669,6cc0067f-141f-746e-fb29-ff362155fba8,91,1004,Deal 10669,lost,,,,,Course B - Foundation,Hybrid,B07,Demo expectation,EARLYBIRD,,,,,,,,,Bad Timing: No Immediate Priority,,homepage,organic,campaign_04,,,2025-12-20 01:29:14,2026-01-02 09:02:07,2026-01-02 09:02:07,false
10670,95e8a0a0-1bb3-59e4-ec5b-9ce61525d26e,224,1004,Deal 10670,won,5000000,,,,Course B - Foundation,Online,B04,,,,,,,,,,,,,google,cpc,campaign_11,,,2025-05-23 17:50:07,2025-07-01 14:39:10,2025-07-01 14:39:10,false
10671,d34e5d4a-e4a0-e5ff-90a3-e4be91caf414,224,1004,Deal 10671,won,5000000,,,,Course B - Foundation,Hybrid,B08,,,,,,,,,,,,,facebook,cpc,campaign_06,,,2026-02-25 15:35:22,2026-03-25 14:59:51,2026-03-25 14:59:51,false
10672,d1d50a53-d035-dd19-3cad-34019c00cb52,224,1002,Deal 10672,won,6375000.0,,,,Course C - Advanced,Offline,C10,Demo expectation,REFERRAL,,,,,,,,,,,email,newsletter,campaign_10,,,2026-06-17 23:12:16,2026-07-13 19:09:29,2026-07-13 19:09:29,false
10673,1ddea07d-651a-6277-017f-319f04961795,78,1002,Deal 10673,lost,,,,,Course D - Advanced,Offline,D06,,,,,,,,,,,Sales Process: Sales không follow-up khách,,homepage,organic,campaign_12,,,2025-10-09 06:55:55,2025-10-13 00:08:43,2025-10-13 00:08:43,false
10674,216aebcf-a616-dde4-b388-300a3e20718a,91,1001,Deal 10674,lost,,,,,Combo: Course A + Course C,Hybrid,Course04,,REFERRAL,,,,,,,,,Bad Timing: No Immediate Priority,,facebook,cpc,campaign_05,,,2025-06-04 01:19:09,2025-06-17 22:33:12,2025-06-17 22:33:12,false
10675,0f82157a-82ca-2598-a3bb-9331df5181bc,78,1003,Deal 10675,lost,,,,,Course B - Foundation,Offline,,,,,,,,,,,,Sales Process: Sales không follow-up khách,,google,cpc,campaign_05,,,2026-02-01 15:47:24,2026-02-09 16:54:09,2026-02-09 16:54:09,false
10676,33173470-38f1-6a81-787f-2425dbccc477,79,1002,Deal 10676,lost,,,,,Course F - Short course,Online,F04,Demo expectation,EARLYBIRD,,,,,,,,,Budget: Giá quá cao,,facebook,cpc,campaign_03,,,2025-07-06 20:52:01,2025-07-18 20:22:52,2025-07-18 20:22:52,false
10677,27340be8-e609-2042-eb5f-89447aa83419,222,1004,Deal 10677,won,2500000,,,,Course F - Short course,Offline,,,,,,,,,,,,,,zalo,oa,campaign_06,,,2026-05-06 02:54:37,2026-05-21 10:48:55,2026-05-21 10:48:55,false
10678,14b3f352-6d6a-53cb-2f99-180750a2c011,79,1001,Deal 10678,lost,,,Cựu học viên,,Course A - Foundation,Online,A10,,REFERRAL,,,,,,,,,Bad Timing: Không sắp xếp được thời gian học,,blog,organic,campaign_01,,,2026-08-13 11:05:45,2026-08-21 10:16:02,2026-08-21 10:16:02,false
10679,ef1920da-0a5f-cede-7a23-c1bc8d361929,224,1003,Deal 10679,won,3825000.0,,,,Course A - Foundation,Online,A03,Demo expectation,,,,,,,,,,,,email,newsletter,campaign_10,,,2025-06-09 12:04:35,2025-07-18 03:38:58,2025-07-18 03:38:58,false
10680,6fb78271-504d-281f-c953-5b63ba81edd9,224,1004,Deal 10680,won,9900000.0,,,,Combo: Course A + Course C,Online,Course08,Demo expectation,REFERRAL,,,,,,,,,,,,,,,,2026-02-26 08:24:09,2026-03-16 02:11:17,2026-03-16 02:11:17,false
10681,3477e35b-22e8-0727-2939-7928a20bd299,224,1002,Deal 10681,won,9500000,,,,Course E - Specialist,Offline,,Demo expectation,,,,,,,,,,,,facebook,cpc,campaign_08,,,2026-01-19 02:33:37,2026-02-09 11:48:10,2026-02-09 11:48:10,false
10682,c78af9dc-251c-8c20-f3bc-1432bf2f97f3,224,1003,Deal 10682,won,4500000,,,,Course A - Foundation,Hybrid,,Demo expectation,,,,,,,,,,,,google,cpc,campaign_03,,,2025-01-04 10:24:48,2025-01-28 17:58:32,2025-01-28 17:58:32,false
10683,c556f034-b177-3184-a3d2-e30b26994648,78,1001,Deal 10683,lost,,,,,Course A - Foundation,Hybrid,A04,,,,,,,,,,,Communication: Not Connected: Không liên hệ được,,,,,,,2025-07-26 05:04:25,2025-08-05 14:37:33,2025-08-05 14:37:33,false
10684,4a5d95a7-df0b-1449-4559-620034111701,79,1003,Deal 10684,lost,,,,,Course E - Specialist,Offline,,,,,,,,,,,,Communication: Ghosted After Demo/Call,,google,cpc,campaign_09,,,2025-07-14 22:24:32,2025-07-22 02:16:54,2025-07-22 02:16:54,false
10685,dfefe149-c93e-1531-a87a-90a75e1e57ee,222,1004,Deal 10685,won,18000000,,,,Program G - Professional,Online,G08,,EARLYBIRD,,,,,,,,,,,blog,organic,campaign_04,,,2026-01-22 16:50:00,2026-02-11 02:29:12,2026-02-11 02:29:12,false
10686,9f49e457-2a25-09c0-736f-bac9eece65eb,224,1004,Deal 10686,won,8075000.0,,,,Course E - Specialist,Hybrid,E06,,REFERRAL,,,,,,,,,,,email,newsletter,campaign_03,,,2025-10-14 12:45:50,2025-11-03 14:07:05,2025-11-03 14:07:05,false
10687,4f434331-01b8-e5c6-d8bc-6e12d97db059,78,1001,Deal 10687,lost,,,,,Course A - Foundation,Hybrid,A08,Demo expectation,,,,,,,,,,Sales Process: Sales không follow-up khách,,,,,,,2026-04-23 08:32:52,2026-05-04 10:11:47,2026-05-04 10:11:47,false
10688,f6c225d2-3555-f415-f3ec-9d12783935b3,76,1005,Deal 10688,won,2500000,,,,Course F - Short course,Offline,F05,,,,,,,,,,,,,email,newsletter,campaign_08,,,2025-07-13 17:11:25,2025-08-17 23:47:51,2025-08-17 23:47:51,false
10689,76d96b12-1443-3a8e-ed5a-cddc8b7080c2,224,1004,Deal 10689,won,7500000,,,,Course C - Advanced,Hybrid,C09,Demo expectation,REFERRAL,,,,,,,,,,,facebook,cpc,campaign_08,,,2026-04-27 07:33:43,2026-06-18 00:15:33,2026-06-18 00:15:33,false
10690,1c5f3cba-150d-28eb-9368-3dd65050127e,224,1004,Deal 10690,won,8550000.0,,,,Course E - Specialist,Hybrid,E12,,,,,,,,,,,,,facebook,cpc,campaign_11,,,2026-09-27 02:08:50,2026-09-27 12:00:00,2026-09-27 12:00:00,false
10691,363d75f1-89ba-b9c8-bd71-7da33581a632,224,1004,Deal 10691,won,3825000.0,,,,Course A - Foundation,Hybrid,,Demo expectation,,,,,,,,,,,,facebook,cpc,campaign_02,,,2025-03-01 19:45:54,2025-03-26 08:31:13,2025-03-26 08:31:13,false
10692,683164ff-4b9a-44b6-5510-c77aa4dda659,224,1002,Deal 10692,won,2500000,,,,Course F - Short course,Online,,Demo expectation,,,,,,,,,,,,facebook,cpc,campaign_12,,,2026-07-28 03:32:59,2026-08-26 18:59:02,2026-08-26 18:59:02,false
10693,2482e8d1-03d3-3907-ce02-8d6018ef9a28,79,1001,Deal 10693,lost,,,,,Combo: Course A + Course C,Online,Course07,Demo expectation,,,,,,,,,,Budget: Giá quá cao,,facebook,cpc,campaign_06,,,2025-12-17 20:34:07,2025-12-26 23:27:36,2025-12-26 23:27:36,false
10694,f5bf829e-4c2f-3dec-f723-f78f855ad5d5,76,1006,Deal 10694,won,4050000.0,,,,Course A - Foundation,Hybrid,A04,Demo expectation,REFERRAL,,,,,,,,,,,,,,,,2025-07-08 11:37:09,2025-07-16 02:29:40,2025-07-16 02:29:40,false
10695,e9ca8e13-0aba-10ff-fd16-e3c1fc98036a,77,1004,Deal 10695,lost,,,,,Course C - Advanced,Offline,C09,Demo expectation,REFERRAL,,,,,,,,,Communication: Invalid Contact,,email,newsletter,campaign_04,,,2026-05-09 23:08:34,2026-05-14 01:08:34,2026-05-14 01:08:34,false
10696,5c4febf6-a490-2e72-bca0-cdb407f800a2,224,1002,Deal 10696,won,9350000.0,,,,Combo: Course A + Course C,Offline,,Demo expectation,,,,,,,,,,,,,,,,,2026-02-22 21:59:58,2026-03-19 19:57:13,2026-03-19 19:57:13,false
10697,c90b9454-50d3-802d-b876-a45588b3152d,77,1004,Deal 10697,lost,,,,,Course A - Foundation,Online,A05,,,,,,,,,,,Communication: Not Connected: Không liên hệ được,,,,,,,2025-10-16 17:56:09,2025-10-22 01:56:09,2025-10-22 01:56:09,false
10698,04b43910-fc16-16b1-46bb-08ea8a21ab25,77,1004,Deal 10698,lost,,,,,Course A - Foundation,Offline,A02,,EARLYBIRD,,,,,,,,,Trash: Đăng ký trùng deal,,facebook,cpc,campaign_01,,,2025-02-24 13:27:55,2025-02-25 19:27:55,2025-02-25 19:27:55,false
10699,f334685d-b6ad-478c-3e06-f427a832a228,92,1004,Deal 10699,lost,,,,,Course B - Foundation,Offline,B09,Demo expectation,REFERRAL,,,,,,,,,Budget: Giá quá cao,,,,,,,2026-05-02 19:13:40,2026-05-16 05:07:07,2026-05-16 05:07:07,false
10700,feefe7f1-332c-d778-0621-e9e237325a7f,77,1004,Deal 10700,lost,,,,,Course C - Advanced,Online,C02,,,,,,,,,,,Trash: Không có nhu cầu,,,,,,,2025-04-01 15:02:58,2025-04-03 16:02:58,2025-04-03 16:02:58,false
10701,9543431c-a64d-2f1c-66ea-359ebcac6209,224,1002,Deal 10701,won,4500000,,,,Course A - Foundation,Online,A03,Demo expectation,,,,,,,,,,,,facebook,cpc,campaign_12,,,2025-05-01 23:11:16,2025-05-28 11:39:07,2025-05-28 11:39:07,false
10702,518d38f8-6904-1328-871c-db5df728a97a,77,1002,Deal 10702,lost,,,,,Course A - Foundation,Hybrid,A04,,,,,,,,,,,Communication: Invalid Contact,,,,,,,2025-07-23 12:29:12,2025-07-27 13:29:12,2025-07-27 13:29:12,false
10703,32cb28ba-6ddd-5c02-d213-7565aa94a1d4,73,1006,Deal 10703,lost,,,,,Combo: Course A + Course C,Online,Course09,,,,,,,,,,,Bad Timing: No Immediate Priority,,,,,,,2026-04-26 03:59:18,2026-05-02 21:43:20,2026-05-02 21:43:20,false
10704,81f15677-b108-fffa-37f0-67e3a8b4fd7d,224,1001,Deal 10704,won,18000000,,,,Program G - Professional,Online,G09,,EARLYBIRD,,,,,,,,,,,google,cpc,campaign_12,,,2026-02-28 16:52:56,2026-03-26 13:24:02,2026-03-26 13:24:02,false
10705,5afb930c-933e-31c6-ce3c-b5edb648ca59,76,1005,Deal 10705,won,7200000.0,,,,Course D - Advanced,Hybrid,D03,,,,,,,,,,,,,email,newsletter,campaign_06,,,2025-04-04 10:21:20,2025-04-16 14:45:19,2025-04-16 14:45:19,false
10706,78a118df-0088-ca76-0d25-c8d0fde90c2d,91,1001,Deal 10706,lost,,,,,Course B - Foundation,Online,B07,,EARLYBIRD,,,,,,,,,Bad Timing: Không sắp xếp được thời gian học,,,,,,,2025-12-20 06:55:35,2026-01-11 23:45:56,2026-01-11 23:45:56,false
10707,59e4b671-4774-bc58-c5f8-bc16f7860b50,224,1004,Deal 10707,won,4500000.0,,,,Course B - Foundation,Offline,B09,Demo expectation,REFERRAL,,,,,,,,,,,facebook,cpc,campaign_02,,,2026-05-10 00:35:49,2026-05-31 18:34:57,2026-05-31 18:34:57,false
10708,10bbc60d-07bf-63ee-7ccd-3dc0740a5bed,224,1003,Deal 10708,won,8075000.0,,Cựu học viên,,Course E - Specialist,Hybrid,E10,Demo expectation,REFERRAL,,,,,,,,,,,,,,,,2026-05-14 00:25:39,2026-06-09 12:45:35,2026-06-09 12:45:35,false
10709,470c3863-15aa-1ab2-0cbc-946dc8eedd25,224,1002,Deal 10709,won,2125000.0,,,,Course F - Short course,Hybrid,,Demo expectation,,,,,,,,,,,,,,,,,2026-06-05 00:42:49,2026-07-23 10:25:22,2026-07-23 10:25:22,false
10710,5b76b287-f998-d44f-c7ff-eb5bda73f900,76,1008,Deal 10710,won,4250000.0,,,,Course B - Foundation,Hybrid,B02,,EARLYBIRD,,,,,,,,,,,facebook,fanpage,campaign_02,,,2025-01-19 19:42:50,2025-02-16 13:36:15,2025-02-16 13:36:15,false
10711,2fabe638-2ad9-5bc4-2901-6ef31e161cb2,80,1001,Deal 10711,lost,,,,,Course E - Specialist,Hybrid,,,,,,,,,,,,Relevance: Use Case Misfit: Nhu cầu không đúng với sản phẩm,,email,newsletter,campaign_11,,,2025-08-18 14:45:51,2025-09-03 02:29:08,2025-09-03 02:29:08,false
10712,9ea87552-c475-66bf-8f66-0bbd54fc286f,92,1003,Deal 10712,open,,,,,Combo: Course A + Course C,Online,Course12,Demo expectation,REFERRAL,,,,,,,,,,,facebook,cpc,campaign_12,,,2026-09-23 10:13:21,2026-09-27 11:00:00,,false
10713,c56c610d-a3e7-6468-62b6-c58122ac0bed,77,1002,Deal 10713,lost,,,,,Combo: Course A + Course C,Offline,Course06,,,,,,,,,,,Trash: Đăng ký trùng deal,,facebook,cpc,campaign_02,,,2025-09-26 15:19:16,2025-10-01 21:19:16,2025-10-01 21:19:16,false
10714,bfcbdd99-70f4-d484-2946-7638e7355bf2,224,1001,Deal 10714,won,2500000,,,,Course F - Short course,Hybrid,F11,Demo expectation,REFERRAL,,,,,,,,,,,facebook,cpc,campaign_12,,,2026-06-29 00:58:19,2026-08-02 04:25:53,2026-08-02 04:25:53,false
10715,3ff6579e-8cd4-b90a-bf82-11bc8e52fc42,79,1002,Deal 10715,lost,,,,,Course E - Specialist,Online,E04,Demo expectation,,,,,,,,,,Bad Timing: Không sắp xếp được thời gian học,,facebook,fanpage,campaign_01,,,2025-05-14 15:37:48,2025-05-20 16:43:44,2025-05-20 16:43:44,false
10716,92071602-161c-d674-2978-868d062c0692,77,1004,Deal 10716,lost,,,,,Course B - Foundation,Hybrid,B11,Demo expectation,,,,,,,,,,Communication: Invalid Contact,,zalo,oa,campaign_07,,,2026-08-04 14:25:34,2026-08-06 19:25:34,2026-08-06 19:25:34,false
10717,ba26519b-2387-f287-0091-d90c51840bab,224,1001,Deal 10717,won,8000000,,,,Course D - Advanced,Online,D02,,,,,,,,,,,,,google,cpc,campaign_03,,,2025-02-14 11:31:33,2025-03-11 09:19:37,2025-03-11 09:19:37,false
10718,2999bbef-518b-2f21-9cf2-0859ee6e2e72,77,1001,Deal 10718,lost,,,,,Course E - Specialist,Online,E10,Demo expectation,,,,,,,,,,Trash: Đăng ký trùng deal,,facebook,cpc,campaign_04,,,2026-06-18 17:34:38,2026-06-20 20:34:38,2026-06-20 20:34:38,false
10719,af5db99c-85f3-cb12-4a4a-5612243a7f53,224,1002,Deal 10719,won,5000000,,,,Course B - Foundation,Offline,B06,Demo expectation,EARLYBIRD,,,,,,,,,,,blog,organic,campaign_05,,,2025-10-31 16:23:41,2025-11-27 06:45:09,2025-11-27 06:45:09,false
10720,4184d045-c4c1-e376-89ab-0b0eb04a6c09,79,1003,Deal 10720,lost,,,,,Course B - Foundation,Offline,B07,Demo expectation,EARLYBIRD,,,,,,,,,Communication: Ghosted After Demo/Call,,facebook,cpc,campaign_02,,,2025-12-04 02:59:26,2025-12-07 06:19:43,2025-12-07 06:19:43,false
10721,c5a1faa6-9a9e-b406-d591-01cef18f2155,78,1001,Deal 10721,open,,,,,Program G - Professional,Offline,G12,Demo expectation,,,,,,,,,,,,email,newsletter,campaign_01,,,2026-09-27 11:00:00,2026-09-27 11:00:00,,false
10722,7108f569-108d-6ac7-5bac-a4390963c291,224,1004,Deal 10722,won,8000000,,,,Course D - Advanced,Online,D08,Demo expectation,,,,,,,,,,,,facebook,fanpage,campaign_07,,,2026-02-26 16:57:10,2026-04-04 09:06:23,2026-04-04 09:06:23,false
10723,5cf90400-c53f-777f-51c4-6d6e4764a956,76,1005,Deal 10723,won,6375000.0,,Cựu học viên,,Course C - Advanced,Online,,,,,,,,,,,,,,facebook,cpc,campaign_09,,,2025-08-16 06:08:48,2025-09-03 08:50:51,2025-09-03 08:50:51,false
10724,c81ee77d-34b8-c32c-b8e0-96ef3d3ac0ba,79,1004,Deal 10724,lost,,,,,Course D - Advanced,Offline,D05,,EARLYBIRD,,,,,,,,,Communication: Ghosted After Demo/Call,,facebook,cpc,campaign_02,,,2025-08-12 09:21:39,2025-08-23 14:51:33,2025-08-23 14:51:33,false
10725,688e8d5d-5185-6418-fef4-4a33ae78dd3f,72,1007,Deal 10725,open,,,,,Course B - Foundation,Online,B12,Demo expectation,,,,,,,,,,,,google,cpc,campaign_04,,,2026-09-15 10:41:16,2026-09-15 10:41:16,,false
10726,c3ad6ffd-b447-9e70-6e4a-e0717da5b648,224,1002,Deal 10726,won,9900000.0,,,,Combo: Course A + Course C,Offline,Course07,,EARLYBIRD,,,,,,,,,,,blog,organic,campaign_05,,,2026-01-11 10:18:56,2026-01-24 13:38:29,2026-01-24 13:38:29,false
10727,0facc51f-b5ca-7315-bd18-5220cf9e18eb,77,1003,Deal 10727,lost,,,,,Course B - Foundation,Offline,,,,,,,,,,,,Trash: Đăng ký trùng deal,,facebook,cpc,campaign_02,,,2025-06-13 08:59:05,2025-06-13 09:59:05,2025-06-13 09:59:05,false
10728,ee5eccf7-df49-24f2-817b-676756e80e7e,78,1004,Deal 10728,lost,,,,,Course B - Foundation,Offline,B04,Demo expectation,REFERRAL,,,,,,,,,Communication: Not Connected: Không liên hệ được,,zalo,oa,campaign_04,,,2025-07-18 07:25:37,2025-07-21 05:22:49,2025-07-21 05:22:49,false
10729,88964456-b344-dde4-bcac-44263ad0190f,77,1003,Deal 10729,lost,,,,,Course D - Advanced,Online,D02,Demo expectation,,,,,,,,,,Trash: Không có nhu cầu,,facebook,cpc,campaign_01,,,2025-01-23 16:26:13,2025-01-23 17:26:13,2025-01-23 17:26:13,false
10730,8c7dacfa-13de-a87a-8c6a-b706cc6606e7,78,1002,Deal 10730,lost,,,,,Course C - Advanced,Online,,,,,,,,,,,,Communication: Not Connected: Không liên hệ được,,facebook,cpc,campaign_05,,,2025-05-22 10:32:55,2025-05-28 07:50:38,2025-05-28 07:50:38,false
10731,ca127556-f5cc-a86b-92e9-2aa7f7b8a5e4,77,1004,Deal 10731,lost,,,,,Course D - Advanced,Hybrid,D08,,,,,,,,,,,Communication: Not Connected: Không liên hệ được,,zalo,oa,campaign_11,,,2026-01-22 01:24:37,2026-01-27 08:24:37,2026-01-27 08:24:37,false
10732,30591fbc-2d15-94cb-dcc3-1cb2d0cb079f,224,1002,Deal 10732,won,9500000,,,,Course E - Specialist,Offline,E08,Demo expectation,,,,,,,,,,,,,,,,,2026-02-14 07:41:16,2026-03-13 13:25:19,2026-03-13 13:25:19,false
10733,61604bd6-bcff-e03f-3edb-4050fd880bfa,224,1001,Deal 10733,won,5000000,,,,Course B - Foundation,Online,B08,Demo expectation,,,,,,,,,,,,homepage,organic,campaign_09,,,2026-02-20 21:41:16,2026-04-12 23:35:51,2026-04-12 23:35:51,false
10734,eb0f827c-e82a-3879-f2b5-a7ea2a35ce30,77,1001,Deal 10734,lost,,,,,Combo: Course A + Course C,Offline,Course06,Demo expectation,,,,,,,,,,Communication: Not Connected: Không liên hệ được,,facebook,cpc,campaign_12,,,2025-11-19 23:27:04,2025-11-24 01:27:04,2025-11-24 01:27:04,false
10735,f3e62704-4408-7b43-9eea-d5def5b5777f,80,1003,Deal 10735,lost,,,,,Program G - Professional,Offline,G06,Demo expectation,REFERRAL,,,,,,,,,Relevance: Use Case Misfit: Nhu cầu không đúng với sản phẩm,,,,,,,2025-09-25 18:44:29,2025-10-03 04:22:45,2025-10-03 04:22:45,false
10736,77d468ea-e0bd-d765-56d4-4952ee29e80e,91,1001,Deal 10736,lost,,,,,Course B - Foundation,Offline,B10,,,,,,,,,,,Bad Timing: Không sắp xếp được thời gian học,,zalo,oa,campaign_12,,,2026-06-08 08:20:39,2026-07-10 17:24:52,2026-07-10 17:24:52,false
10737,0f962dde-4b1b-e774-9519-fd53586126fe,80,1004,Deal 10737,lost,,,,,Course D - Advanced,Offline,D08,Demo expectation,,,,,,,,,,Choose Competitor: Đã đi học bên khác,,facebook,cpc,campaign_09,,,2026-02-12 11:23:21,2026-02-24 23:48:00,2026-02-24 23:48:00,false
10738,dcebbf94-f2f1-feb0-f50f-64a5971965f5,78,1001,Deal 10738,lost,,,,,Course B - Foundation,Hybrid,B02,Demo expectation,EARLYBIRD,,,,,,,,,Sales Process: Sales không follow-up khách,,facebook,fanpage,campaign_02,,,2025-03-24 15:59:37,2025-03-28 05:05:08,2025-03-28 05:05:08,false
10739,948c7eb4-1cf8-570b-5e5b-2ad8b4732eb6,224,1004,Deal 10739,won,11000000,,,,Combo: Course A + Course C,Hybrid,Course01,Demo expectation,,,,,,,,,,,,inbox,inbox,campaign_11,,,2025-01-09 19:02:57,2025-01-31 09:52:57,2025-01-31 09:52:57,false
10740,126c4e50-dd4f-4af2-8bec-b8cc917bc866,222,1004,Deal 10740,won,2125000.0,,,,Course F - Short course,Offline,F05,,,,,,,,,,,,,facebook,fanpage,campaign_04,,,2025-07-18 21:36:37,2025-08-18 04:07:54,2025-08-18 04:07:54,false
10741,0599e1f2-ccd3-654c-b68b-bbc673c66188,219,1002,Deal 10741,lost,,,,,Course C - Advanced,Hybrid,C07,,,,,,,,,,,Bad Timing: No Immediate Priority,,facebook,cpc,campaign_02,,,2026-01-03 17:13:41,2026-01-30 17:56:17,2026-01-30 17:56:17,false
10742,a5f62181-8c1a-6477-dd0d-3739c553bb6d,77,1001,Deal 10742,lost,,,,,Course A - Foundation,Offline,A06,Demo expectation,,,,,,,,,,Trash: Không có nhu cầu,,email,newsletter,campaign_08,,,2025-12-25 18:36:05,2025-12-29 21:36:05,2025-12-29 21:36:05,false
10743,c8b190e1-089a-9f4f-31da-e8174937b90f,224,1002,Deal 10743,won,16200000.0,,,,Program G - Professional,Hybrid,G02,,REFERRAL,,,,,,,,,,,facebook,cpc,campaign_01,,,2025-02-12 14:48:52,2025-03-07 12:15:39,2025-03-07 12:15:39,false
10744,ee0b683a-64dd-4384-b34f-21ca3bdec3f4,73,1006,Deal 10744,lost,,,,,Combo: Course A + Course C,Offline,Course10,,,,,,,,,,,Bad Timing: No Immediate Priority,,google,cpc,campaign_09,,,2026-05-18 13:10:52,2026-05-21 03:40:35,2026-05-21 03:40:35,false
10745,3312de73-c485-63a3-aeee-230223a10fdd,72,1008,Deal 10745,lost,,,,,Combo: Course A + Course C,Hybrid,Course08,,,,,,,,,,,Bad Timing: No Immediate Priority,,facebook,cpc,campaign_01,,,2026-02-15 13:30:54,2026-02-20 21:30:54,2026-02-20 21:30:54,false
10746,7168340b-f194-f3d4-c79e-eb8ef7993edc,222,1001,Deal 10746,won,11000000,,,,Combo: Course A + Course C,Hybrid,Course09,,,,,,,,,,,,,,,,,,2026-04-15 03:27:53,2026-05-16 23:23:29,2026-05-16 23:23:29,false
10747,518d38f8-6904-1328-871c-db5df728a97a,80,1004,Deal 10747,lost,,,Cựu học viên,,Course B - Foundation,Offline,B05,Demo expectation,,,,,,,,,,Relevance: Use Case Misfit: Nhu cầu không đúng với sản phẩm,,facebook,fanpage,campaign_12,,,2025-08-07 16:22:28,2025-08-21 06:56:04,2025-08-21 06:56:04,false
10748,2bacf712-d6a9-19e8-86d8-95e5219b606d,224,1001,Deal 10748,won,9500000,,,,Course E - Specialist,Offline,E03,,EARLYBIRD,,,,,,,,,,,blog,organic,campaign_07,,,2025-04-05 00:38:10,2025-05-04 17:07:56,2025-05-04 17:07:56,false
10749,071a8d53-63e0-7207-113c-b0099cff77c5,79,1001,Deal 10749,lost,,,,,Course B - Foundation,Hybrid,B04,,,,,,,,,,,Communication: No Response,,,,,,,2025-07-11 22:23:07,2025-07-24 00:24:51,2025-07-24 00:24:51,false
10750,a3b5bc49-f05a-fb4a-daa5-1cfb605a79a3,79,1004,Deal 10750,lost,,,,,Course C - Advanced,Hybrid,C10,,,,,,,,,,,Low engagement: Không còn nhu cầu học,,facebook,fanpage,campaign_01,,,2026-06-16 22:16:21,2026-06-25 23:58:41,2026-06-25 23:58:41,false
10751,0b382c49-4853-338d-7024-cf9408308982,224,1002,Deal 10751,won,4500000,,,,Course A - Foundation,Offline,A03,,REFERRAL,,,,,,,,,,,facebook,fanpage,campaign_05,,,2025-04-04 15:57:55,2025-04-30 21:53:44,2025-04-30 21:53:44,false
10752,1aba0afc-ebe0-9d13-3284-73c2c134618f,224,1003,Deal 10752,won,3825000.0,,,,Course A - Foundation,Online,A07,Demo expectation,,,,,,,,,,,,email,newsletter,campaign_06,,,2026-02-26 05:47:29,2026-04-02 19:57:15,2026-04-02 19:57:15,false
10753,d14d4890-f5db-ed2c-3d4c-af01243191eb,74,1005,Deal 10753,lost,,,,,Course A - Foundation,Offline,,Demo expectation,,,,,,,,,,Bad Timing: No Immediate Priority,,email,newsletter,campaign_02,,,2025-12-17 16:22:01,2026-01-01 17:33:32,2026-01-01 17:33:32,false
10754,8f0ce422-a5ee-a4a2-2cde-531f5dce8d9b,76,1007,Deal 10754,won,16200000.0,,,,Program G - Professional,Online,G03,,EARLYBIRD,,,,,,,,,,,facebook,fanpage,campaign_04,,,2025-04-13 17:18:12,2025-04-25 08:44:38,2025-04-25 08:44:38,false
10755,5683a36a-b2a3-f8e5-9bab-29cf284e8078,72,1005,Deal 10755,lost,,,,,Course B - Foundation,Offline,B12,,,,,,,,,,,Bad Timing: No Immediate Priority,,facebook,fanpage,campaign_05,,,2026-08-27 21:43:20,2026-08-27 23:43:20,2026-08-27 23:43:20,false
10756,973f7fd5-dca9-b10a-6d1b-5e966e648ec8,78,1004,Deal 10756,open,,,,,Course C - Advanced,Offline,C11,,,,,,,,,,,,,facebook,cpc,campaign_02,,,2026-09-24 12:03:08,2026-09-25 03:08:03,,false
10757,339ef82b-b2e8-f8bf-ffdf-65880ffed184,76,1005,Deal 10757,won,9500000,,,,Course E - Specialist,Online,E02,Demo expectation,,,,,,,,,,,,email,newsletter,campaign_08,,,2025-02-21 12:07:25,2025-03-15 22:07:47,2025-03-15 22:07:47,false
10758,94b59339-84c1-1826-d910-498c2fa17fe6,77,1004,Deal 10758,lost,,,,,Course F - Short course,Offline,F04,,REFERRAL,,,,,,,,,Trash: Đăng ký trùng deal,,facebook,cpc,campaign_10,,,2025-06-12 10:13:06,2025-06-12 12:13:06,2025-06-12 12:13:06,false
10759,db247ea2-9a23-63fe-6901-c88c3d8a3090,77,1004,Deal 10759,lost,,,,,Combo: Course A + Course C,Offline,Course02,Demo expectation,EARLYBIRD,,,,,,,,,Communication: Not Connected: Không liên hệ được,,,,,,,2025-02-22 12:30:52,2025-02-26 14:30:52,2025-02-26 14:30:52,false
10760,b8253bbb-9086-fcf7-f71b-0645087f29de,77,1004,Deal 10760,open,,,,,Course C - Advanced,Online,,Demo expectation,,,,,,,,,,,,google,cpc,campaign_03,,,2025-11-05 02:24:44,2025-11-05 02:24:44,,false
10761,4e3b744f-fd23-6d28-4f2e-8a0863b3dfd0,77,1004,Deal 10761,lost,,,,,Course D - Advanced,Hybrid,D10,,REFERRAL,,,,,,,,,Trash: Đăng ký trùng deal,,facebook,fanpage,campaign_10,,,2026-07-18 19:59:05,2026-07-24 02:59:05,2026-07-24 02:59:05,false
10762,72c1e68e-9390-6193-490c-e3154d980202,78,1004,Deal 10762,lost,,,,,Combo: Course A + Course C,Offline,,Demo expectation,REFERRAL,,,,,,,,,Sales Process: Sales không follow-up khách,,blog,organic,campaign_08,,,2026-07-26 08:29:26,2026-08-02 15:43:22,2026-08-02 15:43:22,false
10763,f8f15c22-8a22-d653-bda8-a949dacc2d1a,78,1001,Deal 10763,lost,,,,,Course F - Short course,Hybrid,F03,Demo expectation,REFERRAL,,,,,,,,,Sales Process: Sales không follow-up khách,,facebook,cpc,campaign_07,,,2025-05-02 12:57:40,2025-05-09 06:06:54,2025-05-09 06:06:54,false
10764,e6f507a9-be27-21cd-d79b-37a1b6ccece5,224,1001,Deal 10764,won,4500000,,,,Course A - Foundation,Online,A05,,,,,,,,,,,,,,,,,,2025-09-14 22:48:32,2025-10-11 09:30:08,2025-10-11 09:30:08,false
10765,aec5509c-9226-15b2-99cd-0df3a873abc8,73,1007,Deal 10765,lost,,,Cựu học viên,,Combo: Course A + Course C,Hybrid,Course10,Demo expectation,REFERRAL,,,,,,,,,Budget: Giá quá cao,,blog,organic,campaign_01,,,2026-06-06 02:22:42,2026-06-13 11:18:52,2026-06-13 11:18:52,false
10766,b190dea4-c335-e9e5-1567-55f42f39f8c8,75,1007,Deal 10766,lost,,,,,Course D - Advanced,Hybrid,D05,,,,,,,,,,,Bad Timing: No Immediate Priority,,email,newsletter,campaign_06,,,2025-09-03 07:16:20,2025-09-18 18:48:27,2025-09-18 18:48:27,false
10767,38e2aae3-633a-d91a-d27e-be781e2cebca,78,1002,Deal 10767,open,,,,,Course E - Specialist,Offline,E12,,,,,,,,,,,,,facebook,fanpage,campaign_12,,,2026-09-13 07:39:28,2026-09-19 19:57:58,,false
10768,619c4a06-f5d6-8c8f-299c-cd734295f5c9,74,1005,Deal 10768,lost,,,,,Course B - Foundation,Offline,B02,,,,,,,,,,,Communication: No Response,,,,,,,2025-03-18 18:35:59,2025-03-29 11:03:31,2025-03-29 11:03:31,false
10769,4fcf9f89-5ae0-bb5a-7977-63feb4cc7214,77,1003,Deal 10769,lost,,,,,Course E - Specialist,Offline,E10,Demo expectation,,,,,,,,,,Communication: Invalid Contact,,facebook,cpc,campaign_01,,,2026-06-10 07:35:40,2026-06-15 14:35:40,2026-06-15 14:35:40,false
10770,ad9fb00d-4882-d73c-1c63-45ab6e0ed1e8,79,1004,Deal 10770,lost,,,,,Course B - Foundation,Hybrid,B02,Demo expectation,EARLYBIRD,,,,,,,,,Bad Timing: Không sắp xếp được thời gian học,,email,newsletter,campaign_08,,,2025-02-22 18:39:12,2025-03-20 20:52:50,2025-03-20 20:52:50,false
10771,de4b2801-38be-318f-96d0-d89df2314c7d,224,1001,Deal 10771,won,4500000,,,,Course A - Foundation,Offline,,,REFERRAL,,,,,,,,,,,facebook,cpc,campaign_08,,,2025-12-24 07:05:37,2026-02-25 09:55:18,2026-02-25 09:55:18,false
10772,a2e25753-56ff-db3e-380c-fd3dba6a741c,91,1003,Deal 10772,lost,,,,,Course D - Advanced,Hybrid,,,,,,,,,,,,Bad Timing: No Immediate Priority,,homepage,organic,campaign_07,,,2025-11-28 05:00:09,2025-12-15 01:55:50,2025-12-15 01:55:50,false
10773,4a1d5528-d85a-254f-5745-8fc4db40076b,77,1001,Deal 10773,open,,,,,Course C - Advanced,Online,C10,Demo expectation,,,,,,,,,,,,facebook,fanpage,campaign_01,,,2026-07-01 11:32:40,2026-07-01 11:32:40,,false
10774,7c2cfbcf-0770-d18f-c916-01472875ad5d,224,1003,Deal 10774,won,3825000.0,,,,Course A - Foundation,Hybrid,,Demo expectation,,,,,,,,,,,,google,cpc,campaign_01,,,2025-03-08 12:48:28,2025-04-30 19:35:35,2025-04-30 19:35:35,false
10775,7a99e310-31c7-8f1c-47c5-34e3831448cb,77,1003,Deal 10775,lost,,,,,Course B - Foundation,Online,B07,Demo expectation,REFERRAL,,,,,,,,,Communication: Invalid Contact,,email,newsletter,campaign_10,,,2025-12-25 05:48:11,2025-12-25 11:48:11,2025-12-25 11:48:11,false
10776,08fe3f40-5fe1-9173-2bdf-3df401f39146,79,1003,Deal 10776,open,,,,,Course E - Specialist,Offline,E05,,,,,,,,,,,,,facebook,cpc,campaign_11,,,2025-08-15 20:31:32,2025-08-28 14:37:39,,false
10777,32cb28ba-6ddd-5c02-d213-7565aa94a1d4,78,1001,Deal 10777,lost,,,,,Course F - Short course,Online,F09,Demo expectation,,,,,,,,,,Sales Process: Sales không follow-up khách,,blog,organic,campaign_08,,,2026-03-24 17:36:06,2026-04-30 13:26:11,2026-04-30 13:26:11,false
10778,79613250-d375-2185-a019-89d1b998d301,224,1003,Deal 10778,won,4500000.0,,,,Course B - Foundation,Offline,B09,,EARLYBIRD,,,,,,,,,,,google,cpc,campaign_05,,,2026-04-09 01:42:37,2026-05-14 10:08:13,2026-05-14 10:08:13,false
10779,c7e7f31f-8238-3310-6728-cd494217199a,80,1002,Deal 10779,lost,,,,,Course D - Advanced,Online,,Demo expectation,REFERRAL,,,,,,,,,Relevance: Use Case Misfit: Nhu cầu không đúng với sản phẩm,,facebook,cpc,campaign_06,,,2025-02-21 08:50:42,2025-03-10 02:04:01,2025-03-10 02:04:01,false
10780,acbc63ed-d1dd-d3e6-487f-70f0e5e4b935,224,1003,Deal 10780,won,18000000,,,,Program G - Professional,Offline,G09,Demo expectation,,,,,,,,,,,,google,cpc,campaign_08,,,2026-02-24 04:53:39,2026-03-24 13:28:37,2026-03-24 13:28:37,false
10781,4b4788c1-153f-b118-0af7-21a9a9d0716a,224,1002,Deal 10781,won,4500000,,,,Course A - Foundation,Hybrid,A03,,,,,,,,,,,,,homepage,organic,campaign_09,,,2025-04-06 07:40:31,2025-05-10 17:55:30,2025-05-10 17:55:30,false
10782,55409902-4997-9fe3-231e-388af82dd1f5,77,1002,Deal 10782,open,,lead cks,,,Combo: Course A + Course C,Online,Course12,Demo expectation,,,,,,,,,,,,zalo,oa,campaign_06,,,2026-09-27 11:00:00,2026-09-27 11:00:00,,false
10783,9c5bad2e-a9fb-1b54-8fbd-2cfdc651a34f,226,1003,Deal 10783,open,,,,,Course C - Advanced,Hybrid,,,,,,,,,,,,,,facebook,cpc,campaign_05,,,2026-07-14 01:44:55,2026-07-18 21:38:38,,false
10784,bd5ced10-f50d-ffc0-1c96-48c1b7b6ccaf,76,1005,Deal 10784,won,4250000.0,,Cựu học viên,,Course B - Foundation,Online,,Demo expectation,EARLYBIRD,,,,,,,,,,,inbox,inbox,campaign_08,,,2025-01-02 21:53:48,2025-01-19 15:43:07,2025-01-19 15:43:07,false
10785,925817b7-cf50-1889-e8b7-7f7b7321bf6b,224,1004,Deal 10785,won,15300000.0,,,,Program G - Professional,Offline,G07,Demo expectation,EARLYBIRD,,,,,,,,,,,,,,,,2025-11-22 23:53:24,2025-12-12 11:56:10,2025-12-12 11:56:10,false
10786,aaf403ca-94d4-67b9-eaa0-f9a6b263f2ae,224,1001,Deal 10786,won,9500000,,Cựu học viên,,Course E - Specialist,Hybrid,E10,,EARLYBIRD,,,,,,,,,,,facebook,cpc,campaign_09,,,2026-05-23 22:50:51,2026-06-19 12:49:05,2026-06-19 12:49:05,false
10787,b7e6d9fd-1eeb-269d-8fa1-9d9fa1706c93,224,1003,Deal 10787,won,4050000.0,,,,Course A - Foundation,Hybrid,A03,,EARLYBIRD,,,,,,,,,,,inbox,inbox,campaign_03,,,2025-05-23 03:41:56,2025-06-20 20:29:38,2025-06-20 20:29:38,false
10788,a69083d0-1850-147b-62b9-7bbf7e35cb46,79,1002,Deal 10788,lost,,,,,Course A - Foundation,Online,A09,Demo expectation,,,,,,,,,,Communication: Ghosted After Demo/Call,,,,,,,2026-06-22 10:43:06,2026-06-30 10:37:58,2026-06-30 10:37:58,false
10789,b1766ffc-05fb-d075-6086-a5f3e5942c30,224,1001,Deal 10789,won,8000000,,,,Course D - Advanced,Hybrid,D09,Demo expectation,,,,,,,,,,,,,,,,,2026-05-22 16:53:10,2026-06-11 19:00:03,2026-06-11 19:00:03,false
10790,3612f729-ad7f-0730-37ba-b7ecdccd5aec,72,1005,Deal 10790,lost,,,,,Course B - Foundation,Offline,B11,Demo expectation,REFERRAL,,,,,,,,,Budget: Giá quá cao,,facebook,cpc,campaign_12,,,2026-08-08 10:49:20,2026-08-13 14:49:20,2026-08-13 14:49:20,false
10791,441982d6-c76b-25ad-499e-52b531dc8958,222,1001,Deal 10791,won,8000000,,,,Course D - Advanced,Offline,,,,,,,,,,,,,,facebook,cpc,campaign_11,,,2026-05-07 04:28:03,2026-06-15 23:45:50,2026-06-15 23:45:50,false
10792,1f7bd82f-2345-0e72-d1b4-856255a8d6a1,92,1002,Deal 10792,lost,,,,,Course F - Short course,Hybrid,F03,Demo expectation,,,,,,,,,,Choose Competitor: Không học online,,google,cpc,campaign_01,,,2025-05-04 16:10:52,2025-05-31 07:47:46,2025-05-31 07:47:46,false
10793,76f7d7d1-7afa-610c-8006-9f8937bda64d,76,1008,Deal 10793,won,9350000.0,,,,Combo: Course A + Course C,Offline,,,,,,,,,,,,,,facebook,cpc,campaign_04,,,2026-08-21 08:39:36,2026-09-05 19:52:58,2026-09-05 19:52:58,false
10794,51bb56fc-a407-795c-4d43-62533630d9fa,77,1002,Deal 10794,lost,,,,,Course E - Specialist,Hybrid,E10,Demo expectation,EARLYBIRD,,,,,,,,,Trash: Đăng ký trùng deal,,,,,,,2026-06-08 22:13:52,2026-06-14 00:13:52,2026-06-14 00:13:52,false
10795,72349df0-45f0-3f1c-cd4a-3c8eee550e96,222,1004,Deal 10795,won,7500000,,,,Course C - Advanced,Hybrid,C08,,,,,,,,,,,,,facebook,cpc,campaign_12,,,2026-02-14 14:23:40,2026-03-07 16:21:56,2026-03-07 16:21:56,false
10796,8948db22-01fe-513a-7ba7-ab2313a95b1e,78,1003,Deal 10796,lost,,,,,Course B - Foundation,Hybrid,B02,,EARLYBIRD,,,,,,,,,Trash: Không có nhu cầu,,blog,organic,campaign_08,,,2025-02-08 22:08:37,2025-02-16 13:43:14,2025-02-16 13:43:14,false
10797,c79e0484-aca1-c130-364b-979ff26692f6,224,1003,Deal 10797,won,5000000,,,,Course B - Foundation,Hybrid,,Demo expectation,,,,,,,,,,,,facebook,cpc,campaign_03,,,2025-09-26 02:02:50,2025-11-20 07:42:11,2025-11-20 07:42:11,false
10798,fe7c7d6e-a8cc-4515-3862-abcfdb3437bb,80,1001,Deal 10798,lost,,,,,Course A - Foundation,Hybrid,A06,Demo expectation,,,,,,,,,,Relevance: Not ICP fit,,zalo,oa,campaign_08,,,2025-12-29 07:48:15,2026-01-04 18:52:58,2026-01-04 18:52:58,false
10799,f68695aa-373e-2f8f-34c9-3ebfe099ab65,91,1001,Deal 10799,lost,,,,,Course D - Advanced,Offline,D03,Demo expectation,,,,,,,,,,Bad Timing: No Immediate Priority,,facebook,fanpage,campaign_02,,,2025-05-04 17:33:53,2025-06-01 19:19:03,2025-06-01 19:19:03,false
10800,aa69aac2-c0e3-09ac-fd56-6c8695bcf1b9,77,1003,Deal 10800,lost,,,,,Combo: Course A + Course C,Hybrid,Course02,Demo expectation,REFERRAL,,,,,,,,,Communication: Invalid Contact,,facebook,cpc,campaign_12,,,2025-02-04 09:01:43,2025-02-09 10:01:43,2025-02-09 10:01:43,false
10801,d8bfc4d5-80d5-4f85-4d3d-22c1d72d6882,79,1002,Deal 10801,lost,,,,,Course F - Short course,Offline,,Demo expectation,,,,,,,,,,Bad Timing: Không sắp xếp được thời gian học,,email,newsletter,campaign_08,,,2025-03-07 16:45:19,2025-03-23 11:04:10,2025-03-23 11:04:10,false
10802,d504882c-d6d2-1f63-623d-45f4c1ef6252,77,1003,Deal 10802,open,,,,,Course A - Foundation,Hybrid,A09,Demo expectation,,,,,,,,,,,,,,,,,2026-06-15 23:50:22,2026-06-15 23:50:22,,false
10803,c7fee39f-1190-f938-a66f-d7f739669fa7,79,1004,Deal 10803,lost,,,,,Course F - Short course,Offline,F07,,,,,,,,,,,Communication: Ghosted After Demo/Call,,google,cpc,campaign_10,,,2025-12-13 12:28:33,2025-12-29 05:23:56,2025-12-29 05:23:56,false
10804,53ffd3a2-4a19-3501-4169-b9fcc3a00c6f,91,1002,Deal 10804,lost,,,,,Combo: Course A + Course C,Online,Course10,Demo expectation,,,,,,,,,,Bad Timing: No Immediate Priority,,facebook,cpc,campaign_08,,,2026-05-21 21:59:59,2026-06-14 14:11:36,2026-06-14 14:11:36,false
10805,dfefe149-c93e-1531-a87a-90a75e1e57ee,77,1003,Deal 10805,lost,,,Cựu học viên,,Course D - Advanced,Hybrid,D08,,REFERRAL,,,,,,,,,Communication: Not Connected: Không liên hệ được,,google,cpc,campaign_04,,,2026-02-08 16:00:42,2026-02-10 22:00:42,2026-02-10 22:00:42,false
10806,34b6d9da-87a9-efaf-b92a-b1b72213cdad,77,1001,Deal 10806,lost,,,,,Combo: Course A + Course C,Online,Course07,Demo expectation,,,,,,,,,,Communication: Invalid Contact,,,,,,,2026-01-06 17:08:48,2026-01-06 21:08:48,2026-01-06 21:08:48,false
10807,4f998d73-0796-583a-6286-85f7795dc229,78,1004,Deal 10807,lost,,,,,Course B - Foundation,Offline,B04,Demo expectation,EARLYBIRD,,,,,,,,,Communication: Not Connected: Không liên hệ được,,facebook,fanpage,campaign_04,,,2025-05-28 21:04:58,2025-05-31 12:10:24,2025-05-31 12:10:24,false
10808,266c47fb-dcd8-1a8b-a8d6-faf6df0ddef1,224,1002,Deal 10808,won,7500000,,,,Course C - Advanced,Hybrid,,Demo expectation,,,,,,,,,,,,google,cpc,campaign_01,,,2026-04-09 10:57:06,2026-05-15 16:00:30,2026-05-15 16:00:30,false
10809,3d756daf-5279-1436-2224-a0d1ebeb50d9,78,1001,Deal 10809,lost,,,,,Course C - Advanced,Hybrid,C03,Demo expectation,EARLYBIRD,,,,,,,,,Trash: Không có nhu cầu,,facebook,cpc,campaign_04,,,2025-06-01 03:07:29,2025-06-09 22:45:25,2025-06-09 22:45:25,false
10810,fbac9ade-7fe4-36d1-994f-7c31c47dd678,77,1003,Deal 10810,lost,,,,,Combo: Course A + Course C,Online,Course02,Demo expectation,EARLYBIRD,,,,,,,,,Trash: Đăng ký trùng deal,,homepage,organic,campaign_01,,,2025-02-08 21:14:46,2025-02-10 00:14:46,2025-02-10 00:14:46,false
10811,40cbe188-c3f0-fac3-9f60-1d1700e78824,224,1003,Deal 10811,won,5000000,,,,Course B - Foundation,Online,,,EARLYBIRD,,,,,,,,,,,,,,,,2025-06-07 16:34:02,2025-07-07 12:20:49,2025-07-07 12:20:49,false
10812,0b382c49-4853-338d-7024-cf9408308982,73,1006,Deal 10812,lost,,,,,Course F - Short course,Hybrid,F03,Demo expectation,,,,,,,,,,Budget: Giá quá cao,,blog,organic,campaign_11,,,2025-03-31 19:07:49,2025-04-04 07:37:23,2025-04-04 07:37:23,false
10813,ac504475-a416-5dd1-6d57-5fd1f019955f,79,1003,Deal 10813,lost,,,,,Course C - Advanced,Online,C02,Demo expectation,REFERRAL,,,,,,,,,Communication: No Response,,facebook,cpc,campaign_04,,,2025-03-08 12:26:16,2025-03-26 03:36:03,2025-03-26 03:36:03,false
10814,6bf7d125-a571-f542-e485-a11892ee4820,224,1004,Deal 10814,won,2500000,,,,Course F - Short course,Online,F07,Demo expectation,,,,,,,,,,,,facebook,cpc,campaign_06,,,2025-11-30 07:27:52,2025-12-28 13:20:16,2025-12-28 13:20:16,false
10815,e6ee6ade-2c73-81ab-9c46-808da4453aba,77,1004,Deal 10815,lost,,,,,Course D - Advanced,Hybrid,D07,Demo expectation,REFERRAL,,,,,,,,,Communication: Invalid Contact,,facebook,cpc,campaign_04,,,2025-11-12 15:25:04,2025-11-15 17:25:04,2025-11-15 17:25:04,false
10816,39eb005a-bab9-0085-e27e-12e49e41d0e7,79,1003,Deal 10816,open,,,,,Course F - Short course,Online,F06,Demo expectation,EARLYBIRD,,,,,,,,,,,blog,organic,campaign_06,,,2025-09-11 07:20:27,2025-09-21 14:11:07,,false
10817,8d8f194c-2a8c-5fdb-dcee-656d7420431e,79,1003,Deal 10817,lost,,,,,Course A - Foundation,Hybrid,A02,Demo expectation,,,,,,,,,,Communication: No Response,,email,newsletter,campaign_04,,,2025-02-24 10:44:59,2025-03-12 15:08:51,2025-03-12 15:08:51,false
10818,752e7613-22eb-69b1-5f9c-b7e06328143e,91,1003,Deal 10818,lost,,,,,Combo: Course A + Course C,Hybrid,Course08,Demo expectation,,,,,,,,,,Bad Timing: Không sắp xếp được thời gian học,,,,,,,2026-02-05 23:53:42,2026-02-24 18:16:38,2026-02-24 18:16:38,false
10819,d50653a9-8c23-a9b5-48c1-e321fbb7c395,224,1001,Deal 10819,won,4500000,,,,Course A - Foundation,Offline,A05,,,,,,,,,,,,,facebook,fanpage,campaign_05,,,2025-09-30 18:33:42,2025-11-13 22:55:51,2025-11-13 22:55:51,false
10820,5edd3492-aac2-3302-1a3b-c8d80daba507,72,1008,Deal 10820,lost,,,,,Combo: Course A + Course C,Hybrid,Course06,Demo expectation,,,,,,,,,,Budget: Giá quá cao,,facebook,fanpage,campaign_02,,,2025-09-28 19:05:52,2025-10-03 02:05:52,2025-10-03 02:05:52,false
10821,e4e5ab2a-7578-1b4d-c7a1-9d754d97f351,224,1003,Deal 10821,won,6750000.0,,,,Course C - Advanced,Online,C10,Demo expectation,REFERRAL,,,,,,,,,,,,,,,,2026-07-04 16:19:12,2026-07-20 16:38:35,2026-07-20 16:38:35,false
10822,effbd197-4d73-a782-9671-97ecbab8ad70,91,1001,Deal 10822,lost,,,,,Course A - Foundation,Hybrid,,,,,,,,,,,,Bad Timing: Không sắp xếp được thời gian học,,facebook,cpc,campaign_07,,,2026-04-10 01:22:40,2026-04-29 15:24:13,2026-04-29 15:24:13,false
10823,eedab4fe-4cfa-7687-1379-19941e87d756,224,1003,Deal 10823,won,16200000.0,,,,Program G - Professional,Offline,G02,,REFERRAL,,,,,,,,,,,,,,,,2025-03-19 22:01:58,2025-04-09 14:23:08,2025-04-09 14:23:08,false
10824,586b3c22-4652-7e16-e489-149f6e5c9ae7,76,1008,Deal 10824,won,6750000.0,,,,Course C - Advanced,Hybrid,C07,,,,,,,,,,,,,homepage,organic,campaign_02,,,2026-01-06 16:38:43,2026-02-06 23:40:47,2026-02-06 23:40:47,false
10825,f9978a8d-6ffd-9855-2f97-50590f9e5c14,224,1001,Deal 10825,won,7200000.0,,,,Course D - Advanced,Online,D11,Demo expectation,REFERRAL,,,,,,,,,,,,,,,,2026-09-03 18:17:00,2026-09-27 12:00:00,2026-09-27 12:00:00,false
10826,876e53a8-f31e-eab9-a03c-3b65409e9d63,224,1004,Deal 10826,won,18000000,,,,Program G - Professional,Hybrid,G09,Demo expectation,,,,,,,,,,,,facebook,fanpage,campaign_02,,,2026-02-21 09:42:47,2026-03-23 20:05:22,2026-03-23 20:05:22,false
10827,58c9af23-def6-221a-f1b4-79b8c6bbb861,224,1002,Deal 10827,won,6750000.0,,,,Course C - Advanced,Offline,C06,Demo expectation,EARLYBIRD,,,,,,,,,,,facebook,cpc,campaign_08,,,2025-11-22 22:22:48,2025-12-20 21:43:04,2025-12-20 21:43:04,false
10828,ddf7d263-6806-5678-ad47-8200ae991937,80,1003,Deal 10828,lost,,,,,Course C - Advanced,Online,C06,Demo expectation,REFERRAL,,,,,,,,,Relevance: Not ICP fit,,homepage,organic,campaign_04,,,2025-10-26 11:09:19,2025-11-06 13:18:10,2025-11-06 13:18:10,false
10829,f10543f9-2150-70d4-ad44-fe0cdd6b5802,79,1002,Deal 10829,lost,,,,,Course A - Foundation,Hybrid,A05,Demo expectation,REFERRAL,,,,,,,,,Communication: No Response,,facebook,cpc,campaign_02,,,2025-10-26 15:28:53,2025-11-06 03:57:40,2025-11-06 03:57:40,false
10830,29310971-601e-0211-e34f-76b42b8c03bf,92,1001,Deal 10830,open,,,,,Course C - Advanced,Online,C05,,REFERRAL,,,,,,,,,,,blog,organic,campaign_02,,,2025-08-25 21:01:37,2025-09-29 14:25:19,,false
10831,30ec2796-a59b-457f-c0d7-ac73095ffa81,224,1004,Deal 10831,won,8000000,,,,Course D - Advanced,Offline,D09,Demo expectation,,,,,,,,,,,,facebook,cpc,campaign_09,,,2026-04-16 22:24:35,2026-05-19 23:24:11,2026-05-19 23:24:11,false
10832,5d96d459-8a3c-8743-a808-24f252a80809,224,1001,Deal 10832,won,2125000.0,,,,Course F - Short course,Offline,F09,,,,,,,,,,,,,zalo,oa,campaign_09,,,2026-03-28 01:20:58,2026-04-27 20:31:59,2026-04-27 20:31:59,false
10833,fa4cb559-0ecc-9ff5-9316-2f53e70af828,224,1004,Deal 10833,won,2250000.0,,,,Course F - Short course,Offline,,,EARLYBIRD,,,,,,,,,,,,,,,,2025-03-20 18:01:37,2025-04-15 18:59:34,2025-04-15 18:59:34,false
10834,d624b181-3bbe-dece-c689-3b8883370bc2,73,1005,Deal 10834,lost,,,,,Course B - Foundation,Hybrid,B09,Demo expectation,,,,,,,,,,Communication: No Response,,facebook,cpc,campaign_05,,,2026-05-06 12:09:49,2026-05-11 22:39:41,2026-05-11 22:39:41,false
10835,8029d633-5b95-59d0-2887-4d02fb5435ba,224,1002,Deal 10835,won,4500000,,,,Course A - Foundation,Offline,A03,,,,,,,,,,,,,,,,,,2025-05-05 08:02:02,2025-05-23 22:40:08,2025-05-23 22:40:08,false
10836,d06bddc5-4757-b52b-2a28-e8cd28e4e653,78,1002,Deal 10836,lost,,,,,Course B - Foundation,Offline,B08,Demo expectation,,,,,,,,,,Communication: Not Connected: Không liên hệ được,,facebook,fanpage,campaign_09,,,2026-01-14 20:37:57,2026-01-16 02:21:07,2026-01-16 02:21:07,false
10837,0f1536da-10df-8c94-7b41-a3ad0199673b,76,1005,Deal 10837,won,7200000.0,,,,Course D - Advanced,Hybrid,D03,,EARLYBIRD,,,,,,,,,,,,,,,,2025-03-23 10:51:12,2025-04-04 14:40:03,2025-04-04 14:40:03,false
10838,a8b97820-e92c-5b92-6279-67a3753439c0,92,1004,Deal 10838,lost,,,,,Combo: Course A + Course C,Offline,Course09,,,,,,,,,,,Budget: Giá quá cao,,email,newsletter,campaign_01,,,2026-04-17 23:54:22,2026-05-02 01:31:45,2026-05-02 01:31:45,false
10839,b79f18eb-b2e1-3d23-41c9-62f214aed155,224,1001,Deal 10839,won,8550000.0,,,,Course E - Specialist,Hybrid,E09,Demo expectation,,,,,,,,,,,,google,cpc,campaign_11,,,2026-05-04 05:34:30,2026-06-07 10:00:29,2026-06-07 10:00:29,false
10840,362cd88b-1f77-ec32-d27b-c0e4b2dc77f1,77,1003,Deal 10840,lost,,,,,Course F - Short course,Online,,Demo expectation,,,,,,,,,,Trash: Không có nhu cầu,,,,,,,2026-09-01 11:16:23,2026-09-04 15:16:23,2026-09-04 15:16:23,false
10841,2ac14fd1-eb74-e721-5b34-5eded26b6c21,77,1001,Deal 10841,lost,,,,,Course F - Short course,Offline,,,,,,,,,,,,Trash: Đăng ký trùng deal,,facebook,fanpage,campaign_03,,,2026-04-17 23:09:01,2026-04-18 02:09:01,2026-04-18 02:09:01,false
10842,e1a8ecda-13a8-fde4-bb30-30c3af656bef,224,1002,Deal 10842,won,4050000.0,,,,Course A - Foundation,Online,A03,Demo expectation,EARLYBIRD,,,,,,,,,,,,,,,,2025-04-14 07:58:35,2025-05-24 21:55:07,2025-05-24 21:55:07,false
10843,b8344070-e0e5-f6e5-04c4-4853a33b3dfd,92,1003,Deal 10843,lost,,,,,Combo: Course A + Course C,Hybrid,Course10,,,,,,,,,,,Budget: Giá quá cao,,google,cpc,campaign_09,,,2026-06-26 19:30:24,2026-07-31 00:42:33,2026-07-31 00:42:33,false
10844,3ed5e52e-aa3d-2111-a123-01935c532042,77,1004,Deal 10844,lost,,,,,Course A - Foundation,Online,A08,,EARLYBIRD,,,,,,,,,Trash: Đăng ký trùng deal,,facebook,fanpage,campaign_01,,,2026-04-03 09:15:44,2026-04-05 17:15:44,2026-04-05 17:15:44,false
10845,7b1463c9-30bf-7f5a-b01d-e9361527690a,224,1001,Deal 10845,won,2500000,,,,Course F - Short course,Offline,F02,,,,,,,,,,,,,homepage,organic,campaign_07,,,2025-02-26 17:38:45,2025-03-27 10:13:07,2025-03-27 10:13:07,false
10846,7bdac670-ca4c-3b4d-fc8a-de6a9051385e,75,1006,Deal 10846,open,,,,,Course C - Advanced,Online,C11,Demo expectation,,,,,,,,,,,,,,,,,2026-09-27 11:00:00,2026-09-27 11:00:00,,false
10847,d063fb37-c641-0765-3855-c64e58967888,78,1003,Deal 10847,open,,,,,Course D - Advanced,Online,,,,,,,,,,,,,,homepage,organic,campaign_09,,,2026-07-31 20:06:49,2026-08-03 19:14:52,,false
10848,d14d4890-f5db-ed2c-3d4c-af01243191eb,79,1001,Deal 10848,lost,,,,,Course F - Short course,Online,F07,Demo expectation,EARLYBIRD,,,,,,,,,Bad Timing: Không sắp xếp được thời gian học,,homepage,organic,campaign_04,,,2025-12-15 07:35:20,2025-12-27 08:58:54,2025-12-27 08:58:54,false
10849,57756632-039f-665c-a3a4-5bd46846ebe8,78,1004,Deal 10849,lost,,,,,Course A - Foundation,Online,A06,,EARLYBIRD,,,,,,,,,Sales Process: Sales không follow-up khách,,email,newsletter,campaign_01,,,2025-11-28 06:02:12,2025-12-02 08:42:08,2025-12-02 08:42:08,false
10850,3608428a-5668-9e24-fe39-0df5fe2ee066,224,1003,Deal 10850,won,7500000,,,,Course C - Advanced,Online,,Demo expectation,,,,,,,,,,,,facebook,cpc,campaign_06,,,2026-08-17 09:18:14,2026-08-31 15:48:32,2026-08-31 15:48:32,false
10851,4a5d95a7-df0b-1449-4559-620034111701,77,1004,Deal 10851,open,,,,,Course E - Specialist,Online,E05,Demo expectation,REFERRAL,,,,,,,,,,,facebook,cpc,campaign_08,,,2025-07-12 22:44:43,2025-07-12 22:44:43,,false
10852,ac504475-a416-5dd1-6d57-5fd1f019955f,79,1001,Deal 10852,lost,,,Cựu học viên,,Course A - Foundation,Online,A02,Demo expectation,,,,,,,,,,Communication: No Response,,facebook,fanpage,campaign_07,,,2025-03-11 00:59:19,2025-03-21 16:39:35,2025-03-21 16:39:35,false
10853,ed5edfa2-9fb3-0a4d-c071-2a38bffc4f09,77,1001,Deal 10853,lost,,,,,Program G - Professional,Offline,,Demo expectation,REFERRAL,,,,,,,,,Communication: Invalid Contact,,,,,,,2025-10-24 14:33:40,2025-10-28 16:33:40,2025-10-28 16:33:40,false
10854,6a478ddf-c1ee-cd7a-2428-185a461de017,78,1003,Deal 10854,lost,,,,,Course A - Foundation,Hybrid,A07,Demo expectation,,,,,,,,,,Communication: Not Connected: Không liên hệ được,,facebook,cpc,campaign_09,,,2026-02-22 21:33:31,2026-03-06 04:29:31,2026-03-06 04:29:31,false
10855,322e2f0e-05b8-8314-f698-918085293585,224,1001,Deal 10855,won,8000000,,,,Course D - Advanced,Online,,Demo expectation,,,,,,,,,,,,inbox,inbox,campaign_07,,,2025-09-24 21:34:15,2025-10-26 01:36:05,2025-10-26 01:36:05,false
10856,240c4622-4756-228e-db88-5d27b7614545,224,1004,Deal 10856,won,4500000,,,,Course A - Foundation,Offline,A09,Demo expectation,,,,,,,,,,,,zalo,oa,campaign_11,,,2026-05-19 12:35:13,2026-06-20 15:35:47,2026-06-20 15:35:47,false
10857,339839aa-7e95-b992-af7d-a5d4238c929d,77,1002,Deal 10857,lost,,,,,Course C - Advanced,Hybrid,C11,Demo expectation,REFERRAL,,,,,,,,,Communication: Invalid Contact,,facebook,cpc,campaign_04,,,2026-08-11 16:41:30,2026-08-13 19:41:30,2026-08-13 19:41:30,false
10858,cbacc8b6-9b8c-fe0e-ab38-ca2959e150a5,76,1005,Deal 10858,won,11000000,,,,Combo: Course A + Course C,Online,Course08,,EARLYBIRD,,,,,,,,,,,facebook,cpc,campaign_06,,,2026-01-27 05:47:33,2026-02-13 09:44:28,2026-02-13 09:44:28,false
10859,ae22c5bb-b1c3-6cb3-445d-c624803e82de,77,1002,Deal 10859,lost,,,,,Course F - Short course,Online,,Demo expectation,REFERRAL,,,,,,,,,Trash: Không có nhu cầu,,facebook,fanpage,campaign_09,,,2026-07-16 11:18:40,2026-07-18 12:18:40,2026-07-18 12:18:40,false
10860,11e093c0-fbbf-ee72-bec5-e361adc043cc,92,1003,Deal 10860,lost,,,,,Course E - Specialist,Hybrid,E08,Demo expectation,REFERRAL,,,,,,,,,Choose Competitor: Không học online,,,,,,,2026-01-25 10:53:27,2026-02-11 08:08:48,2026-02-11 08:08:48,false
10861,1993edfe-583f-097d-28c9-d68c7a3338e0,80,1003,Deal 10861,open,,,,,Course C - Advanced,Hybrid,C04,Demo expectation,,,,,,,,,,,,,,,,,2025-08-06 23:23:53,2025-08-17 08:32:25,,false
10862,e1f599ee-5514-3e7e-1577-06e63fdc848e,78,1004,Deal 10862,lost,,,,,Combo: Course A + Course C,Online,Course02,Demo expectation,EARLYBIRD,,,,,,,,,Trash: Không có nhu cầu,,,,,,,2025-03-13 10:03:14,2025-03-18 21:35:35,2025-03-18 21:35:35,false
10863,a5bef82e-934a-145f-44c6-690cd4d2beb8,224,1003,Deal 10863,won,4500000.0,,,,Course B - Foundation,Online,B03,Demo expectation,,,,,,,,,,,,facebook,cpc,campaign_02,,,2025-05-16 15:43:15,2025-06-22 08:54:31,2025-06-22 08:54:31,false
10864,e41a576c-b4a3-1d6a-a021-a41d2c79956d,224,1002,Deal 10864,won,7200000.0,,,,Course D - Advanced,Offline,,,,,,,,,,,,,,inbox,inbox,campaign_11,,,2025-10-19 20:46:44,2025-11-18 07:13:15,2025-11-18 07:13:15,false
10865,cd7182b4-d471-104f-1859-c5ae784aee43,75,1006,Deal 10865,lost,,,,,Course A - Foundation,Offline,,,REFERRAL,,,,,,,,,Communication: No Response,,email,newsletter,campaign_09,,,2025-10-27 08:45:46,2025-11-13 20:44:37,2025-11-13 20:44:37,false
10866,f8f15c22-8a22-d653-bda8-a949dacc2d1a,77,1004,Deal 10866,lost,,,,,Course E - Specialist,Hybrid,,,EARLYBIRD,,,,,,,,,Trash: Không có nhu cầu,,,,,,,2025-04-17 15:40:28,2025-04-21 16:40:28,2025-04-21 16:40:28,false
10867,a4c31af7-514a-36bf-4733-4b73225f52ab,77,1004,Deal 10867,open,,,,,Course D - Advanced,Online,,,REFERRAL,,,,,,,,,,,facebook,cpc,campaign_06,,,2026-09-27 11:00:00,2026-09-27 11:00:00,,false
10868,8c240e9b-e40e-e015-7ca3-3bbca54a9c07,224,1003,Deal 10868,won,7500000,,,,Course C - Advanced,Online,C05,Demo expectation,REFERRAL,,,,,,,,,,,facebook,cpc,campaign_01,,,2025-10-07 03:01:09,2025-11-06 19:10:27,2025-11-06 19:10:27,false
10869,df7f6207-0e5b-6b91-0a14-a9f16db42d26,77,1003,Deal 10869,lost,,,,,Course F - Short course,Hybrid,,Demo expectation,,,,,,,,,,Trash: Không có nhu cầu,,facebook,fanpage,campaign_06,,,2026-02-22 08:17:12,2026-02-25 16:17:12,2026-02-25 16:17:12,false
10870,9174729d-953f-2211-5125-e54e92593c47,72,1007,Deal 10870,lost,,,,,Course D - Advanced,Offline,D02,Demo expectation,,,,,,,,,,Bad Timing: No Immediate Priority,,google,cpc,campaign_01,,,2025-01-29 13:49:22,2025-02-03 15:49:22,2025-02-03 15:49:22,false
10871,1f9d4db1-d983-dadf-f2e5-cecf9b6c5494,78,1004,Deal 10871,lost,,,,,Course C - Advanced,Offline,C08,Demo expectation,EARLYBIRD,,,,,,,,,Communication: Not Connected: Không liên hệ được,,facebook,cpc,campaign_08,,,2026-03-30 15:47:12,2026-04-03 05:23:44,2026-04-03 05:23:44,false
10872,7509d8ba-1e22-ade1-a3e6-bbfd65e2ebba,80,1001,Deal 10872,lost,,,,,Course F - Short course,Offline,,Demo expectation,,,,,,,,,,Budget: Not willing to pay,,email,newsletter,campaign_06,,,2025-08-25 09:02:46,2025-09-14 02:32:31,2025-09-14 02:32:31,false
10873,55d549a2-18a3-be10-19aa-a35660ea1d9e,80,1002,Deal 10873,lost,,,,,Course B - Foundation,Offline,B03,Demo expectation,,,,,,,,,,Choose Competitor: Đã đi học bên khác,,blog,organic,campaign_11,,,2025-05-14 09:50:33,2025-05-22 21:28:29,2025-05-22 21:28:29,false
10874,8d4379db-c640-6b52-cdef-eef209c39ca7,224,1004,Deal 10874,won,3825000.0,,,,Course A - Foundation,Online,A05,Demo expectation,,,,,,,,,,,,blog,organic,campaign_07,,,2025-09-24 11:29:51,2025-10-16 23:07:44,2025-10-16 23:07:44,false
10875,88a613b4-a3b8-1f92-a3c9-0c6a86017633,80,1001,Deal 10875,lost,,,,,Course F - Short course,Offline,F09,Demo expectation,REFERRAL,,,,,,,,,Relevance: Not ICP fit,,,,,,,2026-04-26 09:19:03,2026-05-23 07:58:04,2026-05-23 07:58:04,false
10876,ad9fb00d-4882-d73c-1c63-45ab6e0ed1e8,224,1001,Deal 10876,won,2500000,,,,Course F - Short course,Online,,Demo expectation,,,,,,,,,,,,facebook,cpc,campaign_10,,,2025-02-27 05:24:56,2025-03-23 01:18:42,2025-03-23 01:18:42,false
10877,0b901a34-a3d6-f33a-4af8-35922e858bc6,77,1002,Deal 10877,lost,,,,,Course E - Specialist,Hybrid,E02,,,,,,,,,,,Trash: Đăng ký trùng deal,,,,,,,2025-02-18 18:16:40,2025-02-21 02:16:40,2025-02-21 02:16:40,false
10878,73b6b143-9d96-d6dd-ef14-5b3606b63727,76,1008,Deal 10878,won,9350000.0,,,,Combo: Course A + Course C,Hybrid,,Demo expectation,REFERRAL,,,,,,,,,,,facebook,fanpage,campaign_05,,,2025-08-19 23:54:31,2025-09-11 05:53:40,2025-09-11 05:53:40,false
10879,13149627-d586-ff50-7002-491661128e82,224,1001,Deal 10879,won,4500000,,,,Course A - Foundation,Online,,Demo expectation,,,,,,,,,,,,zalo,oa,campaign_06,,,2025-04-22 19:27:17,2025-05-11 19:44:22,2025-05-11 19:44:22,false
10880,66926a49-a724-f9a8-70af-0f125ede88f9,224,1003,Deal 10880,won,6750000.0,,,,Course C - Advanced,Hybrid,C09,,REFERRAL,,,,,,,,,,,facebook,cpc,campaign_06,,,2026-05-02 18:02:27,2026-05-20 10:50:41,2026-05-20 10:50:41,false
10881,ae5a5f99-f1bb-5d9b-7499-bb6b9afdd464,91,1003,Deal 10881,lost,,,,,Combo: Course A + Course C,Offline,Course02,Demo expectation,,,,,,,,,,Bad Timing: Không sắp xếp được thời gian học,,homepage,organic,campaign_09,,,2025-03-10 20:25:51,2025-03-23 23:07:51,2025-03-23 23:07:51,false
10882,8be15610-b234-8948-e4f2-ae4cf016716b,77,1001,Deal 10882,lost,,,,,Course F - Short course,Online,,Demo expectation,,,,,,,,,,Communication: Not Connected: Không liên hệ được,,facebook,cpc,campaign_08,,,2026-04-29 11:43:50,2026-05-04 14:43:50,2026-05-04 14:43:50,false
10883,72c1e68e-9390-6193-490c-e3154d980202,224,1002,Deal 10883,won,4500000,,,,Course A - Foundation,Offline,A10,,REFERRAL,,,,,,,,,,,google,cpc,campaign_08,,,2026-07-24 17:48:52,2026-08-17 16:38:20,2026-08-17 16:38:20,false
10884,d7825ea3-bbff-16e9-93e7-e89335fab528,92,1002,Deal 10884,lost,,,,,Combo: Course A + Course C,Offline,Course07,Demo expectation,EARLYBIRD,,,,,,,,,Choose Competitor: Không học online,,facebook,fanpage,campaign_04,,,2025-12-21 00:28:08,2026-01-16 21:53:26,2026-01-16 21:53:26,false
10885,d31602a3-c1a9-24bd-7186-ec575be1e450,224,1001,Deal 10885,won,2500000,,,,Course F - Short course,Hybrid,F03,,,,,,,,,,,,,,,,,,2025-05-11 23:57:21,2025-06-07 06:11:21,2025-06-07 06:11:21,false
10886,18011cfb-52fd-641f-3b6e-33f795a85dc0,79,1001,Deal 10886,lost,,,,,Course D - Advanced,Hybrid,D07,Demo expectation,,,,,,,,,,Low engagement: Không còn nhu cầu học,,,,,,,2026-01-02 23:43:42,2026-01-11 05:06:33,2026-01-11 05:06:33,false
10887,55b9103a-a23a-891d-9cc2-59bce4c4cc4c,74,1006,Deal 10887,lost,,,,,Course A - Foundation,Hybrid,A02,,EARLYBIRD,,,,,,,,,Budget: Giá quá cao,,blog,organic,campaign_06,,,2025-02-23 17:26:03,2025-03-08 15:35:18,2025-03-08 15:35:18,false
10888,2c3126c0-4cd8-054c-7f69-c5def0655f62,77,1003,Deal 10888,lost,,,,,Combo: Course A + Course C,Online,Course09,Demo expectation,EARLYBIRD,,,,,,,,,Trash: Không có nhu cầu,,google,cpc,campaign_04,,,2026-04-11 08:09:18,2026-04-15 16:09:18,2026-04-15 16:09:18,false
10889,44b74a0b-eb08-fc43-80dd-7f644acc2c22,78,1001,Deal 10889,lost,,,,,Course F - Short course,Hybrid,F09,,REFERRAL,,,,,,,,,Trash: Không có nhu cầu,,,,,,,2026-03-13 22:48:57,2026-03-15 23:01:03,2026-03-15 23:01:03,false
10890,b044db1b-a8db-e9a1-d857-ec6048f79726,224,1001,Deal 10890,won,5000000,,,,Course B - Foundation,Hybrid,B10,,EARLYBIRD,,,,,,,,,,,,,,,,2026-06-30 11:21:20,2026-07-19 20:11:02,2026-07-19 20:11:02,false
10891,aa92e1d3-150a-2591-57e8-a949d483cb09,77,1004,Deal 10891,lost,,,,,Program G - Professional,Hybrid,,Demo expectation,REFERRAL,,,,,,,,,Trash: Đăng ký trùng deal,,email,newsletter,campaign_04,,,2026-03-02 20:54:53,2026-03-05 00:54:53,2026-03-05 00:54:53,false
10892,89939c6e-7586-3743-9174-dc0beeb74413,77,1001,Deal 10892,lost,,,,,Course B - Foundation,Offline,B06,Demo expectation,,,,,,,,,,Trash: Không có nhu cầu,,facebook,cpc,campaign_05,,,2025-10-28 08:45:43,2025-10-31 11:45:43,2025-10-31 11:45:43,false
10893,525706d0-fd9c-635d-3a54-089082fda101,79,1001,Deal 10893,lost,,,,,Course D - Advanced,Online,,Demo expectation,,,,,,,,,,Low engagement: Không còn nhu cầu học,,homepage,organic,campaign_08,,,2025-12-27 14:51:34,2026-01-05 19:01:00,2026-01-05 19:01:00,false
10894,a39ad4df-afd3-ec8b-4a29-8783099c4929,77,1004,Deal 10894,lost,,,,,Course B - Foundation,Hybrid,B03,Demo expectation,REFERRAL,,,,,,,,,Trash: Đăng ký trùng deal,,facebook,cpc,campaign_04,,,2025-04-30 07:47:31,2025-05-04 09:47:31,2025-05-04 09:47:31,false
10895,1f7e09de-b799-08b6-8095-fa69db07a2a9,224,1002,Deal 10895,won,5000000,,,,Course B - Foundation,Offline,B06,Demo expectation,,,,,,,,,,,,homepage,organic,campaign_09,,,2025-11-27 07:12:44,2025-12-14 18:26:14,2025-12-14 18:26:14,false
10896,b62a7941-59dc-be0f-f168-5db847d28391,80,1004,Deal 10896,lost,,,,,Course E - Specialist,Offline,E02,Demo expectation,EARLYBIRD,,,,,,,,,Choose Competitor: Đã đi học bên khác,,google,cpc,campaign_03,,,2025-03-10 01:50:07,2025-03-19 21:19:43,2025-03-19 21:19:43,false
10897,d2d12566-fc82-9c09-aa00-075652e0234e,77,1004,Deal 10897,lost,,,,,Course E - Specialist,Offline,E09,,,,,,,,,,,Communication: Not Connected: Không liên hệ được,,,,,,,2026-03-31 04:46:22,2026-04-01 10:46:22,2026-04-01 10:46:22,false
10898,d0afb235-ade6-8f51-e670-93a0fc48f615,228,1002,Deal 10898,lost,,,,,Course D - Advanced,Offline,D05,Demo expectation,,,,,,,,,,Communication: No Response,,facebook,cpc,campaign_08,,,2025-07-31 20:21:57,2025-08-09 21:32:14,2025-08-09 21:32:14,false
10899,1993edfe-583f-097d-28c9-d68c7a3338e0,224,1001,Deal 10899,won,4500000,,,,Course A - Foundation,Offline,A04,Demo expectation,,,,,,,,,,,,google,cpc,campaign_11,,,2025-07-31 10:51:54,2025-08-28 15:52:03,2025-08-28 15:52:03,false
10900,17745bc2-3529-c231-e068-9f1905dfc5bb,217,1004,Deal 10900,open,,,,,Course C - Advanced,Online,C11,,EARLYBIRD,,,,,,,,,,,google,cpc,campaign_06,,,2026-08-12 07:20:28,2026-08-13 18:58:04,,false
10901,f4a66aae-9364-9895-8604-e4a9093a5d37,224,1004,Deal 10901,won,2250000.0,,,,Course F - Short course,Hybrid,F12,Demo expectation,EARLYBIRD,,,,,,,,,,,facebook,cpc,campaign_07,,,2026-08-22 13:39:22,2026-09-23 11:19:00,2026-09-23 11:19:00,false
10902,7323eab3-0554-b144-57f1-480a546bc509,91,1004,Deal 10902,open,,,,,Course F - Short course,Online,F02,Demo expectation,,,,,,,,,,,,google,cpc,campaign_06,,,2025-02-14 12:02:53,2025-02-25 07:41:34,,false
10903,e6f507a9-be27-21cd-d79b-37a1b6ccece5,76,1005,Deal 10903,won,8075000.0,,,,Course E - Specialist,Hybrid,E06,Demo expectation,REFERRAL,,,,,,,,,,,facebook,cpc,campaign_12,,,2025-09-30 12:01:46,2025-10-12 08:57:26,2025-10-12 08:57:26,false
10904,82278cac-0cfe-7cdf-e872-c5573d9049bb,224,1003,Deal 10904,won,2500000,,,,Course F - Short course,Hybrid,F03,Demo expectation,,,,,,,,,,,,facebook,cpc,campaign_02,,,2025-04-30 01:56:27,2025-05-22 02:09:14,2025-05-22 02:09:14,false
10905,da9bccc1-e71c-681a-6511-e61a143665f5,78,1004,Deal 10905,open,,,,,Course C - Advanced,Offline,C11,Demo expectation,,,,,,,,,,,,zalo,oa,campaign_01,,,2026-09-27 11:00:00,2026-09-27 11:00:00,,false
10906,c24e1ca5-9555-8207-cb3e-bc4ccad028bc,224,1001,Deal 10906,won,4500000,,,,Course A - Foundation,Online,A06,,REFERRAL,,,,,,,,,,,blog,organic,campaign_08,,,2025-12-07 00:20:31,2026-01-05 03:03:45,2026-01-05 03:03:45,false
10907,177d8b26-2024-c407-3447-c34af032c262,222,1004,Deal 10907,won,3825000.0,,,,Course A - Foundation,Online,A05,Demo expectation,REFERRAL,,,,,,,,,,,email,newsletter,campaign_04,,,2025-08-26 05:48:20,2025-09-13 01:45:07,2025-09-13 01:45:07,false
10908,c925f7fa-1484-e9d6-5f8c-2498bcb37ddd,79,1003,Deal 10908,lost,,,,,Course D - Advanced,Offline,D08,Demo expectation,EARLYBIRD,,,,,,,,,Bad Timing: Không sắp xếp được thời gian học,,facebook,cpc,campaign_03,,,2026-03-05 12:20:17,2026-03-11 00:30:21,2026-03-11 00:30:21,false
10909,e2dacd4b-9b3a-aa9e-fd67-6ba106c1772a,224,1004,Deal 10909,won,8075000.0,,,,Course E - Specialist,Online,E08,,,,,,,,,,,,,facebook,cpc,campaign_01,,,2026-02-27 16:05:00,2026-03-26 20:54:55,2026-03-26 20:54:55,false
10910,a8221fae-0ca0-9c81-8f98-1207650e7547,76,1006,Deal 10910,won,9900000.0,,,,Combo: Course A + Course C,Hybrid,,,,,,,,,,,,,,facebook,fanpage,campaign_06,,,2026-05-13 04:08:28,2026-06-05 22:47:44,2026-06-05 22:47:44,false
10911,c3bc5ca7-2906-567d-d28b-829a7b1e5e13,78,1004,Deal 10911,lost,,,Cựu học viên,,Course A - Foundation,Offline,A02,,,,,,,,,,,Sales Process: Sales không follow-up khách,,,,,,,2025-03-30 00:33:00,2025-04-09 06:35:47,2025-04-09 06:35:47,false
10912,7bdac670-ca4c-3b4d-fc8a-de6a9051385e,78,1003,Deal 10912,lost,,,,,Course C - Advanced,Hybrid,C11,,,,,,,,,,,Trash: Không có nhu cầu,,,,,,,2026-09-27 11:00:00,2026-09-27 12:00:00,2026-09-27 12:00:00,false
10913,01adf395-2c5e-405e-34cf-6b7f3f4cd64f,78,1004,Deal 10913,lost,,,,,Program G - Professional,Hybrid,,,REFERRAL,,,,,,,,,Communication: Not Connected: Không liên hệ được,,,,,,,2025-11-14 15:36:16,2025-11-18 09:29:15,2025-11-18 09:29:15,false
10914,bf415c98-5a8e-8f05-23ce-cf1e296df91f,78,1002,Deal 10914,lost,,,,,Course C - Advanced,Hybrid,C05,Demo expectation,,,,,,,,,,Sales Process: Sales không follow-up khách,,email,newsletter,campaign_09,,,2025-09-28 16:58:59,2025-09-29 08:21:40,2025-09-29 08:21:40,false
10915,73dce0e0-6657-00be-80c4-898950f30807,76,1005,Deal 10915,won,4500000,,,,Course A - Foundation,Hybrid,A07,,,,,,,,,,,,,google,cpc,campaign_07,,,2026-01-23 22:56:33,2026-02-06 11:26:34,2026-02-06 11:26:34,false
10916,4cd82847-66b1-f859-adb5-d5e67b88e4ef,224,1001,Deal 10916,won,3825000.0,,,,Course A - Foundation,Offline,,Demo expectation,REFERRAL,,,,,,,,,,,,,,,,2025-02-15 03:03:17,2025-03-18 13:39:17,2025-03-18 13:39:17,false
10917,1243a7d7-ca22-46d5-fe22-a8c383a022e0,224,1003,Deal 10917,won,8000000,,Cựu học viên,,Course D - Advanced,Online,,Demo expectation,,,,,,,,,,,,,,,,,2026-01-01 16:26:52,2026-02-02 02:03:34,2026-02-02 02:03:34,false
10918,65a29cc8-c55b-e95d-06bf-d9c40dc78104,92,1003,Deal 10918,lost,,,,,Course B - Foundation,Offline,B04,,,,,,,,,,,Choose Competitor: Không học online,,,,,,,2025-06-21 22:57:15,2025-07-05 06:42:57,2025-07-05 06:42:57,false
10919,4532499e-08a4-3ec0-d619-68aa7fb866b2,77,1001,Deal 10919,lost,,,,,Course A - Foundation,Offline,,Demo expectation,REFERRAL,,,,,,,,,Communication: Invalid Contact,,facebook,cpc,campaign_01,,,2026-08-12 08:38:33,2026-08-15 16:38:33,2026-08-15 16:38:33,false
10920,322e2f0e-05b8-8314-f698-918085293585,79,1004,Deal 10920,lost,,,,,Program G - Professional,Hybrid,,Demo expectation,,,,,,,,,,Low engagement: Không còn nhu cầu học,,google,cpc,campaign_04,,,2025-08-23 10:33:45,2025-08-29 18:31:26,2025-08-29 18:31:26,false
10921,5868e32a-44c7-7106-3811-f9e92b105a3d,78,1004,Deal 10921,lost,,,,,Course B - Foundation,Hybrid,B04,Demo expectation,,,,,,,,,,Trash: Không có nhu cầu,,facebook,cpc,campaign_02,,,2025-07-14 13:34:31,2025-07-17 20:40:00,2025-07-17 20:40:00,false
10922,bc253805-7006-84a7-0798-0ab9532e76cc,77,1002,Deal 10922,lost,,,,,Combo: Course A + Course C,Online,Course04,Demo expectation,,,,,,,,,,Communication: Invalid Contact,,homepage,organic,campaign_09,,,2025-06-15 11:52:46,2025-06-19 16:52:46,2025-06-19 16:52:46,false
10923,69be173a-850e-f0ad-d872-f72ee5b4a1ae,76,1005,Deal 10923,won,8000000,,,,Course D - Advanced,Offline,D07,,REFERRAL,,,,,,,,,,,,,,,,2025-11-25 14:46:32,2025-12-10 05:00:54,2025-12-10 05:00:54,false
10924,cdb5782a-678b-941f-dcca-9a71a7e70139,80,1001,Deal 10924,lost,,,,,Course E - Specialist,Offline,E10,Demo expectation,,,,,,,,,,Choose Competitor: Đã đi học bên khác,,google,cpc,campaign_02,,,2026-05-13 05:50:12,2026-05-25 22:16:12,2026-05-25 22:16:12,false
10925,d1bb5622-4260-5e08-9e78-209e6290129a,91,1003,Deal 10925,lost,,,,,Course D - Advanced,Offline,D09,Demo expectation,,,,,,,,,,Bad Timing: Không sắp xếp được thời gian học,,,,,,,2026-05-22 18:44:47,2026-06-16 23:46:26,2026-06-16 23:46:26,false
10926,8702f4ad-cca3-a4c4-2e49-82cf7c239ebc,224,1003,Deal 10926,won,3825000.0,,,,Course A - Foundation,Online,A06,Demo expectation,,,,,,,,,,,,email,newsletter,campaign_04,,,2025-11-02 01:37:58,2025-12-06 11:43:59,2025-12-06 11:43:59,false
10927,441982d6-c76b-25ad-499e-52b531dc8958,224,1003,Deal 10927,won,4500000,,,,Course A - Foundation,Online,A09,Demo expectation,,,,,,,,,,,,facebook,cpc,campaign_11,,,2026-05-24 11:58:19,2026-07-02 00:24:01,2026-07-02 00:24:01,false
10928,550714a7-3aac-2179-b66e-58a876421a9f,77,1004,Deal 10928,lost,,,,,Course A - Foundation,Hybrid,A08,Demo expectation,,,,,,,,,,Communication: Not Connected: Không liên hệ được,,google,cpc,campaign_07,,,2026-04-03 19:30:51,2026-04-07 02:30:51,2026-04-07 02:30:51,false
10929,f05ff9c3-9f69-0cde-7eaa-7a911defd401,80,1001,Deal 10929,lost,,,,,Course C - Advanced,Hybrid,C09,,,,,,,,,,,Relevance: Use Case Misfit: Nhu cầu không đúng với sản phẩm,,,,,,,2026-05-18 05:18:37,2026-05-28 20:09:23,2026-05-28 20:09:23,false
10930,5f942c43-b989-a884-5752-2610482a68ff,77,1001,Deal 10930,lost,,,,,Course B - Foundation,Offline,B02,,REFERRAL,,,,,,,,,Trash: Đăng ký trùng deal,,,,,,,2025-01-21 03:14:12,2025-01-26 10:14:12,2025-01-26 10:14:12,false
10931,62210670-7a36-e788-f71f-b9a66dd49c96,92,1002,Deal 10931,lost,,,,,Combo: Course A + Course C,Hybrid,,Demo expectation,EARLYBIRD,,,,,,,,,Budget: Giá quá cao,,facebook,fanpage,campaign_08,,,2025-01-10 06:49:14,2025-01-29 20:19:04,2025-01-29 20:19:04,false
10932,55741a55-edc6-722f-88a9-34a162115e17,77,1004,Deal 10932,lost,,,,,Course E - Specialist,Online,E06,Demo expectation,,,,,,,,,,Communication: Not Connected: Không liên hệ được,,homepage,organic,campaign_12,,,2025-10-25 18:43:47,2025-10-27 21:43:47,2025-10-27 21:43:47,false
10933,151b5289-700b-fc99-8f50-521d633476f0,77,1004,Deal 10933,lost,,,,,Course A - Foundation,Offline,A06,,EARLYBIRD,,,,,,,,,Trash: Không có nhu cầu,,facebook,fanpage,campaign_08,,,2025-12-21 21:51:25,2025-12-25 05:51:25,2025-12-25 05:51:25,false
10934,81d67019-d97e-8d3c-04c4-f46ae4610160,92,1001,Deal 10934,lost,,,,,Course D - Advanced,Hybrid,D07,Demo expectation,EARLYBIRD,,,,,,,,,Choose Competitor: Không học online,,email,newsletter,campaign_09,,,2025-11-28 08:08:31,2025-12-15 16:32:24,2025-12-15 16:32:24,false
10935,df2053a3-553a-0159-9cfe-e5c913c376ce,77,1002,Deal 10935,lost,,,,,Course B - Foundation,Hybrid,B05,Demo expectation,,,,,,,,,,Trash: Không có nhu cầu,,,,,,,2025-09-05 19:29:59,2025-09-05 21:29:59,2025-09-05 21:29:59,false
10936,bdecfa9d-84b0-249a-f208-deed205cf4ec,224,1002,Deal 10936,won,2500000,,,,Course F - Short course,Offline,,,,,,,,,,,,,,,,,,,2026-06-15 04:23:32,2026-07-16 04:43:44,2026-07-16 04:43:44,false
10937,948c7eb4-1cf8-570b-5e5b-2ad8b4732eb6,224,1001,Deal 10937,won,16200000.0,,,,Program G - Professional,Online,G01,,,,,,,,,,,,,email,newsletter,campaign_05,,,2025-01-19 07:52:59,2025-02-15 04:11:32,2025-02-15 04:11:32,false
10938,611e5684-76af-13c0-36c1-c052207ca173,76,1008,Deal 10938,won,4250000.0,,,,Course B - Foundation,Hybrid,B09,,,,,,,,,,,,,homepage,organic,campaign_02,,,2026-03-31 21:43:54,2026-04-23 22:29:29,2026-04-23 22:29:29,false
10939,af7ce609-1a99-aae0-8677-b81d1902c93b,224,1001,Deal 10939,won,4500000,,,,Course A - Foundation,Hybrid,A05,,EARLYBIRD,,,,,,,,,,,homepage,organic,campaign_10,,,2025-09-09 11:37:17,2025-11-04 14:54:31,2025-11-04 14:54:31,false
10940,9a3b5491-7e6b-f58f-f72e-b0347e7422ad,77,1001,Deal 10940,lost,,,,,Course D - Advanced,Hybrid,D03,Demo expectation,REFERRAL,,,,,,,,,Communication: Invalid Contact,,zalo,oa,campaign_02,,,2025-05-18 18:43:19,2025-05-20 01:43:19,2025-05-20 01:43:19,false
10941,fe5e9b1c-875b-2fe1-e3bb-eeb7640445a1,224,1004,Deal 10941,won,2125000.0,,,,Course F - Short course,Online,,,EARLYBIRD,,,,,,,,,,,,,,,,2025-12-19 00:28:37,2026-01-22 12:33:03,2026-01-22 12:33:03,false
10942,9df54a21-6036-3d28-2e27-c83fe220134e,92,1001,Deal 10942,lost,,,,,Course B - Foundation,Online,B03,,EARLYBIRD,,,,,,,,,Choose Competitor: Không học online,,,,,,,2025-04-12 10:57:23,2025-05-11 01:24:54,2025-05-11 01:24:54,false
10943,4458b006-332c-ce0a-0e7d-a698ab95c72f,224,1004,Deal 10943,won,7200000.0,,Cựu học viên,,Course D - Advanced,Hybrid,,Demo expectation,,,,,,,,,,,,,,,,,2026-01-10 18:35:30,2026-02-19 22:03:15,2026-02-19 22:03:15,false
10944,480c8194-70a4-e9e4-62b0-99a503a2fcda,79,1003,Deal 10944,lost,,,,,Course A - Foundation,Online,A09,,,,,,,,,,,Bad Timing: Không sắp xếp được thời gian học,,facebook,fanpage,campaign_03,,,2026-06-27 09:38:15,2026-07-04 14:43:54,2026-07-04 14:43:54,false
10945,7daae2b3-1a70-a81a-4202-c418b6aedb91,77,1003,Deal 10945,open,,,,,Course A - Foundation,Online,A08,Demo expectation,,,,,,,,,,,,facebook,cpc,campaign_01,,,2026-03-27 02:43:52,2026-03-27 02:43:52,,false
10946,75692fd5-d1a5-83c4-b6ee-ac6130dd57bd,224,1001,Deal 10946,won,7500000,,,,Course C - Advanced,Hybrid,C04,Demo expectation,REFERRAL,,,,,,,,,,,,,,,,2025-08-14 09:11:51,2025-08-27 20:16:57,2025-08-27 20:16:57,false
10947,ea057652-a747-4ee9-409b-9de533cf79ba,79,1001,Deal 10947,lost,,,,,Course A - Foundation,Hybrid,A04,,REFERRAL,,,,,,,,,Low engagement: Không còn nhu cầu học,,facebook,cpc,campaign_03,,,2025-07-03 14:54:21,2025-07-15 02:49:40,2025-07-15 02:49:40,false
10948,8da4ced1-1423-040d-fa4f-a66c4d7f6dfb,224,1003,Deal 10948,won,15300000.0,,,,Program G - Professional,Offline,G04,Demo expectation,,,,,,,,,,,,inbox,inbox,campaign_06,,,2025-05-19 12:53:19,2025-06-03 17:37:51,2025-06-03 17:37:51,false
10949,f6c225d2-3555-f415-f3ec-9d12783935b3,222,1001,Deal 10949,won,4250000.0,,,,Course B - Foundation,Hybrid,B04,Demo expectation,EARLYBIRD,,,,,,,,,,,facebook,fanpage,campaign_03,,,2025-07-03 21:45:53,2025-08-19 10:10:24,2025-08-19 10:10:24,false
10950,b7c45dd8-4dde-1873-f20a-ed36a1cb3a52,91,1002,Deal 10950,lost,,,,,Course B - Foundation,Offline,B08,Demo expectation,REFERRAL,,,,,,,,,Bad Timing: No Immediate Priority,,facebook,fanpage,campaign_04,,,2026-03-19 19:13:11,2026-04-25 17:37:08,2026-04-25 17:37:08,false
10951,85d8cc08-3981-9354-4a85-fbd1c22a6772,73,1008,Deal 10951,lost,,,,,Course D - Advanced,Hybrid,D09,Demo expectation,REFERRAL,,,,,,,,,Budget: Giá quá cao,,google,cpc,campaign_11,,,2026-04-14 11:42:06,2026-04-28 06:35:09,2026-04-28 06:35:09,false
10952,eee13cae-b02e-21aa-352b-6ec8e90d21cb,224,1004,Deal 10952,won,4050000.0,,,,Course A - Foundation,Online,A04,,REFERRAL,,,,,,,,,,,google,cpc,campaign_09,,,2025-08-12 21:18:18,2025-09-10 05:05:55,2025-09-10 05:05:55,false
10953,d2f9a8de-2816-7a6f-7cff-9981b6ebcf09,91,1004,Deal 10953,lost,,,,,Course C - Advanced,Hybrid,C07,Demo expectation,EARLYBIRD,,,,,,,,,Bad Timing: No Immediate Priority,,blog,organic,campaign_09,,,2026-01-24 23:48:15,2026-02-14 15:00:25,2026-02-14 15:00:25,false
10954,962c04dd-25d0-7461-059c-15740f3f0f48,224,1004,Deal 10954,won,4500000,,,,Course A - Foundation,Offline,A09,Demo expectation,,,,,,,,,,,,,,,,,2026-06-30 14:54:29,2026-08-12 20:03:21,2026-08-12 20:03:21,false
10955,6133a34d-8b0e-8eb1-ad37-1d9e92cf6021,91,1002,Deal 10955,lost,,,,,Course A - Foundation,Offline,,Demo expectation,,,,,,,,,,Bad Timing: Không sắp xếp được thời gian học,,google,cpc,campaign_01,,,2026-08-07 22:24:56,2026-09-05 09:02:18,2026-09-05 09:02:18,false
10956,be229c05-5bcb-7f2a-58f7-793711fb02d1,79,1002,Deal 10956,lost,,,,,Course B - Foundation,Offline,B05,,,,,,,,,,,Communication: Ghosted After Demo/Call,,,,,,,2025-08-03 09:11:10,2025-08-13 21:20:55,2025-08-13 21:20:55,false
10957,a1f875a4-8a4b-4559-5776-5dc6994a77f9,78,1001,Deal 10957,lost,,,,,Program G - Professional,Hybrid,G10,Demo expectation,EARLYBIRD,,,,,,,,,Communication: Not Connected: Không liên hệ được,,facebook,fanpage,campaign_03,,,2026-04-24 18:56:06,2026-05-01 08:33:14,2026-05-01 08:33:14,false
10958,e00fa28c-405c-1d50-a356-2ae740d945ad,92,1001,Deal 10958,lost,,,,,Course C - Advanced,Hybrid,,Demo expectation,EARLYBIRD,,,,,,,,,Budget: Giá quá cao,,google,cpc,campaign_12,,,2026-03-02 11:48:33,2026-04-02 14:19:53,2026-04-02 14:19:53,false
10959,7c641c58-a52d-2946-3c03-032cc7f020cf,78,1003,Deal 10959,lost,,,,,Combo: Course A + Course C,Hybrid,Course09,,REFERRAL,,,,,,,,,Sales Process: Sales không follow-up khách,,,,,,,2026-04-12 03:38:51,2026-04-14 18:25:18,2026-04-14 18:25:18,false
10960,6ba25efe-311c-6eb6-2095-eef68dedf9fb,79,1002,Deal 10960,lost,,,,,Course A - Foundation,Offline,A07,,REFERRAL,,,,,,,,,Low engagement: Không còn nhu cầu học,,facebook,cpc,campaign_01,,,2026-01-02 21:07:07,2026-01-09 13:31:12,2026-01-09 13:31:12,false
10961,ddfce905-b56c-8e75-9956-614cbd67f6a9,224,1003,Deal 10961,won,7500000,,,,Course C - Advanced,Online,C05,Demo expectation,,,,,,,,,,,,google,cpc,campaign_11,,,2025-08-26 16:31:53,2025-09-20 14:51:54,2025-09-20 14:51:54,false
10962,cd6586ee-1edb-568b-ebc1-9f826bed6efa,224,1004,Deal 10962,won,7500000,,,,Course C - Advanced,Hybrid,C10,Demo expectation,,,,,,,,,,,,facebook,cpc,campaign_04,,,2026-06-08 13:24:45,2026-07-07 04:59:13,2026-07-07 04:59:13,false
10963,cb508544-b481-acde-eeaf-ab5619b65b6b,92,1002,Deal 10963,lost,,,,,Course F - Short course,Hybrid,F05,Demo expectation,EARLYBIRD,,,,,,,,,Budget: Giá quá cao,,facebook,cpc,campaign_05,,,2025-08-26 12:42:43,2025-09-22 03:30:04,2025-09-22 03:30:04,false
10964,668b28da-8222-cd7f-36e6-ba8519abdc15,224,1002,Deal 10964,won,18000000,,,,Program G - Professional,Hybrid,G10,Demo expectation,REFERRAL,,,,,,,,,,,google,cpc,campaign_03,,,2026-05-09 17:34:24,2026-06-13 23:42:06,2026-06-13 23:42:06,false
10965,52b1731b-a4df-08c5-67ad-b841227c27df,77,1004,Deal 10965,lost,,,,,Course B - Foundation,Hybrid,B09,Demo expectation,REFERRAL,,,,,,,,,Trash: Đăng ký trùng deal,,email,newsletter,campaign_05,,,2026-04-26 13:08:45,2026-04-30 20:08:45,2026-04-30 20:08:45,false
10966,50071ef6-772d-96f3-1eff-963e5538bb91,224,1002,Deal 10966,won,4500000,,,,Course A - Foundation,Online,A07,,,,,,,,,,,,,facebook,cpc,campaign_06,,,2026-01-25 09:37:20,2026-03-14 21:23:00,2026-03-14 21:23:00,false
10967,a5234b3c-b5e0-6b0e-ab0d-7e8fdd0cffdf,224,1004,Deal 10967,won,5000000,,,,Course B - Foundation,Hybrid,B06,,,,,,,,,,,,,,,,,,2025-11-25 06:20:04,2025-12-13 20:27:48,2025-12-13 20:27:48,false
10968,2590d4fb-ff9e-1f08-f9cc-2915c284d2f5,80,1002,Deal 10968,lost,,,,,Course B - Foundation,Offline,,Demo expectation,EARLYBIRD,,,,,,,,,Choose Competitor: Đã đi học bên khác,,homepage,organic,campaign_07,,,2025-11-02 02:00:45,2025-11-17 23:01:37,2025-11-17 23:01:37,false
10969,dec91438-884f-f1a7-af48-1fc07eba0464,80,1003,Deal 10969,lost,,,,,Combo: Course A + Course C,Online,Course02,Demo expectation,EARLYBIRD,,,,,,,,,Budget: Not willing to pay,,,,,,,2025-01-30 09:24:03,2025-02-07 18:14:36,2025-02-07 18:14:36,false
10970,533679f2-8ccf-8851-fc94-7bc1d14fc8aa,224,1003,Deal 10970,won,9500000,,,,Course E - Specialist,Online,E06,Demo expectation,,,,,,,,,,,,facebook,cpc,campaign_10,,,2025-09-10 18:02:53,2025-10-10 20:19:24,2025-10-10 20:19:24,false
10971,070eb935-ddaa-bd69-5d02-80d21d6f6d42,91,1003,Deal 10971,lost,,,,,Course F - Short course,Hybrid,F01,,EARLYBIRD,,,,,,,,,Bad Timing: No Immediate Priority,,facebook,cpc,campaign_10,,,2025-01-28 01:03:11,2025-02-15 20:07:13,2025-02-15 20:07:13,false
10972,fc76627b-00cd-11a8-301c-8108a904babd,78,1002,Deal 10972,open,,,,,Course B - Foundation,Online,B02,Demo expectation,,,,,,,,,,,,email,newsletter,campaign_08,,,2025-01-29 13:12:14,2025-02-03 22:16:19,,false
10973,89465e5b-26fa-3d5c-3678-a41a65adafab,224,1001,Deal 10973,won,4250000.0,,,,Course B - Foundation,Online,B08,,,,,,,,,,,,,,,,,,2026-03-05 07:03:48,2026-04-07 17:12:59,2026-04-07 17:12:59,false
10974,8f1a5d4a-72ce-d11f-8f59-748b05a95733,78,1004,Deal 10974,lost,,,,,Course D - Advanced,Online,D10,,,,,,,,,,,Trash: Không có nhu cầu,,,,,,,2026-07-24 18:43:40,2026-08-03 03:59:45,2026-08-03 03:59:45,false
10975,b74eba93-1027-5b53-2285-b2efcfbe4fe9,77,1004,Deal 10975,lost,,,,,Course D - Advanced,Offline,D03,Demo expectation,,,,,,,,,,Trash: Không có nhu cầu,,,,,,,2025-05-03 03:03:53,2025-05-08 05:03:53,2025-05-08 05:03:53,false
10976,32410617-df52-cf0a-0c8a-8d840c888da5,224,1002,Deal 10976,won,3825000.0,,,,Course A - Foundation,Hybrid,,,REFERRAL,,,,,,,,,,,facebook,fanpage,campaign_01,,,2025-08-14 23:06:53,2025-09-15 05:11:16,2025-09-15 05:11:16,false
10977,94213090-4368-ae93-bded-cb7ad5ba304c,77,1004,Deal 10977,lost,,,,,Course F - Short course,Offline,F11,,,,,,,,,,,Communication: Invalid Contact,,,,,,,2026-06-30 09:59:47,2026-07-01 10:59:47,2026-07-01 10:59:47,false
10978,acac1b18-be88-64ab-fa27-a8f803125cdd,76,1006,Deal 10978,won,4250000.0,,,,Course B - Foundation,Offline,B05,Demo expectation,,,,,,,,,,,,inbox,inbox,campaign_09,,,2025-09-25 05:47:21,2025-10-21 03:20:06,2025-10-21 03:20:06,false
10979,01adf395-2c5e-405e-34cf-6b7f3f4cd64f,79,1003,Deal 10979,lost,,,,,Course A - Foundation,Offline,A06,,,,,,,,,,,Bad Timing: Không sắp xếp được thời gian học,,facebook,cpc,campaign_04,,,2025-11-05 06:36:40,2025-11-12 14:43:41,2025-11-12 14:43:41,false
10980,869d7b01-61f0-3b99-4e33-db3731425d81,224,1004,Deal 10980,won,2500000,,,,Course F - Short course,Online,F01,Demo expectation,,,,,,,,,,,,inbox,inbox,campaign_11,,,2025-01-17 13:01:25,2025-03-07 04:53:08,2025-03-07 04:53:08,false
10981,09a27c56-0128-e485-338f-8ce985e58910,78,1001,Deal 10981,lost,,,,,Program G - Professional,Online,G09,,,,,,,,,,,Sales Process: Sales không follow-up khách,,google,cpc,campaign_02,,,2026-03-13 13:58:19,2026-03-14 18:52:25,2026-03-14 18:52:25,false
10982,5540e2e1-5d7b-5b55-21cb-8d1ff87abf42,78,1004,Deal 10982,lost,,,,,Course A - Foundation,Online,A03,Demo expectation,,,,,,,,,,Communication: Not Connected: Không liên hệ được,,google,cpc,campaign_06,,,2025-05-11 16:32:26,2025-05-17 04:33:12,2025-05-17 04:33:12,false
10983,7de7ca5a-4f22-fd57-bb5d-13c5f6cb4071,80,1001,Deal 10983,lost,,,,,Combo: Course A + Course C,Offline,Course05,,,,,,,,,,,Choose Competitor: Đã đi học bên khác,,homepage,organic,campaign_05,,,2025-08-14 00:18:51,2025-08-25 08:56:39,2025-08-25 08:56:39,false
10984,e47c666a-b04d-ee79-4ff6-308a91356bfe,76,1007,Deal 10984,won,15300000.0,,,,Program G - Professional,Offline,G09,Demo expectation,,,,,,,,,,,,,,,,,2026-03-03 05:30:17,2026-03-16 08:52:12,2026-03-16 08:52:12,false
10985,b09a96e3-c00d-ec5e-1b60-46ee3d9ea33b,224,1002,Deal 10985,won,7200000.0,,,,Course D - Advanced,Online,D09,,REFERRAL,,,,,,,,,,,,,,,,2026-04-04 17:03:35,2026-04-30 02:58:31,2026-04-30 02:58:31,false
10986,a41bc4c2-4ecc-b0ab-7d53-38ca625046c0,80,1004,Deal 10986,lost,,,,,Course F - Short course,Offline,F04,Demo expectation,,,,,,,,,,Relevance: Not ICP fit,,email,newsletter,campaign_12,,,2025-06-15 17:49:54,2025-06-19 23:47:31,2025-06-19 23:47:31,false
10987,14eed987-95e7-c6e4-413e-84bd5aff4594,77,1003,Deal 10987,lost,,,,,Course F - Short course,Offline,F02,,REFERRAL,,,,,,,,,Trash: Không có nhu cầu,,facebook,fanpage,campaign_12,,,2025-02-24 06:05:08,2025-02-24 11:05:08,2025-02-24 11:05:08,false
10988,98133da1-7d21-20ad-5f59-fb4d3defa7ba,78,1004,Deal 10988,lost,,,,,Course E - Specialist,Online,,,REFERRAL,,,,,,,,,Communication: Not Connected: Không liên hệ được,,,,,,,2025-03-13 13:52:54,2025-03-18 13:39:26,2025-03-18 13:39:26,false
10989,b190dea4-c335-e9e5-1567-55f42f39f8c8,224,1002,Deal 10989,won,6800000.0,,,,Course D - Advanced,Online,D05,,,,,,,,,,,,,facebook,fanpage,campaign_02,,,2025-08-14 15:26:19,2025-09-25 02:05:22,2025-09-25 02:05:22,false
10990,d87bea26-dc3c-9f65-e244-716d93cafcc8,80,1003,Deal 10990,lost,,,,,Course D - Advanced,Hybrid,,Demo expectation,,,,,,,,,,Choose Competitor: Đã đi học bên khác,,facebook,cpc,campaign_12,,,2025-08-22 08:21:17,2025-09-11 07:13:04,2025-09-11 07:13:04,false
10991,4fc5e5fd-ac12-f441-cd50-883a9b1025a3,78,1002,Deal 10991,lost,,,,,Combo: Course A + Course C,Hybrid,Course07,Demo expectation,REFERRAL,,,,,,,,,Communication: Not Connected: Không liên hệ được,,facebook,cpc,campaign_05,,,2025-12-30 13:52:19,2026-01-06 02:18:47,2026-01-06 02:18:47,false
10992,297496de-9a64-d450-b7ec-e5d6882a66d5,224,1004,Deal 10992,won,5000000,,,,Course B - Foundation,Online,B11,Demo expectation,,,,,,,,,,,,facebook,cpc,campaign_08,,,2026-08-04 17:19:59,2026-09-27 12:00:00,2026-09-27 12:00:00,false
10993,43a29acd-4cb5-0736-a531-0be0f3914a36,224,1004,Deal 10993,won,9500000,,,,Course E - Specialist,Hybrid,,Demo expectation,EARLYBIRD,,,,,,,,,,,google,cpc,campaign_07,,,2026-08-28 16:10:45,2026-09-27 12:00:00,2026-09-27 12:00:00,false
10994,5f441ba8-c027-f798-8a58-1d55303808c8,77,1001,Deal 10994,lost,,,,,Course F - Short course,Online,F09,Demo expectation,,,,,,,,,,Communication: Invalid Contact,,blog,organic,campaign_01,,,2026-03-30 12:55:21,2026-03-31 15:55:21,2026-03-31 15:55:21,false
10995,03d2a7ca-3775-33ab-d447-6a01ec67f7b7,224,1004,Deal 10995,won,11000000,,,,Combo: Course A + Course C,Offline,,Demo expectation,EARLYBIRD,,,,,,,,,,,facebook,cpc,campaign_06,,,2025-06-06 10:56:57,2025-06-19 09:53:40,2025-06-19 09:53:40,false
10996,df466896-cdbc-3b08-abc9-fbb3fff03027,224,1004,Deal 10996,won,2250000.0,,,,Course F - Short course,Online,F11,,REFERRAL,,,,,,,,,,,facebook,fanpage,campaign_04,,,2026-07-04 13:02:32,2026-07-23 11:25:07,2026-07-23 11:25:07,false
10997,19960b40-367d-9053-bec2-e40df0b81b29,78,1003,Deal 10997,lost,,,,,Course A - Foundation,Hybrid,A02,Demo expectation,,,,,,,,,,Communication: Not Connected: Không liên hệ được,,facebook,cpc,campaign_06,,,2025-02-27 19:44:04,2025-03-07 02:25:44,2025-03-07 02:25:44,false
10998,0f82157a-82ca-2598-a3bb-9331df5181bc,78,1001,Deal 10998,lost,,,,,Course A - Foundation,Online,A07,Demo expectation,,,,,,,,,,Sales Process: Sales không follow-up khách,,google,cpc,campaign_07,,,2026-02-04 17:04:41,2026-02-09 07:06:06,2026-02-09 07:06:06,false
10999,2f900058-39ca-2826-5af5-6a23627ca9f7,224,1002,Deal 10999,won,4500000,,,,Course A - Foundation,Hybrid,A07,Demo expectation,,,,,,,,,,,,email,newsletter,campaign_07,,,2026-03-03 00:06:26,2026-03-20 20:36:36,2026-03-20 20:36:36,false
11000,64076750-4810-7252-994d-4c03715474b9,77,1003,Deal 11000,lost,,,,,Course A - Foundation,Offline,A04,,,,,,,,,,,Communication: Not Connected: Không liên hệ được,,facebook,fanpage,campaign_12,,,2025-07-22 02:20:51,2025-07-25 09:20:51,2025-07-25 09:20:51,false
11001,56ef1586-1b12-9d36-6d90-cc3668026646,224,1003,Deal 11001,won,7500000,,,,Course C - Advanced,Online,C09,Demo expectation,REFERRAL,,,,,,,,,,,,,,,,2026-04-13 19:19:10,2026-05-10 01:25:04,2026-05-10 01:25:04,false
11002,54a1c8a6-ec25-97eb-9482-20ec996680b3,224,1001,Deal 11002,won,8075000.0,,,,Course E - Specialist,Hybrid,E01,Demo expectation,REFERRAL,,,,,,,,,,,,,,,,2025-01-12 15:40:35,2025-02-13 06:17:51,2025-02-13 06:17:51,false
11003,e2f820df-15a5-7d60-cba8-dd6eea5479f2,224,1002,Deal 11003,won,7500000,,,,Course C - Advanced,Offline,C05,Demo expectation,REFERRAL,,,,,,,,,,,facebook,cpc,campaign_10,,,2025-09-29 07:40:43,2025-10-11 22:46:41,2025-10-11 22:46:41,false
11004,72926459-31d8-ec57-b012-c7e6b30131e0,78,1004,Deal 11004,lost,,,,,Course F - Short course,Hybrid,F05,,,,,,,,,,,Trash: Không có nhu cầu,,,,,,,2025-07-23 20:37:23,2025-07-24 22:21:25,2025-07-24 22:21:25,false
11005,b9b3c0ee-faf2-be80-833b-de7861c50cc8,91,1001,Deal 11005,open,,,,,Course C - Advanced,Online,C11,,REFERRAL,,,,,,,,,,,zalo,oa,campaign_08,,,2026-09-26 08:44:25,2026-09-27 11:00:00,,false
11006,284c03d2-27d4-15b6-0d77-c5a0e222b6a6,78,1002,Deal 11006,lost,,,,,Course A - Foundation,Hybrid,A03,Demo expectation,REFERRAL,,,,,,,,,Sales Process: Sales không follow-up khách,,facebook,cpc,campaign_09,,,2025-04-13 15:03:36,2025-04-16 13:22:01,2025-04-16 13:22:01,false
11007,aec5509c-9226-15b2-99cd-0df3a873abc8,80,1002,Deal 11007,lost,,,,,Course E - Specialist,Offline,E10,Demo expectation,,,,,,,,,,Relevance: Use Case Misfit: Nhu cầu không đúng với sản phẩm,,facebook,cpc,campaign_08,,,2026-05-31 00:12:55,2026-06-14 00:44:43,2026-06-14 00:44:43,false
11008,48164644-01a9-abd0-ed71-d8749dc3a0c6,77,1004,Deal 11008,lost,,,,,Course D - Advanced,Online,D02,,REFERRAL,,,,,,,,,Communication: Invalid Contact,,facebook,fanpage,campaign_12,,,2025-01-25 18:20:15,2025-01-27 22:20:15,2025-01-27 22:20:15,false
11009,57750d0f-5256-e276-fba7-5385a98afcb0,77,1001,Deal 11009,lost,,,,,Course F - Short course,Online,F09,,,,,,,,,,,Communication: Invalid Contact,,email,newsletter,campaign_03,,,2026-03-20 15:32:10,2026-03-21 19:32:10,2026-03-21 19:32:10,false
11010,546252e7-f43b-a052-4459-bd6ec0f63229,224,1004,Deal 11010,won,7200000.0,,,,Course D - Advanced,Offline,D08,Demo expectation,REFERRAL,,,,,,,,,,,facebook,cpc,campaign_01,,,2026-03-18 09:21:04,2026-04-29 21:17:00,2026-04-29 21:17:00,false
11011,ae94c0b5-aaf1-c938-27d5-4ab086d66946,80,1003,Deal 11011,lost,,,,,Course F - Short course,Offline,F04,Demo expectation,EARLYBIRD,,,,,,,,,Budget: Not willing to pay,,facebook,cpc,campaign_07,,,2025-05-21 06:53:59,2025-05-29 16:47:35,2025-05-29 16:47:35,false
11012,8bed0104-929e-a405-53ed-75f63ec72cca,80,1003,Deal 11012,lost,,,,,Course E - Specialist,Online,,Demo expectation,EARLYBIRD,,,,,,,,,Relevance: Not ICP fit,,,,,,,2025-10-20 10:21:56,2025-11-04 08:34:18,2025-11-04 08:34:18,false
11013,2a1b76e3-3266-84ff-3ffe-f652eac032fa,79,1001,Deal 11013,lost,,,,,Course B - Foundation,Online,B09,,EARLYBIRD,,,,,,,,,Communication: No Response,,zalo,oa,campaign_08,,,2026-03-22 15:26:22,2026-04-01 11:28:48,2026-04-01 11:28:48,false
11014,f17510ac-5edf-87da-d485-d540ff23dc19,76,1005,Deal 11014,won,7500000,,,,Course C - Advanced,Online,C09,Demo expectation,EARLYBIRD,,,,,,,,,,,email,newsletter,campaign_05,,,2026-04-15 15:57:49,2026-05-05 18:34:32,2026-05-05 18:34:32,false
11015,c90b9454-50d3-802d-b876-a45588b3152d,224,1002,Deal 11015,won,4500000,,,,Course A - Foundation,Offline,,Demo expectation,REFERRAL,,,,,,,,,,,email,newsletter,campaign_09,,,2025-10-16 11:58:57,2025-11-21 05:27:34,2025-11-21 05:27:34,false
11016,c5af1533-2a7f-1785-a108-5513d9d0b0a2,74,1006,Deal 11016,lost,,,,,Course E - Specialist,Hybrid,E10,Demo expectation,REFERRAL,,,,,,,,,Communication: No Response,,facebook,fanpage,campaign_04,,,2026-05-10 15:08:59,2026-05-25 21:33:52,2026-05-25 21:33:52,false
11017,dd00a64c-8f45-c269-6b52-59dce0d8b492,76,1006,Deal 11017,won,4500000.0,,,,Course B - Foundation,Hybrid,B05,Demo expectation,EARLYBIRD,,,,,,,,,,,google,cpc,campaign_06,,,2025-08-05 12:03:00,2025-08-18 12:40:44,2025-08-18 12:40:44,false
11018,79fb464e-10cf-f03f-69f0-517b28eab54a,224,1004,Deal 11018,won,8075000.0,,,,Course E - Specialist,Offline,E09,Demo expectation,EARLYBIRD,,,,,,,,,,,facebook,fanpage,campaign_10,,,2026-03-11 11:57:53,2026-03-29 19:56:04,2026-03-29 19:56:04,false
11019,cb1fa325-44e5-f394-3c6b-ad3494fc712b,224,1003,Deal 11019,won,11000000,,,,Combo: Course A + Course C,Offline,,Demo expectation,,,,,,,,,,,,facebook,cpc,campaign_10,,,2026-08-18 09:30:20,2026-09-10 09:35:45,2026-09-10 09:35:45,false
11020,82278cac-0cfe-7cdf-e872-c5573d9049bb,224,1002,Deal 11020,won,8550000.0,,,,Course E - Specialist,Hybrid,,Demo expectation,,,,,,,,,,,,facebook,fanpage,campaign_09,,,2025-05-05 08:03:19,2025-06-11 22:17:05,2025-06-11 22:17:05,false
11021,cb79dcb5-9ede-807c-24f7-53a3a83b9212,91,1001,Deal 11021,lost,,,,,Course F - Short course,Offline,F11,Demo expectation,REFERRAL,,,,,,,,,Bad Timing: Không sắp xếp được thời gian học,,google,cpc,campaign_11,,,2026-08-03 14:21:42,2026-08-21 17:31:36,2026-08-21 17:31:36,false
11022,3861d10a-1698-10ab-29fd-9858e2517b0a,77,1003,Deal 11022,lost,,,,,Course B - Foundation,Offline,B06,Demo expectation,,,,,,,,,,Trash: Đăng ký trùng deal,,homepage,organic,campaign_11,,,2025-11-05 22:04:22,2025-11-06 03:04:22,2025-11-06 03:04:22,false
11023,8feff87b-79d5-4e9f-7846-0474927c5ea7,77,1003,Deal 11023,lost,,,,,Course C - Advanced,Hybrid,C06,,REFERRAL,,,,,,,,,Trash: Không có nhu cầu,,homepage,organic,campaign_09,,,2025-11-13 02:25:58,2025-11-16 08:25:58,2025-11-16 08:25:58,false
11024,339839aa-7e95-b992-af7d-a5d4238c929d,79,1002,Deal 11024,lost,,,,,Course A - Foundation,Online,A10,Demo expectation,,,,,,,,,,Budget: Giá quá cao,,facebook,fanpage,campaign_09,,,2026-08-10 02:20:03,2026-08-16 10:02:10,2026-08-16 10:02:10,false
11025,e85d8eda-d50d-12c2-4ca3-795517b022c7,78,1003,Deal 11025,lost,,,,,Course C - Advanced,Offline,C03,,,,,,,,,,,Sales Process: Sales không follow-up khách,,homepage,organic,campaign_11,,,2025-06-04 08:38:02,2025-06-12 08:50:50,2025-06-12 08:50:50,false
11026,6b9c7d7c-8b71-3ce4-a614-5f1b79a3b6a8,78,1002,Deal 11026,open,,,,,Program G - Professional,Offline,,Demo expectation,EARLYBIRD,,,,,,,,,,,,,,,,2026-09-20 11:38:19,2026-09-26 09:41:28,,false
11027,c3b5b2bd-1eec-4d0d-f5a8-edd7c9b49d09,79,1003,Deal 11027,lost,,,,,Combo: Course A + Course C,Hybrid,Course09,,EARLYBIRD,,,,,,,,,Bad Timing: Không sắp xếp được thời gian học,,facebook,fanpage,campaign_12,,,2026-04-19 08:41:36,2026-04-26 11:13:15,2026-04-26 11:13:15,false
11028,48e80f79-58eb-a462-1976-a39a507a61a9,77,1004,Deal 11028,lost,,,,,Course E - Specialist,Online,E09,Demo expectation,,,,,,,,,,Communication: Invalid Contact,,,,,,,2026-03-21 08:55:08,2026-03-23 11:55:08,2026-03-23 11:55:08,false
11029,4532499e-08a4-3ec0-d619-68aa7fb866b2,77,1002,Deal 11029,lost,,,,,Course A - Foundation,Online,A10,,,,,,,,,,,Communication: Invalid Contact,,facebook,cpc,campaign_12,,,2026-07-21 14:38:07,2026-07-26 15:38:07,2026-07-26 15:38:07,false
11030,2412e47e-29a7-f041-2d51-9614442a584a,77,1003,Deal 11030,lost,,,,,Course F - Short course,Hybrid,F03,Demo expectation,,,,,,,,,,Communication: Invalid Contact,,,,,,,2025-04-01 00:56:09,2025-04-04 03:56:09,2025-04-04 03:56:09,false
11031,26633334-b4a1-7f7a-7092-40bc53c00a59,76,1007,Deal 11031,won,2500000,,,,Course F - Short course,Online,F07,,REFERRAL,,,,,,,,,,,zalo,oa,campaign_03,,,2025-11-27 11:12:04,2025-12-07 15:13:57,2025-12-07 15:13:57,false
11032,ef1920da-0a5f-cede-7a23-c1bc8d361929,78,1004,Deal 11032,lost,,,,,Course C - Advanced,Offline,,Demo expectation,,,,,,,,,,Communication: Not Connected: Không liên hệ được,,,,,,,2025-05-30 16:27:53,2025-06-01 02:21:06,2025-06-01 02:21:06,false
11033,e0632508-b367-a133-8a01-30dbf8a9cf5d,91,1004,Deal 11033,open,,,,,Combo: Course A + Course C,Hybrid,,,,,,,,,,,,,,google,cpc,campaign_02,,,2026-09-27 11:00:00,2026-09-27 11:00:00,,false
11034,1ccc575e-6c6b-fd66-94ba-c2b5ca4514d1,224,1003,Deal 11034,won,9500000,,,,Course E - Specialist,Offline,E08,Demo expectation,,,,,,,,,,,,facebook,cpc,campaign_02,,,2026-02-19 13:33:43,2026-03-19 07:06:00,2026-03-19 07:06:00,false
11035,8646f5c1-ea89-cc6d-4a3c-2fe29d347254,222,1004,Deal 11035,won,7500000,,,,Course C - Advanced,Hybrid,C07,,,,,,,,,,,,,facebook,cpc,campaign_04,,,2025-12-29 14:08:55,2026-01-21 12:24:25,2026-01-21 12:24:25,false
11036,bb15894a-eeb4-7b07-8239-01c4ad5209e7,80,1002,Deal 11036,lost,,,,,Course E - Specialist,Online,,,REFERRAL,,,,,,,,,Choose Competitor: Đã đi học bên khác,,,,,,,2025-03-27 21:35:15,2025-04-22 06:37:42,2025-04-22 06:37:42,false
11037,809de93b-d353-a992-9217-4d2f17297cc3,224,1001,Deal 11037,won,4250000.0,,,,Course B - Foundation,Online,B06,Demo expectation,,,,,,,,,,,,facebook,cpc,campaign_04,,,2025-11-16 21:18:02,2025-12-17 03:37:21,2025-12-17 03:37:21,false
11038,c2e8a700-3548-7cd7-e0ef-27f80061a789,79,1004,Deal 11038,lost,,,,,Course C - Advanced,Hybrid,,Demo expectation,,,,,,,,,,Low engagement: Không còn nhu cầu học,,google,cpc,campaign_08,,,2025-07-16 02:20:12,2025-08-03 07:18:26,2025-08-03 07:18:26,false
11039,231830a3-cfab-07f4-0022-994ccdad7736,91,1004,Deal 11039,lost,,,,,Course B - Foundation,Hybrid,B03,,,,,,,,,,,Bad Timing: Không sắp xếp được thời gian học,,email,newsletter,campaign_06,,,2025-04-11 10:27:43,2025-05-13 01:00:50,2025-05-13 01:00:50,false
11040,846c454c-5170-a2ef-e777-c6646732ceca,78,1004,Deal 11040,lost,,,,,Course A - Foundation,Online,,Demo expectation,,,,,,,,,,Sales Process: Sales không follow-up khách,,facebook,cpc,campaign_12,,,2026-03-27 16:49:12,2026-04-04 04:28:14,2026-04-04 04:28:14,false
11041,ffac340b-a8c3-5a5f-3661-00f8ef0f9a44,76,1008,Deal 11041,won,11000000,,,,Combo: Course A + Course C,Online,Course09,Demo expectation,,,,,,,,,,,,google,cpc,campaign_12,,,2026-04-22 15:53:57,2026-05-01 15:54:27,2026-05-01 15:54:27,false
11042,94b59339-84c1-1826-d910-498c2fa17fe6,224,1001,Deal 11042,won,11000000,,,,Combo: Course A + Course C,Online,Course04,,EARLYBIRD,,,,,,,,,,,facebook,cpc,campaign_01,,,2025-06-06 01:38:23,2025-06-24 08:04:22,2025-06-24 08:04:22,false
11043,2795bf89-d5b4-c4a4-f9d7-b9ad7850b7b1,78,1003,Deal 11043,lost,,,,,Course A - Foundation,Online,A02,,,,,,,,,,,Trash: Không có nhu cầu,,facebook,cpc,campaign_10,,,2025-03-27 12:03:30,2025-04-01 04:41:20,2025-04-01 04:41:20,false
11044,8a8ffb2c-1ff7-1e8c-d27e-58464c7f9cd6,224,1001,Deal 11044,won,9350000.0,,Cựu học viên,,Combo: Course A + Course C,Hybrid,Course06,,,,,,,,,,,,,,,,,,2025-10-12 14:55:37,2025-11-12 07:24:24,2025-11-12 07:24:24,false
11045,5fdc889f-122d-774d-06f4-d1bb5d7b83be,224,1003,Deal 11045,won,5000000,,,,Course B - Foundation,Offline,B06,,REFERRAL,,,,,,,,,,,email,newsletter,campaign_07,,,2025-11-07 11:05:45,2025-11-23 21:28:23,2025-11-23 21:28:23,false
11046,8839c8e4-10db-5fdc-3d1f-d7c0442441ec,79,1002,Deal 11046,open,,,,,Course A - Foundation,Offline,,Demo expectation,REFERRAL,,,,,,,,,,,email,newsletter,campaign_10,,,2026-09-20 06:23:09,2026-09-27 11:00:00,,false
11047,104556e5-bee3-eb79-1d18-1ee986ad8a8c,224,1004,Deal 11047,won,4250000.0,,,,Course B - Foundation,Online,B02,Demo expectation,EARLYBIRD,,,,,,,,,,,facebook,cpc,campaign_04,,,2025-01-27 14:56:22,2025-02-13 05:45:20,2025-02-13 05:45:20,false
11048,36df253c-ac98-c942-b093-71b5d53ae164,74,1005,Deal 11048,lost,,,,,Course E - Specialist,Offline,E10,Demo expectation,EARLYBIRD,,,,,,,,,Budget: Giá quá cao,,facebook,cpc,campaign_09,,,2026-06-24 06:57:55,2026-06-30 01:28:34,2026-06-30 01:28:34,false
11049,f0e98b3b-40a2-6c60-0d27-0659f72ada9b,222,1002,Deal 11049,won,5000000,,,,Course B - Foundation,Offline,B06,Demo expectation,,,,,,,,,,,,facebook,cpc,campaign_10,,,2025-11-02 04:46:06,2025-11-23 09:02:13,2025-11-23 09:02:13,false
11050,7210045a-823c-7ef9-cd85-65ce83a9c235,222,1002,Deal 11050,won,4500000,,,,Course A - Foundation,Offline,,Demo expectation,,,,,,,,,,,,blog,organic,campaign_05,,,2025-02-26 14:00:52,2025-03-17 01:18:42,2025-03-17 01:18:42,false
11051,75692fd5-d1a5-83c4-b6ee-ac6130dd57bd,224,1002,Deal 11051,won,16200000.0,,,,Program G - Professional,Online,G05,Demo expectation,,,,,,,,,,,,facebook,fanpage,campaign_02,,,2025-08-19 09:59:13,2025-09-09 17:20:29,2025-09-09 17:20:29,false
11052,20db4294-dfae-1803-93d7-97e723923df4,222,1003,Deal 11052,won,7500000,,,,Course C - Advanced,Online,C06,,,,,,,,,,,,,google,cpc,campaign_07,,,2025-11-23 17:57:45,2025-12-02 18:00:23,2025-12-02 18:00:23,false
11053,e3fbd382-8062-677e-896f-73b42cf4536a,77,1001,Deal 11053,lost,,,,,Course F - Short course,Hybrid,F05,Demo expectation,REFERRAL,,,,,,,,,Communication: Not Connected: Không liên hệ được,,facebook,cpc,campaign_10,,,2025-07-23 15:17:21,2025-07-25 22:17:21,2025-07-25 22:17:21,false
11054,9ea87552-c475-66bf-8f66-0bbd54fc286f,80,1001,Deal 11054,open,,,,,Course B - Foundation,Offline,B12,Demo expectation,,,,,,,,,,,,facebook,fanpage,campaign_08,,,2026-09-17 05:32:36,2026-09-27 11:00:00,,false
11055,345a7238-bace-86e7-f273-6a9e2b85e585,80,1004,Deal 11055,lost,,,,,Combo: Course A + Course C,Offline,Course09,Demo expectation,,,,,,,,,,Relevance: Not ICP fit,,,,,,,2026-04-28 20:39:14,2026-05-07 10:10:02,2026-05-07 10:10:02,false
11056,3993e371-3c60-ae1c-8818-d2775d5b0bd9,77,1004,Deal 11056,lost,,,,,Course A - Foundation,Offline,,,,,,,,,,,,Communication: Invalid Contact,,facebook,fanpage,campaign_03,,,2025-08-15 01:14:26,2025-08-20 02:14:26,2025-08-20 02:14:26,false
11057,d67da117-cc77-1505-0f95-e5dcec9f1803,224,1002,Deal 11057,won,11000000,,,,Combo: Course A + Course C,Online,Course07,Demo expectation,,,,,,,,,,,,,,,,,2025-12-25 12:08:38,2026-01-23 00:56:56,2026-01-23 00:56:56,false
11058,592a0eeb-3045-ac44-69c9-4fc003171354,224,1002,Deal 11058,won,2500000,,,,Course F - Short course,Offline,F06,,,,,,,,,,,,,,,,,,2025-09-22 12:22:30,2025-10-21 06:25:27,2025-10-21 06:25:27,false
11059,84d67c4f-f0df-1684-f28e-41225894f7f1,79,1004,Deal 11059,lost,,,,,Program G - Professional,Online,G04,Demo expectation,,,,,,,,,,Communication: No Response,,google,cpc,campaign_12,,,2025-07-07 11:18:23,2025-08-02 22:25:29,2025-08-02 22:25:29,false
11060,432a23a8-0f05-d46c-7495-d544b1c8bdb9,76,1008,Deal 11060,won,7200000.0,,,,Course D - Advanced,Online,D10,,REFERRAL,,,,,,,,,,,email,newsletter,campaign_12,,,2026-06-06 00:40:09,2026-07-03 16:53:30,2026-07-03 16:53:30,false
11061,fa4f169a-9de9-294d-b71d-2e0faf09c66e,77,1002,Deal 11061,lost,,,,,Combo: Course A + Course C,Online,Course03,,,,,,,,,,,Communication: Not Connected: Không liên hệ được,,facebook,fanpage,campaign_12,,,2025-04-27 14:48:47,2025-04-27 21:48:47,2025-04-27 21:48:47,false
11062,df7d0dd7-236e-1608-9acb-394acd1f5318,224,1004,Deal 11062,won,9500000,,,,Course E - Specialist,Offline,E09,Demo expectation,,,,,,,,,,,,facebook,fanpage,campaign_09,,,2026-04-29 19:56:26,2026-05-24 12:19:41,2026-05-24 12:19:41,false
11063,734af94f-4ab9-e0df-f4a3-ee30a203b5c1,76,1007,Deal 11063,won,5000000,,,,Course B - Foundation,Online,B11,Demo expectation,EARLYBIRD,,,,,,,,,,,facebook,cpc,campaign_01,,,2026-08-06 17:20:58,2026-08-18 05:46:13,2026-08-18 05:46:13,false
11064,9ea6ffda-e844-ba31-0628-0b151606a6df,224,1003,Deal 11064,won,4050000.0,,,,Course A - Foundation,Hybrid,A05,,EARLYBIRD,,,,,,,,,,,blog,organic,campaign_01,,,2025-09-20 12:39:41,2025-10-19 07:22:58,2025-10-19 07:22:58,false
11065,601bfbcb-f0ee-bcce-8d93-e14a5b167158,77,1002,Deal 11065,lost,,,,,Course D - Advanced,Hybrid,D08,Demo expectation,REFERRAL,,,,,,,,,Trash: Không có nhu cầu,,facebook,cpc,campaign_08,,,2026-03-27 02:47:50,2026-03-31 05:47:50,2026-03-31 05:47:50,false
11066,4a1521ff-428c-92a6-330e-6bd9759f52c9,91,1003,Deal 11066,lost,,,,,Course A - Foundation,Offline,,Demo expectation,,,,,,,,,,Bad Timing: Không sắp xếp được thời gian học,,facebook,cpc,campaign_06,,,2025-08-18 06:09:15,2025-09-06 19:53:14,2025-09-06 19:53:14,false
11067,a9611c5d-94ba-3bf2-1c54-2d78733e2137,79,1004,Deal 11067,lost,,,,,Course C - Advanced,Hybrid,C07,,EARLYBIRD,,,,,,,,,Bad Timing: Không sắp xếp được thời gian học,,facebook,cpc,campaign_05,,,2026-01-21 02:24:28,2026-01-31 05:51:39,2026-01-31 05:51:39,false
11068,0cfb46d3-2325-4f28-5e60-69fedd8eb663,224,1001,Deal 11068,won,7500000,,,,Course C - Advanced,Offline,C08,Demo expectation,,,,,,,,,,,,,,,,,2026-03-27 10:00:35,2026-04-20 10:07:48,2026-04-20 10:07:48,false
11069,6e89f080-f5c8-a1c7-dc60-08846a35f0ea,224,1004,Deal 11069,won,3825000.0,,,,Course A - Foundation,Online,A09,,,,,,,,,,,,,email,newsletter,campaign_03,,,2026-07-06 17:18:30,2026-08-10 13:43:54,2026-08-10 13:43:54,false
11070,2099e71f-4b65-7bcc-b041-6f19bbe71835,224,1004,Deal 11070,won,7200000.0,,Cựu học viên,,Course D - Advanced,Offline,D08,Demo expectation,REFERRAL,,,,,,,,,,,email,newsletter,campaign_11,,,2026-03-30 15:48:44,2026-04-18 18:30:48,2026-04-18 18:30:48,false
11071,4f434331-01b8-e5c6-d8bc-6e12d97db059,77,1001,Deal 11071,lost,,,,,Course B - Foundation,Online,,,,,,,,,,,,Communication: Not Connected: Không liên hệ được,,facebook,fanpage,campaign_01,,,2026-04-21 13:27:32,2026-04-22 19:27:32,2026-04-22 19:27:32,false
11072,cc454c0b-74bc-14f1-e45c-500eebddcd37,77,1002,Deal 11072,lost,,,,,Course C - Advanced,Online,C11,Demo expectation,,,,,,,,,,Communication: Invalid Contact,,facebook,cpc,campaign_09,,,2026-08-31 14:45:57,2026-09-03 18:45:57,2026-09-03 18:45:57,false
11073,99c8bc55-41a1-4527-e463-6d0ca842c013,78,1003,Deal 11073,lost,,,,,Course A - Foundation,Online,A02,Demo expectation,REFERRAL,,,,,,,,,Communication: Not Connected: Không liên hệ được,,,,,,,2025-02-18 23:26:47,2025-02-23 02:05:52,2025-02-23 02:05:52,false
11074,b99b2b5a-e00d-a49d-effa-20023040413c,72,1008,Deal 11074,lost,,,,,Course F - Short course,Online,F02,Demo expectation,,,,,,,,,,Budget: Giá quá cao,,homepage,organic,campaign_09,,,2025-02-25 01:03:48,2025-02-27 05:03:48,2025-02-27 05:03:48,false
11075,4458b006-332c-ce0a-0e7d-a698ab95c72f,77,1004,Deal 11075,lost,,,,,Combo: Course A + Course C,Hybrid,Course08,Demo expectation,,,,,,,,,,Trash: Đăng ký trùng deal,,facebook,cpc,campaign_07,,,2026-01-14 00:23:06,2026-01-18 06:23:06,2026-01-18 06:23:06,false
11076,ed1dedcd-89ca-a69d-e741-c19dceb4c025,77,1002,Deal 11076,lost,,,,,Course A - Foundation,Online,,Demo expectation,,,,,,,,,,Trash: Không có nhu cầu,,homepage,organic,campaign_09,,,2026-09-27 11:00:00,2026-09-27 12:00:00,2026-09-27 12:00:00,false
11077,470c3863-15aa-1ab2-0cbc-946dc8eedd25,224,1003,Deal 11077,won,7500000,,,,Course C - Advanced,Online,C10,,,,,,,,,,,,,google,cpc,campaign_10,,,2026-05-31 14:02:57,2026-07-17 11:15:24,2026-07-17 11:15:24,false
11078,69e0d8c3-b8e2-e864-e0f0-c823d0778d1f,79,1002,Deal 11078,lost,,,,,Course D - Advanced,Hybrid,,Demo expectation,,,,,,,,,,Communication: No Response,,facebook,cpc,campaign_02,,,2025-01-18 18:21:58,2025-01-31 04:09:07,2025-01-31 04:09:07,false
11079,a5689f3a-0ee1-ec9d-0087-1d180fd1be3b,79,1004,Deal 11079,lost,,,,,Course A - Foundation,Offline,A02,Demo expectation,,,,,,,,,,Communication: Ghosted After Demo/Call,,facebook,cpc,campaign_01,,,2025-02-20 07:14:06,2025-02-25 21:03:47,2025-02-25 21:03:47,false
11080,5f269466-54d1-332a-e308-2ddcc9c04b7d,78,1003,Deal 11080,lost,,,,,Course F - Short course,Online,F06,Demo expectation,,,,,,,,,,Trash: Không có nhu cầu,,blog,organic,campaign_09,,,2025-10-01 03:50:33,2025-10-12 04:56:14,2025-10-12 04:56:14,false
11081,0f0e5767-606f-fa15-f76c-432eb4428cde,224,1002,Deal 11081,won,2250000.0,,,,Course F - Short course,Hybrid,F02,Demo expectation,,,,,,,,,,,,,,,,,2025-02-05 20:33:01,2025-02-26 14:37:05,2025-02-26 14:37:05,false
11082,89159257-ac32-f8ac-bad1-c44445c8bd55,78,1004,Deal 11082,open,,,,,Course A - Foundation,Hybrid,,,,,,,,,,,,,,facebook,cpc,campaign_06,,,2026-09-15 10:54:10,2026-09-17 09:25:20,,false
11083,f51a797b-b34e-fd5b-6e73-7276306542ee,78,1001,Deal 11083,lost,,,,,Course B - Foundation,Hybrid,,,,,,,,,,,,Communication: Not Connected: Không liên hệ được,,facebook,fanpage,campaign_01,,,2025-01-27 16:14:21,2025-02-06 12:37:07,2025-02-06 12:37:07,false
11084,9603df79-eac5-0d4b-9902-fea3ae19e2b4,76,1005,Deal 11084,won,3825000.0,,,,Course A - Foundation,Offline,A06,,,,,,,,,,,,,google,cpc,campaign_04,,,2025-11-02 21:54:11,2025-12-02 01:39:18,2025-12-02 01:39:18,false
11085,297496de-9a64-d450-b7ec-e5d6882a66d5,91,1003,Deal 11085,lost,,,,,Combo: Course A + Course C,Hybrid,Course11,Demo expectation,REFERRAL,,,,,,,,,Bad Timing: No Immediate Priority,,facebook,cpc,campaign_09,,,2026-07-27 01:56:44,2026-08-22 05:39:40,2026-08-22 05:39:40,false
11086,f4e559e5-9622-9348-0f5a-e9d38e6e5003,79,1001,Deal 11086,lost,,,,,Course E - Specialist,Online,E06,Demo expectation,,,,,,,,,,Budget: Giá quá cao,,facebook,cpc,campaign_11,,,2025-10-10 17:49:19,2025-10-28 03:45:04,2025-10-28 03:45:04,false
11087,acd819c6-11ba-33d4-3ef3-ba2121cdbab6,78,1004,Deal 11087,lost,,,,,Course E - Specialist,Offline,E11,,,,,,,,,,,Trash: Không có nhu cầu,,facebook,cpc,campaign_03,,,2026-07-29 03:18:15,2026-07-29 08:50:53,2026-07-29 08:50:53,false
11088,550714a7-3aac-2179-b66e-58a876421a9f,224,1003,Deal 11088,won,5000000,,,,Course B - Foundation,Hybrid,B09,Demo expectation,,,,,,,,,,,,google,cpc,campaign_07,,,2026-04-03 12:12:18,2026-04-25 10:53:51,2026-04-25 10:53:51,false
11089,da4ec04c-ba7e-1b86-c1fa-d75327ef0a4b,77,1004,Deal 11089,lost,,,,,Course F - Short course,Offline,,,,,,,,,,,,Trash: Không có nhu cầu,,,,,,,2025-02-06 22:29:45,2025-02-10 03:29:45,2025-02-10 03:29:45,false
11090,df61dbe1-b714-6c44-11b2-152483c38648,77,1001,Deal 11090,lost,,,,,Course B - Foundation,Offline,B05,,,,,,,,,,,Communication: Not Connected: Không liên hệ được,,facebook,fanpage,campaign_03,,,2025-09-20 17:56:30,2025-09-20 20:56:30,2025-09-20 20:56:30,false
11091,e336c243-b139-c476-de3c-e88be6b9d31a,91,1001,Deal 11091,lost,,,,,Course E - Specialist,Hybrid,E03,,EARLYBIRD,,,,,,,,,Bad Timing: No Immediate Priority,,facebook,fanpage,campaign_10,,,2025-04-12 03:54:39,2025-04-25 08:39:28,2025-04-25 08:39:28,false
11092,848ac924-3347-8a91-9609-598e67cba27a,224,1001,Deal 11092,won,9500000,,,,Course E - Specialist,Hybrid,,Demo expectation,,,,,,,,,,,,facebook,cpc,campaign_04,,,2026-06-15 23:49:17,2026-07-22 07:12:00,2026-07-22 07:12:00,false
11093,e948c42a-27a5-3571-c840-c79b1fb98afe,224,1003,Deal 11093,won,3825000.0,,,,Course A - Foundation,Offline,,Demo expectation,,,,,,,,,,,,facebook,fanpage,campaign_09,,,2026-01-29 08:27:49,2026-02-17 05:59:29,2026-02-17 05:59:29,false
11094,66f29d1d-03d6-af3f-2c72-767552c83bfc,77,1004,Deal 11094,lost,,,,,Course F - Short course,Hybrid,,Demo expectation,EARLYBIRD,,,,,,,,,Communication: Invalid Contact,,blog,organic,campaign_01,,,2025-12-02 23:44:04,2025-12-03 01:44:04,2025-12-03 01:44:04,false
11095,618b1b2e-c83b-e551-a67f-88502ba5d62a,80,1004,Deal 11095,lost,,,,,Course E - Specialist,Hybrid,E04,Demo expectation,EARLYBIRD,,,,,,,,,Budget: Not willing to pay,,,,,,,2025-05-14 07:54:47,2025-06-14 14:43:33,2025-06-14 14:43:33,false
11096,cdf392f9-aa6c-fab9-dffb-ad3730a0d16d,91,1004,Deal 11096,lost,,,,,Program G - Professional,Online,G02,Demo expectation,,,,,,,,,,Bad Timing: Không sắp xếp được thời gian học,,zalo,oa,campaign_11,,,2025-02-10 02:17:47,2025-03-17 22:57:43,2025-03-17 22:57:43,false
11097,ecd6e2b0-9216-1cc5-d424-31aced26c65b,222,1002,Deal 11097,won,6750000.0,,,,Course C - Advanced,Offline,C09,Demo expectation,REFERRAL,,,,,,,,,,,google,cpc,campaign_04,,,2026-05-21 22:50:28,2026-06-12 07:55:28,2026-06-12 07:55:28,false
11098,a91decb2-51a3-d21b-f4d1-183f76f8ef17,74,1005,Deal 11098,lost,,,,,Course C - Advanced,Hybrid,,Demo expectation,,,,,,,,,,Budget: Giá quá cao,,facebook,cpc,campaign_04,,,2025-09-19 23:57:58,2025-10-22 08:10:02,2025-10-22 08:10:02,false
11099,8f1a5d4a-72ce-d11f-8f59-748b05a95733,77,1003,Deal 11099,lost,,,,,Course C - Advanced,Hybrid,C11,Demo expectation,EARLYBIRD,,,,,,,,,Communication: Not Connected: Không liên hệ được,,facebook,fanpage,campaign_11,,,2026-08-26 19:07:59,2026-08-30 21:07:59,2026-08-30 21:07:59,false
11100,e75db776-b3b5-ab5c-9fb8-d4b841e39149,77,1001,Deal 11100,open,,,,,Program G - Professional,Hybrid,G12,Demo expectation,REFERRAL,,,,,,,,,,,facebook,fanpage,campaign_04,,,2026-09-27 11:00:00,2026-09-27 11:00:00,,false
11101,8172b13b-2c52-7558-2c77-a12591d5bfdd,77,1004,Deal 11101,lost,,,,,Combo: Course A + Course C,Offline,,,,,,,,,,,,Trash: Đăng ký trùng deal,,google,cpc,campaign_10,,,2025-08-11 19:06:20,2025-08-14 00:06:20,2025-08-14 00:06:20,false
11102,6cdcd3be-adef-5777-2e6d-f7e899802368,72,1006,Deal 11102,lost,,,,,Course D - Advanced,Hybrid,D06,Demo expectation,,,,,,,,,,Bad Timing: No Immediate Priority,,,,,,,2025-10-23 21:49:56,2025-10-29 02:49:56,2025-10-29 02:49:56,false
11103,0acfbd89-da3e-d15a-a4f0-708a2d0d5e1d,224,1003,Deal 11103,won,6750000.0,,,,Course C - Advanced,Hybrid,,Demo expectation,REFERRAL,,,,,,,,,,,facebook,cpc,campaign_08,,,2026-05-20 23:09:12,2026-06-12 20:18:31,2026-06-12 20:18:31,false
11104,6e89f080-f5c8-a1c7-dc60-08846a35f0ea,217,1001,Deal 11104,open,,,,,Course C - Advanced,Hybrid,C10,,,,,,,,,,,,,blog,organic,campaign_12,,,2026-07-28 10:10:24,2026-08-08 15:52:53,,false
11105,d5ee2587-6c98-fd9b-af76-b6c2dd6d6b41,79,1002,Deal 11105,lost,,,,,Course C - Advanced,Hybrid,C06,Demo expectation,EARLYBIRD,,,,,,,,,Bad Timing: Không sắp xếp được thời gian học,,,,,,,2025-11-22 20:33:53,2025-11-28 17:52:31,2025-11-28 17:52:31,false
11106,9a117c5a-8d89-57fb-4a35-718466747987,79,1004,Deal 11106,lost,,,,,Course A - Foundation,Offline,A09,Demo expectation,EARLYBIRD,,,,,,,,,Bad Timing: Không sắp xếp được thời gian học,,google,cpc,campaign_01,,,2026-07-06 03:34:06,2026-07-15 03:33:03,2026-07-15 03:33:03,false
11107,6d4067f4-5003-2b35-1857-8bafbac7e2b9,224,1004,Deal 11107,won,7500000,,,,Course C - Advanced,Hybrid,C10,Demo expectation,REFERRAL,,,,,,,,,,,facebook,fanpage,campaign_08,,,2026-07-07 09:33:35,2026-08-04 21:21:42,2026-08-04 21:21:42,false
11108,d60f8680-a124-fdb2-97be-df31e42aa836,224,1002,Deal 11108,won,8075000.0,,,,Course E - Specialist,Online,E04,Demo expectation,EARLYBIRD,,,,,,,,,,,homepage,organic,campaign_07,,,2025-05-19 00:49:03,2025-05-31 03:16:23,2025-05-31 03:16:23,false
11109,caf39eb8-3232-0b6d-eb12-5723edd92249,77,1002,Deal 11109,lost,,,Cựu học viên,,Program G - Professional,Online,G09,Demo expectation,REFERRAL,,,,,,,,,Communication: Invalid Contact,,homepage,organic,campaign_05,,,2026-04-19 14:57:42,2026-04-21 22:57:42,2026-04-21 22:57:42,false
11110,3bf07cc4-ba15-a44a-360b-b108d18c1169,79,1002,Deal 11110,lost,,,,,Course D - Advanced,Online,D10,Demo expectation,,,,,,,,,,Bad Timing: Không sắp xếp được thời gian học,,facebook,cpc,campaign_09,,,2026-06-19 05:03:59,2026-07-02 15:38:31,2026-07-02 15:38:31,false
11111,f38e6bc3-b7df-852c-1779-e7d02f81d4b2,77,1001,Deal 11111,lost,,,,,Program G - Professional,Offline,G04,Demo expectation,,,,,,,,,,Trash: Đăng ký trùng deal,,facebook,cpc,campaign_10,,,2025-06-15 08:09:23,2025-06-15 12:09:23,2025-06-15 12:09:23,false
11112,a3155bbb-adb2-31a2-cfcc-2abd3facabcc,79,1001,Deal 11112,lost,,,,,Course C - Advanced,Online,,Demo expectation,EARLYBIRD,,,,,,,,,Low engagement: Không còn nhu cầu học,,facebook,fanpage,campaign_03,,,2026-06-02 00:49:01,2026-06-12 06:53:37,2026-06-12 06:53:37,false
11113,8839c8e4-10db-5fdc-3d1f-d7c0442441ec,91,1004,Deal 11113,open,,,,,Course B - Foundation,Online,,Demo expectation,,,,,,,,,,,,email,newsletter,campaign_11,,,2026-09-19 12:28:56,2026-09-27 11:00:00,,false
11114,1cada48a-46a4-2ee1-2a2e-1e6a1bff56f4,72,1008,Deal 11114,lost,,,,,Combo: Course A + Course C,Hybrid,Course06,Demo expectation,,,,,,,,,,Communication: No Response,,facebook,cpc,campaign_08,,,2025-11-03 00:37:54,2025-11-04 07:37:54,2025-11-04 07:37:54,false
11115,46c3c90c-c92e-fe01-1402-3a93a4c688ec,91,1003,Deal 11115,lost,,,,,Course A - Foundation,Online,A07,Demo expectation,REFERRAL,,,,,,,,,Bad Timing: Không sắp xếp được thời gian học,,zalo,oa,campaign_09,,,2026-01-27 19:50:42,2026-02-15 17:45:33,2026-02-15 17:45:33,false
11116,daea544a-291a-4905-5a29-fe6b590bd0c6,72,1006,Deal 11116,lost,,,,,Course E - Specialist,Online,E12,Demo expectation,,,,,,,,,,Communication: No Response,,homepage,organic,campaign_09,,,2026-09-27 11:00:00,2026-09-27 12:00:00,2026-09-27 12:00:00,false
11117,801ac91b-16ae-a9bb-0e93-a664164a634c,224,1002,Deal 11117,won,15300000.0,,,,Program G - Professional,Online,,Demo expectation,REFERRAL,,,,,,,,,,,facebook,cpc,campaign_10,,,2025-01-17 05:16:05,2025-02-22 09:19:42,2025-02-22 09:19:42,false
11118,9caf6869-92c5-d3fb-db5d-c575c27b2f57,77,1002,Deal 11118,lost,,,,,Course B - Foundation,Hybrid,B10,,REFERRAL,,,,,,,,,Communication: Invalid Contact,,facebook,cpc,campaign_10,,,2026-06-05 09:07:32,2026-06-08 12:07:32,2026-06-08 12:07:32,false
11119,b0f732d8-0fab-0fb8-210b-f60a720f1c3d,91,1002,Deal 11119,lost,,,,,Course C - Advanced,Hybrid,C03,,,,,,,,,,,Bad Timing: No Immediate Priority,,google,cpc,campaign_11,,,2025-06-04 04:45:20,2025-06-24 14:56:50,2025-06-24 14:56:50,false
11120,e60aada1-51fd-198f-3c06-57a9fd04a25c,76,1005,Deal 11120,won,8000000,,,,Course D - Advanced,Hybrid,D11,Demo expectation,,,,,,,,,,,,,,,,,2026-08-01 06:35:19,2026-08-18 00:06:00,2026-08-18 00:06:00,false
11121,2afcc87e-1ff4-9019-ac4a-770107d7a393,80,1003,Deal 11121,lost,,,,,Course C - Advanced,Online,C08,Demo expectation,REFERRAL,,,,,,,,,Relevance: Use Case Misfit: Nhu cầu không đúng với sản phẩm,,google,cpc,campaign_09,,,2026-02-15 12:08:23,2026-02-28 10:32:32,2026-02-28 10:32:32,false
11122,1dd18fcf-b99b-8d2d-b72a-69289c7871de,224,1002,Deal 11122,won,11000000,,,,Combo: Course A + Course C,Hybrid,Course10,Demo expectation,,,,,,,,,,,,facebook,fanpage,campaign_10,,,2026-05-29 05:18:30,2026-06-14 23:13:57,2026-06-14 23:13:57,false
11123,bc253805-7006-84a7-0798-0ab9532e76cc,77,1004,Deal 11123,lost,,,,,Course D - Advanced,Hybrid,D04,Demo expectation,EARLYBIRD,,,,,,,,,Trash: Không có nhu cầu,,,,,,,2025-06-19 02:32:22,2025-06-23 09:32:22,2025-06-23 09:32:22,false
11124,9ed3f7e1-16a3-6d0d-75cd-58b2913132de,224,1004,Deal 11124,won,8000000,,,,Course D - Advanced,Hybrid,D11,,REFERRAL,,,,,,,,,,,homepage,organic,campaign_06,,,2026-08-10 23:41:03,2026-08-29 18:38:33,2026-08-29 18:38:33,false
11125,5f441ba8-c027-f798-8a58-1d55303808c8,224,1003,Deal 11125,won,2500000,,,,Course F - Short course,Hybrid,F09,Demo expectation,,,,,,,,,,,,facebook,cpc,campaign_05,,,2026-04-09 21:52:55,2026-05-01 16:14:19,2026-05-01 16:14:19,false
11126,cbacc8b6-9b8c-fe0e-ab38-ca2959e150a5,224,1001,Deal 11126,won,5000000,,,,Course B - Foundation,Offline,,,REFERRAL,,,,,,,,,,,,,,,,2026-02-05 19:16:33,2026-02-25 19:09:17,2026-02-25 19:09:17,false
11127,bfc3e5bc-800d-d8dd-541a-1fab8c6c6191,77,1003,Deal 11127,lost,,,,,Course E - Specialist,Offline,E09,,REFERRAL,,,,,,,,,Trash: Đăng ký trùng deal,,email,newsletter,campaign_01,,,2026-04-03 16:28:09,2026-04-04 23:28:09,2026-04-04 23:28:09,false
11128,13e7b504-c58a-ac51-2fa8-e33b2a78ae7c,224,1003,Deal 11128,won,5000000,,,,Course B - Foundation,Hybrid,B07,Demo expectation,,,,,,,,,,,,homepage,organic,campaign_12,,,2026-01-11 09:08:22,2026-02-23 19:24:01,2026-02-23 19:24:01,false
11129,b9dd378e-d3e7-acd9-7b16-34537042eb9e,78,1003,Deal 11129,lost,,,,,Course B - Foundation,Offline,B09,,REFERRAL,,,,,,,,,Trash: Không có nhu cầu,,,,,,,2026-05-09 10:37:59,2026-05-14 16:45:25,2026-05-14 16:45:25,false
11130,50026d68-e70d-c8b8-df33-1eb0e8ff561f,222,1004,Deal 11130,won,4500000,,,,Course A - Foundation,Hybrid,A03,Demo expectation,REFERRAL,,,,,,,,,,,zalo,oa,campaign_11,,,2025-06-06 02:36:13,2025-06-21 19:23:38,2025-06-21 19:23:38,false
11131,23ee4016-3234-15b1-64e1-934097f5d628,78,1003,Deal 11131,lost,,,,,Course E - Specialist,Hybrid,E10,Demo expectation,REFERRAL,,,,,,,,,Trash: Không có nhu cầu,,,,,,,2026-07-11 04:03:54,2026-07-20 13:06:20,2026-07-20 13:06:20,false
11132,3a81481e-64ab-a2d7-628b-48446c84a0fb,79,1003,Deal 11132,lost,,,,,Course E - Specialist,Online,E02,,,,,,,,,,,Bad Timing: Không sắp xếp được thời gian học,,google,cpc,campaign_05,,,2025-03-17 23:34:12,2025-03-24 04:27:21,2025-03-24 04:27:21,false
11133,743a37e5-1bc2-c57a-8778-bddc61746430,224,1001,Deal 11133,won,18000000,,,,Program G - Professional,Offline,,Demo expectation,,,,,,,,,,,,zalo,oa,campaign_08,,,2025-08-20 13:07:10,2025-09-06 18:38:03,2025-09-06 18:38:03,false
11134,6441babd-cc98-1235-7858-f301cca047a9,224,1002,Deal 11134,won,6800000.0,,,,Course D - Advanced,Online,D02,,EARLYBIRD,,,,,,,,,,,blog,organic,campaign_07,,,2025-02-13 20:09:24,2025-02-27 08:01:43,2025-02-27 08:01:43,false
11135,7f07014d-0d44-b7c1-0342-73dd18d09c29,76,1006,Deal 11135,won,4500000,,,,Course A - Foundation,Online,A06,,,,,,,,,,,,,email,newsletter,campaign_03,,,2025-12-05 21:41:59,2025-12-17 15:09:29,2025-12-17 15:09:29,false
11136,d3475526-e479-9102-5cf3-0d10b89a9729,224,1004,Deal 11136,won,2500000,,,,Course F - Short course,Hybrid,F09,Demo expectation,EARLYBIRD,,,,,,,,,,,,,,,,2026-04-02 20:14:49,2026-04-18 16:27:19,2026-04-18 16:27:19,false
11137,3b38102b-7bdf-1546-e4a8-844f7d94a6ce,79,1002,Deal 11137,lost,,,,,Combo: Course A + Course C,Offline,Course09,,REFERRAL,,,,,,,,,Communication: Ghosted After Demo/Call,,email,newsletter,campaign_08,,,2026-04-14 18:24:19,2026-05-06 23:47:15,2026-05-06 23:47:15,false
11138,5e6fea07-c453-6f1d-4199-2fdfb31022f0,222,1004,Deal 11138,won,7500000,,,,Course C - Advanced,Offline,,Demo expectation,,,,,,,,,,,,facebook,cpc,campaign_02,,,2025-02-28 20:54:04,2025-04-07 18:40:56,2025-04-07 18:40:56,false
11139,6f73573b-faee-bacd-c8c8-ccf96e5fbf71,77,1002,Deal 11139,lost,,,,,Combo: Course A + Course C,Offline,Course11,,EARLYBIRD,,,,,,,,,Trash: Không có nhu cầu,,facebook,cpc,campaign_11,,,2026-07-19 00:41:33,2026-07-19 04:41:33,2026-07-19 04:41:33,false
11140,83ef3ce9-9ffd-a1e7-4052-e3a566fd3215,80,1001,Deal 11140,lost,,,,,Course C - Advanced,Hybrid,C09,Demo expectation,,,,,,,,,,Budget: Not willing to pay,,homepage,organic,campaign_07,,,2026-05-13 21:51:37,2026-06-12 12:43:55,2026-06-12 12:43:55,false
11141,6d3745e8-90a6-dffe-45bb-fb02f99cf98f,224,1003,Deal 11141,won,7500000,,,,Course C - Advanced,Online,C02,,REFERRAL,,,,,,,,,,,,,,,,2025-03-03 23:51:47,2025-03-28 13:03:06,2025-03-28 13:03:06,false
11142,33a51ac6-c461-994d-609c-fe40c5bca449,224,1002,Deal 11142,won,11000000,,,,Combo: Course A + Course C,Online,Course02,,,,,,,,,,,,,facebook,cpc,campaign_02,,,2025-03-18 00:13:26,2025-04-19 23:31:29,2025-04-19 23:31:29,false
11143,d114dda1-3082-d7e6-e6ac-e778d7b6e0a3,79,1003,Deal 11143,lost,,,,,Course F - Short course,Hybrid,F07,Demo expectation,,,,,,,,,,Low engagement: Không còn nhu cầu học,,google,cpc,campaign_06,,,2025-12-05 18:04:57,2025-12-15 00:29:54,2025-12-15 00:29:54,false
11144,a3595d1f-7fe4-a42e-3db7-88a61cdcc4c2,224,1004,Deal 11144,won,8000000,,,,Course D - Advanced,Hybrid,D02,Demo expectation,,,,,,,,,,,,facebook,cpc,campaign_12,,,2025-01-31 22:16:32,2025-02-23 15:48:21,2025-02-23 15:48:21,false
11145,7ddcaaf6-ac95-adb1-ffac-54fd0345eeda,227,1004,Deal 11145,lost,,,,,Course E - Specialist,Online,E07,,,,,,,,,,,Communication: No Response,,facebook,cpc,campaign_05,,,2025-11-16 21:41:45,2025-11-25 11:19:26,2025-11-25 11:19:26,false
11146,77093625-4592-41ac-2603-25c8a5b532dd,80,1001,Deal 11146,lost,,,,,Course D - Advanced,Hybrid,,Demo expectation,REFERRAL,,,,,,,,,Relevance: Not ICP fit,,,,,,,2025-02-04 11:20:01,2025-03-05 23:22:31,2025-03-05 23:22:31,false
11147,3f58ee69-3325-da60-74a4-01316a6d7c9d,77,1003,Deal 11147,open,,,,,Course A - Foundation,Online,A06,Demo expectation,EARLYBIRD,,,,,,,,,,,facebook,cpc,campaign_10,,,2025-11-11 00:21:41,2025-11-11 00:21:41,,false
11148,5f72fe57-4b2c-8bff-ae57-040358bb8712,79,1002,Deal 11148,open,,,,,Course B - Foundation,Offline,B09,Demo expectation,,,,,,,,,,,,blog,organic,campaign_05,,,2026-05-10 00:13:21,2026-05-12 23:27:02,,false
11149,be6adc96-cdb4-54d7-fd0f-257b4d308f31,78,1003,Deal 11149,lost,,,,,Program G - Professional,Hybrid,,Demo expectation,,,,,,,,,,Trash: Không có nhu cầu,,google,cpc,campaign_02,,,2026-03-26 18:29:26,2026-04-04 05:20:14,2026-04-04 05:20:14,false
11150,db247ea2-9a23-63fe-6901-c88c3d8a3090,80,1004,Deal 11150,lost,,,,,Course B - Foundation,Hybrid,B02,,REFERRAL,,,,,,,,,Relevance: Use Case Misfit: Nhu cầu không đúng với sản phẩm,,google,cpc,campaign_05,,,2025-02-23 00:00:31,2025-03-01 03:19:15,2025-03-01 03:19:15,false
11151,17269541-b8d1-1a8f-ea07-219819eead26,91,1004,Deal 11151,lost,,,,,Course E - Specialist,Offline,E08,Demo expectation,REFERRAL,,,,,,,,,Bad Timing: No Immediate Priority,,facebook,fanpage,campaign_04,,,2026-02-24 17:16:30,2026-03-21 08:31:22,2026-03-21 08:31:22,false
11152,15ac80e4-22c2-3308-fd7e-e75cf997f697,78,1001,Deal 11152,lost,,,,,Course A - Foundation,Offline,A07,Demo expectation,,,,,,,,,,Communication: Not Connected: Không liên hệ được,,facebook,cpc,campaign_06,,,2026-03-06 21:44:54,2026-03-11 03:59:53,2026-03-11 03:59:53,false
11153,a4a779db-fef7-a254-98a1-26a23eccb075,92,1002,Deal 11153,lost,,,Cựu học viên,,Course B - Foundation,Online,B01,Demo expectation,,,,,,,,,,Choose Competitor: Không học online,,facebook,cpc,campaign_12,,,2025-01-07 06:55:58,2025-01-29 18:58:58,2025-01-29 18:58:58,false
11154,f66c7331-a172-2ee3-c3e1-847c8420e0d8,224,1001,Deal 11154,won,6750000.0,,,,Course C - Advanced,Hybrid,C10,,EARLYBIRD,,,,,,,,,,,google,cpc,campaign_04,,,2026-07-07 21:43:58,2026-08-10 12:44:26,2026-08-10 12:44:26,false
11155,92071602-161c-d674-2978-868d062c0692,222,1004,Deal 11155,won,4050000.0,,,,Course A - Foundation,Hybrid,,Demo expectation,,,,,,,,,,,,facebook,cpc,campaign_07,,,2026-07-28 09:51:57,2026-08-26 10:24:58,2026-08-26 10:24:58,false
11156,70972046-fa7c-f893-24f2-95fce4d24857,224,1004,Deal 11156,won,4500000.0,,,,Course B - Foundation,Online,B06,Demo expectation,EARLYBIRD,,,,,,,,,,,homepage,organic,campaign_11,,,2025-09-29 04:37:05,2025-10-18 20:10:38,2025-10-18 20:10:38,false
11157,d06bddc5-4757-b52b-2a28-e8cd28e4e653,79,1003,Deal 11157,lost,,,,,Course A - Foundation,Offline,A07,,,,,,,,,,,Budget: Giá quá cao,,facebook,fanpage,campaign_02,,,2026-01-11 12:52:21,2026-01-15 03:31:34,2026-01-15 03:31:34,false
11158,75692fd5-d1a5-83c4-b6ee-ac6130dd57bd,79,1001,Deal 11158,lost,,,,,Combo: Course A + Course C,Hybrid,Course05,Demo expectation,,,,,,,,,,Low engagement: Không còn nhu cầu học,,email,newsletter,campaign_03,,,2025-08-16 19:42:47,2025-09-02 14:04:45,2025-09-02 14:04:45,false
11159,33dd88e6-5269-fd43-a3af-5ce520d5bf28,77,1002,Deal 11159,lost,,,,,Course B - Foundation,Offline,B08,Demo expectation,,,,,,,,,,Trash: Không có nhu cầu,,email,newsletter,campaign_05,,,2026-03-08 00:33:40,2026-03-13 03:33:40,2026-03-13 03:33:40,false
11160,26da7a1c-c7a9-ff30-99d6-f609868c1005,75,1006,Deal 11160,lost,,,,,Course B - Foundation,Offline,B10,,EARLYBIRD,,,,,,,,,Communication: No Response,,email,newsletter,campaign_12,,,2026-06-03 11:22:23,2026-06-10 21:20:21,2026-06-10 21:20:21,false
11161,794e0838-7dcf-60fd-6330-98edda252795,78,1004,Deal 11161,lost,,,,,Course A - Foundation,Hybrid,A11,Demo expectation,,,,,,,,,,Sales Process: Sales không follow-up khách,,facebook,cpc,campaign_05,,,2026-09-08 18:59:05,2026-09-10 08:16:49,2026-09-10 08:16:49,false
11162,8e200724-7d13-7018-680b-ac63b856d035,76,1007,Deal 11162,won,6375000.0,,,,Course C - Advanced,Offline,C07,,REFERRAL,,,,,,,,,,,facebook,cpc,campaign_04,,,2025-12-20 19:34:21,2026-01-12 22:35:47,2026-01-12 22:35:47,false
11163,e26c01cb-203c-8303-8f29-68d4e5d0af0f,91,1004,Deal 11163,lost,,,,,Combo: Course A + Course C,Online,,Demo expectation,REFERRAL,,,,,,,,,Bad Timing: Không sắp xếp được thời gian học,,facebook,cpc,campaign_02,,,2026-09-21 06:23:12,2026-09-27 12:00:00,2026-09-27 12:00:00,false
11164,e4f3e04d-e272-69b1-998f-2a87b81f9c64,224,1001,Deal 11164,won,8000000,,,,Course D - Advanced,Offline,D07,,,,,,,,,,,,,homepage,organic,campaign_05,,,2025-12-15 07:40:24,2026-01-12 20:54:59,2026-01-12 20:54:59,false
11165,40d0e9a7-2134-928b-a376-72abb786d4cd,224,1004,Deal 11165,won,18000000,,,,Program G - Professional,Hybrid,G06,Demo expectation,REFERRAL,,,,,,,,,,,email,newsletter,campaign_06,,,2025-10-08 13:43:13,2025-10-30 12:38:20,2025-10-30 12:38:20,false
11166,1ffbcde6-0bc4-dfa9-a684-ffed7bad8bc6,77,1003,Deal 11166,lost,,,,,Course A - Foundation,Online,A04,Demo expectation,,,,,,,,,,Communication: Invalid Contact,,zalo,oa,campaign_01,,,2025-08-10 04:51:54,2025-08-13 07:51:54,2025-08-13 07:51:54,false
11167,729f0c10-1655-9da4-8b41-d6a006138a83,224,1002,Deal 11167,won,4500000,,,,Course A - Foundation,Online,A10,Demo expectation,,,,,,,,,,,,facebook,fanpage,campaign_09,,,2026-07-24 01:56:58,2026-09-04 08:29:15,2026-09-04 08:29:15,false
11168,c439131b-31b2-22dd-8f0d-dc0fa5f3540e,76,1007,Deal 11168,won,18000000,,,,Program G - Professional,Online,G03,Demo expectation,,,,,,,,,,,,inbox,inbox,campaign_06,,,2025-04-06 13:03:10,2025-05-04 08:48:11,2025-05-04 08:48:11,false
11169,e35265ce-0a10-92c7-1c52-4935cca39441,77,1004,Deal 11169,lost,,,,,Course B - Foundation,Offline,B10,,EARLYBIRD,,,,,,,,,Trash: Đăng ký trùng deal,,,,,,,2026-06-19 13:00:56,2026-06-23 20:00:56,2026-06-23 20:00:56,false
11170,130e1283-da21-87c8-d86a-8dbf2256344f,78,1002,Deal 11170,lost,,,,,Course F - Short course,Online,F10,Demo expectation,,,,,,,,,,Trash: Không có nhu cầu,,google,cpc,campaign_09,,,2026-05-30 11:54:47,2026-06-01 12:10:19,2026-06-01 12:10:19,false
11171,2bf14f70-a684-4cf3-21f2-57f24e3dc31a,224,1003,Deal 11171,won,3825000.0,,,,Course A - Foundation,Offline,A04,,,,,,,,,,,,,,,,,,2025-07-28 14:25:35,2025-08-07 07:14:13,2025-08-07 07:14:13,false
11172,c4bd23eb-a7cc-4274-4780-8b87beb5ba0f,224,1001,Deal 11172,won,7500000,,,,Course C - Advanced,Online,C04,,,,,,,,,,,,,facebook,cpc,campaign_01,,,2025-07-01 16:34:17,2025-07-21 17:18:40,2025-07-21 17:18:40,false
11173,afa3153c-ebd4-25cb-e152-424b180b1a8a,79,1003,Deal 11173,lost,,,Cựu học viên,,Course B - Foundation,Hybrid,,Demo expectation,REFERRAL,,,,,,,,,Communication: No Response,,facebook,cpc,campaign_11,,,2025-04-11 06:45:20,2025-04-23 01:56:06,2025-04-23 01:56:06,false
11174,0aeccec7-204d-b9da-3156-7f2acef74829,224,1001,Deal 11174,won,4250000.0,,Cựu học viên,,Course B - Foundation,Offline,B10,,,,,,,,,,,,,facebook,cpc,campaign_08,,,2026-06-14 11:58:27,2026-06-26 05:52:37,2026-06-26 05:52:37,false
11175,a848fe9c-a179-2d9f-31fb-6b84f3beb28f,76,1005,Deal 11175,won,2500000,,,,Course F - Short course,Online,,Demo expectation,REFERRAL,,,,,,,,,,,inbox,inbox,campaign_03,,,2026-05-02 19:18:51,2026-05-18 20:10:33,2026-05-18 20:10:33,false
11176,bd5a6112-d1b2-2e3c-2ede-2487373058be,224,1002,Deal 11176,won,9500000,,,,Course E - Specialist,Offline,,Demo expectation,EARLYBIRD,,,,,,,,,,,google,cpc,campaign_02,,,2026-02-14 09:43:20,2026-03-14 05:18:06,2026-03-14 05:18:06,false
11177,03aefa62-764d-a243-14fa-a0f5e61219b5,78,1001,Deal 11177,lost,,,,,Course A - Foundation,Hybrid,,Demo expectation,,,,,,,,,,Trash: Không có nhu cầu,,facebook,cpc,campaign_01,,,2026-09-19 03:53:58,2026-09-25 20:31:59,2026-09-25 20:31:59,false
11178,225aed6c-f045-8043-e3a6-8a707e710b55,78,1001,Deal 11178,lost,,,,,Course E - Specialist,Offline,E06,Demo expectation,,,,,,,,,,Trash: Không có nhu cầu,,email,newsletter,campaign_10,,,2025-10-25 08:34:04,2025-10-27 23:08:16,2025-10-27 23:08:16,false
11179,ec0389c1-23ff-18b2-865a-5dcda016d50a,73,1005,Deal 11179,open,,,,,Course D - Advanced,Hybrid,D07,,,,,,,,,,,,,blog,organic,campaign_04,,,2025-12-08 01:05:41,2025-12-12 12:31:35,,false
11180,ecd6e2b0-9216-1cc5-d424-31aced26c65b,226,1004,Deal 11180,open,,,,,Combo: Course A + Course C,Online,Course09,Demo expectation,,,,,,,,,,,,facebook,cpc,campaign_05,,,2026-04-12 04:05:21,2026-04-16 10:06:12,,false
11181,432a23a8-0f05-d46c-7495-d544b1c8bdb9,224,1004,Deal 11181,won,4500000,,,,Course A - Foundation,Online,A09,Demo expectation,,,,,,,,,,,,google,cpc,campaign_10,,,2026-06-04 06:47:16,2026-07-15 22:53:26,2026-07-15 22:53:26,false
11182,3e8d544a-f23c-3d37-fc80-4f90a76b9d80,224,1002,Deal 11182,won,4250000.0,,,,Course B - Foundation,Hybrid,,Demo expectation,EARLYBIRD,,,,,,,,,,,facebook,fanpage,campaign_11,,,2025-02-21 13:01:08,2025-03-08 21:40:21,2025-03-08 21:40:21,false
11183,af051197-3ebb-65f1-758d-aaee760fdd95,78,1001,Deal 11183,lost,,,,,Course B - Foundation,Online,B04,Demo expectation,EARLYBIRD,,,,,,,,,Sales Process: Sales không follow-up khách,,google,cpc,campaign_12,,,2025-06-15 14:28:05,2025-06-22 10:17:57,2025-06-22 10:17:57,false
11184,7ed99a6b-6c37-86c2-0d08-367ef3d5f737,80,1003,Deal 11184,lost,,,,,Course F - Short course,Online,F11,Demo expectation,,,,,,,,,,Choose Competitor: Đã đi học bên khác,,blog,organic,campaign_07,,,2026-07-04 17:12:21,2026-07-22 11:31:43,2026-07-22 11:31:43,false
11185,d4d7b736-4120-ae49-4f29-d580bf87d026,76,1007,Deal 11185,won,2500000,,,,Course F - Short course,Offline,,Demo expectation,EARLYBIRD,,,,,,,,,,,zalo,oa,campaign_06,,,2026-01-23 20:19:03,2026-02-02 22:56:22,2026-02-02 22:56:22,false
11186,26830a4c-8133-25f1-e760-32c38f47c5ae,224,1001,Deal 11186,won,6750000.0,,,,Course C - Advanced,Online,,Demo expectation,,,,,,,,,,,,facebook,cpc,campaign_10,,,2025-04-04 23:39:17,2025-05-06 03:52:05,2025-05-06 03:52:05,false
11187,d5db677f-08bb-b29f-a277-279b2498a9f2,80,1002,Deal 11187,lost,,,,,Course D - Advanced,Offline,,,REFERRAL,,,,,,,,,Relevance: Use Case Misfit: Nhu cầu không đúng với sản phẩm,,,,,,,2025-12-04 12:48:28,2025-12-27 07:56:34,2025-12-27 07:56:34,false
11188,3d4740c7-8f90-364f-20ce-29eb70c497ac,224,1004,Deal 11188,won,4500000,,,,Course A - Foundation,Online,A10,Demo expectation,,,,,,,,,,,,facebook,fanpage,campaign_05,,,2026-08-08 01:30:45,2026-09-17 08:50:49,2026-09-17 08:50:49,false
11189,bda91c8a-abb6-2c94-eecb-343b28569821,224,1003,Deal 11189,won,2500000,,,,Course F - Short course,Offline,F08,Demo expectation,EARLYBIRD,,,,,,,,,,,homepage,organic,campaign_09,,,2026-02-22 18:02:35,2026-03-21 17:00:13,2026-03-21 17:00:13,false
11190,c256f224-82b2-48b6-dd51-ef25417f38c1,80,1001,Deal 11190,lost,,,,,Course A - Foundation,Online,A03,Demo expectation,,,,,,,,,,Choose Competitor: Đã đi học bên khác,,email,newsletter,campaign_09,,,2025-04-11 20:57:13,2025-05-19 08:26:46,2025-05-19 08:26:46,false
11191,0895df3c-7941-a6a4-6b2a-fb3a1b3851ad,224,1003,Deal 11191,won,7500000,,Cựu học viên,,Course C - Advanced,Hybrid,C11,Demo expectation,,,,,,,,,,,,,,,,,2026-09-21 00:41:20,2026-09-27 12:00:00,2026-09-27 12:00:00,false
11192,2101f87d-0a45-6ebb-cc6c-b94ec2255913,77,1002,Deal 11192,lost,,,,,Program G - Professional,Offline,G01,Demo expectation,,,,,,,,,,Communication: Not Connected: Không liên hệ được,,facebook,cpc,campaign_05,,,2025-02-09 20:14:58,2025-02-09 23:14:58,2025-02-09 23:14:58,false
11193,e2f820df-15a5-7d60-cba8-dd6eea5479f2,78,1003,Deal 11193,open,,,,,Course E - Specialist,Online,E06,Demo expectation,,,,,,,,,,,,facebook,cpc,campaign_06,,,2025-09-23 11:48:44,2025-09-27 20:17:58,,false
11194,470c3863-15aa-1ab2-0cbc-946dc8eedd25,92,1001,Deal 11194,lost,,,,,Course F - Short course,Offline,F10,Demo expectation,,,,,,,,,,Choose Competitor: Không học online,,facebook,cpc,campaign_10,,,2026-05-29 22:34:34,2026-06-21 02:22:16,2026-06-21 02:22:16,false
11195,ae11f4e7-e605-94dd-8d42-b8e12b6c04c6,217,1004,Deal 11195,open,,,,,Course E - Specialist,Offline,E03,,,,,,,,,,,,,facebook,cpc,campaign_06,,,2025-04-12 02:52:05,2025-04-17 18:25:33,,false
11196,cfb988f6-5d1a-71a6-f34b-182071603b59,222,1001,Deal 11196,won,7500000,,,,Course C - Advanced,Offline,C02,Demo expectation,REFERRAL,,,,,,,,,,,,,,,,2025-02-28 17:59:09,2025-03-14 05:36:00,2025-03-14 05:36:00,false
11197,0bb5c276-abe3-77f3-8066-703846dfe43f,79,1003,Deal 11197,lost,,,,,Course E - Specialist,Hybrid,E10,Demo expectation,,,,,,,,,,Communication: Ghosted After Demo/Call,,facebook,cpc,campaign_02,,,2026-07-08 22:22:48,2026-07-15 15:56:59,2026-07-15 15:56:59,false
11198,59ccb1cb-f232-0d50-76ed-51d8b8b98baf,91,1003,Deal 11198,open,,,,,Course A - Foundation,Hybrid,A10,,REFERRAL,,,,,,,,,,,email,newsletter,campaign_06,,,2026-08-10 02:27:58,2026-09-08 07:03:50,,false
11199,d9606af0-aa54-6c79-bf3f-51d52557c82c,78,1004,Deal 11199,lost,,,,,Course E - Specialist,Offline,E08,,EARLYBIRD,,,,,,,,,Trash: Không có nhu cầu,,,,,,,2026-02-21 19:19:21,2026-02-25 14:50:34,2026-02-25 14:50:34,false
11200,ab962697-c1e1-f813-747a-c231b95e44e3,77,1003,Deal 11200,lost,,,,,Course B - Foundation,Online,B02,Demo expectation,REFERRAL,,,,,,,,,Trash: Đăng ký trùng deal,,email,newsletter,campaign_01,,,2025-02-03 04:34:00,2025-02-04 11:34:00,2025-02-04 11:34:00,false
11201,66ba9945-8455-f4ef-6365-1ce9e8274a4f,91,1001,Deal 11201,lost,,,,,Course B - Foundation,Online,B08,,,,,,,,,,,Bad Timing: No Immediate Priority,,google,cpc,campaign_12,,,2026-02-02 02:21:39,2026-02-14 03:36:47,2026-02-14 03:36:47,false
11202,b51b08c7-123a-3767-b834-a149afe05f6d,91,1003,Deal 11202,lost,,,,,Course C - Advanced,Hybrid,C09,Demo expectation,EARLYBIRD,,,,,,,,,Bad Timing: No Immediate Priority,,email,newsletter,campaign_03,,,2026-04-16 19:32:58,2026-05-08 15:13:49,2026-05-08 15:13:49,false
11203,4b4788c1-153f-b118-0af7-21a9a9d0716a,224,1004,Deal 11203,won,9500000,,,,Course E - Specialist,Online,E03,Demo expectation,EARLYBIRD,,,,,,,,,,,google,cpc,campaign_08,,,2025-04-22 19:00:56,2025-05-26 00:14:54,2025-05-26 00:14:54,false
11204,e3fbd382-8062-677e-896f-73b42cf4536a,79,1002,Deal 11204,lost,,,,,Course B - Foundation,Hybrid,,,,,,,,,,,,Budget: Giá quá cao,,facebook,cpc,campaign_11,,,2025-08-02 11:15:15,2025-08-08 10:28:59,2025-08-08 10:28:59,false
11205,49e1cd13-8da0-0495-5cce-5ba931d4ee09,79,1003,Deal 11205,lost,,,,,Course F - Short course,Hybrid,F07,,REFERRAL,,,,,,,,,Communication: No Response,,zalo,oa,campaign_11,,,2025-10-31 00:23:47,2025-11-08 11:32:32,2025-11-08 11:32:32,false
11206,13106665-aec2-bb19-fbc3-98d82d6bc882,222,1001,Deal 11206,won,4500000,,,,Course A - Foundation,Offline,,Demo expectation,EARLYBIRD,,,,,,,,,,,homepage,organic,campaign_08,,,2026-04-20 07:25:21,2026-05-11 20:14:15,2026-05-11 20:14:15,false
11207,8ee58a98-fc76-1e36-96ed-e9e996c2eafa,80,1003,Deal 11207,lost,,,,,Course C - Advanced,Online,,Demo expectation,,,,,,,,,,Choose Competitor: Đã đi học bên khác,,facebook,cpc,campaign_02,,,2025-11-27 20:56:21,2025-12-17 02:04:39,2025-12-17 02:04:39,false
11208,d084b7df-07c3-f5bf-deec-a16faad41a73,78,1001,Deal 11208,lost,,,,,Course C - Advanced,Offline,C04,,,,,,,,,,,Sales Process: Sales không follow-up khách,,facebook,cpc,campaign_10,,,2025-07-29 10:11:38,2025-08-06 18:06:05,2025-08-06 18:06:05,false
11209,d2c569ab-f830-aa05-d2d4-dd0555b82364,222,1001,Deal 11209,won,4250000.0,,,,Course B - Foundation,Hybrid,B08,Demo expectation,,,,,,,,,,,,,,,,,2026-02-13 20:54:56,2026-04-06 18:32:22,2026-04-06 18:32:22,false
11210,687a4850-9d9b-6231-7d45-d8efd56ce8ea,77,1002,Deal 11210,lost,,,,,Course C - Advanced,Online,C02,,REFERRAL,,,,,,,,,Trash: Không có nhu cầu,,facebook,cpc,campaign_03,,,2025-04-11 05:40:55,2025-04-12 11:40:55,2025-04-12 11:40:55,false
11211,ce339ee0-15b5-2510-abfb-9abfeb34e953,77,1001,Deal 11211,lost,,,,,Course C - Advanced,Offline,,,,,,,,,,,,Communication: Invalid Contact,,facebook,cpc,campaign_04,,,2026-03-20 03:18:55,2026-03-24 07:18:55,2026-03-24 07:18:55,false
11212,306b43a8-790e-e78d-a393-067c6a834243,77,1002,Deal 11212,lost,,,,,Course E - Specialist,Online,E10,Demo expectation,,,,,,,,,,Trash: Không có nhu cầu,,facebook,cpc,campaign_05,,,2026-06-30 16:39:40,2026-07-01 18:39:40,2026-07-01 18:39:40,false
11213,1e74d80a-26d9-3400-a433-ce4e3fdf77a2,78,1004,Deal 11213,lost,,,,,Course B - Foundation,Offline,B02,,EARLYBIRD,,,,,,,,,Sales Process: Sales không follow-up khách,,homepage,organic,campaign_11,,,2025-03-14 19:42:57,2025-03-21 23:53:48,2025-03-21 23:53:48,false
11214,9dd23036-6737-cac9-242e-3d711579bc24,222,1002,Deal 11214,won,2500000,,,,Course F - Short course,Offline,F03,Demo expectation,,,,,,,,,,,,,,,,,2025-04-22 20:19:21,2025-05-25 19:44:19,2025-05-25 19:44:19,false
11215,3b046707-855f-ecc6-f9d7-1979d767a6da,75,1005,Deal 11215,lost,,,,,Course C - Advanced,Hybrid,C06,,,,,,,,,,,Communication: No Response,,blog,organic,campaign_05,,,2025-11-06 07:24:59,2025-11-18 00:42:39,2025-11-18 00:42:39,false
11216,f4e559e5-9622-9348-0f5a-e9d38e6e5003,224,1002,Deal 11216,won,5000000,,,,Course B - Foundation,Offline,,Demo expectation,REFERRAL,,,,,,,,,,,facebook,cpc,campaign_08,,,2025-09-22 15:46:49,2025-10-16 08:00:57,2025-10-16 08:00:57,false
11217,d6312a80-1c61-2ec2-1014-2131750565f5,91,1002,Deal 11217,open,,,,,Course D - Advanced,Online,,Demo expectation,,,,,,,,,,,,email,newsletter,campaign_02,,,2026-09-27 11:00:00,2026-09-27 11:00:00,,false
11218,e74da397-3df5-deff-456f-25c03ee831ac,91,1004,Deal 11218,lost,,,,,Course C - Advanced,Hybrid,C07,Demo expectation,EARLYBIRD,,,,,,,,,Bad Timing: Không sắp xếp được thời gian học,,email,newsletter,campaign_12,,,2026-01-20 07:39:14,2026-01-31 07:46:38,2026-01-31 07:46:38,false
11219,c56afa5b-f00d-c347-ea50-8c374aea2c81,77,1003,Deal 11219,lost,,,,,Course B - Foundation,Hybrid,B10,Demo expectation,REFERRAL,,,,,,,,,Communication: Invalid Contact,,facebook,cpc,campaign_01,,,2026-05-21 10:31:42,2026-05-23 17:31:42,2026-05-23 17:31:42,false
11220,ff4c96d6-71f2-ce8f-b69f-68c3e60fd420,92,1003,Deal 11220,lost,,,,,Course B - Foundation,Online,B09,Demo expectation,,,,,,,,,,Choose Competitor: Không học online,,,,,,,2026-04-02 17:10:20,2026-04-14 09:36:23,2026-04-14 09:36:23,false
11221,4019a1f6-0cd1-1081-8d85-e013b20004fa,80,1001,Deal 11221,lost,,,,,Course B - Foundation,Offline,B10,,,,,,,,,,,Relevance: Not ICP fit,,,,,,,2026-06-22 22:52:04,2026-07-02 01:38:21,2026-07-02 01:38:21,false
11222,b8d49cf2-1c9d-dbd3-caa7-8357c0ea7a67,224,1003,Deal 11222,won,8000000,,,,Course D - Advanced,Online,D08,,,,,,,,,,,,,homepage,organic,campaign_11,,,2026-02-24 11:16:52,2026-04-06 03:05:35,2026-04-06 03:05:35,false
11223,3055549c-5545-9126-1889-abab51e2416b,76,1007,Deal 11223,won,2500000,,,,Course F - Short course,Hybrid,F10,Demo expectation,,,,,,,,,,,,,,,,,2026-06-25 09:31:04,2026-07-08 06:44:17,2026-07-08 06:44:17,false
11224,5115d7ee-3b90-908e-7ce3-456320363a73,222,1002,Deal 11224,won,2500000,,,,Course F - Short course,Hybrid,F10,,,,,,,,,,,,,facebook,cpc,campaign_02,,,2026-06-02 09:14:04,2026-07-09 03:09:45,2026-07-09 03:09:45,false
11225,cdf392f9-aa6c-fab9-dffb-ad3730a0d16d,80,1003,Deal 11225,lost,,,,,Course B - Foundation,Online,,Demo expectation,,,,,,,,,,Relevance: Not ICP fit,,,,,,,2025-01-19 22:28:21,2025-01-26 12:41:48,2025-01-26 12:41:48,false
11226,bf9cd75c-0637-66dd-9729-0c024af53dfe,78,1001,Deal 11226,lost,,,,,Course C - Advanced,Online,C03,Demo expectation,,,,,,,,,,Communication: Not Connected: Không liên hệ được,,blog,organic,campaign_03,,,2025-06-10 21:02:46,2025-06-18 21:15:47,2025-06-18 21:15:47,false
11227,46997fc2-7de5-0d45-cb00-ebbfaf0545d3,224,1001,Deal 11227,won,4500000,,,,Course A - Foundation,Hybrid,,,REFERRAL,,,,,,,,,,,google,cpc,campaign_02,,,2025-03-03 18:15:30,2025-04-04 06:28:10,2025-04-04 06:28:10,false
11228,97a418b8-92d0-0319-20bd-14220b0b81de,73,1005,Deal 11228,lost,,,,,Course C - Advanced,Hybrid,C05,Demo expectation,,,,,,,,,,Budget: Giá quá cao,,facebook,cpc,campaign_02,,,2025-08-31 08:05:32,2025-09-03 05:25:45,2025-09-03 05:25:45,false
11229,6db2094b-bce7-e298-3c84-78214f10b422,79,1003,Deal 11229,lost,,,,,Course F - Short course,Online,F01,,REFERRAL,,,,,,,,,Budget: Giá quá cao,,facebook,cpc,campaign_12,,,2025-01-24 05:27:08,2025-02-05 16:06:08,2025-02-05 16:06:08,false
11230,0d892ced-c1f3-1143-93ac-ceb88ab5a799,79,1002,Deal 11230,lost,,,,,Course B - Foundation,Offline,B06,,,,,,,,,,,Communication: Ghosted After Demo/Call,,facebook,cpc,campaign_07,,,2025-10-18 12:54:31,2025-10-24 19:34:11,2025-10-24 19:34:11,false
11231,b8d49cf2-1c9d-dbd3-caa7-8357c0ea7a67,224,1001,Deal 11231,won,2500000,,,,Course F - Short course,Online,F08,Demo expectation,,,,,,,,,,,,,,,,,2026-02-12 13:10:46,2026-02-19 16:02:14,2026-02-19 16:02:14,false
11232,dd5326f9-9a8a-506f-dd68-01739a5f9835,80,1002,Deal 11232,lost,,,,,Program G - Professional,Hybrid,,,,,,,,,,,,Budget: Not willing to pay,,facebook,cpc,campaign_11,,,2025-12-10 23:43:50,2025-12-21 10:36:16,2025-12-21 10:36:16,false
11233,d259f960-6ee3-5607-92ea-1324ec93e596,92,1004,Deal 11233,lost,,,,,Course F - Short course,Hybrid,F01,,,,,,,,,,,Budget: Giá quá cao,,email,newsletter,campaign_01,,,2025-02-01 16:32:50,2025-02-22 11:55:47,2025-02-22 11:55:47,false
11234,0ddc0cb3-e4ed-65ef-238b-67baf0af690d,224,1001,Deal 11234,won,4250000.0,,,,Course B - Foundation,Hybrid,,,,,,,,,,,,,,homepage,organic,campaign_06,,,2026-01-15 12:21:13,2026-02-17 02:23:07,2026-02-17 02:23:07,false
11235,dd00a64c-8f45-c269-6b52-59dce0d8b492,79,1003,Deal 11235,lost,,,,,Course B - Foundation,Online,B05,,,,,,,,,,,Low engagement: Không còn nhu cầu học,,email,newsletter,campaign_01,,,2025-07-30 08:43:14,2025-08-04 19:48:32,2025-08-04 19:48:32,false
11236,e74da397-3df5-deff-456f-25c03ee831ac,75,1006,Deal 11236,lost,,,,,Combo: Course A + Course C,Hybrid,Course07,Demo expectation,,,,,,,,,,Communication: No Response,,facebook,cpc,campaign_11,,,2026-01-04 01:28:29,2026-01-16 14:38:42,2026-01-16 14:38:42,false
11237,727fc72b-d2ad-4cf7-09be-c81554b2b5ab,76,1006,Deal 11237,won,4250000.0,,,,Course B - Foundation,Offline,B12,,,,,,,,,,,,,,,,,,2026-09-21 07:42:31,2026-09-27 12:00:00,2026-09-27 12:00:00,false
11238,a4f3c259-2a2c-8f9d-e071-2f7aed584d65,76,1005,Deal 11238,won,5000000,,,,Course B - Foundation,Offline,B02,Demo expectation,EARLYBIRD,,,,,,,,,,,homepage,organic,campaign_05,,,2025-02-28 15:00:02,2025-03-18 19:54:46,2025-03-18 19:54:46,false
11239,910171d2-1138-978b-45fb-3e8a563b04fa,78,1002,Deal 11239,lost,,,,,Course F - Short course,Hybrid,F11,Demo expectation,,,,,,,,,,Trash: Không có nhu cầu,,facebook,cpc,campaign_11,,,2026-07-06 21:52:48,2026-07-15 20:34:19,2026-07-15 20:34:19,false
11240,b0bde14f-44a5-24d9-016d-26d9df15e667,78,1001,Deal 11240,lost,,,,,Course A - Foundation,Hybrid,A09,Demo expectation,,,,,,,,,,Communication: Not Connected: Không liên hệ được,,homepage,organic,campaign_03,,,2026-06-25 08:40:14,2026-06-26 06:55:33,2026-06-26 06:55:33,false
11241,e1cde87f-ec95-5f87-ae5e-c36572eb7474,224,1004,Deal 11241,won,7500000,,,,Course C - Advanced,Hybrid,C04,Demo expectation,REFERRAL,,,,,,,,,,,inbox,inbox,campaign_12,,,2025-06-28 10:41:34,2025-07-29 01:23:21,2025-07-29 01:23:21,false
11242,50f35bb4-40fe-a948-d2d9-3f36cde44f3a,77,1004,Deal 11242,lost,,,,,Course A - Foundation,Hybrid,A04,Demo expectation,,,,,,,,,,Trash: Đăng ký trùng deal,,google,cpc,campaign_08,,,2025-08-12 21:39:31,2025-08-14 02:39:31,2025-08-14 02:39:31,false
11243,f5a98c9a-6a71-dec5-2162-d1b7769ac892,224,1001,Deal 11243,won,11000000,,,,Combo: Course A + Course C,Offline,Course04,Demo expectation,,,,,,,,,,,,,,,,,2025-06-15 14:01:40,2025-07-02 18:17:19,2025-07-02 18:17:19,false
11244,a4c31af7-514a-36bf-4733-4b73225f52ab,77,1001,Deal 11244,lost,,,,,Course E - Specialist,Hybrid,E12,Demo expectation,,,,,,,,,,Communication: Invalid Contact,,facebook,cpc,campaign_01,,,2026-09-27 11:00:00,2026-09-27 12:00:00,2026-09-27 12:00:00,false
11245,67071746-68a6-143d-a753-b68519043f35,79,1002,Deal 11245,lost,,,Cựu học viên,,Course D - Advanced,Online,,Demo expectation,,,,,,,,,,Communication: Ghosted After Demo/Call,,google,cpc,campaign_08,,,2026-01-19 16:39:44,2026-01-31 03:06:21,2026-01-31 03:06:21,false
11246,284c03d2-27d4-15b6-0d77-c5a0e222b6a6,73,1005,Deal 11246,lost,,,,,Course B - Foundation,Hybrid,B03,,EARLYBIRD,,,,,,,,,Budget: Giá quá cao,,facebook,fanpage,campaign_02,,,2025-04-08 02:26:20,2025-04-18 04:31:26,2025-04-18 04:31:26,false
11247,1c24220e-2cab-d7e7-cc6b-66e5402adf9c,80,1001,Deal 11247,lost,,,,,Course C - Advanced,Online,C02,Demo expectation,,,,,,,,,,Budget: Not willing to pay,,,,,,,2025-03-22 02:58:44,2025-03-28 14:19:40,2025-03-28 14:19:40,false
11248,72926459-31d8-ec57-b012-c7e6b30131e0,224,1001,Deal 11248,won,4500000,,,,Course A - Foundation,Offline,A04,,,,,,,,,,,,,homepage,organic,campaign_09,,,2025-07-04 02:42:16,2025-08-08 08:40:19,2025-08-08 08:40:19,false
11249,11062a35-7d10-bf9f-ca8b-6e4ce6f7b3d4,77,1002,Deal 11249,open,,,,,Course C - Advanced,Offline,,,EARLYBIRD,,,,,,,,,,,,,,,,2025-09-17 17:55:02,2025-09-17 17:55:02,,false
11250,20d6697c-51ac-9149-23e4-b52d4ae09629,78,1004,Deal 11250,lost,,,,,Course B - Foundation,Hybrid,B01,Demo expectation,EARLYBIRD,,,,,,,,,Sales Process: Sales không follow-up khách,,facebook,cpc,campaign_04,,,2025-01-17 04:02:20,2025-01-30 01:47:39,2025-01-30 01:47:39,false
11251,cd7182b4-d471-104f-1859-c5ae784aee43,224,1004,Deal 11251,won,5000000,,,,Course B - Foundation,Online,B06,Demo expectation,EARLYBIRD,,,,,,,,,,,,,,,,2025-10-18 23:43:35,2025-12-03 17:23:31,2025-12-03 17:23:31,false
11252,56adbd1c-2d0f-af7a-85b2-6663ae3fdd5f,73,1008,Deal 11252,lost,,,,,Combo: Course A + Course C,Offline,,,,,,,,,,,,Budget: Giá quá cao,,facebook,fanpage,campaign_03,,,2025-11-05 00:12:34,2025-11-07 15:54:28,2025-11-07 15:54:28,false
11253,c3195a33-9bc8-42e3-fcd1-23a0828aa03e,224,1004,Deal 11253,won,11000000,,,,Combo: Course A + Course C,Hybrid,,,REFERRAL,,,,,,,,,,,,,,,,2025-08-12 02:46:26,2025-08-30 01:53:35,2025-08-30 01:53:35,false
11254,32f75350-f9a7-32dc-5d1c-19061090dc9d,224,1003,Deal 11254,won,6800000.0,,,,Course D - Advanced,Online,D08,,EARLYBIRD,,,,,,,,,,,,,,,,2026-02-25 00:20:48,2026-03-21 23:18:35,2026-03-21 23:18:35,false
11255,09a686a9-376d-353d-99ba-118b7e5e212d,224,1003,Deal 11255,won,8075000.0,,,,Course E - Specialist,Hybrid,E05,,,,,,,,,,,,,facebook,cpc,campaign_01,,,2025-08-15 16:11:03,2025-09-08 10:51:46,2025-09-08 10:51:46,false
11256,9fa935b1-2e18-7603-4ad5-51ad9aba4c01,78,1003,Deal 11256,open,,,,,Course A - Foundation,Online,A09,Demo expectation,,,,,,,,,,,,email,newsletter,campaign_03,,,2026-06-04 15:51:24,2026-06-06 06:30:09,,false
11257,36cf9429-8657-d8ff-6b72-e451df0ccde7,80,1003,Deal 11257,lost,,,,,Course D - Advanced,Offline,,Demo expectation,,,,,,,,,,Choose Competitor: Đã đi học bên khác,,zalo,oa,campaign_03,,,2025-01-29 09:53:19,2025-02-11 09:51:11,2025-02-11 09:51:11,false
11258,1961da1f-2700-b560-9bd8-9990b786834b,73,1007,Deal 11258,open,,,,,Course A - Foundation,Online,A10,Demo expectation,REFERRAL,,,,,,,,,,,,,,,,2026-07-30 11:28:52,2026-07-31 20:21:00,,false
11259,171e5028-e2be-80e1-a84d-5f25abf2b369,224,1002,Deal 11259,won,4500000,,,,Course A - Foundation,Offline,A09,Demo expectation,,,,,,,,,,,,facebook,cpc,campaign_10,,,2026-05-29 05:12:54,2026-07-09 14:12:43,2026-07-09 14:12:43,false
11260,7b64665c-cb26-a809-f429-73f5d1d18e0b,79,1001,Deal 11260,lost,,,,,Course A - Foundation,Offline,A04,,,,,,,,,,,Communication: No Response,,facebook,cpc,campaign_07,,,2025-08-03 20:13:07,2025-08-11 11:32:43,2025-08-11 11:32:43,false
11261,09f114d3-398e-1c11-79ff-479981b5b4d9,91,1002,Deal 11261,lost,,,,,Course A - Foundation,Online,A03,Demo expectation,REFERRAL,,,,,,,,,Bad Timing: No Immediate Priority,,zalo,oa,campaign_10,,,2025-05-20 18:19:46,2025-06-05 14:29:41,2025-06-05 14:29:41,false
11262,6d4067f4-5003-2b35-1857-8bafbac7e2b9,79,1001,Deal 11262,lost,,,,,Course F - Short course,Hybrid,F11,Demo expectation,REFERRAL,,,,,,,,,Communication: Ghosted After Demo/Call,,facebook,cpc,campaign_12,,,2026-07-27 05:30:51,2026-08-07 04:31:27,2026-08-07 04:31:27,false
11263,ada59cb2-882a-e449-b5b7-1c24785ca87b,77,1001,Deal 11263,lost,,,,,Course C - Advanced,Offline,C06,Demo expectation,,,,,,,,,,Communication: Not Connected: Không liên hệ được,,facebook,cpc,campaign_10,,,2025-10-20 07:09:42,2025-10-20 11:09:42,2025-10-20 11:09:42,false
11264,d063fb37-c641-0765-3855-c64e58967888,224,1003,Deal 11264,won,5000000,,,,Course B - Foundation,Hybrid,B11,Demo expectation,,,,,,,,,,,,inbox,inbox,campaign_07,,,2026-08-11 06:44:33,2026-09-17 16:43:45,2026-09-17 16:43:45,false
11265,150b070a-f0c9-0c94-e602-a5e4b63d4413,77,1001,Deal 11265,lost,,,Cựu học viên,,Course B - Foundation,Hybrid,B08,,,,,,,,,,,Trash: Đăng ký trùng deal,,,,,,,2026-02-10 13:09:41,2026-02-13 15:09:41,2026-02-13 15:09:41,false
11266,2ae06f26-4fca-946a-6c6a-58e9c564956a,91,1004,Deal 11266,lost,,,Cựu học viên,,Course E - Specialist,Online,E07,,EARLYBIRD,,,,,,,,,Bad Timing: No Immediate Priority,,email,newsletter,campaign_06,,,2025-12-11 09:13:57,2025-12-30 22:11:21,2025-12-30 22:11:21,false
11267,66c62fc8-7ef8-3fa6-d8bd-2133916a50b7,78,1002,Deal 11267,lost,,,,,Course A - Foundation,Online,A02,Demo expectation,REFERRAL,,,,,,,,,Sales Process: Sales không follow-up khách,,,,,,,2025-03-02 06:00:21,2025-03-08 07:19:04,2025-03-08 07:19:04,false
11268,ee6bcb89-8615-50f6-6b43-db407b9a21c4,222,1002,Deal 11268,won,4500000.0,,,,Course B - Foundation,Hybrid,B05,,,,,,,,,,,,,,,,,,2025-08-11 00:39:17,2025-09-11 09:56:44,2025-09-11 09:56:44,false
11269,07fbb920-dd9d-2e4d-483e-dd69dc7abd16,80,1002,Deal 11269,lost,,,,,Course B - Foundation,Online,,,EARLYBIRD,,,,,,,,,Relevance: Use Case Misfit: Nhu cầu không đúng với sản phẩm,,google,cpc,campaign_12,,,2026-06-09 02:04:13,2026-06-18 14:43:36,2026-06-18 14:43:36,false
11270,22681c70-4eb0-0c3d-796c-6ae6fc19285d,91,1004,Deal 11270,lost,,,,,Course D - Advanced,Offline,D08,Demo expectation,REFERRAL,,,,,,,,,Bad Timing: Không sắp xếp được thời gian học,,facebook,cpc,campaign_05,,,2026-02-19 02:27:07,2026-02-28 10:50:04,2026-02-28 10:50:04,false
11271,81f15677-b108-fffa-37f0-67e3a8b4fd7d,80,1004,Deal 11271,lost,,,,,Program G - Professional,Online,,Demo expectation,REFERRAL,,,,,,,,,Budget: Not willing to pay,,,,,,,2026-03-18 21:13:48,2026-04-01 01:37:56,2026-04-01 01:37:56,false
11272,b24f92b9-ca08-41de-3360-d11548b51c88,77,1001,Deal 11272,lost,,,,,Program G - Professional,Online,G11,,,,,,,,,,,Communication: Invalid Contact,,facebook,cpc,campaign_06,,,2026-07-01 00:28:41,2026-07-06 01:28:41,2026-07-06 01:28:41,false
11273,051978bf-8a2e-30d6-9ade-bcc221144198,77,1004,Deal 11273,lost,,,,,Course B - Foundation,Hybrid,B06,Demo expectation,,,,,,,,,,Communication: Not Connected: Không liên hệ được,,facebook,fanpage,campaign_10,,,2025-11-12 23:27:09,2025-11-18 05:27:09,2025-11-18 05:27:09,false
11274,c2886352-4448-2593-e232-7c25fcd62aba,77,1003,Deal 11274,open,,,,,Course F - Short course,Online,,,,,,,,,,,,,,facebook,cpc,campaign_02,,,2026-09-27 11:00:00,2026-09-27 11:00:00,,false
11275,948c7eb4-1cf8-570b-5e5b-2ad8b4732eb6,77,1003,Deal 11275,open,,lead cks,,,Course E - Specialist,Offline,E01,,,,,,,,,,,,,facebook,cpc,campaign_07,,,2025-01-09 09:40:32,2025-01-09 09:40:32,,false
11276,cdae0f08-e2a8-e2f8-3d43-9f5e72d9b645,78,1002,Deal 11276,lost,,,,,Course C - Advanced,Online,,,EARLYBIRD,,,,,,,,,Communication: Not Connected: Không liên hệ được,,facebook,cpc,campaign_10,,,2025-07-24 22:18:06,2025-07-30 03:07:49,2025-07-30 03:07:49,false
11277,3bf07cc4-ba15-a44a-360b-b108d18c1169,224,1002,Deal 11277,won,2125000.0,,,,Course F - Short course,Hybrid,F10,Demo expectation,EARLYBIRD,,,,,,,,,,,google,cpc,campaign_02,,,2026-06-24 10:10:44,2026-07-22 04:07:25,2026-07-22 04:07:25,false
11278,e0632508-b367-a133-8a01-30dbf8a9cf5d,77,1002,Deal 11278,open,,lead cks,,,Course C - Advanced,Offline,,,REFERRAL,,,,,,,,,,,facebook,cpc,campaign_10,,,2026-09-27 11:00:00,2026-09-27 11:00:00,,false
11279,e4056763-5795-619c-3e22-c2227af7796a,224,1003,Deal 11279,won,9900000.0,,,,Combo: Course A + Course C,Hybrid,Course01,Demo expectation,,,,,,,,,,,,facebook,cpc,campaign_04,,,2025-01-16 19:34:37,2025-02-03 13:13:28,2025-02-03 13:13:28,false
11280,8669ba60-e387-eb15-6765-e3bfb9ea8873,77,1002,Deal 11280,lost,,,,,Course F - Short course,Online,F04,Demo expectation,,,,,,,,,,Trash: Không có nhu cầu,,,,,,,2025-07-08 14:31:33,2025-07-13 17:31:33,2025-07-13 17:31:33,false
11281,71e7ac0c-70a2-3023-45a9-37a979d28895,224,1001,Deal 11281,won,5000000,,,,Course B - Foundation,Online,B05,Demo expectation,,,,,,,,,,,,zalo,oa,campaign_01,,,2025-08-17 09:42:33,2025-10-04 03:21:39,2025-10-04 03:21:39,false
11282,e7269390-c235-25c0-c16f-584add1b469d,224,1002,Deal 11282,won,7500000,,,,Course C - Advanced,Hybrid,C01,Demo expectation,EARLYBIRD,,,,,,,,,,,facebook,cpc,campaign_01,,,2025-01-13 23:23:38,2025-02-27 23:34:09,2025-02-27 23:34:09,false
11283,d14d4890-f5db-ed2c-3d4c-af01243191eb,78,1003,Deal 11283,lost,,,,,Course C - Advanced,Online,C07,Demo expectation,,,,,,,,,,Trash: Không có nhu cầu,,facebook,cpc,campaign_12,,,2025-12-16 11:34:53,2025-12-24 06:37:05,2025-12-24 06:37:05,false
11284,3891b7f7-6809-f986-d86a-f8f93f068051,224,1004,Deal 11284,won,9350000.0,,,,Combo: Course A + Course C,Offline,Course08,Demo expectation,EARLYBIRD,,,,,,,,,,,facebook,cpc,campaign_09,,,2026-02-28 04:13:17,2026-04-15 06:05:22,2026-04-15 06:05:22,false
11285,19960b40-367d-9053-bec2-e40df0b81b29,79,1003,Deal 11285,lost,,,,,Course F - Short course,Hybrid,,Demo expectation,REFERRAL,,,,,,,,,Bad Timing: Không sắp xếp được thời gian học,,facebook,cpc,campaign_08,,,2025-03-12 15:23:16,2025-03-18 10:43:25,2025-03-18 10:43:25,false
11286,12a1720b-d1d4-6f58-2b72-8139af61997d,78,1003,Deal 11286,lost,,,,,Course F - Short course,Offline,F08,Demo expectation,,,,,,,,,,Trash: Không có nhu cầu,,google,cpc,campaign_02,,,2026-02-24 19:34:15,2026-03-02 15:18:10,2026-03-02 15:18:10,false
11287,4f4c2b42-a29f-ef1e-7e14-686b2a3b6003,77,1001,Deal 11287,open,,,,,Course C - Advanced,Hybrid,C05,Demo expectation,,,,,,,,,,,,facebook,fanpage,campaign_09,,,2025-08-29 10:55:45,2025-08-29 10:55:45,,false
11288,b7e6d9fd-1eeb-269d-8fa1-9d9fa1706c93,77,1003,Deal 11288,lost,,,,,Course A - Foundation,Online,A03,Demo expectation,,,,,,,,,,Communication: Not Connected: Không liên hệ được,,google,cpc,campaign_11,,,2025-06-02 11:22:13,2025-06-05 13:22:13,2025-06-05 13:22:13,false
11289,76f7d7d1-7afa-610c-8006-9f8937bda64d,219,1001,Deal 11289,open,,,,,Program G - Professional,Online,G12,Demo expectation,EARLYBIRD,,,,,,,,,,,facebook,cpc,campaign_06,,,2026-08-21 09:31:31,2026-08-29 23:47:26,,false
11290,c99cb5f3-e2ae-bd53-b89b-4995e32e3ac4,80,1002,Deal 11290,lost,,,,,Course F - Short course,Hybrid,,Demo expectation,,,,,,,,,,Relevance: Not ICP fit,,,,,,,2025-10-18 21:04:06,2025-11-12 07:34:01,2025-11-12 07:34:01,false
11291,2905fe7d-2bf2-3fc0-7393-9a80a7836218,78,1001,Deal 11291,lost,,,,,Course C - Advanced,Online,C09,,EARLYBIRD,,,,,,,,,Sales Process: Sales không follow-up khách,,google,cpc,campaign_06,,,2026-05-28 16:53:15,2026-06-01 12:06:36,2026-06-01 12:06:36,false
11292,4cc1032d-bd16-c038-4ef2-53f57f8fbd67,224,1003,Deal 11292,won,11000000,,,,Combo: Course A + Course C,Online,Course04,Demo expectation,EARLYBIRD,,,,,,,,,,,homepage,organic,campaign_04,,,2025-05-26 23:59:29,2025-06-27 01:16:34,2025-06-27 01:16:34,false
11293,589a8b9d-5bf2-d6af-8ba2-2d11f5b85c17,222,1002,Deal 11293,won,5000000,,,,Course B - Foundation,Online,B10,Demo expectation,,,,,,,,,,,,facebook,cpc,campaign_12,,,2026-06-05 04:00:04,2026-06-22 03:34:42,2026-06-22 03:34:42,false
11294,c4134dc2-c5c5-ae8a-be15-ad1290ce77e9,80,1004,Deal 11294,lost,,,,,Combo: Course A + Course C,Hybrid,Course09,,,,,,,,,,,Relevance: Not ICP fit,,facebook,fanpage,campaign_11,,,2026-04-02 07:00:58,2026-04-17 19:20:45,2026-04-17 19:20:45,false
11295,159b2b6b-32db-a028-4823-debeccade92e,76,1006,Deal 11295,won,5000000,,,,Course B - Foundation,Online,B10,Demo expectation,,,,,,,,,,,,google,cpc,campaign_09,,,2026-06-28 05:35:35,2026-07-11 19:32:58,2026-07-11 19:32:58,false
11296,5de14440-8951-f2a5-2502-5d89dc570f3f,224,1002,Deal 11296,won,5000000,,,,Course B - Foundation,Online,B06,,,,,,,,,,,,,facebook,cpc,campaign_05,,,2025-10-09 17:52:42,2025-10-30 13:57:34,2025-10-30 13:57:34,false
11297,5d4210d5-40e7-ca76-7c8a-d37aa9d52401,77,1003,Deal 11297,lost,,,,,Combo: Course A + Course C,Online,Course06,,REFERRAL,,,,,,,,,Trash: Không có nhu cầu,,facebook,cpc,campaign_07,,,2025-11-01 14:36:02,2025-11-06 20:36:02,2025-11-06 20:36:02,false
11298,efc7ba96-be29-e59b-608a-f5ee0cc4e865,72,1006,Deal 11298,lost,,,,,Course C - Advanced,Offline,,,EARLYBIRD,,,,,,,,,Communication: No Response,,facebook,fanpage,campaign_04,,,2026-09-02 11:05:21,2026-09-04 14:05:21,2026-09-04 14:05:21,false
11299,dec56dc3-ad96-8213-f0a9-b97f7557c28c,224,1001,Deal 11299,won,4500000,,,,Course A - Foundation,Offline,A09,Demo expectation,REFERRAL,,,,,,,,,,,,,,,,2026-06-23 10:17:43,2026-07-07 12:55:39,2026-07-07 12:55:39,false
11300,5bd20c98-a513-5ea0-fa53-e34de6d5901d,77,1001,Deal 11300,lost,,,,,Course D - Advanced,Online,D06,,,,,,,,,,,Trash: Không có nhu cầu,,,,,,,2025-10-15 18:22:51,2025-10-17 22:22:51,2025-10-17 22:22:51,false
11301,02141a68-952d-986c-16db-8a18fd8398c3,222,1001,Deal 11301,won,7200000.0,,,,Course D - Advanced,Online,D07,Demo expectation,,,,,,,,,,,,facebook,fanpage,campaign_05,,,2025-11-05 01:57:25,2025-11-22 19:31:31,2025-11-22 19:31:31,false
11302,072915c7-25ee-3dfd-6cc1-da4dd0411dec,80,1004,Deal 11302,lost,,,,,Course B - Foundation,Online,,,,,,,,,,,,Budget: Not willing to pay,,,,,,,2026-05-15 16:09:56,2026-06-10 03:27:57,2026-06-10 03:27:57,false
11303,ffb686e4-f83c-5357-bf6f-6cc464a7bbde,79,1001,Deal 11303,lost,,,,,Combo: Course A + Course C,Hybrid,Course05,,,,,,,,,,,Low engagement: Không còn nhu cầu học,,,,,,,2025-09-24 10:26:53,2025-10-03 11:10:45,2025-10-03 11:10:45,false
11304,a0c4e637-565e-a7b8-9514-e86e54ad2b86,224,1004,Deal 11304,won,6800000.0,,,,Course D - Advanced,Hybrid,D07,,,,,,,,,,,,,facebook,cpc,campaign_01,,,2026-01-03 00:01:42,2026-01-19 01:24:41,2026-01-19 01:24:41,false
11305,2099e71f-4b65-7bcc-b041-6f19bbe71835,224,1001,Deal 11305,won,3825000.0,,,,Course A - Foundation,Online,A08,Demo expectation,,,,,,,,,,,,email,newsletter,campaign_01,,,2026-03-27 10:31:58,2026-04-09 22:28:57,2026-04-09 22:28:57,false
11306,88f8516e-ff0e-46f4-0422-553ce5cd69f3,79,1003,Deal 11306,open,,,,,Course D - Advanced,Online,D11,Demo expectation,EARLYBIRD,,,,,,,,,,,,,,,,2026-09-11 01:17:27,2026-09-18 04:30:07,,false
11307,1ccda878-b800-f540-7f69-53afe9213dfa,78,1001,Deal 11307,lost,,,,,Course A - Foundation,Online,A08,,,,,,,,,,,Trash: Không có nhu cầu,,facebook,fanpage,campaign_06,,,2026-04-06 08:23:45,2026-04-16 08:45:51,2026-04-16 08:45:51,false
11308,f94bb175-cc9b-8fc7-47f2-bc0d09cbba81,78,1003,Deal 11308,lost,,,,,Course E - Specialist,Hybrid,E03,,,,,,,,,,,Trash: Không có nhu cầu,,google,cpc,campaign_05,,,2025-04-13 15:21:27,2025-04-18 19:49:22,2025-04-18 19:49:22,false
11309,2ab8c610-e7e3-99b8-518d-a4887d5704df,78,1002,Deal 11309,open,,,,,Course E - Specialist,Online,E12,Demo expectation,,,,,,,,,,,,google,cpc,campaign_09,,,2026-09-27 11:00:00,2026-09-27 11:00:00,,false
11310,2a1b76e3-3266-84ff-3ffe-f652eac032fa,77,1002,Deal 11310,lost,,,,,Course F - Short course,Offline,F09,Demo expectation,EARLYBIRD,,,,,,,,,Trash: Đăng ký trùng deal,,,,,,,2026-04-08 19:15:00,2026-04-09 20:15:00,2026-04-09 20:15:00,false
11311,ae973869-2ea1-51aa-bcf7-bbc28e38440e,73,1005,Deal 11311,lost,,,,,Course A - Foundation,Online,A03,Demo expectation,,,,,,,,,,Communication: No Response,,google,cpc,campaign_05,,,2025-05-02 13:21:46,2025-05-09 06:05:21,2025-05-09 06:05:21,false
11312,11bbc208-f76a-fb78-4b7f-4932c22c8300,79,1003,Deal 11312,lost,,,,,Course A - Foundation,Offline,,Demo expectation,,,,,,,,,,Budget: Giá quá cao,,facebook,cpc,campaign_06,,,2026-04-01 03:55:55,2026-04-16 21:04:57,2026-04-16 21:04:57,false
11313,542060ce-6b2f-9d47-4cb4-a7f69db8ef7e,78,1004,Deal 11313,lost,,,,,Course C - Advanced,Online,C02,Demo expectation,,,,,,,,,,Communication: Not Connected: Không liên hệ được,,email,newsletter,campaign_06,,,2025-03-26 10:38:59,2025-04-01 11:51:41,2025-04-01 11:51:41,false
11314,32cb28ba-6ddd-5c02-d213-7565aa94a1d4,80,1004,Deal 11314,open,,,,,Course B - Foundation,Offline,B09,Demo expectation,REFERRAL,,,,,,,,,,,,,,,,2026-04-23 12:48:29,2026-05-06 07:23:09,,false
11315,39cbc41a-cc50-1bea-de6d-4e252575dbd1,78,1002,Deal 11315,lost,,,,,Course C - Advanced,Online,C08,,,,,,,,,,,Communication: Not Connected: Không liên hệ được,,,,,,,2026-03-21 16:16:22,2026-03-31 09:12:33,2026-03-31 09:12:33,false
11316,b9ae4292-4012-1516-f1e7-a2808b991282,92,1003,Deal 11316,open,,,,,Course F - Short course,Online,F11,,,,,,,,,,,,,facebook,cpc,campaign_09,,,2026-07-09 01:59:27,2026-08-16 01:39:02,,false
11317,aa4ed9ce-07c3-2150-38d3-c4c4740357ce,79,1004,Deal 11317,lost,,,,,Course B - Foundation,Online,B07,Demo expectation,EARLYBIRD,,,,,,,,,Bad Timing: Không sắp xếp được thời gian học,,facebook,cpc,campaign_10,,,2026-01-12 16:54:38,2026-01-21 05:26:02,2026-01-21 05:26:02,false
11318,88a613b4-a3b8-1f92-a3c9-0c6a86017633,224,1001,Deal 11318,won,8550000.0,,,,Course E - Specialist,Hybrid,,,,,,,,,,,,,,facebook,fanpage,campaign_10,,,2026-04-30 10:24:31,2026-06-02 19:14:21,2026-06-02 19:14:21,false
11319,696e6a62-ca00-6fa9-53c3-f674688c1f66,224,1004,Deal 11319,won,11000000,,,,Combo: Course A + Course C,Offline,Course07,,,,,,,,,,,,,inbox,inbox,campaign_02,,,2025-11-20 20:39:20,2025-12-28 21:09:12,2025-12-28 21:09:12,false
11320,a5234b3c-b5e0-6b0e-ab0d-7e8fdd0cffdf,224,1004,Deal 11320,won,11000000,,,,Combo: Course A + Course C,Offline,Course07,Demo expectation,,,,,,,,,,,,,,,,,2025-11-23 11:21:01,2025-12-19 10:14:00,2025-12-19 10:14:00,false
11321,1d1d931c-7b20-29bd-c732-b28ee8e02c58,79,1001,Deal 11321,lost,,,,,Course C - Advanced,Hybrid,C02,,,,,,,,,,,Low engagement: Không còn nhu cầu học,,,,,,,2025-04-10 19:19:09,2025-04-22 22:50:33,2025-04-22 22:50:33,false
11322,5f269466-54d1-332a-e308-2ddcc9c04b7d,77,1003,Deal 11322,lost,,,,,Course F - Short course,Hybrid,F06,,,,,,,,,,,Trash: Không có nhu cầu,,facebook,fanpage,campaign_02,,,2025-09-25 18:05:31,2025-10-01 02:05:31,2025-10-01 02:05:31,false
11323,9167adea-f8f1-066b-f395-1a4532ce6a3d,78,1004,Deal 11323,lost,,,,,Course F - Short course,Online,F03,,REFERRAL,,,,,,,,,Trash: Không có nhu cầu,,email,newsletter,campaign_11,,,2025-04-30 19:34:22,2025-05-13 17:43:57,2025-05-13 17:43:57,false
11324,0db26722-23bf-1f71-a901-bdb8c0ae50f3,224,1004,Deal 11324,won,4050000.0,,,,Course A - Foundation,Online,A03,Demo expectation,,,,,,,,,,,,facebook,cpc,campaign_01,,,2025-05-08 05:02:40,2025-05-28 00:24:11,2025-05-28 00:24:11,false
11325,b62b6006-b72a-c824-3286-ec3230d4d1a6,224,1001,Deal 11325,won,8000000,,,,Course D - Advanced,Hybrid,D05,Demo expectation,REFERRAL,,,,,,,,,,,,,,,,2025-08-03 08:35:26,2025-09-12 05:32:12,2025-09-12 05:32:12,false
11326,92eef5bb-16b3-bada-122f-0f9481d2645b,224,1003,Deal 11326,won,4500000.0,,,,Course B - Foundation,Offline,,Demo expectation,EARLYBIRD,,,,,,,,,,,facebook,cpc,campaign_04,,,2025-12-27 14:51:05,2026-01-19 13:19:33,2026-01-19 13:19:33,false
11327,58c9af23-def6-221a-f1b4-79b8c6bbb861,77,1003,Deal 11327,lost,,,,,Course F - Short course,Online,F07,Demo expectation,,,,,,,,,,Communication: Invalid Contact,,google,cpc,campaign_02,,,2025-11-25 14:00:15,2025-11-26 21:00:15,2025-11-26 21:00:15,false
11328,99c8bc55-41a1-4527-e463-6d0ca842c013,80,1001,Deal 11328,lost,,,,,Course B - Foundation,Offline,B02,Demo expectation,EARLYBIRD,,,,,,,,,Budget: Not willing to pay,,facebook,cpc,campaign_02,,,2025-02-08 08:24:27,2025-02-15 19:46:26,2025-02-15 19:46:26,false
11329,c080aba4-9e07-809d-1888-54db66d4b394,224,1002,Deal 11329,won,9900000.0,,,,Combo: Course A + Course C,Hybrid,,Demo expectation,REFERRAL,,,,,,,,,,,blog,organic,campaign_09,,,2025-05-10 21:21:35,2025-05-30 02:49:13,2025-05-30 02:49:13,false
11330,3025f041-0aa8-6e33-d4cd-45a9870d8661,224,1003,Deal 11330,won,4250000.0,,,,Course B - Foundation,Online,,Demo expectation,,,,,,,,,,,,facebook,fanpage,campaign_12,,,2026-05-27 17:02:13,2026-07-15 04:36:33,2026-07-15 04:36:33,false
11331,b0bb79d9-d9b0-0417-f68d-69797fe4c461,80,1004,Deal 11331,lost,,,,,Program G - Professional,Hybrid,G06,Demo expectation,REFERRAL,,,,,,,,,Relevance: Not ICP fit,,email,newsletter,campaign_05,,,2025-11-12 06:01:23,2025-11-29 15:44:39,2025-11-29 15:44:39,false
11332,e6647803-32f9-130d-5e6e-5122a47cacbf,79,1001,Deal 11332,lost,,,,,Course C - Advanced,Online,,Demo expectation,EARLYBIRD,,,,,,,,,Low engagement: Không còn nhu cầu học,,facebook,cpc,campaign_10,,,2025-08-17 05:00:37,2025-08-21 11:46:25,2025-08-21 11:46:25,false
11333,0d3f69ed-a8c5-1cca-42ae-cc90c5386208,77,1001,Deal 11333,lost,,,Cựu học viên,,Course C - Advanced,Offline,C09,,EARLYBIRD,,,,,,,,,Trash: Không có nhu cầu,,facebook,cpc,campaign_05,,,2026-04-14 18:42:35,2026-04-20 02:42:35,2026-04-20 02:42:35,false
11334,2140c691-8f74-40d5-8484-e07157767681,77,1002,Deal 11334,lost,,,,,Course C - Advanced,Hybrid,C11,Demo expectation,EARLYBIRD,,,,,,,,,Communication: Invalid Contact,,blog,organic,campaign_12,,,2026-08-17 11:52:49,2026-08-20 19:52:49,2026-08-20 19:52:49,false
11335,2f1d80ea-fb91-fb90-7bd5-0aeb679111dd,80,1002,Deal 11335,lost,,,,,Course B - Foundation,Hybrid,B04,Demo expectation,,,,,,,,,,Choose Competitor: Đã đi học bên khác,,zalo,oa,campaign_06,,,2025-06-16 01:00:08,2025-06-22 16:30:34,2025-06-22 16:30:34,false
11336,79342fbd-4629-6ada-f367-043bdadf5f67,224,1002,Deal 11336,won,2500000,,,,Course F - Short course,Offline,F03,Demo expectation,,,,,,,,,,,,facebook,cpc,campaign_06,,,2025-04-18 05:49:33,2025-05-13 15:43:15,2025-05-13 15:43:15,false
11337,2edff02e-7531-8081-b4ef-fa296b1205aa,80,1002,Deal 11337,lost,,,,,Course F - Short course,Hybrid,F04,Demo expectation,,,,,,,,,,Budget: Not willing to pay,,facebook,cpc,campaign_02,,,2025-07-02 03:44:10,2025-07-21 04:46:51,2025-07-21 04:46:51,false
11338,75a5f6e6-a9b3-8709-bd10-211eef0a4c5b,76,1007,Deal 11338,won,5000000,,,,Course B - Foundation,Hybrid,B08,Demo expectation,REFERRAL,,,,,,,,,,,facebook,cpc,campaign_07,,,2026-02-09 00:31:30,2026-02-27 17:13:01,2026-02-27 17:13:01,false
11339,81f15677-b108-fffa-37f0-67e3a8b4fd7d,92,1003,Deal 11339,lost,,,,,Course F - Short course,Hybrid,F08,,,,,,,,,,,Choose Competitor: Không học online,,facebook,cpc,campaign_01,,,2026-02-25 06:36:54,2026-04-07 21:49:40,2026-04-07 21:49:40,false
11340,e31f2212-1654-c83f-6251-0f01959677e9,78,1004,Deal 11340,lost,,,,,Course C - Advanced,Online,C07,Demo expectation,,,,,,,,,,Trash: Không có nhu cầu,,blog,organic,campaign_01,,,2025-12-22 06:22:37,2025-12-27 09:22:49,2025-12-27 09:22:49,false
11341,877b4f5b-432c-9b31-aa51-ca71438195c7,224,1002,Deal 11341,won,2500000,,,,Course F - Short course,Online,F08,,EARLYBIRD,,,,,,,,,,,homepage,organic,campaign_05,,,2026-02-14 20:28:00,2026-03-15 18:31:54,2026-03-15 18:31:54,false
11342,db747f33-fdba-93eb-78e1-524090771f71,92,1001,Deal 11342,open,,,,,Course F - Short course,Online,F11,Demo expectation,,,,,,,,,,,,facebook,fanpage,campaign_10,,,2026-08-13 06:13:27,2026-08-27 20:42:18,,false
11343,85334baf-222b-8537-3377-7a8232efb83d,77,1001,Deal 11343,lost,,,,,Program G - Professional,Online,G02,Demo expectation,,,,,,,,,,Trash: Không có nhu cầu,,,,,,,2025-02-19 15:27:51,2025-02-24 18:27:51,2025-02-24 18:27:51,false
11344,e9ca8e13-0aba-10ff-fd16-e3c1fc98036a,224,1004,Deal 11344,won,6375000.0,,,,Course C - Advanced,Hybrid,C09,,,,,,,,,,,,,facebook,cpc,campaign_09,,,2026-05-23 09:24:09,2026-06-27 10:04:07,2026-06-27 10:04:07,false
11345,f29ec80c-4237-52b9-87fa-5903ef3647a4,77,1002,Deal 11345,lost,,,,,Course E - Specialist,Online,E03,,,,,,,,,,,Trash: Đăng ký trùng deal,,,,,,,2025-03-26 11:20:09,2025-03-28 17:20:09,2025-03-28 17:20:09,false
11346,eac7c57b-fc96-fd06-ce8b-30cea67155cd,222,1003,Deal 11346,won,6750000.0,,,,Course C - Advanced,Hybrid,C02,Demo expectation,,,,,,,,,,,,blog,organic,campaign_04,,,2025-03-21 04:27:17,2025-04-22 11:48:34,2025-04-22 11:48:34,false
11347,dd8abf0a-9278-f380-b351-0ddc59518620,78,1002,Deal 11347,lost,,,,,Course B - Foundation,Online,B03,,REFERRAL,,,,,,,,,Communication: Not Connected: Không liên hệ được,,email,newsletter,campaign_02,,,2025-05-01 09:31:27,2025-05-06 06:00:33,2025-05-06 06:00:33,false
11348,d385d453-c7ea-7fd1-ff4f-38081a9d7acc,72,1005,Deal 11348,lost,,,,,Course F - Short course,Online,F06,Demo expectation,,,,,,,,,,Bad Timing: No Immediate Priority,,email,newsletter,campaign_06,,,2025-09-21 09:56:01,2025-09-22 15:56:01,2025-09-22 15:56:01,false
11349,26330c43-a92f-85fe-258f-cafcc1cfd878,224,1001,Deal 11349,won,6800000.0,,,,Course D - Advanced,Online,D03,,,,,,,,,,,,,facebook,fanpage,campaign_05,,,2025-04-25 13:58:19,2025-05-18 23:41:14,2025-05-18 23:41:14,false
11350,76f7d7d1-7afa-610c-8006-9f8937bda64d,78,1001,Deal 11350,lost,,,,,Course A - Foundation,Offline,A10,,,,,,,,,,,Trash: Không có nhu cầu,,facebook,cpc,campaign_07,,,2026-08-20 23:57:18,2026-09-02 22:27:28,2026-09-02 22:27:28,false
11351,ec134367-2e97-4f7a-98f3-14cbba9a1998,92,1004,Deal 11351,lost,,,,,Combo: Course A + Course C,Offline,Course04,Demo expectation,EARLYBIRD,,,,,,,,,Choose Competitor: Không học online,,facebook,cpc,campaign_05,,,2025-08-01 17:35:11,2025-08-15 03:36:20,2025-08-15 03:36:20,false
11352,cf2fdf29-433e-bdf6-1ac4-de3532abb4a5,224,1002,Deal 11352,won,5000000,,,,Course B - Foundation,Offline,,Demo expectation,,,,,,,,,,,,facebook,cpc,campaign_02,,,2026-02-28 19:31:04,2026-03-31 11:24:34,2026-03-31 11:24:34,false
11353,9e6b42d2-a453-cfdc-86d9-5abd044b6c42,79,1004,Deal 11353,lost,,,,,Course A - Foundation,Online,,Demo expectation,REFERRAL,,,,,,,,,Low engagement: Không còn nhu cầu học,,facebook,cpc,campaign_09,,,2026-02-17 21:44:19,2026-03-06 14:18:11,2026-03-06 14:18:11,false
11354,cb508544-b481-acde-eeaf-ab5619b65b6b,76,1006,Deal 11354,won,4250000.0,,,,Course B - Foundation,Hybrid,B05,,EARLYBIRD,,,,,,,,,,,,,,,,2025-08-31 15:40:02,2025-10-01 00:38:35,2025-10-01 00:38:35,false
11355,d2a60853-8c50-1e6e-27ad-082fb1d06d8a,80,1002,Deal 11355,lost,,,,,Course F - Short course,Online,,Demo expectation,,,,,,,,,,Relevance: Not ICP fit,,facebook,cpc,campaign_10,,,2025-04-12 23:12:43,2025-04-26 10:42:04,2025-04-26 10:42:04,false
11356,877af1f3-7ebf-6450-84f7-e3f9898b98d8,224,1004,Deal 11356,won,6750000.0,,,,Course C - Advanced,Offline,C07,Demo expectation,REFERRAL,,,,,,,,,,,homepage,organic,campaign_07,,,2025-12-26 18:39:42,2026-01-28 11:08:09,2026-01-28 11:08:09,false
11357,2fe938e4-427b-bffb-dca1-adcc9cdf0664,79,1001,Deal 11357,lost,,,,,Combo: Course A + Course C,Online,Course10,Demo expectation,,,,,,,,,,Communication: No Response,,,,,,,2026-05-03 01:23:44,2026-05-14 19:24:51,2026-05-14 19:24:51,false
11358,db378723-00f2-f636-f897-baf03dcf2273,224,1004,Deal 11358,won,11000000,,,,Combo: Course A + Course C,Hybrid,Course08,Demo expectation,,,,,,,,,,,,facebook,fanpage,campaign_12,,,2026-02-14 14:00:15,2026-03-27 22:02:09,2026-03-27 22:02:09,false
11359,7c226735-ca95-7c2e-65df-39cb80624277,78,1003,Deal 11359,lost,,,,,Program G - Professional,Hybrid,,,,,,,,,,,,Sales Process: Sales không follow-up khách,,email,newsletter,campaign_12,,,2025-08-27 07:28:41,2025-09-10 11:40:42,2025-09-10 11:40:42,false
11360,9e204ac7-3c48-c936-4305-4a31f9e38905,224,1002,Deal 11360,won,6800000.0,,,,Course D - Advanced,Offline,D05,Demo expectation,REFERRAL,,,,,,,,,,,facebook,cpc,campaign_08,,,2025-08-01 14:13:00,2025-08-14 10:04:15,2025-08-14 10:04:15,false
11361,3ff6579e-8cd4-b90a-bf82-11bc8e52fc42,224,1002,Deal 11361,won,2500000,,,,Course F - Short course,Hybrid,F03,Demo expectation,,,,,,,,,,,,,,,,,2025-04-28 18:43:11,2025-05-19 16:12:17,2025-05-19 16:12:17,false
11362,0e213ce5-668e-b10e-4d86-2412ae8cc97b,224,1002,Deal 11362,won,2250000.0,,,,Course F - Short course,Online,F02,Demo expectation,,,,,,,,,,,,facebook,cpc,campaign_02,,,2025-03-21 15:26:07,2025-04-11 09:57:26,2025-04-11 09:57:26,false
11363,e2eed64b-82f4-7196-1a41-c57f4bf70dc6,224,1004,Deal 11363,won,2125000.0,,,,Course F - Short course,Online,F10,Demo expectation,EARLYBIRD,,,,,,,,,,,blog,organic,campaign_12,,,2026-05-07 18:00:38,2026-05-29 02:27:01,2026-05-29 02:27:01,false
11364,256d1405-b93d-f0b6-b603-01aa89561001,91,1004,Deal 11364,lost,,,,,Course D - Advanced,Offline,D02,Demo expectation,REFERRAL,,,,,,,,,Bad Timing: No Immediate Priority,,email,newsletter,campaign_07,,,2025-02-22 18:14:15,2025-03-03 11:25:01,2025-03-03 11:25:01,false
11365,5e86ca3d-07d7-12df-0ef0-4ec3fb2d6908,222,1001,Deal 11365,won,4500000,,,,Course A - Foundation,Offline,A10,Demo expectation,,,,,,,,,,,,inbox,inbox,campaign_05,,,2026-08-29 20:45:05,2026-09-20 07:38:14,2026-09-20 07:38:14,false
11366,6f6058c3-9a61-a1c8-32b7-b24fbb2bec75,222,1003,Deal 11366,won,9900000.0,,,,Combo: Course A + Course C,Offline,Course08,,,,,,,,,,,,,,,,,,2026-01-26 00:36:31,2026-03-15 14:27:52,2026-03-15 14:27:52,false
11367,98133da1-7d21-20ad-5f59-fb4d3defa7ba,73,1006,Deal 11367,lost,,,,,Course F - Short course,Offline,F02,Demo expectation,EARLYBIRD,,,,,,,,,Communication: No Response,,facebook,cpc,campaign_07,,,2025-03-07 21:59:29,2025-03-12 02:13:48,2025-03-12 02:13:48,false
11368,8da4ced1-1423-040d-fa4f-a66c4d7f6dfb,77,1003,Deal 11368,lost,,,,,Course A - Foundation,Hybrid,A03,Demo expectation,EARLYBIRD,,,,,,,,,Trash: Không có nhu cầu,,,,,,,2025-05-28 07:24:01,2025-05-29 12:24:01,2025-05-29 12:24:01,false
11369,a7346b26-1bea-a75a-8093-576f14affcd7,224,1002,Deal 11369,won,2125000.0,,,,Course F - Short course,Offline,,Demo expectation,EARLYBIRD,,,,,,,,,,,,,,,,2025-02-17 02:17:40,2025-03-06 09:31:18,2025-03-06 09:31:18,false
11370,e47d85ce-306b-ba50-2d4a-ad08687e93fb,91,1002,Deal 11370,open,,,,,Program G - Professional,Hybrid,G12,Demo expectation,REFERRAL,,,,,,,,,,,facebook,cpc,campaign_09,,,2026-09-19 20:28:26,2026-09-26 15:47:07,,false
11371,72c8b629-45dc-9a48-bca9-864afc2c64e0,79,1001,Deal 11371,lost,,,,,Course A - Foundation,Hybrid,A01,Demo expectation,,,,,,,,,,Low engagement: Không còn nhu cầu học,,email,newsletter,campaign_04,,,2025-01-20 15:12:47,2025-01-26 02:07:18,2025-01-26 02:07:18,false
11372,ab35f75a-a433-66c9-7d3d-6b721f3ec572,80,1004,Deal 11372,lost,,,,,Course D - Advanced,Offline,D03,,,,,,,,,,,Budget: Not willing to pay,,google,cpc,campaign_03,,,2025-04-09 19:02:54,2025-04-24 13:28:29,2025-04-24 13:28:29,false
11373,bd5a6112-d1b2-2e3c-2ede-2487373058be,77,1004,Deal 11373,lost,,,,,Course B - Foundation,Online,B08,,EARLYBIRD,,,,,,,,,Communication: Invalid Contact,,facebook,cpc,campaign_03,,,2026-01-29 06:12:43,2026-02-01 12:12:43,2026-02-01 12:12:43,false
11374,c03b3a8e-58ed-7798-9c26-6a1b9c137f71,80,1002,Deal 11374,lost,,,,,Program G - Professional,Online,G02,Demo expectation,,,,,,,,,,Budget: Not willing to pay,,facebook,cpc,campaign_05,,,2025-03-17 23:38:14,2025-03-28 20:12:59,2025-03-28 20:12:59,false
11375,159b61c3-c2a0-4830-bcc1-41240cc664cb,77,1002,Deal 11375,lost,,,,,Course B - Foundation,Hybrid,B02,,,,,,,,,,,Trash: Không có nhu cầu,,facebook,cpc,campaign_07,,,2025-02-25 04:37:49,2025-02-27 10:37:49,2025-02-27 10:37:49,false
11376,4799c04b-f719-25ae-bb00-84fa3822b51b,79,1001,Deal 11376,lost,,,,,Course A - Foundation,Offline,A10,Demo expectation,,,,,,,,,,Low engagement: Không còn nhu cầu học,,,,,,,2026-08-15 14:28:35,2026-08-26 07:36:59,2026-08-26 07:36:59,false
11377,a444c040-4663-3755-a5b0-163908954db1,79,1004,Deal 11377,lost,,,,,Program G - Professional,Offline,G05,Demo expectation,EARLYBIRD,,,,,,,,,Communication: No Response,,zalo,oa,campaign_10,,,2025-07-22 12:00:51,2025-07-27 13:18:55,2025-07-27 13:18:55,false
11378,b9b094ac-4d2d-8efd-57c8-294c9e7776ae,78,1001,Deal 11378,open,,,,,Course A - Foundation,Hybrid,A11,,EARLYBIRD,,,,,,,,,,,facebook,cpc,campaign_11,,,2026-09-09 18:37:46,2026-09-18 08:20:18,,false
11379,47e402c5-e05a-2a8a-c500-1e3ef59d2194,80,1004,Deal 11379,lost,,,,,Course A - Foundation,Hybrid,A02,,,,,,,,,,,Relevance: Use Case Misfit: Nhu cầu không đúng với sản phẩm,,google,cpc,campaign_05,,,2025-03-15 00:23:20,2025-03-29 14:15:28,2025-03-29 14:15:28,false
11380,f3896fad-0ced-6b07-bf9d-599222880c89,224,1002,Deal 11380,won,9500000,,,,Course E - Specialist,Online,E02,Demo expectation,EARLYBIRD,,,,,,,,,,,google,cpc,campaign_03,,,2025-02-09 00:18:47,2025-02-24 12:51:19,2025-02-24 12:51:19,false
11381,e6647803-32f9-130d-5e6e-5122a47cacbf,76,1008,Deal 11381,won,5000000,,,,Course B - Foundation,Offline,B05,Demo expectation,,,,,,,,,,,,email,newsletter,campaign_07,,,2025-08-06 14:26:39,2025-08-23 02:05:40,2025-08-23 02:05:40,false
11382,d499da99-45c4-5a3e-e9da-484a80759f1f,224,1001,Deal 11382,won,7500000,,,,Course C - Advanced,Online,C03,Demo expectation,,,,,,,,,,,,,,,,,2025-05-18 06:43:46,2025-06-12 01:27:04,2025-06-12 01:27:04,false
11383,734af94f-4ab9-e0df-f4a3-ee30a203b5c1,79,1002,Deal 11383,lost,,,,,Program G - Professional,Hybrid,,,REFERRAL,,,,,,,,,Communication: Ghosted After Demo/Call,,google,cpc,campaign_09,,,2026-09-05 19:23:18,2026-09-12 01:58:26,2026-09-12 01:58:26,false
11384,ca5fccf2-9726-6a28-dd7d-8ff7732f4bd7,78,1002,Deal 11384,lost,,,,,Course A - Foundation,Offline,,,,,,,,,,,,Communication: Not Connected: Không liên hệ được,,facebook,cpc,campaign_09,,,2025-11-15 11:54:49,2025-11-17 07:07:33,2025-11-17 07:07:33,false
11385,2c7e254b-19fc-2491-e20a-558241e04166,77,1003,Deal 11385,lost,,,,,Course C - Advanced,Online,C07,Demo expectation,,,,,,,,,,Trash: Đăng ký trùng deal,,blog,organic,campaign_05,,,2026-02-06 05:00:47,2026-02-06 12:00:47,2026-02-06 12:00:47,false
11386,50fcfdaa-274b-369e-d252-44876b709287,78,1001,Deal 11386,lost,,,,,Course B - Foundation,Online,B04,,REFERRAL,,,,,,,,,Communication: Not Connected: Không liên hệ được,,facebook,cpc,campaign_04,,,2025-06-06 16:22:01,2025-06-08 12:03:28,2025-06-08 12:03:28,false
11387,a8cfe589-9dc8-9e1a-540e-7d01735d88f3,79,1003,Deal 11387,lost,,,,,Program G - Professional,Online,G07,Demo expectation,REFERRAL,,,,,,,,,Communication: No Response,,facebook,cpc,campaign_05,,,2025-12-10 13:11:11,2025-12-27 17:16:21,2025-12-27 17:16:21,false
11388,b5342b64-5a3f-3952-4e4e-e13dee6e8127,78,1003,Deal 11388,lost,,,,,Course F - Short course,Online,F06,Demo expectation,EARLYBIRD,,,,,,,,,Trash: Không có nhu cầu,,,,,,,2025-10-06 05:08:55,2025-10-12 09:30:43,2025-10-12 09:30:43,false
11389,a4bc556b-f630-0953-9077-9aec11444628,76,1007,Deal 11389,won,7500000,,,,Course C - Advanced,Offline,C09,,EARLYBIRD,,,,,,,,,,,facebook,cpc,campaign_10,,,2026-05-18 18:12:01,2026-06-03 04:44:25,2026-06-03 04:44:25,false
11390,8eec22a4-f966-f9c2-1796-b7b190b7f26f,78,1002,Deal 11390,open,,,,,Course A - Foundation,Hybrid,A01,Demo expectation,,,,,,,,,,,,facebook,cpc,campaign_10,,,2025-01-20 03:18:57,2025-01-20 23:07:22,,false
11391,b84736f2-2093-9d12-87ab-f7ad66c722f6,80,1004,Deal 11391,lost,,,,,Combo: Course A + Course C,Hybrid,Course04,Demo expectation,,,,,,,,,,Relevance: Not ICP fit,,blog,organic,campaign_07,,,2025-06-06 07:57:46,2025-06-27 08:07:19,2025-06-27 08:07:19,false
11392,ed1c4d70-36d2-5823-9b35-4089429e5882,224,1003,Deal 11392,won,6800000.0,,,,Course D - Advanced,Offline,D11,Demo expectation,EARLYBIRD,,,,,,,,,,,blog,organic,campaign_09,,,2026-08-31 17:33:34,2026-09-27 12:00:00,2026-09-27 12:00:00,false
11393,6083bf88-57dd-a51e-a4dc-4d4e108e04ac,91,1001,Deal 11393,lost,,,,,Course A - Foundation,Online,A05,,,,,,,,,,,Bad Timing: No Immediate Priority,,facebook,cpc,campaign_10,,,2025-09-24 11:03:52,2025-10-11 00:25:42,2025-10-11 00:25:42,false
11394,0d3f69ed-a8c5-1cca-42ae-cc90c5386208,78,1001,Deal 11394,lost,,,Cựu học viên,,Course B - Foundation,Online,B09,,,,,,,,,,,Communication: Not Connected: Không liên hệ được,,facebook,cpc,campaign_08,,,2026-04-18 13:00:04,2026-04-24 22:20:59,2026-04-24 22:20:59,false
11395,ce339ee0-15b5-2510-abfb-9abfeb34e953,92,1003,Deal 11395,lost,,,,,Course D - Advanced,Hybrid,,,,,,,,,,,,Choose Competitor: Không học online,,facebook,fanpage,campaign_05,,,2026-04-01 07:06:16,2026-04-21 08:17:39,2026-04-21 08:17:39,false
11396,c35826a5-37b5-ba07-eb21-0c92c4ecdf3a,91,1002,Deal 11396,lost,,,,,Course E - Specialist,Offline,E04,,,,,,,,,,,Bad Timing: Không sắp xếp được thời gian học,,,,,,,2025-05-13 17:55:34,2025-05-25 15:42:09,2025-05-25 15:42:09,false
11397,37663e35-cdba-2cac-7e85-f617f17e993d,77,1004,Deal 11397,lost,,,,,Course B - Foundation,Offline,B09,,EARLYBIRD,,,,,,,,,Communication: Invalid Contact,,,,,,,2026-03-26 12:35:41,2026-03-31 19:35:41,2026-03-31 19:35:41,false
11398,428f54aa-c1c9-7ab6-3ea6-85f6c0a40088,224,1004,Deal 11398,won,18000000,,,,Program G - Professional,Hybrid,,Demo expectation,,,,,,,,,,,,,,,,,2026-03-21 19:45:31,2026-05-11 02:15:07,2026-05-11 02:15:07,false
11399,bca0258e-b63d-65d5-505c-7527dc57546d,78,1002,Deal 11399,lost,,,,,Program G - Professional,Offline,,Demo expectation,EARLYBIRD,,,,,,,,,Sales Process: Sales không follow-up khách,,,,,,,2025-09-17 18:11:10,2025-09-23 13:22:28,2025-09-23 13:22:28,false
11400,6d7168e9-705a-501c-1131-0c8bcd35637c,91,1002,Deal 11400,lost,,,,,Course C - Advanced,Hybrid,C10,Demo expectation,,,,,,,,,,Bad Timing: No Immediate Priority,,email,newsletter,campaign_09,,,2026-07-02 12:19:59,2026-08-03 02:31:19,2026-08-03 02:31:19,false
11401,85f801f0-efa5-fccb-eb24-4b05845aede2,77,1004,Deal 11401,lost,,,,,Course F - Short course,Hybrid,,Demo expectation,,,,,,,,,,Trash: Không có nhu cầu,,email,newsletter,campaign_12,,,2026-02-26 15:04:54,2026-02-28 17:04:54,2026-02-28 17:04:54,false
11402,6422a73e-958c-9cfd-a783-0a8f415e3805,222,1002,Deal 11402,won,8000000,,,,Course D - Advanced,Hybrid,D02,Demo expectation,,,,,,,,,,,,email,newsletter,campaign_03,,,2025-02-17 08:56:58,2025-02-28 14:20:23,2025-02-28 14:20:23,false
11403,2590d4fb-ff9e-1f08-f9cc-2915c284d2f5,224,1004,Deal 11403,won,4050000.0,,,,Course A - Foundation,Offline,A06,Demo expectation,REFERRAL,,,,,,,,,,,facebook,cpc,campaign_02,,,2025-11-04 23:03:53,2025-12-14 09:21:26,2025-12-14 09:21:26,false
11404,3dea4cc7-c6bc-a20f-f10f-5e2daf358d31,79,1003,Deal 11404,lost,,,,,Course F - Short course,Offline,,Demo expectation,REFERRAL,,,,,,,,,Budget: Giá quá cao,,facebook,cpc,campaign_09,,,2026-03-08 21:49:21,2026-03-25 05:33:16,2026-03-25 05:33:16,false
11405,e9bf0dca-dddc-a15f-7ed7-9b91947abbe8,91,1001,Deal 11405,open,,,,,Course B - Foundation,Offline,B04,Demo expectation,REFERRAL,,,,,,,,,,,blog,organic,campaign_10,,,2025-05-29 21:17:09,2025-06-20 10:49:56,,false
11406,dc2c57b7-f655-5f0f-feba-4f18ca092da3,78,1002,Deal 11406,lost,,,,,Course F - Short course,Online,F02,Demo expectation,,,,,,,,,,Communication: Not Connected: Không liên hệ được,,facebook,cpc,campaign_06,,,2025-03-26 21:56:51,2025-04-02 06:05:49,2025-04-02 06:05:49,false
11407,5d03e927-3c76-cf5b-f9ee-56874a411b06,224,1004,Deal 11407,won,4500000.0,,,,Course B - Foundation,Hybrid,B04,Demo expectation,REFERRAL,,,,,,,,,,,facebook,cpc,campaign_10,,,2025-07-06 07:22:29,2025-07-25 06:09:49,2025-07-25 06:09:49,false
11408,51cd3d87-776a-6a9b-dfdb-b3e221b1107e,77,1002,Deal 11408,lost,,,,,Course C - Advanced,Online,,,REFERRAL,,,,,,,,,Communication: Invalid Contact,,,,,,,2026-01-14 19:37:14,2026-01-17 22:37:14,2026-01-17 22:37:14,false
11409,d880be2a-9ae2-2856-4291-c441954ad961,224,1001,Deal 11409,won,2250000.0,,,,Course F - Short course,Hybrid,F08,Demo expectation,REFERRAL,,,,,,,,,,,google,cpc,campaign_04,,,2026-02-25 18:05:03,2026-03-20 13:46:50,2026-03-20 13:46:50,false
11410,a86e5687-05ed-ca30-57ef-661efe11ac4f,224,1003,Deal 11410,won,2500000,,,,Course F - Short course,Hybrid,,,,,,,,,,,,,,facebook,fanpage,campaign_09,,,2025-01-17 22:49:19,2025-02-05 02:18:26,2025-02-05 02:18:26,false
11411,6d6f0d8e-22dc-f4cb-63a2-8b1d8b8e4c86,224,1001,Deal 11411,won,11000000,,,,Combo: Course A + Course C,Hybrid,,,,,,,,,,,,,,blog,organic,campaign_03,,,2025-06-21 16:40:53,2025-07-15 14:01:41,2025-07-15 14:01:41,false
11412,3ebcc752-cb4f-e656-b681-9b33677ee2ce,78,1004,Deal 11412,lost,,,Cựu học viên,,Course B - Foundation,Hybrid,B02,Demo expectation,EARLYBIRD,,,,,,,,,Trash: Không có nhu cầu,,email,newsletter,campaign_01,,,2025-01-19 03:02:39,2025-01-23 12:11:41,2025-01-23 12:11:41,false
11413,f4672866-ed56-a2a0-2d54-ff2b10ee4f77,224,1004,Deal 11413,won,9500000,,,,Course E - Specialist,Online,E05,,,,,,,,,,,,,email,newsletter,campaign_10,,,2025-07-17 20:48:26,2025-08-04 15:23:09,2025-08-04 15:23:09,false
11414,eedab4fe-4cfa-7687-1379-19941e87d756,224,1004,Deal 11414,won,4500000,,,,Course A - Foundation,Offline,A02,Demo expectation,EARLYBIRD,,,,,,,,,,,facebook,cpc,campaign_03,,,2025-03-20 05:09:43,2025-04-09 19:02:02,2025-04-09 19:02:02,false
11415,72926459-31d8-ec57-b012-c7e6b30131e0,76,1008,Deal 11415,won,11000000,,,,Combo: Course A + Course C,Offline,Course04,Demo expectation,EARLYBIRD,,,,,,,,,,,inbox,inbox,campaign_02,,,2025-06-26 00:30:18,2025-07-25 11:28:07,2025-07-25 11:28:07,false
11416,d1a9af91-d079-fe4e-261b-047a81e04baa,224,1002,Deal 11416,won,7200000.0,,,,Course D - Advanced,Online,D10,Demo expectation,,,,,,,,,,,,facebook,cpc,campaign_03,,,2026-06-13 21:03:59,2026-06-29 09:01:42,2026-06-29 09:01:42,false
11417,e2dacd4b-9b3a-aa9e-fd67-6ba106c1772a,224,1002,Deal 11417,won,5000000,,,,Course B - Foundation,Online,B08,,REFERRAL,,,,,,,,,,,facebook,cpc,campaign_01,,,2026-03-14 20:00:28,2026-03-30 18:08:45,2026-03-30 18:08:45,false
11418,e1b71af2-d4ae-e54d-8fd3-8455879647bc,224,1004,Deal 11418,won,6375000.0,,,,Course C - Advanced,Hybrid,C05,,,,,,,,,,,,,facebook,cpc,campaign_08,,,2025-09-18 01:26:51,2025-10-16 13:39:44,2025-10-16 13:39:44,false
11419,16f4a6b5-a760-a7df-ce01-fa3fe2d8d2e6,76,1005,Deal 11419,won,7500000,,,,Course C - Advanced,Offline,C08,,,,,,,,,,,,,,,,,,2026-02-18 09:25:33,2026-03-11 18:45:17,2026-03-11 18:45:17,false
11420,79fb464e-10cf-f03f-69f0-517b28eab54a,224,1003,Deal 11420,won,7500000,,,,Course C - Advanced,Online,C08,Demo expectation,,,,,,,,,,,,facebook,cpc,campaign_05,,,2026-03-09 23:09:33,2026-03-26 11:51:02,2026-03-26 11:51:02,false
11421,b0bb79d9-d9b0-0417-f68d-69797fe4c461,77,1003,Deal 11421,lost,,,,,Course F - Short course,Hybrid,,,,,,,,,,,,Trash: Không có nhu cầu,,,,,,,2025-11-15 06:17:34,2025-11-20 08:17:34,2025-11-20 08:17:34,false
11422,7370ca9f-7ed4-a540-b5ca-222676c82262,79,1004,Deal 11422,open,,,,,Course A - Foundation,Hybrid,A11,,EARLYBIRD,,,,,,,,,,,,,,,,2026-09-17 19:23:19,2026-09-27 11:00:00,,false
11423,f3db4104-05e2-63c7-e341-d3fcf14ef0fe,80,1001,Deal 11423,lost,,,,,Course C - Advanced,Hybrid,C03,,,,,,,,,,,Relevance: Not ICP fit,,,,,,,2025-06-11 07:53:06,2025-06-24 12:43:18,2025-06-24 12:43:18,false
11424,1e1296dc-d582-8d59-e1ce-f59e6f102145,77,1004,Deal 11424,lost,,,,,Course C - Advanced,Online,C05,Demo expectation,,,,,,,,,,Communication: Invalid Contact,,facebook,fanpage,campaign_10,,,2025-09-11 12:23:12,2025-09-12 17:23:12,2025-09-12 17:23:12,false
11425,e4f9eeff-3b8e-8a91-deb1-289adcc3645f,224,1003,Deal 11425,won,4250000.0,,,,Course B - Foundation,Hybrid,B02,Demo expectation,,,,,,,,,,,,facebook,cpc,campaign_03,,,2025-01-29 00:01:38,2025-02-26 04:52:06,2025-02-26 04:52:06,false
11426,3b8abb2d-8b2e-74a7-0205-dfebbd38d1a2,79,1001,Deal 11426,lost,,,,,Course E - Specialist,Hybrid,E06,,REFERRAL,,,,,,,,,Bad Timing: Không sắp xếp được thời gian học,,facebook,fanpage,campaign_08,,,2025-10-28 09:51:48,2025-11-08 18:24:23,2025-11-08 18:24:23,false
11427,bc253805-7006-84a7-0798-0ab9532e76cc,79,1004,Deal 11427,lost,,,Cựu học viên,,Course B - Foundation,Hybrid,B04,,,,,,,,,,,Bad Timing: Không sắp xếp được thời gian học,,,,,,,2025-06-28 23:00:05,2025-07-09 06:23:10,2025-07-09 06:23:10,false
11428,eab83685-5569-b82e-df50-607fe01e4236,224,1004,Deal 11428,won,6375000.0,,,,Course C - Advanced,Offline,C07,,EARLYBIRD,,,,,,,,,,,facebook,cpc,campaign_03,,,2026-02-02 08:27:56,2026-02-23 23:10:28,2026-02-23 23:10:28,false
11429,e1eccef3-afa5-ef5f-95fe-26f416892173,72,1007,Deal 11429,open,,,,,Combo: Course A + Course C,Hybrid,,,,,,,,,,,,,,homepage,organic,campaign_12,,,2025-08-04 15:20:30,2025-08-04 15:20:30,,false
11430,c25d52c2-cbdb-3d33-ef65-665fae2054f6,78,1002,Deal 11430,lost,,,,,Course D - Advanced,Online,D10,Demo expectation,,,,,,,,,,Communication: Not Connected: Không liên hệ được,,facebook,cpc,campaign_07,,,2026-07-17 05:59:30,2026-07-24 04:12:29,2026-07-24 04:12:29,false
11431,cedaccec-56c0-7f2b-3875-c569ee85fb01,79,1001,Deal 11431,open,,,,,Course A - Foundation,Hybrid,A03,Demo expectation,REFERRAL,,,,,,,,,,,,,,,,2025-06-06 15:59:18,2025-06-25 12:35:27,,false
11432,910171d2-1138-978b-45fb-3e8a563b04fa,79,1001,Deal 11432,lost,,,,,Course C - Advanced,Hybrid,C10,Demo expectation,REFERRAL,,,,,,,,,Communication: No Response,,google,cpc,campaign_10,,,2026-07-06 20:13:43,2026-07-12 23:34:10,2026-07-12 23:34:10,false
11433,e9ad0e9b-8c9a-a1e9-b3b2-63376a74dbb7,80,1002,Deal 11433,lost,,,,,Course E - Specialist,Online,E04,,EARLYBIRD,,,,,,,,,Relevance: Not ICP fit,,,,,,,2025-05-11 02:46:37,2025-05-26 01:19:51,2025-05-26 01:19:51,false
11434,aba23511-f544-b28c-0bba-d72a8a7e9cce,73,1006,Deal 11434,lost,,,,,Course C - Advanced,Hybrid,C09,,REFERRAL,,,,,,,,,Bad Timing: No Immediate Priority,,google,cpc,campaign_04,,,2026-05-03 11:02:16,2026-05-09 02:21:56,2026-05-09 02:21:56,false
11435,13e7b504-c58a-ac51-2fa8-e33b2a78ae7c,76,1007,Deal 11435,won,3825000.0,,,,Course A - Foundation,Offline,,,,,,,,,,,,,,inbox,inbox,campaign_06,,,2026-01-18 05:26:09,2026-02-05 13:03:52,2026-02-05 13:03:52,false
11436,619c4a06-f5d6-8c8f-299c-cd734295f5c9,80,1003,Deal 11436,lost,,,,,Course D - Advanced,Offline,,Demo expectation,,,,,,,,,,Relevance: Use Case Misfit: Nhu cầu không đúng với sản phẩm,,blog,organic,campaign_09,,,2025-03-05 20:28:40,2025-03-20 09:51:31,2025-03-20 09:51:31,false
11437,6d4067f4-5003-2b35-1857-8bafbac7e2b9,224,1004,Deal 11437,won,8000000,,,,Course D - Advanced,Hybrid,D10,,,,,,,,,,,,,facebook,cpc,campaign_10,,,2026-06-30 23:26:42,2026-08-02 08:19:21,2026-08-02 08:19:21,false
11438,9ed3f7e1-16a3-6d0d-75cd-58b2913132de,224,1004,Deal 11438,won,4500000.0,,,,Course B - Foundation,Offline,B11,,EARLYBIRD,,,,,,,,,,,,,,,,2026-08-15 19:56:02,2026-09-15 13:46:38,2026-09-15 13:46:38,false
11439,66926a49-a724-f9a8-70af-0f125ede88f9,78,1004,Deal 11439,lost,,,,,Combo: Course A + Course C,Hybrid,Course10,Demo expectation,,,,,,,,,,Trash: Không có nhu cầu,,blog,organic,campaign_12,,,2026-05-02 17:23:27,2026-05-08 04:27:35,2026-05-08 04:27:35,false
11440,1e22c6b2-e009-4827-9672-663f0f0a1d5b,78,1003,Deal 11440,open,,lead cks,,,Course B - Foundation,Hybrid,B08,Demo expectation,,,,,,,,,,,,,,,,,2026-03-18 22:07:29,2026-03-29 20:08:01,,false
11441,6aa26216-fada-98f5-1c0f-0bdcac7e937c,222,1001,Deal 11441,won,4500000,,,,Course A - Foundation,Offline,A11,Demo expectation,EARLYBIRD,,,,,,,,,,,inbox,inbox,campaign_10,,,2026-09-27 11:00:00,2026-09-27 12:00:00,2026-09-27 12:00:00,false
11442,7677a166-d644-e9ae-7936-931e9771d80b,92,1004,Deal 11442,open,,,,,Course A - Foundation,Hybrid,,,EARLYBIRD,,,,,,,,,,,email,newsletter,campaign_07,,,2026-09-17 03:00:17,2026-09-27 11:00:00,,false
11443,378a9213-abb3-1204-11f2-4fd82771c5f8,78,1004,Deal 11443,lost,,,,,Course E - Specialist,Offline,E08,,EARLYBIRD,,,,,,,,,Trash: Không có nhu cầu,,facebook,fanpage,campaign_08,,,2026-02-07 04:09:33,2026-02-25 21:59:14,2026-02-25 21:59:14,false
11444,a55c67bd-5ca4-a098-3551-bf83c9faf9b7,72,1005,Deal 11444,lost,,,,,Course C - Advanced,Offline,C03,Demo expectation,EARLYBIRD,,,,,,,,,Budget: Giá quá cao,,facebook,cpc,campaign_11,,,2025-04-13 16:32:38,2025-04-14 17:32:38,2025-04-14 17:32:38,false
11445,36ea525d-e0d7-68bb-080b-f99ff00c4cc5,77,1002,Deal 11445,lost,,,,,Program G - Professional,Online,G03,,,,,,,,,,,Communication: Not Connected: Không liên hệ được,,facebook,cpc,campaign_12,,,2025-03-31 23:25:27,2025-04-02 01:25:27,2025-04-02 01:25:27,false
11446,c9a4d972-5953-3db5-937b-c3d1dcce49fe,77,1001,Deal 11446,lost,,,,,Combo: Course A + Course C,Hybrid,,Demo expectation,,,,,,,,,,Communication: Invalid Contact,,facebook,cpc,campaign_03,,,2026-06-01 00:10:54,2026-06-03 04:10:54,2026-06-03 04:10:54,false
11447,15db1e89-c772-7807-4524-a8de36e2d60f,224,1003,Deal 11447,won,4500000,,,,Course A - Foundation,Offline,A05,Demo expectation,,,,,,,,,,,,facebook,cpc,campaign_06,,,2025-09-08 20:23:49,2025-10-13 03:41:42,2025-10-13 03:41:42,false
11448,bf3b21fb-1ff2-5e0d-fcc8-919e95a3ba61,224,1003,Deal 11448,won,5000000,,,,Course B - Foundation,Hybrid,B01,,EARLYBIRD,,,,,,,,,,,homepage,organic,campaign_06,,,2025-01-16 11:14:53,2025-02-17 15:06:46,2025-02-17 15:06:46,false
11449,03fde24e-9cee-af74-a3f2-a3db9236948e,76,1005,Deal 11449,won,18000000,,,,Program G - Professional,Hybrid,G08,Demo expectation,REFERRAL,,,,,,,,,,,facebook,cpc,campaign_09,,,2026-01-17 10:36:57,2026-02-20 05:51:35,2026-02-20 05:51:35,false
11450,9af853fb-9c7c-c702-bfcf-648cfc3ac087,80,1002,Deal 11450,lost,,,,,Course B - Foundation,Hybrid,B06,,REFERRAL,,,,,,,,,Choose Competitor: Đã đi học bên khác,,google,cpc,campaign_12,,,2025-11-21 17:34:32,2025-12-09 05:03:25,2025-12-09 05:03:25,false
11451,95116c5f-34c4-f6ad-4fe0-887115f54aa0,77,1001,Deal 11451,lost,,,,,Combo: Course A + Course C,Hybrid,Course10,,,,,,,,,,,Communication: Not Connected: Không liên hệ được,,facebook,cpc,campaign_04,,,2026-05-28 10:17:05,2026-05-31 18:17:05,2026-05-31 18:17:05,false
11452,cd409bc9-fdae-2920-0bb8-382f916ba250,91,1004,Deal 11452,open,,,,,Program G - Professional,Hybrid,,Demo expectation,REFERRAL,,,,,,,,,,,,,,,,2026-09-24 02:45:40,2026-09-27 11:00:00,,false
11453,06470faf-850d-8003-b520-d86a9ae14459,79,1004,Deal 11453,lost,,,,,Course F - Short course,Online,F11,Demo expectation,,,,,,,,,,Communication: Ghosted After Demo/Call,,google,cpc,campaign_05,,,2026-07-13 15:09:38,2026-07-19 08:50:05,2026-07-19 08:50:05,false
11454,66f89b87-fccc-1a7d-3a1b-ba9cda07f08e,224,1001,Deal 11454,won,4500000,,,,Course A - Foundation,Offline,,Demo expectation,REFERRAL,,,,,,,,,,,email,newsletter,campaign_05,,,2026-01-06 20:22:21,2026-01-30 19:18:31,2026-01-30 19:18:31,false
11455,12087e20-8ede-9b46-407d-0affcb51a911,224,1002,Deal 11455,won,8000000,,,,Course D - Advanced,Hybrid,D10,Demo expectation,,,,,,,,,,,,,,,,,2026-07-13 01:10:52,2026-08-23 18:14:12,2026-08-23 18:14:12,false
11456,5532a5c2-233c-790a-e280-70d140d1bc31,79,1004,Deal 11456,lost,,,,,Program G - Professional,Hybrid,G09,,EARLYBIRD,,,,,,,,,Low engagement: Không còn nhu cầu học,,facebook,cpc,campaign_11,,,2026-02-28 22:08:50,2026-03-11 04:28:32,2026-03-11 04:28:32,false
11457,c8ebe27a-23a4-e70e-9dbc-15c02a7dc57c,79,1004,Deal 11457,lost,,,,,Course B - Foundation,Offline,,Demo expectation,,,,,,,,,,Bad Timing: Không sắp xếp được thời gian học,,google,cpc,campaign_04,,,2025-12-31 03:45:31,2026-01-09 18:07:45,2026-01-09 18:07:45,false
11458,7c0664aa-3ab5-1e50-f2c9-cc0fca7e2d4e,224,1002,Deal 11458,won,4500000,,,,Course A - Foundation,Online,A08,,EARLYBIRD,,,,,,,,,,,facebook,cpc,campaign_02,,,2026-03-24 14:13:51,2026-04-07 22:29:50,2026-04-07 22:29:50,false
11459,6d1fc3ca-0aaa-d6ae-7cc8-18d98cc39180,79,1001,Deal 11459,lost,,,,,Course B - Foundation,Online,B08,Demo expectation,,,,,,,,,,Low engagement: Không còn nhu cầu học,,,,,,,2026-03-07 11:23:14,2026-03-14 03:25:34,2026-03-14 03:25:34,false
11460,468154a7-c575-7f5b-4b3d-dff18da6b97c,76,1006,Deal 11460,won,7500000,,,,Course C - Advanced,Offline,C01,,,,,,,,,,,,,facebook,cpc,campaign_12,,,2025-01-15 02:37:39,2025-02-05 14:16:20,2025-02-05 14:16:20,false
11461,9c026b25-4c46-638f-cddd-3fc7c5c38c43,222,1004,Deal 11461,won,2500000,,,,Course F - Short course,Online,F06,Demo expectation,REFERRAL,,,,,,,,,,,google,cpc,campaign_05,,,2025-09-26 06:22:26,2025-10-24 08:08:42,2025-10-24 08:08:42,false
11462,bd5ced10-f50d-ffc0-1c96-48c1b7b6ccaf,78,1004,Deal 11462,lost,,,,,Course B - Foundation,Online,B01,Demo expectation,,,,,,,,,,Communication: Not Connected: Không liên hệ được,,facebook,fanpage,campaign_04,,,2025-01-06 02:37:28,2025-01-11 20:53:05,2025-01-11 20:53:05,false
11463,a1acb03b-b5c7-6204-902a-459a224e11ba,224,1003,Deal 11463,won,5000000,,,,Course B - Foundation,Online,B08,Demo expectation,REFERRAL,,,,,,,,,,,facebook,cpc,campaign_11,,,2026-02-06 19:04:27,2026-02-14 09:06:47,2026-02-14 09:06:47,false
11464,27a351ff-abf8-106d-a63f-50afe0163b1c,224,1004,Deal 11464,won,7200000.0,,,,Course D - Advanced,Offline,D06,Demo expectation,REFERRAL,,,,,,,,,,,facebook,cpc,campaign_05,,,2025-10-11 16:13:04,2025-10-30 03:53:14,2025-10-30 03:53:14,false
11465,0f962dde-4b1b-e774-9519-fd53586126fe,224,1002,Deal 11465,won,18000000,,,,Program G - Professional,Online,,Demo expectation,EARLYBIRD,,,,,,,,,,,,,,,,2026-02-18 03:02:06,2026-03-18 15:43:41,2026-03-18 15:43:41,false
11466,156de288-a472-1ca1-d1a4-e006107187d9,224,1001,Deal 11466,won,4500000,,,,Course A - Foundation,Online,A04,,REFERRAL,,,,,,,,,,,,,,,,2025-07-30 17:26:47,2025-09-07 02:10:15,2025-09-07 02:10:15,false
11467,6b99cfc8-5d05-b9f2-ef4b-21094271534a,78,1001,Deal 11467,lost,,,,,Course A - Foundation,Offline,A09,Demo expectation,EARLYBIRD,,,,,,,,,Sales Process: Sales không follow-up khách,,facebook,cpc,campaign_01,,,2026-05-18 18:12:05,2026-05-23 13:04:22,2026-05-23 13:04:22,false
11468,781e2d35-2fa1-f2bc-b4ce-5f319aff48af,224,1004,Deal 11468,won,4050000.0,,,,Course A - Foundation,Offline,A08,Demo expectation,REFERRAL,,,,,,,,,,,facebook,cpc,campaign_09,,,2026-03-31 23:56:48,2026-04-26 20:18:56,2026-04-26 20:18:56,false
11469,d31602a3-c1a9-24bd-7186-ec575be1e450,79,1004,Deal 11469,lost,,,,,Course D - Advanced,Offline,D03,Demo expectation,EARLYBIRD,,,,,,,,,Low engagement: Không còn nhu cầu học,,facebook,cpc,campaign_03,,,2025-05-16 06:21:29,2025-05-23 21:37:43,2025-05-23 21:37:43,false
11470,b901aec9-51be-d16c-0dee-17619561dee0,224,1001,Deal 11470,won,7500000,,,,Course C - Advanced,Online,,Demo expectation,,,,,,,,,,,,google,cpc,campaign_12,,,2025-09-24 07:07:29,2025-10-28 21:46:44,2025-10-28 21:46:44,false
11471,f7974ec8-a41e-f111-d942-96b67e4b4f10,224,1002,Deal 11471,won,8550000.0,,,,Course E - Specialist,Online,,Demo expectation,,,,,,,,,,,,google,cpc,campaign_12,,,2026-01-01 19:29:15,2026-02-01 01:35:45,2026-02-01 01:35:45,false
11472,489ac27e-6281-03f0-1d9f-ff257e63f654,224,1003,Deal 11472,won,7500000,,,,Course C - Advanced,Hybrid,,,,,,,,,,,,,,google,cpc,campaign_02,,,2025-11-26 06:47:51,2025-12-22 04:52:42,2025-12-22 04:52:42,false
11473,6f82614d-aacf-a947-dd9c-829a76fc5c77,224,1001,Deal 11473,won,4500000,,,,Course A - Foundation,Online,,,,,,,,,,,,,,inbox,inbox,campaign_02,,,2026-09-27 11:00:00,2026-09-27 12:00:00,2026-09-27 12:00:00,false
11474,66a0ed04-44e6-5aaa-8831-eab32cc42de6,77,1002,Deal 11474,lost,,,,,Course B - Foundation,Online,B09,,,,,,,,,,,Trash: Không có nhu cầu,,facebook,cpc,campaign_04,,,2026-03-26 23:48:16,2026-03-31 07:48:16,2026-03-31 07:48:16,false
11475,8e200724-7d13-7018-680b-ac63b856d035,224,1001,Deal 11475,won,9500000,,,,Course E - Specialist,Online,E07,Demo expectation,REFERRAL,,,,,,,,,,,,,,,,2025-12-19 14:57:52,2026-01-22 00:47:05,2026-01-22 00:47:05,false
11476,32ae5cb9-d457-6672-948b-e5484adb6da1,91,1004,Deal 11476,open,,,,,Course B - Foundation,Online,B11,Demo expectation,EARLYBIRD,,,,,,,,,,,,,,,,2026-08-13 03:32:41,2026-08-23 05:16:07,,false
11477,a7120dfe-0003-6056-5367-210cba575e20,73,1006,Deal 11477,lost,,,,,Combo: Course A + Course C,Offline,,Demo expectation,EARLYBIRD,,,,,,,,,Budget: Giá quá cao,,facebook,cpc,campaign_01,,,2025-05-01 13:32:39,2025-05-05 04:33:55,2025-05-05 04:33:55,false
11478,66926a49-a724-f9a8-70af-0f125ede88f9,80,1003,Deal 11478,lost,,,,,Course D - Advanced,Online,D09,Demo expectation,,,,,,,,,,Relevance: Use Case Misfit: Nhu cầu không đúng với sản phẩm,,blog,organic,campaign_11,,,2026-04-22 10:20:23,2026-05-09 02:17:43,2026-05-09 02:17:43,false
11479,a848fe9c-a179-2d9f-31fb-6b84f3beb28f,78,1001,Deal 11479,lost,,,Cựu học viên,,Course D - Advanced,Offline,D09,Demo expectation,,,,,,,,,,Communication: Not Connected: Không liên hệ được,,,,,,,2026-05-10 16:42:50,2026-05-24 01:41:51,2026-05-24 01:41:51,false
11480,546ab1da-b588-d72d-c98b-f146af05977a,73,1006,Deal 11480,lost,,,,,Course F - Short course,Hybrid,F11,Demo expectation,REFERRAL,,,,,,,,,Communication: No Response,,,,,,,2026-08-21 11:39:07,2026-08-25 20:41:11,2026-08-25 20:41:11,false
11481,c78af9dc-251c-8c20-f3bc-1432bf2f97f3,91,1004,Deal 11481,open,,,,,Course F - Short course,Offline,F01,Demo expectation,,,,,,,,,,,,zalo,oa,campaign_08,,,2025-01-22 14:07:17,2025-02-01 08:14:37,,false
11482,b5342b64-5a3f-3952-4e4e-e13dee6e8127,224,1001,Deal 11482,won,4500000.0,,,,Course B - Foundation,Hybrid,,Demo expectation,,,,,,,,,,,,,,,,,2025-09-29 01:59:08,2025-10-24 19:13:46,2025-10-24 19:13:46,false
11483,483fca72-4a1a-7c2e-7aed-edf46f302743,224,1004,Deal 11483,won,2250000.0,,,,Course F - Short course,Online,F08,,,,,,,,,,,,,facebook,fanpage,campaign_11,,,2026-01-03 00:58:16,2026-02-01 07:21:07,2026-02-01 07:21:07,false
11484,aba23511-f544-b28c-0bba-d72a8a7e9cce,224,1002,Deal 11484,won,5000000,,,,Course B - Foundation,Hybrid,B09,,,,,,,,,,,,,email,newsletter,campaign_04,,,2026-05-10 03:08:10,2026-05-22 20:03:21,2026-05-22 20:03:21,false
11485,e9ca8e13-0aba-10ff-fd16-e3c1fc98036a,224,1002,Deal 11485,won,2250000.0,,,,Course F - Short course,Online,F10,Demo expectation,,,,,,,,,,,,facebook,cpc,campaign_02,,,2026-05-24 19:55:46,2026-06-12 22:36:50,2026-06-12 22:36:50,false
11486,f626a833-3661-039c-2367-a2cc4b180203,224,1001,Deal 11486,won,4500000.0,,,,Course B - Foundation,Offline,,Demo expectation,,,,,,,,,,,,,,,,,2025-05-25 06:37:35,2025-07-11 13:44:39,2025-07-11 13:44:39,false
11487,7872d73f-e389-bcaf-074b-927e54e28fa6,76,1006,Deal 11487,won,2125000.0,,,,Course F - Short course,Online,F03,Demo expectation,,,,,,,,,,,,blog,organic,campaign_05,,,2025-04-27 13:05:53,2025-05-24 13:19:53,2025-05-24 13:19:53,false
11488,2412e47e-29a7-f041-2d51-9614442a584a,224,1002,Deal 11488,won,4500000.0,,,,Course B - Foundation,Online,B02,,REFERRAL,,,,,,,,,,,inbox,inbox,campaign_09,,,2025-04-01 08:40:32,2025-04-19 12:30:56,2025-04-19 12:30:56,false
11489,04a06d55-398e-1dc0-38a8-ab5518deabfe,73,1007,Deal 11489,lost,,,,,Course D - Advanced,Offline,D04,Demo expectation,EARLYBIRD,,,,,,,,,Communication: No Response,,,,,,,2025-07-10 21:15:06,2025-07-15 04:01:36,2025-07-15 04:01:36,false
11490,2fd81782-99a1-a943-16d9-aa91e4f96c65,224,1002,Deal 11490,won,2500000,,,,Course F - Short course,Offline,F06,Demo expectation,EARLYBIRD,,,,,,,,,,,email,newsletter,campaign_09,,,2025-09-18 12:03:15,2025-10-29 13:36:34,2025-10-29 13:36:34,false
11491,90060c5a-e0c6-dd63-6579-1c663209256b,77,1003,Deal 11491,lost,,,,,Course C - Advanced,Hybrid,C08,,REFERRAL,,,,,,,,,Trash: Đăng ký trùng deal,,google,cpc,campaign_06,,,2026-03-17 00:57:55,2026-03-22 01:57:55,2026-03-22 01:57:55,false
11492,fe7c7d6e-a8cc-4515-3862-abcfdb3437bb,222,1003,Deal 11492,won,3825000.0,,,,Course A - Foundation,Hybrid,A06,,,,,,,,,,,,,facebook,cpc,campaign_06,,,2026-01-01 12:21:24,2026-01-21 23:45:22,2026-01-21 23:45:22,false
11493,20db4294-dfae-1803-93d7-97e723923df4,77,1002,Deal 11493,lost,,,,,Course A - Foundation,Offline,A06,Demo expectation,,,,,,,,,,Communication: Invalid Contact,,facebook,cpc,campaign_08,,,2025-11-27 12:56:12,2025-11-29 13:56:12,2025-11-29 13:56:12,false
11494,2101f87d-0a45-6ebb-cc6c-b94ec2255913,224,1003,Deal 11494,won,4050000.0,,,,Course A - Foundation,Offline,A02,Demo expectation,,,,,,,,,,,,inbox,inbox,campaign_11,,,2025-02-13 18:23:11,2025-03-13 20:30:59,2025-03-13 20:30:59,false
11495,38858f7e-2f1a-25a8-2934-4e152477f047,77,1001,Deal 11495,lost,,,,,Course D - Advanced,Offline,D02,Demo expectation,,,,,,,,,,Communication: Invalid Contact,,blog,organic,campaign_06,,,2025-02-20 05:22:15,2025-02-21 10:22:15,2025-02-21 10:22:15,false
11496,e3dede31-e3a9-4b00-f6c2-4fd9921565ea,80,1001,Deal 11496,lost,,,,,Course B - Foundation,Offline,B08,,,,,,,,,,,Relevance: Use Case Misfit: Nhu cầu không đúng với sản phẩm,,zalo,oa,campaign_04,,,2026-03-07 00:52:20,2026-03-13 11:44:21,2026-03-13 11:44:21,false
11497,881fea11-d36b-06cd-0db1-565d6d70799e,91,1002,Deal 11497,lost,,,,,Course C - Advanced,Offline,C09,Demo expectation,EARLYBIRD,,,,,,,,,Bad Timing: No Immediate Priority,,facebook,cpc,campaign_10,,,2026-05-19 16:57:43,2026-06-15 15:11:38,2026-06-15 15:11:38,false
11498,1cb04376-c5d6-6362-1b3e-144b6f093f45,78,1001,Deal 11498,open,,,,,Course B - Foundation,Offline,,,EARLYBIRD,,,,,,,,,,,zalo,oa,campaign_10,,,2026-09-27 00:30:38,2026-09-27 11:00:00,,false
11499,ca978dfa-cb3f-99af-895c-186b3a772b80,78,1004,Deal 11499,lost,,,,,Course B - Foundation,Online,B10,Demo expectation,,,,,,,,,,Communication: Not Connected: Không liên hệ được,,facebook,cpc,campaign_05,,,2026-05-31 20:07:00,2026-06-08 18:39:34,2026-06-08 18:39:34,false
11500,ba045dfb-354f-9914-5698-07e3f16da243,92,1003,Deal 11500,lost,,,,,Program G - Professional,Hybrid,G03,Demo expectation,,,,,,,,,,Budget: Giá quá cao,,,,,,,2025-04-08 17:28:24,2025-05-05 15:34:27,2025-05-05 15:34:27,false
11501,d98c8b2e-f96c-57ab-2c92-3aa8837fa030,91,1004,Deal 11501,lost,,,,,Course B - Foundation,Hybrid,B01,Demo expectation,,,,,,,,,,Bad Timing: No Immediate Priority,,facebook,fanpage,campaign_07,,,2025-01-13 23:33:58,2025-01-30 16:44:30,2025-01-30 16:44:30,false
11502,15ac80e4-22c2-3308-fd7e-e75cf997f697,78,1002,Deal 11502,lost,,,,,Program G - Professional,Hybrid,G09,,,,,,,,,,,Trash: Không có nhu cầu,,email,newsletter,campaign_12,,,2026-03-14 14:18:19,2026-03-20 12:57:14,2026-03-20 12:57:14,false
11503,dcd28b97-33ca-9a6b-ccd3-af7caf1dcfb8,77,1001,Deal 11503,open,,,,,Course D - Advanced,Offline,,Demo expectation,,,,,,,,,,,,zalo,oa,campaign_09,,,2026-08-19 23:46:46,2026-08-19 23:46:46,,false
11504,6d4067f4-5003-2b35-1857-8bafbac7e2b9,72,1006,Deal 11504,lost,,,,,Course A - Foundation,Hybrid,A10,,,,,,,,,,,Communication: No Response,,google,cpc,campaign_06,,,2026-07-19 15:06:34,2026-07-21 17:06:34,2026-07-21 17:06:34,false
11505,54a8d262-43f9-fd9b-4167-e90571b7a9b3,80,1001,Deal 11505,lost,,,,,Course C - Advanced,Hybrid,C05,Demo expectation,,,,,,,,,,Relevance: Use Case Misfit: Nhu cầu không đúng với sản phẩm,,,,,,,2025-10-11 23:36:03,2025-10-25 22:26:03,2025-10-25 22:26:03,false
11506,8d56bff6-69c9-520f-3425-449cc145d6ba,224,1002,Deal 11506,won,2500000,,,,Course F - Short course,Hybrid,,,,,,,,,,,,,,,,,,,2026-03-01 11:07:58,2026-04-01 11:22:10,2026-04-01 11:22:10,false
11507,38d77b9a-e916-da57-f248-23ab177a8a5f,218,1003,Deal 11507,lost,,,,,Course F - Short course,Offline,F10,Demo expectation,,,,,,,,,,Communication: No Response,,email,newsletter,campaign_04,,,2026-05-24 06:21:56,2026-06-02 13:20:49,2026-06-02 13:20:49,false
11508,0964fbbf-8cd3-21b0-c2b0-1cfdd045dd1c,74,1007,Deal 11508,lost,,,,,Combo: Course A + Course C,Offline,Course09,Demo expectation,EARLYBIRD,,,,,,,,,Communication: No Response,,facebook,cpc,campaign_09,,,2026-05-01 23:43:45,2026-05-18 07:54:38,2026-05-18 07:54:38,false
11509,c80aa7cf-e1b3-3498-8974-7baf19283cfc,78,1003,Deal 11509,lost,,,,,Course A - Foundation,Offline,A04,,,,,,,,,,,Sales Process: Sales không follow-up khách,,facebook,fanpage,campaign_10,,,2025-07-26 04:43:20,2025-07-29 06:28:44,2025-07-29 06:28:44,false
11510,d37805ee-204f-cbe4-adec-6f15bfdc2b0d,91,1003,Deal 11510,lost,,,,,Combo: Course A + Course C,Offline,Course05,Demo expectation,,,,,,,,,,Bad Timing: Không sắp xếp được thời gian học,,blog,organic,campaign_09,,,2025-09-24 02:24:59,2025-10-25 00:18:58,2025-10-25 00:18:58,false
11511,97d9e5c4-a485-d43c-98e4-dc1570aec6f1,77,1002,Deal 11511,lost,,,,,Combo: Course A + Course C,Offline,Course03,Demo expectation,REFERRAL,,,,,,,,,Trash: Đăng ký trùng deal,,blog,organic,campaign_07,,,2025-05-15 00:19:52,2025-05-20 02:19:52,2025-05-20 02:19:52,false
11512,dfefe149-c93e-1531-a87a-90a75e1e57ee,80,1004,Deal 11512,lost,,,,,Combo: Course A + Course C,Offline,Course08,Demo expectation,EARLYBIRD,,,,,,,,,Budget: Not willing to pay,,facebook,fanpage,campaign_06,,,2026-01-24 13:47:46,2026-02-15 05:06:03,2026-02-15 05:06:03,false
11513,39eb005a-bab9-0085-e27e-12e49e41d0e7,76,1005,Deal 11513,won,9500000,,,,Course E - Specialist,Offline,E06,,,,,,,,,,,,,,,,,,2025-09-14 20:54:19,2025-10-16 03:18:43,2025-10-16 03:18:43,false
11514,1228130b-a642-72a2-8e5f-d65f536c32d0,78,1004,Deal 11514,lost,,,,,Course C - Advanced,Offline,C07,,EARLYBIRD,,,,,,,,,Communication: Not Connected: Không liên hệ được,,homepage,organic,campaign_11,,,2025-12-31 02:30:45,2026-01-03 19:25:16,2026-01-03 19:25:16,false
11515,2f138be4-263b-8860-5953-d9c08b75f3fd,91,1001,Deal 11515,lost,,,,,Course B - Foundation,Online,B10,Demo expectation,EARLYBIRD,,,,,,,,,Bad Timing: Không sắp xếp được thời gian học,,facebook,fanpage,campaign_11,,,2026-06-24 17:45:50,2026-07-06 23:13:04,2026-07-06 23:13:04,false
11516,57b667f2-16ed-9108-f4aa-1228921887aa,224,1003,Deal 11516,won,7500000,,,,Course C - Advanced,Hybrid,C10,Demo expectation,,,,,,,,,,,,google,cpc,campaign_02,,,2026-07-08 07:13:10,2026-07-26 17:14:04,2026-07-26 17:14:04,false
11517,020978dc-b811-6c26-7748-9b6b97f3d71d,79,1003,Deal 11517,open,,,,,Course A - Foundation,Hybrid,A08,Demo expectation,,,,,,,,,,,,email,newsletter,campaign_09,,,2026-04-29 10:26:05,2026-05-02 12:58:38,,false
11518,de4b2801-38be-318f-96d0-d89df2314c7d,80,1004,Deal 11518,lost,,,,,Combo: Course A + Course C,Online,Course07,,REFERRAL,,,,,,,,,Relevance: Not ICP fit,,,,,,,2025-12-02 15:23:59,2025-12-16 17:04:38,2025-12-16 17:04:38,false
11519,ec6092bb-ee90-6cfe-bda0-1104448a441e,80,1002,Deal 11519,lost,,,,,Course F - Short course,Hybrid,,,EARLYBIRD,,,,,,,,,Relevance: Not ICP fit,,homepage,organic,campaign_06,,,2026-05-04 17:11:19,2026-05-17 09:03:33,2026-05-17 09:03:33,false
11520,01ca4c2e-81eb-7136-cc2a-f8dfe411a1a6,76,1007,Deal 11520,won,9350000.0,,,,Combo: Course A + Course C,Offline,Course02,Demo expectation,REFERRAL,,,,,,,,,,,facebook,cpc,campaign_11,,,2025-02-18 09:14:47,2025-03-04 20:26:45,2025-03-04 20:26:45,false
11521,be125f8f-f06b-6c12-9c8b-955064e70f9a,79,1002,Deal 11521,open,,,,,Course A - Foundation,Offline,A11,,EARLYBIRD,,,,,,,,,,,facebook,fanpage,campaign_06,,,2026-09-27 11:00:00,2026-09-27 11:00:00,,false
11522,59d8ac2f-34e0-2074-f495-f84d90d35298,217,1002,Deal 11522,lost,,,,,Course D - Advanced,Offline,D07,Demo expectation,,,,,,,,,,Communication: No Response,,,,,,,2026-01-14 17:28:54,2026-01-19 13:16:32,2026-01-19 13:16:32,false
11523,29d5ee57-e71b-ef25-7f5f-7a16158ed5c1,72,1008,Deal 11523,lost,,,,,Course E - Specialist,Online,E05,Demo expectation,REFERRAL,,,,,,,,,Communication: No Response,,facebook,cpc,campaign_10,,,2025-08-25 01:20:42,2025-08-27 02:20:42,2025-08-27 02:20:42,false
11524,e336c243-b139-c476-de3c-e88be6b9d31a,77,1001,Deal 11524,lost,,,,,Course A - Foundation,Offline,A03,Demo expectation,,,,,,,,,,Communication: Invalid Contact,,,,,,,2025-04-04 08:08:44,2025-04-08 13:08:44,2025-04-08 13:08:44,false
11525,5a4edcb7-ad37-5eb6-84e0-6472e1c60b7b,224,1002,Deal 11525,won,7500000,,,,Course C - Advanced,Offline,C09,,,,,,,,,,,,,,,,,,2026-05-03 07:58:11,2026-05-22 15:07:47,2026-05-22 15:07:47,false
11526,75a5f6e6-a9b3-8709-bd10-211eef0a4c5b,224,1003,Deal 11526,won,6800000.0,,,,Course D - Advanced,Hybrid,,Demo expectation,EARLYBIRD,,,,,,,,,,,,,,,,2026-02-08 00:21:20,2026-03-02 02:38:38,2026-03-02 02:38:38,false
11527,b69f75c5-c82b-a1be-61eb-64e6fd498e20,91,1002,Deal 11527,lost,,,,,Course D - Advanced,Offline,D09,,,,,,,,,,,Bad Timing: No Immediate Priority,,google,cpc,campaign_09,,,2026-05-10 21:29:28,2026-05-24 06:17:27,2026-05-24 06:17:27,false
11528,0197106f-d51b-62b3-4d11-a9f0cccc3146,91,1002,Deal 11528,lost,,,,,Course C - Advanced,Offline,C08,Demo expectation,,,,,,,,,,Bad Timing: No Immediate Priority,,facebook,cpc,campaign_10,,,2026-03-02 06:22:51,2026-03-18 21:40:44,2026-03-18 21:40:44,false
11529,d2c569ab-f830-aa05-d2d4-dd0555b82364,224,1004,Deal 11529,won,5000000,,,,Course B - Foundation,Hybrid,B08,Demo expectation,EARLYBIRD,,,,,,,,,,,facebook,cpc,campaign_10,,,2026-03-17 15:02:29,2026-04-08 04:32:12,2026-04-08 04:32:12,false
11530,0d892ced-c1f3-1143-93ac-ceb88ab5a799,72,1006,Deal 11530,lost,,,,,Course D - Advanced,Offline,D06,Demo expectation,REFERRAL,,,,,,,,,Bad Timing: No Immediate Priority,,homepage,organic,campaign_09,,,2025-10-13 15:49:55,2025-10-13 17:49:55,2025-10-13 17:49:55,false
11531,225aed6c-f045-8043-e3a6-8a707e710b55,79,1001,Deal 11531,lost,,,,,Course D - Advanced,Offline,,Demo expectation,,,,,,,,,,Communication: No Response,,google,cpc,campaign_02,,,2025-10-25 15:19:28,2025-11-08 04:16:17,2025-11-08 04:16:17,false
11532,a1aae0f9-8719-4c22-0f8e-abcec6d69a44,224,1002,Deal 11532,won,5000000,,,,Course B - Foundation,Offline,B10,Demo expectation,REFERRAL,,,,,,,,,,,facebook,fanpage,campaign_05,,,2026-06-27 00:28:23,2026-07-25 10:46:12,2026-07-25 10:46:12,false
11533,ecb359bf-6cdb-930c-dc87-885e8f6e1e30,224,1001,Deal 11533,won,8550000.0,,,,Course E - Specialist,Offline,E02,Demo expectation,,,,,,,,,,,,facebook,cpc,campaign_07,,,2025-01-16 10:18:05,2025-02-23 14:58:43,2025-02-23 14:58:43,false
11534,71507ff6-bb64-f988-5f7c-474c94381be5,77,1001,Deal 11534,lost,,,,,Course C - Advanced,Hybrid,C02,Demo expectation,,,,,,,,,,Communication: Not Connected: Không liên hệ được,,,,,,,2025-02-17 08:23:59,2025-02-18 10:23:59,2025-02-18 10:23:59,false
11535,cb3ada7f-a10d-0623-6046-2998e37f24d7,73,1008,Deal 11535,lost,,,,,Course B - Foundation,Hybrid,B04,Demo expectation,,,,,,,,,,Communication: No Response,,facebook,fanpage,campaign_09,,,2025-06-25 21:46:20,2025-07-02 16:46:23,2025-07-02 16:46:23,false
11536,5fee2bc9-3df4-6bd2-bf6c-9c59704a4a29,224,1001,Deal 11536,won,4500000,,,,Course A - Foundation,Online,A03,,REFERRAL,,,,,,,,,,,facebook,cpc,campaign_07,,,2025-04-04 14:12:39,2025-04-15 04:51:14,2025-04-15 04:51:14,false
11537,aca2b148-da33-0aa1-541c-dfcdda0d4a5f,78,1004,Deal 11537,lost,,,,,Combo: Course A + Course C,Offline,Course09,Demo expectation,,,,,,,,,,Sales Process: Sales không follow-up khách,,facebook,cpc,campaign_10,,,2026-04-20 10:04:26,2026-04-29 15:15:11,2026-04-29 15:15:11,false
11538,9645f0e4-647d-c392-9c7e-b575637ddcd6,224,1003,Deal 11538,won,8000000,,Cựu học viên,,Course D - Advanced,Hybrid,D03,,,,,,,,,,,,,email,newsletter,campaign_10,,,2025-04-15 15:17:51,2025-05-17 16:08:02,2025-05-17 16:08:02,false
11539,9c59d8ee-4ed6-87d9-d498-ede9d28616ac,224,1003,Deal 11539,won,2250000.0,,,,Course F - Short course,Offline,F09,,,,,,,,,,,,,facebook,cpc,campaign_09,,,2026-03-14 21:53:09,2026-04-17 08:16:00,2026-04-17 08:16:00,false
11540,794ef7a4-f611-b8d0-bed9-6c70df2182e2,79,1003,Deal 11540,lost,,,,,Course D - Advanced,Hybrid,,,,,,,,,,,,Bad Timing: Không sắp xếp được thời gian học,,homepage,organic,campaign_12,,,2026-07-17 14:34:09,2026-07-20 13:07:38,2026-07-20 13:07:38,false
11541,c64ee6e3-89c5-b31a-eb6c-1016cee624d0,224,1001,Deal 11541,won,4250000.0,,,,Course B - Foundation,Hybrid,,Demo expectation,EARLYBIRD,,,,,,,,,,,,,,,,2026-03-27 01:45:05,2026-05-14 22:36:52,2026-05-14 22:36:52,false
11542,8ccc617e-81b6-6951-4cdf-697f4eca2e96,224,1001,Deal 11542,won,8000000,,,,Course D - Advanced,Online,,Demo expectation,,,,,,,,,,,,,,,,,2026-03-13 15:34:19,2026-04-06 00:17:51,2026-04-06 00:17:51,false
11543,67c73503-dc04-9aec-5bf4-88bcb6835a9d,77,1002,Deal 11543,lost,,,,,Course F - Short course,Hybrid,,Demo expectation,,,,,,,,,,Trash: Không có nhu cầu,,,,,,,2025-09-19 05:10:47,2025-09-21 06:10:47,2025-09-21 06:10:47,false
11544,4e3b744f-fd23-6d28-4f2e-8a0863b3dfd0,91,1002,Deal 11544,lost,,,,,Combo: Course A + Course C,Offline,Course11,,,,,,,,,,,Bad Timing: No Immediate Priority,,google,cpc,campaign_10,,,2026-07-12 19:55:47,2026-07-26 11:58:28,2026-07-26 11:58:28,false
11545,e5ceac23-aff7-188d-eada-d07f2d6b89e7,77,1004,Deal 11545,lost,,,,,Course C - Advanced,Offline,,,,,,,,,,,,Trash: Đăng ký trùng deal,,,,,,,2025-03-05 22:57:12,2025-03-09 04:57:12,2025-03-09 04:57:12,false
11546,2a9528c3-5ae1-dbad-aa29-60fda85894df,77,1002,Deal 11546,lost,,,,,Course A - Foundation,Hybrid,A09,Demo expectation,,,,,,,,,,Communication: Invalid Contact,,,,,,,2026-06-04 09:22:18,2026-06-08 15:22:18,2026-06-08 15:22:18,false
11547,cbfc721c-7f78-0428-20bb-859a08207d4e,79,1004,Deal 11547,lost,,,,,Course D - Advanced,Offline,D09,Demo expectation,REFERRAL,,,,,,,,,Budget: Giá quá cao,,google,cpc,campaign_01,,,2026-05-04 16:07:57,2026-05-16 11:14:59,2026-05-16 11:14:59,false
11548,33baba88-36c7-d6fa-7aa4-f052bf519362,72,1008,Deal 11548,lost,,,,,Course D - Advanced,Hybrid,D08,Demo expectation,REFERRAL,,,,,,,,,Budget: Giá quá cao,,facebook,cpc,campaign_10,,,2026-02-14 14:23:23,2026-02-19 22:23:23,2026-02-19 22:23:23,false
11549,523c0ed4-acd3-cc0b-b65d-95c2522c12e1,224,1003,Deal 11549,won,5000000,,,,Course B - Foundation,Hybrid,B04,,,,,,,,,,,,,google,cpc,campaign_01,,,2025-06-04 23:50:13,2025-06-18 10:39:44,2025-06-18 10:39:44,false
11550,0f962dde-4b1b-e774-9519-fd53586126fe,78,1003,Deal 11550,lost,,,,,Course A - Foundation,Hybrid,A07,,,,,,,,,,,Communication: Not Connected: Không liên hệ được,,facebook,cpc,campaign_05,,,2026-02-24 19:32:27,2026-03-07 13:49:31,2026-03-07 13:49:31,false
11551,b479d898-3e53-0429-04ca-56c4cd193f76,224,1004,Deal 11551,won,4500000.0,,,,Course B - Foundation,Hybrid,,Demo expectation,,,,,,,,,,,,blog,organic,campaign_08,,,2025-06-19 13:18:16,2025-07-30 13:57:48,2025-07-30 13:57:48,false
11552,6a8a616f-c3b2-90d0-8edd-dfcd1e52d770,75,1005,Deal 11552,lost,,,,,Course A - Foundation,Offline,A03,Demo expectation,,,,,,,,,,Bad Timing: No Immediate Priority,,email,newsletter,campaign_02,,,2025-05-03 18:01:25,2025-05-18 04:04:45,2025-05-18 04:04:45,false
11553,66f29d1d-03d6-af3f-2c72-767552c83bfc,224,1001,Deal 11553,won,4500000,,,,Course A - Foundation,Offline,,Demo expectation,,,,,,,,,,,,facebook,cpc,campaign_06,,,2025-12-13 19:42:37,2026-01-10 10:05:16,2026-01-10 10:05:16,false
11554,de4b2801-38be-318f-96d0-d89df2314c7d,73,1006,Deal 11554,lost,,,,,Course D - Advanced,Hybrid,,Demo expectation,,,,,,,,,,Bad Timing: No Immediate Priority,,facebook,cpc,campaign_09,,,2025-12-13 00:58:04,2026-01-01 06:08:01,2026-01-01 06:08:01,false
11555,274e7204-09cd-2208-527e-3dea3d99bd15,80,1003,Deal 11555,lost,,,,,Course A - Foundation,Online,A03,,,,,,,,,,,Relevance: Use Case Misfit: Nhu cầu không đúng với sản phẩm,,google,cpc,campaign_08,,,2025-06-06 21:47:29,2025-06-22 07:31:56,2025-06-22 07:31:56,false
11556,ba15059b-78a3-8a81-8ee3-0925d60dd16b,222,1001,Deal 11556,won,8000000,,,,Course D - Advanced,Hybrid,D04,Demo expectation,REFERRAL,,,,,,,,,,,inbox,inbox,campaign_02,,,2025-06-03 04:33:24,2025-06-23 16:26:58,2025-06-23 16:26:58,false
11557,d1bb5622-4260-5e08-9e78-209e6290129a,77,1001,Deal 11557,lost,,,,,Course D - Advanced,Offline,D09,Demo expectation,REFERRAL,,,,,,,,,Communication: Not Connected: Không liên hệ được,,facebook,cpc,campaign_06,,,2026-05-23 07:11:26,2026-05-25 10:11:26,2026-05-25 10:11:26,false
11558,ddcff347-b5d8-4cae-b381-e8b038ca4da7,224,1004,Deal 11558,won,4500000.0,,,,Course B - Foundation,Hybrid,B05,,,,,,,,,,,,,facebook,cpc,campaign_08,,,2025-09-03 05:01:52,2025-09-29 18:11:29,2025-09-29 18:11:29,false
11559,9613bb63-f766-c361-d131-276b012d9ebf,224,1001,Deal 11559,won,7500000,,,,Course C - Advanced,Online,C03,Demo expectation,REFERRAL,,,,,,,,,,,,,,,,2025-05-03 17:19:35,2025-06-05 08:42:30,2025-06-05 08:42:30,false
11560,5ef97dba-e07d-0865-ef38-f3cc301f5433,77,1004,Deal 11560,lost,,,,,Combo: Course A + Course C,Online,,,REFERRAL,,,,,,,,,Communication: Not Connected: Không liên hệ được,,facebook,fanpage,campaign_11,,,2025-08-27 05:35:15,2025-08-28 11:35:15,2025-08-28 11:35:15,false
11561,fbac9ade-7fe4-36d1-994f-7c31c47dd678,76,1005,Deal 11561,won,8075000.0,,,,Course E - Specialist,Hybrid,E02,Demo expectation,,,,,,,,,,,,zalo,oa,campaign_09,,,2025-01-18 13:39:18,2025-02-03 12:23:38,2025-02-03 12:23:38,false
11562,c3f62136-846d-5a3b-2661-c42630385dd7,77,1003,Deal 11562,lost,,,,,Course B - Foundation,Hybrid,,Demo expectation,,,,,,,,,,Trash: Không có nhu cầu,,google,cpc,campaign_12,,,2026-01-27 16:07:04,2026-01-29 23:07:04,2026-01-29 23:07:04,false
11563,e4f9eeff-3b8e-8a91-deb1-289adcc3645f,76,1007,Deal 11563,won,4050000.0,,,,Course A - Foundation,Hybrid,A02,Demo expectation,,,,,,,,,,,,facebook,cpc,campaign_01,,,2025-02-24 02:59:09,2025-03-13 22:05:47,2025-03-13 22:05:47,false
11564,925817b7-cf50-1889-e8b7-7f7b7321bf6b,224,1001,Deal 11564,won,7500000,,,,Course C - Advanced,Offline,C06,Demo expectation,,,,,,,,,,,,google,cpc,campaign_10,,,2025-11-02 03:45:03,2025-11-27 16:43:46,2025-11-27 16:43:46,false
11565,de598930-23de-6993-4ea2-afafe1b5eaf4,224,1002,Deal 11565,won,5000000,,,,Course B - Foundation,Hybrid,B08,Demo expectation,,,,,,,,,,,,,,,,,2026-02-24 17:53:19,2026-03-13 18:33:47,2026-03-13 18:33:47,false
11566,8e3698e8-89de-7964-1d0c-518447d2151e,91,1001,Deal 11566,lost,,,,,Course B - Foundation,Offline,B03,Demo expectation,,,,,,,,,,Bad Timing: No Immediate Priority,,facebook,cpc,campaign_05,,,2025-05-07 09:51:52,2025-05-22 14:29:01,2025-05-22 14:29:01,false
11567,51bb56fc-a407-795c-4d43-62533630d9fa,222,1001,Deal 11567,won,2500000,,,,Course F - Short course,Online,F10,Demo expectation,,,,,,,,,,,,,,,,,2026-05-31 23:18:31,2026-06-26 22:10:05,2026-06-26 22:10:05,false
11568,02c27f97-af6c-9a31-57a9-b67fe35f41db,224,1002,Deal 11568,won,5000000,,,,Course B - Foundation,Online,B11,,,,,,,,,,,,,facebook,fanpage,campaign_04,,,2026-07-20 20:54:46,2026-08-14 00:25:30,2026-08-14 00:25:30,false
11569,877af1f3-7ebf-6450-84f7-e3f9898b98d8,78,1001,Deal 11569,lost,,,,,Course F - Short course,Offline,F07,,REFERRAL,,,,,,,,,Trash: Không có nhu cầu,,google,cpc,campaign_10,,,2025-12-19 04:57:38,2025-12-24 17:59:20,2025-12-24 17:59:20,false
11570,35f1e04b-c5fe-21d6-8365-d2cf173be226,79,1003,Deal 11570,lost,,,,,Course C - Advanced,Hybrid,C02,Demo expectation,,,,,,,,,,Budget: Giá quá cao,,email,newsletter,campaign_10,,,2025-02-10 06:34:40,2025-02-25 20:57:32,2025-02-25 20:57:32,false
11571,10bbeed7-f0b7-b577-3bd6-916f59c074d1,224,1002,Deal 11571,won,6800000.0,,,,Course D - Advanced,Hybrid,D03,Demo expectation,,,,,,,,,,,,,,,,,2025-04-05 07:09:28,2025-04-22 21:28:56,2025-04-22 21:28:56,false
11572,c7c59195-ffc3-2f83-3e21-55a2a1361c27,79,1004,Deal 11572,lost,,,,,Course F - Short course,Online,,,,,,,,,,,,Bad Timing: Không sắp xếp được thời gian học,,,,,,,2025-07-03 23:17:07,2025-07-13 01:05:32,2025-07-13 01:05:32,false
11573,6761f64e-b79e-e140-1844-1abdbe41635f,224,1002,Deal 11573,won,8000000,,,,Course D - Advanced,Hybrid,,Demo expectation,EARLYBIRD,,,,,,,,,,,blog,organic,campaign_01,,,2025-04-14 23:33:09,2025-05-19 15:29:37,2025-05-19 15:29:37,false
11574,de8dace1-3aff-7d97-843b-00435c682594,77,1001,Deal 11574,lost,,,,,Course F - Short course,Hybrid,F06,,,,,,,,,,,Trash: Đăng ký trùng deal,,facebook,cpc,campaign_12,,,2025-09-20 22:13:22,2025-09-25 00:13:22,2025-09-25 00:13:22,false
11575,9241e029-082d-c372-c996-a54bbcbb0658,77,1003,Deal 11575,lost,,,,,Course F - Short course,Hybrid,,Demo expectation,,,,,,,,,,Communication: Invalid Contact,,facebook,fanpage,campaign_04,,,2025-03-21 00:24:27,2025-03-23 01:24:27,2025-03-23 01:24:27,false
11576,76890ed4-3a6f-d931-5358-30aa928b9e4d,91,1003,Deal 11576,open,,,,,Course F - Short course,Online,F02,,REFERRAL,,,,,,,,,,,blog,organic,campaign_11,,,2025-03-02 16:58:46,2025-03-15 23:27:38,,false
11577,f7bcbc14-9241-9671-da2f-c99ba923895d,224,1002,Deal 11577,won,4050000.0,,,,Course A - Foundation,Hybrid,,Demo expectation,,,,,,,,,,,,google,cpc,campaign_05,,,2026-01-04 17:15:17,2026-02-10 09:10:36,2026-02-10 09:10:36,false
11578,876e53a8-f31e-eab9-a03c-3b65409e9d63,77,1001,Deal 11578,lost,,,Cựu học viên,,Course D - Advanced,Offline,D08,,,,,,,,,,,Communication: Invalid Contact,,,,,,,2026-02-05 14:03:10,2026-02-05 16:03:10,2026-02-05 16:03:10,false
11579,9e6b42d2-a453-cfdc-86d9-5abd044b6c42,79,1004,Deal 11579,lost,,,,,Course B - Foundation,Hybrid,B08,,REFERRAL,,,,,,,,,Communication: No Response,,facebook,fanpage,campaign_01,,,2026-01-28 13:50:26,2026-02-07 10:37:41,2026-02-07 10:37:41,false
11580,1f0b2be6-6040-4c51-584f-a41ff9f7852c,78,1002,Deal 11580,lost,,,,,Course D - Advanced,Offline,D01,Demo expectation,,,,,,,,,,Sales Process: Sales không follow-up khách,,facebook,cpc,campaign_09,,,2025-01-07 06:29:20,2025-01-10 05:50:42,2025-01-10 05:50:42,false
11581,83992e41-f2af-577d-43c5-27a4fbc02c38,222,1001,Deal 11581,won,5000000,,,,Course B - Foundation,Offline,B09,Demo expectation,,,,,,,,,,,,facebook,fanpage,campaign_07,,,2026-05-09 08:53:41,2026-06-05 10:23:47,2026-06-05 10:23:47,false
11582,77d468ea-e0bd-d765-56d4-4952ee29e80e,80,1004,Deal 11582,lost,,,,,Course B - Foundation,Hybrid,B10,,,,,,,,,,,Relevance: Use Case Misfit: Nhu cầu không đúng với sản phẩm,,blog,organic,campaign_07,,,2026-06-19 08:49:54,2026-07-04 06:38:54,2026-07-04 06:38:54,false
11583,7f8b4f9f-f1e5-2e88-9511-19685ae5afa6,80,1001,Deal 11583,lost,,,,,Course A - Foundation,Online,A06,Demo expectation,,,,,,,,,,Relevance: Use Case Misfit: Nhu cầu không đúng với sản phẩm,,,,,,,2025-11-11 21:02:04,2025-11-30 10:01:46,2025-11-30 10:01:46,false
11584,5183c54f-ab3f-631b-d60c-e979c4d0388b,80,1003,Deal 11584,lost,,,,,Program G - Professional,Online,G05,,EARLYBIRD,,,,,,,,,Relevance: Not ICP fit,,,,,,,2025-08-09 06:08:13,2025-08-21 00:38:25,2025-08-21 00:38:25,false
11585,8082efd4-78b2-a65d-6a0e-99b21c94d5c6,224,1004,Deal 11585,won,2125000.0,,,,Course F - Short course,Online,F04,,,,,,,,,,,,,facebook,cpc,campaign_01,,,2025-07-05 20:19:12,2025-07-30 02:41:45,2025-07-30 02:41:45,false
11586,204ec480-fc77-c405-38a6-8341656e5a10,77,1003,Deal 11586,lost,,,,,Course F - Short course,Hybrid,F10,,EARLYBIRD,,,,,,,,,Trash: Không có nhu cầu,,google,cpc,campaign_10,,,2026-05-26 09:41:49,2026-05-26 16:41:49,2026-05-26 16:41:49,false
11587,b31add22-bddd-bd36-82f2-a59e2bb7f146,80,1003,Deal 11587,open,,,,,Course A - Foundation,Offline,A10,,,,,,,,,,,,,blog,organic,campaign_10,,,2026-08-13 21:39:43,2026-08-19 07:08:36,,false
11588,b72ed2c7-d38d-665e-0edb-24f1584e24c3,78,1003,Deal 11588,lost,,,,,Course F - Short course,Offline,F06,Demo expectation,EARLYBIRD,,,,,,,,,Communication: Not Connected: Không liên hệ được,,google,cpc,campaign_06,,,2025-09-15 10:29:39,2025-09-22 09:51:06,2025-09-22 09:51:06,false
11589,ec4a0dfd-10d0-fd27-fc87-aa3950b1d09f,78,1001,Deal 11589,lost,,,,,Course D - Advanced,Hybrid,,,,,,,,,,,,Sales Process: Sales không follow-up khách,,google,cpc,campaign_06,,,2025-11-14 19:51:28,2025-11-20 11:32:16,2025-11-20 11:32:16,false
11590,02e78484-15c7-8ccb-7bf8-0355e949e29c,77,1001,Deal 11590,lost,,,,,Course F - Short course,Online,,,,,,,,,,,,Trash: Đăng ký trùng deal,,blog,organic,campaign_04,,,2026-02-15 20:33:35,2026-02-18 02:33:35,2026-02-18 02:33:35,false
11591,7d2811fa-e05e-9d2f-c4aa-1dff282e4148,77,1003,Deal 11591,lost,,,,,Course C - Advanced,Online,C03,Demo expectation,REFERRAL,,,,,,,,,Trash: Đăng ký trùng deal,,email,newsletter,campaign_02,,,2025-06-19 21:08:26,2025-06-22 22:08:26,2025-06-22 22:08:26,false
11592,c8594dfb-6d73-dd1d-dda1-497a6f1f9af1,224,1002,Deal 11592,won,11000000,,,,Combo: Course A + Course C,Hybrid,Course07,,,,,,,,,,,,,facebook,cpc,campaign_11,,,2025-12-01 07:07:11,2025-12-31 02:36:22,2025-12-31 02:36:22,false
11593,01e58ea3-21e5-8589-6699-42fe625a58c6,224,1004,Deal 11593,won,2125000.0,,,,Course F - Short course,Hybrid,F09,Demo expectation,,,,,,,,,,,,facebook,cpc,campaign_08,,,2026-04-02 12:58:00,2026-04-26 01:34:33,2026-04-26 01:34:33,false
11594,ccc62fed-7a6e-43d0-d9c5-9cd9b09d721b,77,1001,Deal 11594,open,,,,,Course C - Advanced,Online,C08,,,,,,,,,,,,,facebook,fanpage,campaign_06,,,2026-03-26 18:47:47,2026-03-26 18:47:47,,false
11595,4b33b3f3-a8dc-6db2-4907-2a0ab16464e8,77,1001,Deal 11595,lost,,,,,Course B - Foundation,Online,B09,,,,,,,,,,,Trash: Đăng ký trùng deal,,facebook,cpc,campaign_07,,,2026-05-01 22:51:06,2026-05-03 23:51:06,2026-05-03 23:51:06,false
11596,e5d25bc3-3c38-26aa-b979-38acead22702,79,1001,Deal 11596,open,,,,,Course B - Foundation,Offline,B12,Demo expectation,,,,,,,,,,,,facebook,cpc,campaign_12,,,2026-09-14 01:56:40,2026-09-26 09:59:47,,false
11597,f10230ac-1ea7-f1b1-f13c-ba45ae219765,224,1004,Deal 11597,won,8550000.0,,,,Course E - Specialist,Online,E10,,,,,,,,,,,,,facebook,cpc,campaign_04,,,2026-07-10 06:45:20,2026-07-28 12:54:30,2026-07-28 12:54:30,false
11598,b9465130-9b58-e20a-7c8d-8aef30a04e0b,222,1003,Deal 11598,won,2500000,,,,Course F - Short course,Offline,F01,Demo expectation,REFERRAL,,,,,,,,,,,facebook,cpc,campaign_03,,,2025-01-27 09:08:44,2025-03-05 11:55:03,2025-03-05 11:55:03,false
11599,1993edfe-583f-097d-28c9-d68c7a3338e0,224,1002,Deal 11599,won,8000000,,,,Course D - Advanced,Online,D04,,REFERRAL,,,,,,,,,,,google,cpc,campaign_05,,,2025-07-15 07:08:35,2025-07-29 09:55:00,2025-07-29 09:55:00,false
11600,d8e88ebb-7a9e-8eef-ffa3-61be0f9240e1,76,1008,Deal 11600,won,4500000,,,,Course A - Foundation,Offline,A07,Demo expectation,,,,,,,,,,,,facebook,cpc,campaign_03,,,2026-01-21 06:41:00,2026-02-13 20:11:19,2026-02-13 20:11:19,false
11601,8f5d0e9f-c586-e43c-fe13-d91c183e5726,77,1003,Deal 11601,open,,lead cks,,,Course E - Specialist,Online,E05,Demo expectation,EARLYBIRD,,,,,,,,,,,facebook,fanpage,campaign_01,,,2025-07-18 00:54:10,2025-07-18 00:54:10,,false
11602,2e0e343d-1d59-b308-07aa-251565f76d06,78,1002,Deal 11602,lost,,,,,Combo: Course A + Course C,Hybrid,Course09,Demo expectation,,,,,,,,,,Trash: Không có nhu cầu,,facebook,cpc,campaign_09,,,2026-04-07 15:21:12,2026-04-12 23:33:17,2026-04-12 23:33:17,false
11603,15b9d469-fbb8-d9fe-d0cb-16e9bbc2b67c,224,1001,Deal 11603,won,11000000,,,,Combo: Course A + Course C,Offline,Course04,Demo expectation,,,,,,,,,,,,email,newsletter,campaign_09,,,2025-08-02 00:10:11,2025-09-06 09:37:18,2025-09-06 09:37:18,false
11604,ef7e1940-f568-7574-13ca-aeb6f486a251,224,1004,Deal 11604,won,4500000,,,,Course A - Foundation,Online,,Demo expectation,,,,,,,,,,,,facebook,cpc,campaign_06,,,2026-06-13 00:49:15,2026-07-19 14:43:17,2026-07-19 14:43:17,false
11605,5a9b63f8-ba09-a484-556e-d0d14e653eee,224,1001,Deal 11605,won,6800000.0,,,,Course D - Advanced,Offline,D04,,EARLYBIRD,,,,,,,,,,,,,,,,2025-06-18 19:42:20,2025-07-12 06:29:18,2025-07-12 06:29:18,false
11606,ecd6e2b0-9216-1cc5-d424-31aced26c65b,76,1005,Deal 11606,won,11000000,,,,Combo: Course A + Course C,Offline,,,EARLYBIRD,,,,,,,,,,,google,cpc,campaign_11,,,2026-05-04 17:40:53,2026-05-27 05:11:47,2026-05-27 05:11:47,false
11607,4a5d95a7-df0b-1449-4559-620034111701,76,1006,Deal 11607,won,8000000,,,,Course D - Advanced,Offline,D04,,EARLYBIRD,,,,,,,,,,,zalo,oa,campaign_09,,,2025-07-07 03:07:03,2025-08-02 08:20:16,2025-08-02 08:20:16,false
11608,06470faf-850d-8003-b520-d86a9ae14459,224,1002,Deal 11608,won,2125000.0,,,,Course F - Short course,Online,F11,,,,,,,,,,,,,facebook,cpc,campaign_12,,,2026-07-20 17:53:14,2026-08-27 19:47:38,2026-08-27 19:47:38,false
11609,88964456-b344-dde4-bcac-44263ad0190f,224,1004,Deal 11609,won,7500000,,,,Course C - Advanced,Online,C01,Demo expectation,,,,,,,,,,,,homepage,organic,campaign_01,,,2025-01-21 14:11:48,2025-02-05 13:57:50,2025-02-05 13:57:50,false
11610,59721f8d-d092-e7b5-ce02-c11770e08b47,80,1002,Deal 11610,open,,,,,Program G - Professional,Online,G11,Demo expectation,EARLYBIRD,,,,,,,,,,,google,cpc,campaign_06,,,2026-08-02 10:39:02,2026-08-15 19:05:18,,false
11611,33173470-38f1-6a81-787f-2425dbccc477,76,1008,Deal 11611,won,4500000,,,,Course A - Foundation,Hybrid,,,,,,,,,,,,,,facebook,cpc,campaign_11,,,2025-07-13 01:04:01,2025-07-27 15:11:09,2025-07-27 15:11:09,false
11612,c2886352-4448-2593-e232-7c25fcd62aba,224,1002,Deal 11612,won,4500000,,,,Course A - Foundation,Online,A11,,REFERRAL,,,,,,,,,,,facebook,cpc,campaign_09,,,2026-09-27 11:00:00,2026-09-27 12:00:00,2026-09-27 12:00:00,false
11613,8426ab76-e35b-f96b-93e8-8b7fa2b7fb16,77,1003,Deal 11613,lost,,,,,Course C - Advanced,Online,,Demo expectation,,,,,,,,,,Communication: Not Connected: Không liên hệ được,,email,newsletter,campaign_06,,,2026-07-12 11:48:30,2026-07-17 17:48:30,2026-07-17 17:48:30,false
11614,2e0e343d-1d59-b308-07aa-251565f76d06,77,1002,Deal 11614,lost,,,,,Course A - Foundation,Offline,A08,Demo expectation,EARLYBIRD,,,,,,,,,Communication: Not Connected: Không liên hệ được,,google,cpc,campaign_05,,,2026-04-20 17:00:14,2026-04-24 22:00:14,2026-04-24 22:00:14,false
11615,c7fee39f-1190-f938-a66f-d7f739669fa7,224,1001,Deal 11615,won,11000000,,,,Combo: Course A + Course C,Hybrid,Course07,,,,,,,,,,,,,zalo,oa,campaign_05,,,2025-12-20 06:10:06,2026-01-09 03:22:06,2026-01-09 03:22:06,false
11616,f0c3ad82-feb1-d313-1a1d-07eca9b4715f,77,1001,Deal 11616,lost,,,,,Course D - Advanced,Online,D03,Demo expectation,EARLYBIRD,,,,,,,,,Communication: Invalid Contact,,google,cpc,campaign_10,,,2025-04-22 03:05:57,2025-04-24 05:05:57,2025-04-24 05:05:57,false
11617,352b6689-a39c-d730-0f62-06f19403ad3d,224,1002,Deal 11617,won,6375000.0,,,,Course C - Advanced,Hybrid,C08,Demo expectation,,,,,,,,,,,,facebook,fanpage,campaign_06,,,2026-04-10 02:11:09,2026-05-08 16:11:27,2026-05-08 16:11:27,false
11618,6cedd15d-5800-7c02-87ea-7ff58db06746,216,1001,Deal 11618,lost,,,,,Course D - Advanced,Offline,D09,Demo expectation,REFERRAL,,,,,,,,,Budget: Giá quá cao,,,,,,,2026-05-05 03:44:43,2026-05-08 04:44:43,2026-05-08 04:44:43,false
11619,9174729d-953f-2211-5125-e54e92593c47,78,1002,Deal 11619,lost,,,,,Course E - Specialist,Hybrid,,Demo expectation,,,,,,,,,,Trash: Không có nhu cầu,,,,,,,2025-01-26 19:26:19,2025-01-30 10:01:13,2025-01-30 10:01:13,false
11620,7273b748-f5cb-2af8-ecea-934f263d979a,79,1003,Deal 11620,lost,,,,,Course D - Advanced,Online,D05,,REFERRAL,,,,,,,,,Low engagement: Không còn nhu cầu học,,facebook,cpc,campaign_07,,,2025-09-06 05:39:25,2025-09-11 14:23:49,2025-09-11 14:23:49,false
11621,007f6bd0-6525-2940-d7ec-b2ab4b5293e4,80,1003,Deal 11621,lost,,,,,Course E - Specialist,Hybrid,,,,,,,,,,,,Budget: Not willing to pay,,,,,,,2025-08-15 10:59:27,2025-09-02 06:33:35,2025-09-02 06:33:35,false
11622,7c53ccb0-96a8-df54-726a-18440cf2a69a,224,1003,Deal 11622,won,2500000,,,,Course F - Short course,Offline,F10,,,,,,,,,,,,,,,,,,2026-05-07 07:20:31,2026-06-03 02:06:04,2026-06-03 02:06:04,false
11623,19a53942-ce67-b962-548b-9bb7df8200b8,78,1004,Deal 11623,lost,,,,,Course C - Advanced,Hybrid,C08,,,,,,,,,,,Sales Process: Sales không follow-up khách,,,,,,,2026-03-25 01:52:00,2026-03-27 23:25:18,2026-03-27 23:25:18,false
11624,ff4c96d6-71f2-ce8f-b69f-68c3e60fd420,77,1001,Deal 11624,lost,,,,,Course B - Foundation,Online,B09,,,,,,,,,,,Communication: Invalid Contact,,,,,,,2026-04-07 12:25:25,2026-04-10 19:25:25,2026-04-10 19:25:25,false
11625,c2492e5e-005f-d0e6-55c3-b2dbf374190d,224,1001,Deal 11625,won,4050000.0,,,,Course A - Foundation,Hybrid,A05,,,,,,,,,,,,,google,cpc,campaign_09,,,2025-09-12 04:32:14,2025-10-13 22:57:14,2025-10-13 22:57:14,false
11626,170bdd14-95e7-b610-04c0-d48a98bf6a3e,79,1003,Deal 11626,lost,,,,,Course B - Foundation,Hybrid,B10,Demo expectation,REFERRAL,,,,,,,,,Budget: Giá quá cao,,,,,,,2026-05-18 06:14:00,2026-06-07 23:03:22,2026-06-07 23:03:22,false
11627,6eb21dcc-9f97-fa5b-af84-add6c463190a,75,1008,Deal 11627,lost,,,,,Course A - Foundation,Offline,A03,Demo expectation,REFERRAL,,,,,,,,,Bad Timing: No Immediate Priority,,,,,,,2025-04-17 06:26:05,2025-04-29 02:04:32,2025-04-29 02:04:32,false
11628,ca63e418-32ac-5061-ff8a-fa105a5a5071,80,1001,Deal 11628,lost,,,,,Course C - Advanced,Online,C03,Demo expectation,REFERRAL,,,,,,,,,Choose Competitor: Đã đi học bên khác,,,,,,,2025-06-10 06:35:11,2025-06-25 19:21:39,2025-06-25 19:21:39,false
11629,7344e407-e880-81f9-cd6b-4aa0ce9fbfeb,91,1003,Deal 11629,lost,,,,,Course D - Advanced,Offline,D04,,,,,,,,,,,Bad Timing: No Immediate Priority,,email,newsletter,campaign_09,,,2025-06-15 11:07:11,2025-06-26 17:53:14,2025-06-26 17:53:14,false
11630,622cc212-b69d-2f48-3653-e588afd58fe7,73,1007,Deal 11630,lost,,,,,Combo: Course A + Course C,Offline,Course06,Demo expectation,,,,,,,,,,Bad Timing: No Immediate Priority,,google,cpc,campaign_09,,,2025-10-29 10:44:44,2025-10-31 19:42:26,2025-10-31 19:42:26,false
11631,f10543f9-2150-70d4-ad44-fe0cdd6b5802,76,1007,Deal 11631,won,4250000.0,,,,Course B - Foundation,Hybrid,,,,,,,,,,,,,,facebook,cpc,campaign_04,,,2025-11-02 10:10:18,2025-11-22 21:12:47,2025-11-22 21:12:47,false
11632,a41bc4c2-4ecc-b0ab-7d53-38ca625046c0,79,1003,Deal 11632,lost,,,,,Course C - Advanced,Offline,C03,,REFERRAL,,,,,,,,,Communication: No Response,,blog,organic,campaign_04,,,2025-06-10 02:59:53,2025-06-19 18:38:57,2025-06-19 18:38:57,false
11633,648e85eb-d1c1-a2db-a82a-113285eb4279,76,1007,Deal 11633,won,6375000.0,,,,Course C - Advanced,Offline,C10,,EARLYBIRD,,,,,,,,,,,,,,,,2026-07-19 05:38:11,2026-07-27 01:17:00,2026-07-27 01:17:00,false
11634,1aabc3e8-6681-5708-05fb-2b20ad315ef7,224,1003,Deal 11634,won,2500000,,,,Course F - Short course,Online,,Demo expectation,REFERRAL,,,,,,,,,,,facebook,cpc,campaign_12,,,2025-05-27 03:26:28,2025-06-12 21:37:29,2025-06-12 21:37:29,false
11635,a4a779db-fef7-a254-98a1-26a23eccb075,224,1003,Deal 11635,won,5000000,,,,Course B - Foundation,Online,B01,Demo expectation,REFERRAL,,,,,,,,,,,zalo,oa,campaign_06,,,2025-01-15 08:12:16,2025-02-24 05:33:38,2025-02-24 05:33:38,false
11636,2e516039-e5a5-723f-d509-bb739f1a47c7,77,1004,Deal 11636,lost,,,,,Course F - Short course,Hybrid,,,,,,,,,,,,Trash: Đăng ký trùng deal,,google,cpc,campaign_06,,,2025-07-10 08:58:01,2025-07-15 13:58:01,2025-07-15 13:58:01,false
11637,58b5dfed-f2b4-7627-c0c6-2677308b5be9,77,1004,Deal 11637,lost,,,,,Course F - Short course,Offline,F07,Demo expectation,,,,,,,,,,Trash: Đăng ký trùng deal,,,,,,,2025-11-18 01:46:11,2025-11-19 07:46:11,2025-11-19 07:46:11,false
11638,fa2ca0ee-e4c5-f25c-043d-70e78a549fd8,222,1004,Deal 11638,won,5000000,,,,Course B - Foundation,Online,B01,Demo expectation,,,,,,,,,,,,facebook,cpc,campaign_01,,,2025-01-16 19:38:15,2025-02-22 16:24:19,2025-02-22 16:24:19,false
11639,925817b7-cf50-1889-e8b7-7f7b7321bf6b,76,1006,Deal 11639,won,16200000.0,,,,Program G - Professional,Offline,G06,Demo expectation,EARLYBIRD,,,,,,,,,,,facebook,cpc,campaign_07,,,2025-10-26 18:19:52,2025-11-04 16:49:51,2025-11-04 16:49:51,false
11640,2922ecb0-c8aa-e0c8-b057-31fd8916f0b7,79,1003,Deal 11640,lost,,,,,Course F - Short course,Hybrid,,Demo expectation,,,,,,,,,,Communication: Ghosted After Demo/Call,,facebook,cpc,campaign_08,,,2025-10-19 06:50:32,2025-11-06 10:29:37,2025-11-06 10:29:37,false
11641,de6d4f39-cd0c-7586-1cae-8ac7ebf9c85b,79,1004,Deal 11641,lost,,,,,Course A - Foundation,Hybrid,A02,Demo expectation,,,,,,,,,,Communication: No Response,,zalo,oa,campaign_08,,,2025-02-13 20:00:44,2025-03-10 14:56:07,2025-03-10 14:56:07,false
11642,ce4307c4-2bfd-dbf9-3849-8d35c329732b,224,1003,Deal 11642,won,18000000,,,,Program G - Professional,Hybrid,G06,Demo expectation,,,,,,,,,,,,,,,,,2025-10-28 04:28:43,2025-11-24 16:53:57,2025-11-24 16:53:57,false
11643,e0632508-b367-a133-8a01-30dbf8a9cf5d,91,1003,Deal 11643,open,,,,,Course A - Foundation,Hybrid,A11,,,,,,,,,,,,,facebook,cpc,campaign_01,,,2026-09-27 11:00:00,2026-09-27 11:00:00,,false
11644,1d7216bf-389e-0e30-2690-9126c9bc5d2c,224,1002,Deal 11644,won,8000000,,,,Course D - Advanced,Online,,,,,,,,,,,,,,facebook,fanpage,campaign_01,,,2026-09-27 11:00:00,2026-09-27 12:00:00,2026-09-27 12:00:00,false
11645,9e2fd4af-b18f-bcd3-83d9-7b4cb245ab9c,224,1001,Deal 11645,won,5000000,,,,Course B - Foundation,Offline,B08,,,,,,,,,,,,,google,cpc,campaign_12,,,2026-03-19 04:17:59,2026-04-19 21:03:59,2026-04-19 21:03:59,false
11646,820740e7-07a1-012a-e8f8-6e430b996908,224,1003,Deal 11646,won,9350000.0,,,,Combo: Course A + Course C,Offline,Course02,Demo expectation,EARLYBIRD,,,,,,,,,,,inbox,inbox,campaign_03,,,2025-02-24 14:02:50,2025-03-12 18:57:23,2025-03-12 18:57:23,false
11647,7ee6990b-932d-6b2f-cfc0-426b843efe2f,77,1002,Deal 11647,lost,,,,,Course D - Advanced,Hybrid,D02,Demo expectation,,,,,,,,,,Communication: Not Connected: Không liên hệ được,,facebook,cpc,campaign_05,,,2025-03-15 06:46:13,2025-03-18 08:46:13,2025-03-18 08:46:13,false
11648,d98c9dc3-4b67-2fac-2986-04bce009a2cd,78,1001,Deal 11648,lost,,,,,Course A - Foundation,Hybrid,A05,Demo expectation,EARLYBIRD,,,,,,,,,Communication: Not Connected: Không liên hệ được,,,,,,,2025-10-31 01:03:40,2025-11-03 05:49:48,2025-11-03 05:49:48,false
11649,ffdb3a38-52e6-ef74-150b-d1d8f882c326,80,1004,Deal 11649,lost,,,,,Course C - Advanced,Offline,C08,,,,,,,,,,,Budget: Not willing to pay,,,,,,,2026-02-28 10:28:56,2026-03-23 00:24:42,2026-03-23 00:24:42,false
11650,7677a166-d644-e9ae-7936-931e9771d80b,79,1001,Deal 11650,open,,,,,Course E - Specialist,Offline,E12,Demo expectation,,,,,,,,,,,,,,,,,2026-09-15 18:38:34,2026-09-19 13:31:33,,false
11651,82278cac-0cfe-7cdf-e872-c5573d9049bb,224,1004,Deal 11651,won,6800000.0,,,,Course D - Advanced,Offline,D03,,EARLYBIRD,,,,,,,,,,,,,,,,2025-05-05 22:44:36,2025-06-14 19:42:06,2025-06-14 19:42:06,false
11652,fe0f1bc9-768a-ceb7-a3b3-207c597e2005,91,1004,Deal 11652,lost,,,,,Course C - Advanced,Offline,C02,Demo expectation,EARLYBIRD,,,,,,,,,Bad Timing: Không sắp xếp được thời gian học,,blog,organic,campaign_04,,,2025-02-17 14:17:12,2025-03-07 23:40:06,2025-03-07 23:40:06,false
11653,668b28da-8222-cd7f-36e6-ba8519abdc15,224,1001,Deal 11653,won,4250000.0,,,,Course B - Foundation,Hybrid,B10,,EARLYBIRD,,,,,,,,,,,email,newsletter,campaign_08,,,2026-06-09 19:22:11,2026-07-17 02:38:56,2026-07-17 02:38:56,false
11654,3608428a-5668-9e24-fe39-0df5fe2ee066,224,1002,Deal 11654,won,2500000,,,,Course F - Short course,Offline,F11,,,,,,,,,,,,,homepage,organic,campaign_02,,,2026-08-17 19:40:47,2026-09-20 22:59:48,2026-09-20 22:59:48,false
11655,2fd81782-99a1-a943-16d9-aa91e4f96c65,77,1003,Deal 11655,lost,,,,,Course D - Advanced,Offline,,Demo expectation,,,,,,,,,,Trash: Đăng ký trùng deal,,email,newsletter,campaign_01,,,2025-08-09 13:02:41,2025-08-09 18:02:41,2025-08-09 18:02:41,false
11656,d48f842b-e2d8-8847-6d34-cd77a59040c7,224,1003,Deal 11656,won,8000000,,,,Course D - Advanced,Online,D06,,EARLYBIRD,,,,,,,,,,,homepage,organic,campaign_06,,,2025-09-24 02:33:36,2025-10-17 19:51:54,2025-10-17 19:51:54,false
11657,faae7f71-0be2-3972-5d2d-b4f932978c7d,78,1001,Deal 11657,lost,,,,,Course A - Foundation,Online,A03,Demo expectation,,,,,,,,,,Communication: Not Connected: Không liên hệ được,,,,,,,2025-04-21 05:42:37,2025-05-07 01:37:52,2025-05-07 01:37:52,false
11658,dbe83664-302f-420e-f874-05cab22f2e91,78,1004,Deal 11658,lost,,,,,Course B - Foundation,Online,B06,,EARLYBIRD,,,,,,,,,Sales Process: Sales không follow-up khách,,facebook,cpc,campaign_02,,,2025-11-17 01:29:40,2025-11-22 22:10:28,2025-11-22 22:10:28,false
11659,f082c877-2fc6-2e86-769e-2dc42599a284,222,1002,Deal 11659,won,2500000,,,,Course F - Short course,Offline,,,,,,,,,,,,,,facebook,cpc,campaign_06,,,2025-11-13 08:22:34,2025-12-04 19:26:03,2025-12-04 19:26:03,false
11660,397e8bfb-d3ec-2149-35f2-e2543e144f6a,224,1004,Deal 11660,won,2500000,,Cựu học viên,,Course F - Short course,Offline,F08,,EARLYBIRD,,,,,,,,,,,,,,,,2026-01-01 07:08:56,2026-01-22 11:50:31,2026-01-22 11:50:31,false
11661,5646a1b6-4a42-2ebd-d16c-ad10f48edce4,79,1002,Deal 11661,lost,,,,,Course A - Foundation,Online,A04,,,,,,,,,,,Communication: Ghosted After Demo/Call,,,,,,,2025-06-30 17:52:08,2025-07-12 04:45:59,2025-07-12 04:45:59,false
11662,86043d41-31e7-ca38-e280-65d7bc496467,224,1003,Deal 11662,won,4500000.0,,,,Course B - Foundation,Offline,,Demo expectation,REFERRAL,,,,,,,,,,,blog,organic,campaign_01,,,2025-07-07 23:36:29,2025-07-23 02:51:26,2025-07-23 02:51:26,false
11663,138c549c-c53a-cbfc-8bc7-393e23065b37,224,1001,Deal 11663,won,5000000,,,,Course B - Foundation,Online,,,,,,,,,,,,,,facebook,cpc,campaign_07,,,2025-06-29 06:38:48,2025-07-21 08:37:24,2025-07-21 08:37:24,false
11664,50fcfdaa-274b-369e-d252-44876b709287,224,1002,Deal 11664,won,9500000,,,,Course E - Specialist,Hybrid,E04,,,,,,,,,,,,,email,newsletter,campaign_05,,,2025-05-30 23:30:05,2025-06-16 09:49:25,2025-06-16 09:49:25,false
11665,3506880f-676c-f539-c9be-f3d72b1b0f52,224,1003,Deal 11665,won,5000000,,,,Course B - Foundation,Online,B02,,REFERRAL,,,,,,,,,,,google,cpc,campaign_04,,,2025-01-27 17:52:09,2025-02-15 00:51:01,2025-02-15 00:51:01,false
11666,56591909-309c-5b52-6424-90201bbd3427,78,1004,Deal 11666,lost,,,,,Combo: Course A + Course C,Hybrid,Course02,Demo expectation,EARLYBIRD,,,,,,,,,Communication: Not Connected: Không liên hệ được,,google,cpc,campaign_03,,,2025-03-03 01:34:15,2025-03-06 07:01:24,2025-03-06 07:01:24,false
11667,6624f8ed-ed96-5f31-8bef-2ae1f87339cc,77,1001,Deal 11667,lost,,,,,Course F - Short course,Online,F09,,,,,,,,,,,Trash: Đăng ký trùng deal,,,,,,,2026-04-01 21:31:00,2026-04-01 23:31:00,2026-04-01 23:31:00,false
11668,4458b006-332c-ce0a-0e7d-a698ab95c72f,79,1002,Deal 11668,lost,,,,,Course A - Foundation,Online,A07,Demo expectation,REFERRAL,,,,,,,,,Bad Timing: Không sắp xếp được thời gian học,,email,newsletter,campaign_07,,,2026-01-02 05:19:58,2026-01-07 23:01:26,2026-01-07 23:01:26,false
11669,fab6ad91-bacf-7cfc-9245-1cc41bfb3b3d,78,1003,Deal 11669,lost,,,,,Program G - Professional,Offline,G09,Demo expectation,,,,,,,,,,Communication: Not Connected: Không liên hệ được,,zalo,oa,campaign_01,,,2026-03-31 23:49:06,2026-04-05 21:47:22,2026-04-05 21:47:22,false
11670,18011cfb-52fd-641f-3b6e-33f795a85dc0,92,1003,Deal 11670,lost,,,,,Course A - Foundation,Hybrid,A06,Demo expectation,,,,,,,,,,Choose Competitor: Không học online,,google,cpc,campaign_08,,,2025-12-26 19:56:49,2026-02-11 11:52:12,2026-02-11 11:52:12,false
11671,2dc84e80-a90b-dc3a-036e-c6cb8941069b,224,1002,Deal 11671,won,11000000,,,,Combo: Course A + Course C,Offline,Course09,,REFERRAL,,,,,,,,,,,facebook,cpc,campaign_09,,,2026-04-08 22:05:03,2026-05-12 07:12:46,2026-05-12 07:12:46,false
11672,c59de4aa-b5ed-7ce8-2ddf-26751235d52e,216,1002,Deal 11672,lost,,,,,Program G - Professional,Online,G07,Demo expectation,EARLYBIRD,,,,,,,,,Communication: No Response,,facebook,cpc,campaign_08,,,2025-12-25 09:50:40,2025-12-26 11:50:40,2025-12-26 11:50:40,false
11673,484c6265-4458-ce41-51d1-fedfac7c2bca,79,1004,Deal 11673,lost,,,,,Course A - Foundation,Offline,A08,,EARLYBIRD,,,,,,,,,Budget: Giá quá cao,,homepage,organic,campaign_09,,,2026-04-21 16:59:40,2026-04-30 17:37:04,2026-04-30 17:37:04,false
11674,dfefe149-c93e-1531-a87a-90a75e1e57ee,222,1002,Deal 11674,won,18000000,,,,Program G - Professional,Hybrid,G08,Demo expectation,,,,,,,,,,,,facebook,fanpage,campaign_11,,,2026-02-07 09:18:46,2026-03-05 02:10:36,2026-03-05 02:10:36,false
11675,e60aada1-51fd-198f-3c06-57a9fd04a25c,227,1003,Deal 11675,open,,,,,Course A - Foundation,Hybrid,A10,Demo expectation,,,,,,,,,,,,facebook,cpc,campaign_01,,,2026-08-03 18:51:35,2026-08-17 05:56:03,,false
11676,e85d8eda-d50d-12c2-4ca3-795517b022c7,78,1002,Deal 11676,lost,,,,,Course A - Foundation,Hybrid,,,,,,,,,,,,Sales Process: Sales không follow-up khách,,facebook,cpc,campaign_11,,,2025-07-02 22:20:54,2025-07-06 21:56:21,2025-07-06 21:56:21,false
11677,532bbb65-b4a6-747e-bccf-caf9d78f95c3,80,1003,Deal 11677,lost,,,,,Course A - Foundation,Hybrid,,Demo expectation,EARLYBIRD,,,,,,,,,Choose Competitor: Đã đi học bên khác,,facebook,cpc,campaign_04,,,2025-03-12 07:14:57,2025-03-18 00:06:33,2025-03-18 00:06:33,false
11678,6c776e95-0b98-1ccd-12b2-102d940c3503,79,1003,Deal 11678,lost,,,,,Program G - Professional,Offline,G09,Demo expectation,REFERRAL,,,,,,,,,Budget: Giá quá cao,,facebook,cpc,campaign_05,,,2026-03-07 14:01:00,2026-03-16 23:03:14,2026-03-16 23:03:14,false
11679,6fa579d0-ee1f-18ac-b701-001e2412a2ab,224,1003,Deal 11679,won,4500000,,,,Course A - Foundation,Offline,A05,Demo expectation,REFERRAL,,,,,,,,,,,facebook,cpc,campaign_05,,,2025-10-24 08:29:56,2025-11-09 05:49:44,2025-11-09 05:49:44,false
11680,25679f2a-1227-b7ac-cdca-6befdbd34a94,92,1004,Deal 11680,lost,,,,,Course F - Short course,Offline,F10,,,,,,,,,,,Budget: Giá quá cao,,blog,organic,campaign_06,,,2026-05-07 21:58:40,2026-06-09 09:26:42,2026-06-09 09:26:42,false
11681,deaddc99-f8f3-90f4-8956-c35c99761ae3,224,1001,Deal 11681,won,18000000,,Cựu học viên,,Program G - Professional,Offline,,Demo expectation,,,,,,,,,,,,facebook,cpc,campaign_08,,,2025-11-14 03:49:39,2025-12-01 04:20:23,2025-12-01 04:20:23,false
11682,9338e35d-9020-8d23-86ff-96f2e9701e00,78,1004,Deal 11682,lost,,,,,Program G - Professional,Offline,G09,,,,,,,,,,,Communication: Not Connected: Không liên hệ được,,zalo,oa,campaign_09,,,2026-02-22 16:15:25,2026-03-03 11:10:56,2026-03-03 11:10:56,false
11683,32f75350-f9a7-32dc-5d1c-19061090dc9d,77,1004,Deal 11683,open,,,,,Course C - Advanced,Offline,C08,Demo expectation,,,,,,,,,,,,facebook,fanpage,campaign_07,,,2026-02-24 19:10:57,2026-02-24 19:10:57,,false
11684,f086424a-fbfb-d9f9-8da4-f9166fa87369,78,1003,Deal 11684,lost,,,,,Course B - Foundation,Online,B02,Demo expectation,REFERRAL,,,,,,,,,Communication: Not Connected: Không liên hệ được,,facebook,fanpage,campaign_10,,,2025-02-22 08:16:33,2025-02-28 05:46:49,2025-02-28 05:46:49,false
11685,beffe333-fe6b-01fc-3e2d-de07f877389b,79,1001,Deal 11685,lost,,,,,Course C - Advanced,Offline,C07,,EARLYBIRD,,,,,,,,,Budget: Giá quá cao,,blog,organic,campaign_12,,,2025-12-02 16:41:56,2025-12-09 07:18:35,2025-12-09 07:18:35,false
11686,d18183d1-ac2b-0cfc-c5c5-1060991121e7,224,1004,Deal 11686,won,2500000,,,,Course F - Short course,Offline,F02,Demo expectation,REFERRAL,,,,,,,,,,,google,cpc,campaign_06,,,2025-02-17 14:18:38,2025-03-30 06:04:32,2025-03-30 06:04:32,false
11687,a3c91d29-0873-015b-72ef-ea42edd7ef2d,79,1002,Deal 11687,lost,,,,,Course B - Foundation,Online,B06,,,,,,,,,,,Communication: No Response,,google,cpc,campaign_05,,,2025-11-09 00:07:28,2025-11-13 10:36:40,2025-11-13 10:36:40,false
11688,7801792b-a53a-43d6-1ef5-40d6f5d98936,78,1003,Deal 11688,lost,,,,,Combo: Course A + Course C,Online,Course10,,,,,,,,,,,Communication: Not Connected: Không liên hệ được,,blog,organic,campaign_05,,,2026-06-10 21:22:46,2026-06-18 19:21:16,2026-06-18 19:21:16,false
11689,3e4616c2-2887-e9be-36f5-1698cbee70fb,91,1004,Deal 11689,lost,,,,,Course A - Foundation,Offline,A10,Demo expectation,,,,,,,,,,Bad Timing: Không sắp xếp được thời gian học,,blog,organic,campaign_11,,,2026-07-16 03:59:41,2026-07-30 06:30:09,2026-07-30 06:30:09,false
11690,026b5383-a301-ec03-0e5d-8c6a79db7862,79,1001,Deal 11690,lost,,,,,Course F - Short course,Online,,Demo expectation,REFERRAL,,,,,,,,,Communication: No Response,,blog,organic,campaign_02,,,2025-10-08 13:59:23,2025-10-17 22:02:27,2025-10-17 22:02:27,false
11691,015a749b-686c-d27d-fd59-7efd3d1401de,78,1004,Deal 11691,lost,,,,,Course F - Short course,Offline,,Demo expectation,,,,,,,,,,Communication: Not Connected: Không liên hệ được,,email,newsletter,campaign_07,,,2025-03-30 08:25:04,2025-04-05 00:47:42,2025-04-05 00:47:42,false
11692,cbc72f1a-cf08-ea54-b429-9924c0986750,79,1001,Deal 11692,lost,,,,,Combo: Course A + Course C,Online,Course09,,,,,,,,,,,Communication: Ghosted After Demo/Call,,,,,,,2026-04-02 07:28:04,2026-04-12 14:27:22,2026-04-12 14:27:22,false
11693,ff4c96d6-71f2-ce8f-b69f-68c3e60fd420,224,1004,Deal 11693,won,3825000.0,,,,Course A - Foundation,Offline,,Demo expectation,EARLYBIRD,,,,,,,,,,,email,newsletter,campaign_12,,,2026-04-06 09:08:08,2026-04-25 19:09:05,2026-04-25 19:09:05,false
11694,720d576f-0d96-30be-5580-885a54b279cd,222,1001,Deal 11694,won,2125000.0,,,,Course F - Short course,Offline,F11,,,,,,,,,,,,,zalo,oa,campaign_02,,,2026-07-16 00:40:58,2026-08-31 05:10:25,2026-08-31 05:10:25,false
11695,b79f18eb-b2e1-3d23-41c9-62f214aed155,79,1004,Deal 11695,lost,,,,,Course B - Foundation,Online,B09,Demo expectation,REFERRAL,,,,,,,,,Communication: No Response,,,,,,,2026-04-27 06:01:48,2026-05-06 19:50:08,2026-05-06 19:50:08,false
11696,8ed6ad5e-1831-8aa3-5466-9d1910df9974,78,1001,Deal 11696,lost,,,Cựu học viên,,Course F - Short course,Offline,F12,,,,,,,,,,,Sales Process: Sales không follow-up khách,,facebook,fanpage,campaign_01,,,2026-09-27 11:00:00,2026-09-27 12:00:00,2026-09-27 12:00:00,false
11697,5db96490-2c6b-2108-ba9b-519a3772d3a3,224,1004,Deal 11697,won,6375000.0,,,,Course C - Advanced,Offline,C07,Demo expectation,REFERRAL,,,,,,,,,,,facebook,cpc,campaign_02,,,2026-01-20 22:09:00,2026-02-26 18:48:11,2026-02-26 18:48:11,false
11698,32cb28ba-6ddd-5c02-d213-7565aa94a1d4,76,1005,Deal 11698,won,8075000.0,,,,Course E - Specialist,Offline,E09,Demo expectation,,,,,,,,,,,,google,cpc,campaign_06,,,2026-03-20 04:56:05,2026-04-21 17:15:53,2026-04-21 17:15:53,false
11699,f7bcbc14-9241-9671-da2f-c99ba923895d,78,1001,Deal 11699,lost,,,,,Course D - Advanced,Offline,,,REFERRAL,,,,,,,,,Trash: Không có nhu cầu,,facebook,fanpage,campaign_12,,,2026-01-22 07:41:14,2026-01-26 22:43:47,2026-01-26 22:43:47,false
11700,09de91c6-734f-c539-4fd3-60ea4f49a94a,224,1001,Deal 11700,won,4500000.0,,,,Course B - Foundation,Offline,,,,,,,,,,,,,,email,newsletter,campaign_04,,,2025-12-23 16:13:20,2026-01-14 00:55:42,2026-01-14 00:55:42,false
11701,b3378e70-5f4f-2723-ea2a-aae960a69e36,224,1003,Deal 11701,won,8000000,,,,Course D - Advanced,Hybrid,,Demo expectation,,,,,,,,,,,,zalo,oa,campaign_10,,,2026-07-16 20:54:53,2026-08-04 08:47:42,2026-08-04 08:47:42,false
11702,3e84455f-a755-3468-de74-e1224aed4cc8,224,1004,Deal 11702,won,2500000,,,,Course F - Short course,Online,F03,Demo expectation,,,,,,,,,,,,,,,,,2025-04-02 04:28:29,2025-05-21 13:13:53,2025-05-21 13:13:53,false
11703,437956f8-eb8a-cd15-1f2d-3573cfea9738,77,1003,Deal 11703,lost,,,,,Course A - Foundation,Offline,,Demo expectation,,,,,,,,,,Trash: Không có nhu cầu,,facebook,cpc,campaign_06,,,2025-11-24 15:28:41,2025-11-26 20:28:41,2025-11-26 20:28:41,false
11704,90ae41e4-1a6a-d169-1386-5151b0921979,224,1002,Deal 11704,won,2500000,,,,Course F - Short course,Hybrid,,,,,,,,,,,,,,facebook,cpc,campaign_04,,,2025-07-31 23:25:04,2025-09-06 19:36:45,2025-09-06 19:36:45,false
11705,a8ff9d12-1b8f-5512-be05-2644aa924983,79,1004,Deal 11705,lost,,,,,Course C - Advanced,Hybrid,C02,,REFERRAL,,,,,,,,,Communication: Ghosted After Demo/Call,,,,,,,2025-02-21 13:59:01,2025-02-25 17:20:03,2025-02-25 17:20:03,false
11706,3948fe22-022a-adda-cd05-79e299e4704c,79,1003,Deal 11706,lost,,,,,Combo: Course A + Course C,Online,Course05,Demo expectation,EARLYBIRD,,,,,,,,,Low engagement: Không còn nhu cầu học,,facebook,cpc,campaign_01,,,2025-08-21 16:33:16,2025-08-27 02:34:44,2025-08-27 02:34:44,false
11707,d4d7b736-4120-ae49-4f29-d580bf87d026,224,1004,Deal 11707,won,11000000,,Cựu học viên,,Combo: Course A + Course C,Online,Course08,Demo expectation,,,,,,,,,,,,facebook,fanpage,campaign_04,,,2026-02-21 20:19:08,2026-03-17 14:37:39,2026-03-17 14:37:39,false
11708,e1909c43-4e82-263e-6467-8700790003b9,80,1001,Deal 11708,open,,,,,Course F - Short course,Hybrid,F02,,EARLYBIRD,,,,,,,,,,,facebook,cpc,campaign_08,,,2025-02-26 11:44:15,2025-03-13 06:07:07,,false
11709,e4509dd3-d4bf-4f30-eb26-cc824324887e,78,1004,Deal 11709,lost,,,,,Course F - Short course,Offline,F11,Demo expectation,,,,,,,,,,Communication: Not Connected: Không liên hệ được,,google,cpc,campaign_06,,,2026-08-17 02:54:46,2026-08-22 02:14:38,2026-08-22 02:14:38,false
11710,c2492e5e-005f-d0e6-55c3-b2dbf374190d,78,1003,Deal 11710,lost,,,,,Course D - Advanced,Hybrid,D05,,,,,,,,,,,Sales Process: Sales không follow-up khách,,,,,,,2025-09-11 15:53:21,2025-09-18 09:52:26,2025-09-18 09:52:26,false
11711,66a466d4-94c8-a69d-44b1-a1ee794836f2,224,1004,Deal 11711,won,15300000.0,,,,Program G - Professional,Hybrid,,,REFERRAL,,,,,,,,,,,facebook,cpc,campaign_04,,,2025-07-19 23:03:16,2025-08-15 15:36:45,2025-08-15 15:36:45,false
11712,13106665-aec2-bb19-fbc3-98d82d6bc882,224,1001,Deal 11712,won,4500000.0,,,,Course B - Foundation,Hybrid,B09,,REFERRAL,,,,,,,,,,,facebook,fanpage,campaign_10,,,2026-03-31 07:06:32,2026-04-17 18:43:53,2026-04-17 18:43:53,false
11713,fb1fb5e8-6c9e-7b87-63a6-b06fed871e96,224,1001,Deal 11713,won,11000000,,,,Combo: Course A + Course C,Hybrid,Course04,Demo expectation,,,,,,,,,,,,facebook,cpc,campaign_09,,,2025-06-27 22:24:13,2025-07-25 22:41:14,2025-07-25 22:41:14,false
11714,9a24beb8-6295-b041-4bfa-f1db7cffc54b,224,1004,Deal 11714,won,6750000.0,,,,Course C - Advanced,Online,,Demo expectation,EARLYBIRD,,,,,,,,,,,google,cpc,campaign_04,,,2026-08-09 23:47:58,2026-09-02 02:43:56,2026-09-02 02:43:56,false
11715,75692fd5-d1a5-83c4-b6ee-ac6130dd57bd,77,1002,Deal 11715,lost,,,,,Combo: Course A + Course C,Offline,,Demo expectation,,,,,,,,,,Communication: Invalid Contact,,facebook,cpc,campaign_09,,,2025-08-04 19:55:25,2025-08-06 03:55:25,2025-08-06 03:55:25,false
11716,a1aae0f9-8719-4c22-0f8e-abcec6d69a44,77,1004,Deal 11716,lost,,,,,Course C - Advanced,Online,C10,,,,,,,,,,,Trash: Không có nhu cầu,,facebook,cpc,campaign_07,,,2026-07-18 02:30:50,2026-07-19 03:30:50,2026-07-19 03:30:50,false
11717,3aecf60f-341f-e701-0633-c388757e1b17,224,1003,Deal 11717,won,6800000.0,,,,Course D - Advanced,Hybrid,D10,,REFERRAL,,,,,,,,,,,facebook,cpc,campaign_10,,,2026-07-24 15:15:25,2026-08-08 22:04:55,2026-08-08 22:04:55,false
11718,5683a36a-b2a3-f8e5-9bab-29cf284e8078,79,1002,Deal 11718,open,,,,,Course E - Specialist,Offline,E11,,REFERRAL,,,,,,,,,,,facebook,fanpage,campaign_05,,,2026-08-01 21:51:34,2026-08-07 05:12:44,,false
11719,f57cefc8-2f5d-6fd6-0de2-01b231fb18bc,75,1006,Deal 11719,lost,,,,,Course E - Specialist,Hybrid,E11,,,,,,,,,,,Communication: No Response,,,,,,,2026-08-24 05:54:50,2026-09-04 20:27:04,2026-09-04 20:27:04,false
11720,cfc3845b-1464-cda8-dbf7-fa26e9b89caf,224,1001,Deal 11720,won,4050000.0,,,,Course A - Foundation,Offline,A03,,,,,,,,,,,,,inbox,inbox,campaign_04,,,2025-05-22 18:58:45,2025-06-15 13:28:59,2025-06-15 13:28:59,false
11721,ee5b6379-213f-a67b-1976-34e5054bffbb,78,1004,Deal 11721,lost,,,,,Course A - Foundation,Online,,,,,,,,,,,,Communication: Not Connected: Không liên hệ được,,facebook,cpc,campaign_07,,,2025-09-16 03:47:41,2025-09-23 20:15:01,2025-09-23 20:15:01,false
11722,35078c5d-cb62-f5b6-9342-3b4f8add06f9,224,1003,Deal 11722,won,3825000.0,,,,Course A - Foundation,Online,,,EARLYBIRD,,,,,,,,,,,blog,organic,campaign_09,,,2026-02-02 22:29:31,2026-02-28 13:27:20,2026-02-28 13:27:20,false
11723,35a853a9-9165-911e-5db9-34337cf52bcc,91,1001,Deal 11723,lost,,,,,Course D - Advanced,Hybrid,D08,Demo expectation,REFERRAL,,,,,,,,,Bad Timing: No Immediate Priority,,facebook,fanpage,campaign_04,,,2026-03-08 07:51:03,2026-03-18 13:21:50,2026-03-18 13:21:50,false
11724,afc8d769-026e-6d11-4251-d2f020a89260,79,1002,Deal 11724,lost,,,,,Course C - Advanced,Hybrid,,Demo expectation,EARLYBIRD,,,,,,,,,Bad Timing: Không sắp xếp được thời gian học,,facebook,cpc,campaign_08,,,2025-10-14 20:46:55,2025-10-18 14:57:39,2025-10-18 14:57:39,false
11725,f92ad086-555f-9eff-3fb9-c537792b9356,224,1002,Deal 11725,won,4050000.0,,,,Course A - Foundation,Offline,A07,Demo expectation,,,,,,,,,,,,facebook,cpc,campaign_12,,,2026-02-18 21:05:16,2026-03-05 22:13:50,2026-03-05 22:13:50,false
11726,2e54ca50-25e8-c83d-8d5d-e8d9249031eb,77,1001,Deal 11726,lost,,,,,Course F - Short course,Offline,F03,Demo expectation,,,,,,,,,,Trash: Đăng ký trùng deal,,facebook,cpc,campaign_03,,,2025-04-21 05:47:23,2025-04-21 08:47:23,2025-04-21 08:47:23,false
11727,c2171498-1d26-b39d-1355-a620d9afa521,224,1004,Deal 11727,won,5000000,,,,Course B - Foundation,Hybrid,B12,Demo expectation,,,,,,,,,,,,facebook,cpc,campaign_05,,,2026-08-25 20:32:54,2026-09-20 11:09:11,2026-09-20 11:09:11,false
11728,4358ce3f-b01f-90e7-6b0c-7da509efa19b,224,1004,Deal 11728,won,4250000.0,,,,Course B - Foundation,Hybrid,B03,,,,,,,,,,,,,google,cpc,campaign_04,,,2025-04-05 09:09:22,2025-04-30 10:25:11,2025-04-30 10:25:11,false
11729,b88b1d28-6085-040b-90c8-e07d667a8b94,80,1003,Deal 11729,lost,,,,,Course A - Foundation,Online,A05,,,,,,,,,,,Budget: Not willing to pay,,facebook,fanpage,campaign_03,,,2025-08-29 04:36:16,2025-09-16 05:36:10,2025-09-16 05:36:10,false
11730,8d5a9549-34f3-ab8e-1891-e25c2418c7fd,91,1003,Deal 11730,lost,,,,,Course D - Advanced,Online,D06,Demo expectation,,,,,,,,,,Bad Timing: No Immediate Priority,,,,,,,2025-10-28 02:37:47,2025-11-26 02:16:26,2025-11-26 02:16:26,false
11731,6ff0a020-3f5d-49d9-5b4a-be4bf364b799,224,1003,Deal 11731,won,11000000,,,,Combo: Course A + Course C,Online,,,EARLYBIRD,,,,,,,,,,,zalo,oa,campaign_07,,,2025-02-08 07:50:48,2025-03-12 04:24:49,2025-03-12 04:24:49,false
11732,684344a1-f3c1-114d-4e8a-10cb277b71ea,76,1006,Deal 11732,won,5000000,,,,Course B - Foundation,Hybrid,B07,,,,,,,,,,,,,,,,,,2025-12-03 16:43:45,2025-12-28 12:00:26,2025-12-28 12:00:26,false
11733,6b13ad0a-5673-28bc-55cf-185a4667b057,224,1004,Deal 11733,won,5000000,,,,Course B - Foundation,Hybrid,,Demo expectation,,,,,,,,,,,,facebook,fanpage,campaign_10,,,2025-01-29 13:41:19,2025-02-25 07:32:55,2025-02-25 07:32:55,false
11734,2afcc87e-1ff4-9019-ac4a-770107d7a393,78,1004,Deal 11734,lost,,,,,Course C - Advanced,Online,,,,,,,,,,,,Communication: Not Connected: Không liên hệ được,,facebook,cpc,campaign_02,,,2026-01-22 19:44:05,2026-01-30 19:14:23,2026-01-30 19:14:23,false
11735,78a118df-0088-ca76-0d25-c8d0fde90c2d,79,1004,Deal 11735,lost,,,Cựu học viên,,Course D - Advanced,Hybrid,,Demo expectation,REFERRAL,,,,,,,,,Communication: Ghosted After Demo/Call,,,,,,,2025-12-05 18:23:50,2025-12-11 22:03:52,2025-12-11 22:03:52,false
11736,12af97e4-c536-c66e-fcc4-091bf45707c6,224,1001,Deal 11736,won,2500000,,,,Course F - Short course,Hybrid,F11,,,,,,,,,,,,,facebook,cpc,campaign_12,,,2026-07-20 05:13:24,2026-08-13 03:59:17,2026-08-13 03:59:17,false
11737,a0c4e637-565e-a7b8-9514-e86e54ad2b86,77,1003,Deal 11737,lost,,,,,Course E - Specialist,Online,E07,Demo expectation,,,,,,,,,,Communication: Not Connected: Không liên hệ được,,homepage,organic,campaign_10,,,2026-01-04 05:49:53,2026-01-05 06:49:53,2026-01-05 06:49:53,false
11738,cc445778-f86e-92d6-1456-a858df63bcb2,91,1002,Deal 11738,lost,,,,,Combo: Course A + Course C,Hybrid,Course11,Demo expectation,,,,,,,,,,Bad Timing: Không sắp xếp được thời gian học,,,,,,,2026-07-16 10:43:41,2026-07-24 22:37:06,2026-07-24 22:37:06,false
11739,ea057652-a747-4ee9-409b-9de533cf79ba,77,1003,Deal 11739,lost,,,,,Course B - Foundation,Hybrid,,,,,,,,,,,,Trash: Không có nhu cầu,,facebook,fanpage,campaign_06,,,2025-06-22 10:07:28,2025-06-27 11:07:28,2025-06-27 11:07:28,false
11740,46997fc2-7de5-0d45-cb00-ebbfaf0545d3,76,1005,Deal 11740,won,2500000,,,,Course F - Short course,Hybrid,F02,Demo expectation,EARLYBIRD,,,,,,,,,,,facebook,fanpage,campaign_08,,,2025-02-27 23:11:55,2025-03-28 20:47:28,2025-03-28 20:47:28,false
11741,e7f8cdfa-8c26-0259-7eac-652a78224ffa,91,1001,Deal 11741,lost,,,,,Course B - Foundation,Hybrid,B09,Demo expectation,,,,,,,,,,Bad Timing: No Immediate Priority,,,,,,,2026-04-20 11:30:37,2026-05-07 09:00:46,2026-05-07 09:00:46,false
11742,e3e3e73b-5987-5c7d-0151-ccb01b6f1a9e,222,1003,Deal 11742,won,2500000,,,,Course F - Short course,Offline,F10,,,,,,,,,,,,,email,newsletter,campaign_06,,,2026-06-15 07:17:48,2026-07-23 02:56:29,2026-07-23 02:56:29,false
11743,98139b31-2d38-9d1f-6716-d461307fc576,224,1003,Deal 11743,won,8550000.0,,,,Course E - Specialist,Online,E10,,,,,,,,,,,,,facebook,cpc,campaign_02,,,2026-06-01 08:50:59,2026-07-17 02:27:56,2026-07-17 02:27:56,false
11744,3cb29bf1-0b73-ca1c-d1dc-01e5a9a14475,222,1004,Deal 11744,won,4500000.0,,,,Course B - Foundation,Offline,B06,,EARLYBIRD,,,,,,,,,,,email,newsletter,campaign_03,,,2025-11-14 08:15:20,2025-12-07 06:54:10,2025-12-07 06:54:10,false
11745,9e85c200-a86b-bcdb-583e-4b4b51c91bec,224,1004,Deal 11745,won,3825000.0,,,,Course A - Foundation,Online,,Demo expectation,,,,,,,,,,,,facebook,cpc,campaign_06,,,2026-02-20 08:28:00,2026-04-12 10:17:13,2026-04-12 10:17:13,false
11746,54aba577-e331-1ee6-696c-5060cbb474a3,224,1002,Deal 11746,won,4050000.0,,,,Course A - Foundation,Online,A05,,EARLYBIRD,,,,,,,,,,,email,newsletter,campaign_06,,,2025-09-23 18:29:29,2025-10-16 05:40:58,2025-10-16 05:40:58,false
11747,1754bf08-43d7-5413-a939-ebd1e516b0d4,92,1004,Deal 11747,open,,,,,Course B - Foundation,Online,B12,,,,,,,,,,,,,facebook,cpc,campaign_03,,,2026-09-27 11:00:00,2026-09-27 11:00:00,,false
11748,4fa3230b-9c71-aebd-b725-f18d9224e427,80,1003,Deal 11748,lost,,,,,Program G - Professional,Offline,G08,,,,,,,,,,,Relevance: Use Case Misfit: Nhu cầu không đúng với sản phẩm,,,,,,,2026-01-15 08:19:48,2026-02-07 02:23:10,2026-02-07 02:23:10,false
11749,11c3138b-70c6-9b42-df0f-f647067ab1d7,222,1003,Deal 11749,won,7500000,,,,Course C - Advanced,Online,,,,,,,,,,,,,,,,,,,2025-06-30 16:00:26,2025-07-13 01:15:35,2025-07-13 01:15:35,false
11750,5832c8de-521b-e8c2-30c3-ef8a592ab43d,224,1002,Deal 11750,won,4500000,,,,Course A - Foundation,Hybrid,A10,Demo expectation,,,,,,,,,,,,zalo,oa,campaign_11,,,2026-08-17 01:07:36,2026-09-02 10:49:55,2026-09-02 10:49:55,false
11751,f140ab80-37b0-f8be-4283-ab426ab26bc8,224,1003,Deal 11751,won,16200000.0,,,,Program G - Professional,Offline,G05,,REFERRAL,,,,,,,,,,,facebook,fanpage,campaign_02,,,2025-08-13 07:24:14,2025-08-31 05:12:09,2025-08-31 05:12:09,false
11752,c4341bc0-0015-36f0-bfcc-1b3450cea9b7,80,1002,Deal 11752,lost,,,,,Course B - Foundation,Offline,B12,Demo expectation,REFERRAL,,,,,,,,,Relevance: Use Case Misfit: Nhu cầu không đúng với sản phẩm,,facebook,cpc,campaign_02,,,2026-09-27 11:00:00,2026-09-27 12:00:00,2026-09-27 12:00:00,false
11753,d504882c-d6d2-1f63-623d-45f4c1ef6252,79,1004,Deal 11753,lost,,,,,Course B - Foundation,Hybrid,B10,Demo expectation,,,,,,,,,,Low engagement: Không còn nhu cầu học,,homepage,organic,campaign_02,,,2026-05-18 13:45:05,2026-05-30 00:38:54,2026-05-30 00:38:54,false
11754,ed7bd78d-bc67-7747-2e2a-485c97382a4d,224,1002,Deal 11754,won,7500000,,,,Course C - Advanced,Online,,Demo expectation,,,,,,,,,,,,,,,,,2025-05-17 21:19:49,2025-06-07 21:20:47,2025-06-07 21:20:47,false
11755,00a62f7b-1647-a849-0344-a6839a8caa40,224,1004,Deal 11755,won,8000000,,,,Course D - Advanced,Offline,D07,,,,,,,,,,,,,inbox,inbox,campaign_11,,,2025-12-29 00:17:21,2026-01-23 08:14:51,2026-01-23 08:14:51,false
11756,0b8ce21f-9728-9c5e-0734-a4030fb97b5d,76,1007,Deal 11756,won,11000000,,,,Combo: Course A + Course C,Offline,Course10,Demo expectation,,,,,,,,,,,,homepage,organic,campaign_12,,,2026-06-08 06:22:20,2026-06-26 06:06:32,2026-06-26 06:06:32,false
11757,21bd1db7-4858-73c1-7f29-7630bbcaa210,76,1006,Deal 11757,won,18000000,,,,Program G - Professional,Hybrid,,,,,,,,,,,,,,facebook,fanpage,campaign_02,,,2025-07-16 22:18:33,2025-07-22 18:31:58,2025-07-22 18:31:58,false
11758,eb84e764-1aba-9ef9-e995-888cb3054c89,224,1001,Deal 11758,won,15300000.0,,,,Program G - Professional,Hybrid,G06,,,,,,,,,,,,,,,,,,2025-10-18 00:52:53,2025-11-19 04:20:29,2025-11-19 04:20:29,false
11759,f67ebec9-842f-2c4b-6096-29e6aabe05a3,79,1003,Deal 11759,open,,,,,Combo: Course A + Course C,Hybrid,Course11,Demo expectation,,,,,,,,,,,,facebook,cpc,campaign_09,,,2026-08-31 00:58:23,2026-09-03 03:11:50,,false
11760,baec2ca3-4fdc-8ac8-1395-8e2f6d279518,227,1002,Deal 11760,open,,,,,Course C - Advanced,Hybrid,,,EARLYBIRD,,,,,,,,,,,facebook,cpc,campaign_01,,,2026-03-07 12:13:02,2026-03-18 16:23:18,,false
11761,cac4d0eb-3373-730e-fc31-a5971f119c0f,79,1002,Deal 11761,lost,,,,,Course F - Short course,Online,F07,Demo expectation,,,,,,,,,,Communication: No Response,,facebook,cpc,campaign_12,,,2025-11-25 11:03:33,2025-12-09 00:23:04,2025-12-09 00:23:04,false
11762,b0acb9ba-da78-f4c5-26b3-a03ae57513a5,79,1003,Deal 11762,open,,,,,Course A - Foundation,Offline,,Demo expectation,,,,,,,,,,,,email,newsletter,campaign_02,,,2026-09-27 05:30:30,2026-09-27 11:00:00,,false
11763,141de088-52fd-8d5b-04f6-7d6801263258,222,1004,Deal 11763,won,4500000,,,,Course A - Foundation,Hybrid,A03,,,,,,,,,,,,,,,,,,2025-05-08 17:46:02,2025-06-09 07:11:40,2025-06-09 07:11:40,false
11764,2d7c1657-ac60-8144-6cb5-329960e86fd5,224,1002,Deal 11764,won,7500000,,,,Course C - Advanced,Hybrid,C02,Demo expectation,,,,,,,,,,,,,,,,,2025-03-16 16:23:04,2025-04-08 21:12:04,2025-04-08 21:12:04,false
11765,22620589-42c4-c311-3cbc-eeee2402bd52,78,1003,Deal 11765,lost,,,,,Course C - Advanced,Online,C03,Demo expectation,REFERRAL,,,,,,,,,Trash: Không có nhu cầu,,google,cpc,campaign_01,,,2025-04-23 07:38:24,2025-04-26 17:59:34,2025-04-26 17:59:34,false
11766,f2e9702d-11e9-cdaa-6e69-81a35d3d9e56,76,1007,Deal 11766,won,9350000.0,,,,Combo: Course A + Course C,Hybrid,Course10,Demo expectation,REFERRAL,,,,,,,,,,,facebook,cpc,campaign_05,,,2026-06-08 11:51:01,2026-06-20 08:18:27,2026-06-20 08:18:27,false
11767,331bd602-9dd0-ce04-0485-742a6d22313c,224,1003,Deal 11767,won,5000000,,,,Course B - Foundation,Offline,B03,Demo expectation,,,,,,,,,,,,,,,,,2025-04-17 14:32:44,2025-06-08 07:35:27,2025-06-08 07:35:27,false
11768,84266a05-6417-9ff7-b93d-05259d8958ce,224,1004,Deal 11768,won,6800000.0,,,,Course D - Advanced,Online,D07,Demo expectation,EARLYBIRD,,,,,,,,,,,homepage,organic,campaign_09,,,2025-12-21 23:15:19,2026-01-15 23:20:15,2026-01-15 23:20:15,false
11769,07cdc1e3-6c4d-79e0-8ab0-d57f4f41be69,77,1002,Deal 11769,lost,,,,,Course A - Foundation,Offline,A09,Demo expectation,EARLYBIRD,,,,,,,,,Communication: Not Connected: Không liên hệ được,,homepage,organic,campaign_03,,,2026-06-05 07:39:54,2026-06-10 09:39:54,2026-06-10 09:39:54,false
11770,635b729c-eb2a-e08b-8780-d6caddebd8d4,224,1004,Deal 11770,won,8000000,,,,Course D - Advanced,Hybrid,D11,Demo expectation,REFERRAL,,,,,,,,,,,email,newsletter,campaign_10,,,2026-07-27 22:29:32,2026-08-22 15:42:49,2026-08-22 15:42:49,false
11771,b3522c18-45aa-9503-73e8-8db69e2383d0,78,1004,Deal 11771,lost,,,,,Course A - Foundation,Offline,A05,,REFERRAL,,,,,,,,,Communication: Not Connected: Không liên hệ được,,email,newsletter,campaign_04,,,2025-10-16 14:29:25,2025-10-21 22:47:38,2025-10-21 22:47:38,false
11772,216aebcf-a616-dde4-b388-300a3e20718a,224,1004,Deal 11772,won,2125000.0,,,,Course F - Short course,Online,F04,,,,,,,,,,,,,facebook,cpc,campaign_07,,,2025-06-15 17:01:51,2025-07-06 20:37:48,2025-07-06 20:37:48,false
11773,c37a927b-abe0-5b22-13dc-a1542b1fc2ab,76,1005,Deal 11773,won,11000000,,,,Combo: Course A + Course C,Offline,Course09,Demo expectation,,,,,,,,,,,,facebook,cpc,campaign_11,,,2026-04-29 21:59:22,2026-05-13 22:57:48,2026-05-13 22:57:48,false
11774,3c253eb3-e62e-54eb-878a-b369e2e44a01,91,1002,Deal 11774,lost,,,,,Course E - Specialist,Online,E04,Demo expectation,,,,,,,,,,Bad Timing: Không sắp xếp được thời gian học,,facebook,cpc,campaign_08,,,2025-06-16 05:37:59,2025-07-03 11:08:12,2025-07-03 11:08:12,false
11775,e47c666a-b04d-ee79-4ff6-308a91356bfe,78,1001,Deal 11775,lost,,,,,Combo: Course A + Course C,Hybrid,,Demo expectation,,,,,,,,,,Sales Process: Sales không follow-up khách,,homepage,organic,campaign_11,,,2026-02-11 00:29:04,2026-02-14 23:20:42,2026-02-14 23:20:42,false
11776,77d468ea-e0bd-d765-56d4-4952ee29e80e,222,1004,Deal 11776,won,4500000,,,,Course A - Foundation,Hybrid,A09,Demo expectation,,,,,,,,,,,,inbox,inbox,campaign_11,,,2026-06-03 05:43:02,2026-06-24 09:15:58,2026-06-24 09:15:58,false
11777,4def1085-a2ba-ec1a-2654-0ba453d05823,78,1004,Deal 11777,lost,,,,,Program G - Professional,Offline,G05,Demo expectation,,,,,,,,,,Communication: Not Connected: Không liên hệ được,,blog,organic,campaign_08,,,2025-08-17 06:01:56,2025-08-18 15:20:17,2025-08-18 15:20:17,false
11778,8a02711e-02f3-e4d0-eeb8-c6eb700affff,221,1003,Deal 11778,lost,,,,,Course A - Foundation,Hybrid,A06,,,,,,,,,,,Communication: No Response,,,,,,,2025-11-09 19:07:12,2025-12-07 16:15:08,2025-12-07 16:15:08,false
11779,f7bcbc14-9241-9671-da2f-c99ba923895d,79,1003,Deal 11779,lost,,,,,Combo: Course A + Course C,Online,,Demo expectation,,,,,,,,,,Low engagement: Không còn nhu cầu học,,facebook,cpc,campaign_05,,,2025-12-23 15:54:49,2026-01-06 09:39:04,2026-01-06 09:39:04,false
11780,00f0f7fe-b8e7-bcf5-854c-0d1f43470982,224,1003,Deal 11780,won,8000000,,,,Course D - Advanced,Online,D07,Demo expectation,EARLYBIRD,,,,,,,,,,,facebook,cpc,campaign_12,,,2025-11-24 19:11:45,2025-12-06 19:03:28,2025-12-06 19:03:28,false
11781,9ea87552-c475-66bf-8f66-0bbd54fc286f,77,1001,Deal 11781,open,,,,,Course A - Foundation,Hybrid,A11,,,,,,,,,,,,,email,newsletter,campaign_02,,,2026-09-12 01:19:41,2026-09-12 01:19:41,,false
11782,c566aa81-b15e-54f6-d4d3-07952e4bebc4,219,1001,Deal 11782,lost,,,,,Combo: Course A + Course C,Offline,Course07,Demo expectation,,,,,,,,,,Budget: Giá quá cao,,facebook,cpc,campaign_09,,,2025-11-28 04:25:42,2025-12-05 19:20:10,2025-12-05 19:20:10,false
11783,62f32fae-a63f-cf12-e226-a768de0e9c53,78,1002,Deal 11783,lost,,,,,Course B - Foundation,Online,B02,,EARLYBIRD,,,,,,,,,Communication: Not Connected: Không liên hệ được,,blog,organic,campaign_02,,,2025-03-06 05:29:53,2025-03-09 06:17:13,2025-03-09 06:17:13,false
11784,4a27ebf2-8baa-f744-a08d-d21be3954cb1,79,1003,Deal 11784,lost,,,,,Course B - Foundation,Hybrid,,Demo expectation,EARLYBIRD,,,,,,,,,Communication: No Response,,facebook,fanpage,campaign_09,,,2026-08-04 04:29:34,2026-08-12 10:41:47,2026-08-12 10:41:47,false
11785,0f962dde-4b1b-e774-9519-fd53586126fe,224,1001,Deal 11785,won,4500000,,,,Course A - Foundation,Online,A07,Demo expectation,REFERRAL,,,,,,,,,,,homepage,organic,campaign_04,,,2026-02-24 12:18:48,2026-04-01 20:07:27,2026-04-01 20:07:27,false
11786,ce339ee0-15b5-2510-abfb-9abfeb34e953,77,1004,Deal 11786,lost,,,,,Course F - Short course,Hybrid,F09,Demo expectation,REFERRAL,,,,,,,,,Communication: Invalid Contact,,google,cpc,campaign_05,,,2026-03-26 20:16:29,2026-03-26 21:16:29,2026-03-26 21:16:29,false
11787,45b75b82-cf08-6740-701d-2fe41b186be4,78,1003,Deal 11787,lost,,,,,Course F - Short course,Hybrid,F03,Demo expectation,,,,,,,,,,Trash: Không có nhu cầu,,facebook,cpc,campaign_08,,,2025-05-15 22:40:39,2025-05-21 06:38:13,2025-05-21 06:38:13,false
11788,db6ba39b-36dd-9529-f704-d72fc7a2f280,224,1003,Deal 11788,won,2250000.0,,,,Course F - Short course,Offline,F10,Demo expectation,EARLYBIRD,,,,,,,,,,,google,cpc,campaign_05,,,2026-05-04 00:10:58,2026-05-29 22:37:56,2026-05-29 22:37:56,false
11789,838b54b4-909b-fa8d-230c-77f15be66e9e,77,1002,Deal 11789,lost,,,,,Course A - Foundation,Hybrid,A03,,,,,,,,,,,Trash: Không có nhu cầu,,,,,,,2025-04-16 00:02:06,2025-04-21 05:02:06,2025-04-21 05:02:06,false
11790,103056b7-9e4c-24dd-b864-a47ba43447fb,76,1007,Deal 11790,won,4050000.0,,,,Course A - Foundation,Hybrid,A05,Demo expectation,EARLYBIRD,,,,,,,,,,,inbox,inbox,campaign_01,,,2025-08-25 06:17:10,2025-09-11 21:43:40,2025-09-11 21:43:40,false
11791,e4d43692-5bfa-2c97-4c4c-2c7db08122b0,79,1004,Deal 11791,lost,,,,,Course B - Foundation,Hybrid,,,,,,,,,,,,Bad Timing: Không sắp xếp được thời gian học,,,,,,,2026-01-20 09:58:49,2026-01-27 21:59:01,2026-01-27 21:59:01,false
11792,0f25477d-a559-90e7-4910-fade52380bf2,78,1001,Deal 11792,open,,,,,Combo: Course A + Course C,Online,Course03,Demo expectation,,,,,,,,,,,,homepage,organic,campaign_03,,,2025-04-28 18:16:31,2025-05-10 18:54:23,,false
11793,944bc909-55dc-22ed-53b4-e9a8878548f5,80,1004,Deal 11793,lost,,,,,Course D - Advanced,Hybrid,D08,Demo expectation,,,,,,,,,,Choose Competitor: Đã đi học bên khác,,google,cpc,campaign_01,,,2026-03-18 20:29:46,2026-04-25 16:22:52,2026-04-25 16:22:52,false
11794,7323eab3-0554-b144-57f1-480a546bc509,77,1004,Deal 11794,open,,,,,Course A - Foundation,Hybrid,A02,,REFERRAL,,,,,,,,,,,facebook,cpc,campaign_06,,,2025-02-09 22:51:55,2025-02-09 22:51:55,,false
11795,c5ea7727-95ce-8a80-8eed-7ac976f3e6e1,80,1004,Deal 11795,lost,,,,,Course D - Advanced,Online,,Demo expectation,REFERRAL,,,,,,,,,Budget: Not willing to pay,,google,cpc,campaign_10,,,2026-07-25 02:19:12,2026-08-06 00:24:21,2026-08-06 00:24:21,false
11796,f67ebec9-842f-2c4b-6096-29e6aabe05a3,79,1003,Deal 11796,lost,,,,,Course E - Specialist,Hybrid,E11,,EARLYBIRD,,,,,,,,,Low engagement: Không còn nhu cầu học,,facebook,fanpage,campaign_04,,,2026-08-30 09:22:51,2026-09-10 14:38:13,2026-09-10 14:38:13,false
11797,50026d68-e70d-c8b8-df33-1eb0e8ff561f,77,1003,Deal 11797,lost,,,,,Program G - Professional,Online,,Demo expectation,,,,,,,,,,Communication: Invalid Contact,,,,,,,2025-05-25 16:16:27,2025-05-29 00:16:27,2025-05-29 00:16:27,false
11798,ceacd779-9538-e035-4157-abecfdecc58d,77,1001,Deal 11798,lost,,,,,Course F - Short course,Online,F02,Demo expectation,REFERRAL,,,,,,,,,Trash: Đăng ký trùng deal,,,,,,,2025-03-14 05:24:54,2025-03-16 07:24:54,2025-03-16 07:24:54,false
11799,bdb85b97-44e0-5787-5550-f4eaa86bf8b5,224,1004,Deal 11799,won,18000000,,,,Program G - Professional,Offline,G12,Demo expectation,,,,,,,,,,,,facebook,cpc,campaign_10,,,2026-08-21 06:45:08,2026-09-10 10:46:33,2026-09-10 10:46:33,false
11800,49b39bed-dfc3-d424-b5aa-591f7e360082,80,1003,Deal 11800,open,,,,,Course B - Foundation,Offline,B12,,REFERRAL,,,,,,,,,,,zalo,oa,campaign_09,,,2026-09-19 13:16:51,2026-09-27 11:00:00,,false
11801,32f75350-f9a7-32dc-5d1c-19061090dc9d,224,1003,Deal 11801,won,7200000.0,,,,Course D - Advanced,Offline,D08,,,,,,,,,,,,,,,,,,2026-02-25 20:10:31,2026-03-26 01:53:36,2026-03-26 01:53:36,false
11802,f10230ac-1ea7-f1b1-f13c-ba45ae219765,78,1001,Deal 11802,lost,,,,,Course C - Advanced,Hybrid,C10,Demo expectation,EARLYBIRD,,,,,,,,,Sales Process: Sales không follow-up khách,,email,newsletter,campaign_01,,,2026-06-26 13:30:25,2026-07-02 04:07:34,2026-07-02 04:07:34,false
11803,30544160-908b-b7f9-9d91-21b29ea62325,224,1003,Deal 11803,won,11000000,,,,Combo: Course A + Course C,Online,Course06,Demo expectation,,,,,,,,,,,,google,cpc,campaign_03,,,2025-10-14 09:29:58,2025-11-19 06:58:45,2025-11-19 06:58:45,false
11804,02e7b683-4cf2-7f33-e637-1a1ba16f9a2a,222,1001,Deal 11804,won,4500000,,,,Course A - Foundation,Hybrid,,Demo expectation,EARLYBIRD,,,,,,,,,,,inbox,inbox,campaign_12,,,2026-02-11 03:31:29,2026-03-02 01:52:02,2026-03-02 01:52:02,false
11805,243113fd-8e19-0d07-dff0-b9bf8db3c2c1,222,1003,Deal 11805,won,8000000,,,,Course D - Advanced,Offline,D10,,REFERRAL,,,,,,,,,,,google,cpc,campaign_02,,,2026-07-13 15:03:14,2026-07-24 11:12:14,2026-07-24 11:12:14,false
11806,71a6014c-5f3c-44dc-5ef7-87b8f2e6195f,224,1002,Deal 11806,won,4050000.0,,,,Course A - Foundation,Offline,A02,,REFERRAL,,,,,,,,,,,facebook,cpc,campaign_07,,,2025-02-01 00:57:26,2025-02-28 18:43:35,2025-02-28 18:43:35,false
11807,14611ef1-42bf-18d2-2a17-879a67a79886,224,1001,Deal 11807,won,4500000,,,,Course A - Foundation,Hybrid,A11,Demo expectation,,,,,,,,,,,,,,,,,2026-09-18 12:34:34,2026-09-27 12:00:00,2026-09-27 12:00:00,false
11808,ec134367-2e97-4f7a-98f3-14cbba9a1998,92,1004,Deal 11808,lost,,,,,Course C - Advanced,Online,C04,,,,,,,,,,,Budget: Giá quá cao,,,,,,,2025-07-30 15:33:23,2025-08-21 08:15:59,2025-08-21 08:15:59,false
11809,ca7e6bd7-d3a8-17a6-e3d1-48f060a84226,78,1004,Deal 11809,lost,,,,,Course C - Advanced,Hybrid,,Demo expectation,,,,,,,,,,Communication: Not Connected: Không liên hệ được,,facebook,fanpage,campaign_02,,,2025-07-15 10:06:10,2025-07-16 01:05:44,2025-07-16 01:05:44,false
11810,2d71a040-0554-e88b-5584-92ba6d8c5504,224,1001,Deal 11810,won,8550000.0,,,,Course E - Specialist,Online,E07,,REFERRAL,,,,,,,,,,,facebook,cpc,campaign_02,,,2025-11-13 22:04:15,2025-12-06 07:36:08,2025-12-06 07:36:08,false
11811,d60f8680-a124-fdb2-97be-df31e42aa836,79,1002,Deal 11811,lost,,,,,Course E - Specialist,Offline,,Demo expectation,REFERRAL,,,,,,,,,Communication: No Response,,facebook,fanpage,campaign_01,,,2025-06-22 05:48:39,2025-06-25 12:42:23,2025-06-25 12:42:23,false
11812,dcd28b97-33ca-9a6b-ccd3-af7caf1dcfb8,78,1001,Deal 11812,lost,,,,,Combo: Course A + Course C,Offline,,Demo expectation,,,,,,,,,,Sales Process: Sales không follow-up khách,,blog,organic,campaign_02,,,2026-08-12 09:32:56,2026-08-23 18:58:21,2026-08-23 18:58:21,false
11813,aec5509c-9226-15b2-99cd-0df3a873abc8,222,1001,Deal 11813,won,8550000.0,,,,Course E - Specialist,Online,E10,,EARLYBIRD,,,,,,,,,,,facebook,fanpage,campaign_11,,,2026-06-17 04:17:33,2026-07-05 02:53:19,2026-07-05 02:53:19,false
11814,99dce819-1841-d873-634d-6e09f0ffd6b0,224,1004,Deal 11814,won,5000000,,,,Course B - Foundation,Hybrid,B07,Demo expectation,,,,,,,,,,,,facebook,cpc,campaign_03,,,2025-11-28 03:00:01,2026-01-03 11:02:12,2026-01-03 11:02:12,false
11815,0acfbd89-da3e-d15a-a4f0-708a2d0d5e1d,224,1004,Deal 11815,won,6750000.0,,,,Course C - Advanced,Online,C10,Demo expectation,REFERRAL,,,,,,,,,,,facebook,cpc,campaign_03,,,2026-06-04 20:05:41,2026-07-06 21:47:51,2026-07-06 21:47:51,false
11816,96382c45-bc95-cd43-49d8-632ad9fd99b4,224,1003,Deal 11816,won,9500000,,,,Course E - Specialist,Online,E10,Demo expectation,,,,,,,,,,,,email,newsletter,campaign_05,,,2026-06-12 01:04:17,2026-06-26 18:42:40,2026-06-26 18:42:40,false
11817,a510e644-70c4-5bc5-152c-17f038954fb9,79,1003,Deal 11817,open,,,,,Course A - Foundation,Offline,A11,Demo expectation,,,,,,,,,,,,google,cpc,campaign_11,,,2026-09-13 00:14:20,2026-09-24 06:38:18,,false
11818,ff08862c-bc66-d391-069c-d30949ad5cbb,80,1001,Deal 11818,lost,,,,,Program G - Professional,Online,G03,,EARLYBIRD,,,,,,,,,Relevance: Not ICP fit,,facebook,fanpage,campaign_02,,,2025-04-11 06:43:57,2025-04-16 13:45:41,2025-04-16 13:45:41,false
11819,d50edd86-9a7f-7500-1576-4b3e3bea22db,76,1005,Deal 11819,won,6375000.0,,,,Course C - Advanced,Offline,C02,,,,,,,,,,,,,zalo,oa,campaign_08,,,2025-02-13 07:53:30,2025-03-03 03:15:44,2025-03-03 03:15:44,false
11820,40d0e9a7-2134-928b-a376-72abb786d4cd,78,1004,Deal 11820,lost,,,,,Course F - Short course,Offline,F06,,,,,,,,,,,Trash: Không có nhu cầu,,homepage,organic,campaign_11,,,2025-10-01 22:34:49,2025-10-12 17:25:00,2025-10-12 17:25:00,false
11821,f2c1e33d-f7c2-1c20-9dbf-4277589e4b66,78,1004,Deal 11821,lost,,,,,Course D - Advanced,Online,D09,,REFERRAL,,,,,,,,,Trash: Không có nhu cầu,,google,cpc,campaign_08,,,2026-04-13 21:29:09,2026-04-14 16:37:59,2026-04-14 16:37:59,false
11822,80cfb1db-1287-e313-8f02-6c2c1b414999,76,1006,Deal 11822,won,11000000,,,,Combo: Course A + Course C,Hybrid,Course11,Demo expectation,EARLYBIRD,,,,,,,,,,,facebook,cpc,campaign_12,,,2026-08-25 13:09:18,2026-09-14 05:55:51,2026-09-14 05:55:51,false
11823,aec5509c-9226-15b2-99cd-0df3a873abc8,79,1003,Deal 11823,lost,,,,,Course F - Short course,Online,F10,,REFERRAL,,,,,,,,,Budget: Giá quá cao,,,,,,,2026-05-28 03:06:37,2026-06-12 09:49:09,2026-06-12 09:49:09,false
11824,6b2d9ccc-6279-403c-e1a2-cfe7810d5c57,76,1005,Deal 11824,won,3825000.0,,,,Course A - Foundation,Hybrid,A08,,EARLYBIRD,,,,,,,,,,,facebook,cpc,campaign_07,,,2026-04-06 00:47:29,2026-04-28 20:33:19,2026-04-28 20:33:19,false
11825,76890ed4-3a6f-d931-5358-30aa928b9e4d,79,1002,Deal 11825,lost,,,,,Course D - Advanced,Hybrid,,,EARLYBIRD,,,,,,,,,Low engagement: Không còn nhu cầu học,,facebook,cpc,campaign_06,,,2025-03-21 18:46:36,2025-03-25 16:20:55,2025-03-25 16:20:55,false
11826,72e871b3-c2d3-d967-a626-83ed6070e32e,78,1001,Deal 11826,lost,,,,,Course B - Foundation,Online,B04,,,,,,,,,,,Sales Process: Sales không follow-up khách,,facebook,cpc,campaign_01,,,2025-06-14 16:05:38,2025-06-16 09:39:11,2025-06-16 09:39:11,false
11827,e6d1fdde-979d-5820-e393-a344dbba4c4f,224,1003,Deal 11827,won,9500000,,,,Course E - Specialist,Hybrid,E10,,,,,,,,,,,,,facebook,cpc,campaign_01,,,2026-05-29 01:16:48,2026-06-30 07:32:36,2026-06-30 07:32:36,false
11828,1789be63-6746-5743-897b-303d8b074d1a,78,1004,Deal 11828,lost,,,,,Course F - Short course,Offline,F10,Demo expectation,,,,,,,,,,Sales Process: Sales không follow-up khách,,google,cpc,campaign_10,,,2026-05-28 04:29:44,2026-06-05 02:12:11,2026-06-05 02:12:11,false
11829,da786fca-c5a0-6501-935e-2c27548560db,224,1003,Deal 11829,won,2500000,,,,Course F - Short course,Online,F05,Demo expectation,,,,,,,,,,,,inbox,inbox,campaign_01,,,2025-08-03 18:02:35,2025-08-22 09:10:09,2025-08-22 09:10:09,false
11830,ddd62795-84be-35c1-e4f2-9f6739097369,77,1003,Deal 11830,lost,,,,,Combo: Course A + Course C,Hybrid,Course09,Demo expectation,EARLYBIRD,,,,,,,,,Trash: Đăng ký trùng deal,,zalo,oa,campaign_07,,,2026-04-23 16:36:45,2026-04-29 00:36:45,2026-04-29 00:36:45,false
11831,e5ece8fb-a10a-d0f7-3fa1-1c73572398eb,91,1004,Deal 11831,open,,,,,Course A - Foundation,Hybrid,A09,,,,,,,,,,,,,,,,,,2026-05-21 10:39:25,2026-06-17 10:03:35,,false
11832,973f7fd5-dca9-b10a-6d1b-5e966e648ec8,78,1003,Deal 11832,open,,,,,Course A - Foundation,Hybrid,A11,,,,,,,,,,,,,google,cpc,campaign_04,,,2026-09-26 14:19:51,2026-09-27 11:00:00,,false
11833,df2053a3-553a-0159-9cfe-e5c913c376ce,77,1001,Deal 11833,lost,,,,,Course B - Foundation,Online,B05,Demo expectation,,,,,,,,,,Trash: Không có nhu cầu,,,,,,,2025-09-05 14:17:40,2025-09-10 15:17:40,2025-09-10 15:17:40,false
11834,0aeccec7-204d-b9da-3156-7f2acef74829,78,1004,Deal 11834,lost,,,,,Course F - Short course,Offline,F10,,,,,,,,,,,Sales Process: Sales không follow-up khách,,facebook,cpc,campaign_05,,,2026-06-17 08:11:03,2026-06-21 13:55:03,2026-06-21 13:55:03,false
11835,7fe5339c-0351-dfd7-d2c3-ab9ba49bc679,224,1004,Deal 11835,won,2250000.0,,Cựu học viên,,Course F - Short course,Online,F05,,,,,,,,,,,,,facebook,cpc,campaign_07,,,2025-08-14 09:36:08,2025-09-07 07:09:16,2025-09-07 07:09:16,false
11836,d2d12566-fc82-9c09-aa00-075652e0234e,92,1004,Deal 11836,lost,,,,,Combo: Course A + Course C,Online,Course09,Demo expectation,,,,,,,,,,Budget: Giá quá cao,,facebook,cpc,campaign_01,,,2026-03-28 08:43:09,2026-04-27 23:34:11,2026-04-27 23:34:11,false
11837,19a53942-ce67-b962-548b-9bb7df8200b8,224,1003,Deal 11837,won,11000000,,,,Combo: Course A + Course C,Hybrid,Course09,Demo expectation,,,,,,,,,,,,facebook,cpc,campaign_10,,,2026-03-28 09:59:49,2026-05-01 12:13:19,2026-05-01 12:13:19,false
11838,861c53de-98e1-e160-d66c-bda120be8394,80,1004,Deal 11838,lost,,,,,Course B - Foundation,Online,B11,Demo expectation,REFERRAL,,,,,,,,,Relevance: Not ICP fit,,facebook,fanpage,campaign_04,,,2026-08-05 03:52:03,2026-08-23 02:02:14,2026-08-23 02:02:14,false
11839,8159ace5-fca9-1028-6c39-12efb9fc829f,80,1002,Deal 11839,lost,,,,,Course C - Advanced,Hybrid,C10,Demo expectation,,,,,,,,,,Relevance: Use Case Misfit: Nhu cầu không đúng với sản phẩm,,zalo,oa,campaign_07,,,2026-06-16 06:08:40,2026-06-26 08:49:29,2026-06-26 08:49:29,false
11840,9a24beb8-6295-b041-4bfa-f1db7cffc54b,72,1005,Deal 11840,open,,,,,Course F - Short course,Hybrid,,,REFERRAL,,,,,,,,,,,,,,,,2026-08-18 07:58:53,2026-08-18 07:58:53,,false
11841,c85336db-4754-c20a-902d-f7cf28efd75b,78,1002,Deal 11841,lost,,,,,Combo: Course A + Course C,Offline,Course06,,,,,,,,,,,Communication: Not Connected: Không liên hệ được,,facebook,cpc,campaign_05,,,2025-11-03 18:13:51,2025-11-12 00:15:18,2025-11-12 00:15:18,false
11842,0895df3c-7941-a6a4-6b2a-fb3a1b3851ad,79,1003,Deal 11842,open,,,,,Course A - Foundation,Offline,A11,,,,,,,,,,,,,facebook,cpc,campaign_09,,,2026-09-13 17:30:37,2026-09-18 16:57:22,,false
11843,2c7350ca-ec85-cb81-9f02-e5f4061b4492,79,1001,Deal 11843,lost,,,,,Course D - Advanced,Hybrid,,Demo expectation,,,,,,,,,,Bad Timing: Không sắp xếp được thời gian học,,facebook,cpc,campaign_01,,,2025-05-06 01:12:49,2025-05-09 16:47:56,2025-05-09 16:47:56,false
11844,c4341bc0-0015-36f0-bfcc-1b3450cea9b7,78,1001,Deal 11844,open,,,,,Course E - Specialist,Hybrid,E12,,,,,,,,,,,,,facebook,cpc,campaign_10,,,2026-09-11 03:24:33,2026-09-26 08:47:50,,false
11845,7210045a-823c-7ef9-cd85-65ce83a9c235,224,1002,Deal 11845,won,3825000.0,,,,Course A - Foundation,Offline,A02,Demo expectation,,,,,,,,,,,,,,,,,2025-02-17 08:05:40,2025-03-12 05:14:18,2025-03-12 05:14:18,false
11846,d04a8ff9-eee1-4ab3-1f5e-c4d26282a4d5,80,1001,Deal 11846,lost,,,,,Course F - Short course,Offline,F05,,,,,,,,,,,Budget: Not willing to pay,,,,,,,2025-09-07 22:47:39,2025-10-02 22:45:24,2025-10-02 22:45:24,false
11847,037be86e-f9e9-c0da-3b6a-31ce5d015d97,78,1004,Deal 11847,lost,,,,,Course A - Foundation,Online,A08,Demo expectation,,,,,,,,,,Communication: Not Connected: Không liên hệ được,,facebook,fanpage,campaign_01,,,2026-03-25 22:11:46,2026-03-27 18:44:36,2026-03-27 18:44:36,false
11848,d259f960-6ee3-5607-92ea-1324ec93e596,79,1002,Deal 11848,lost,,,Cựu học viên,,Course B - Foundation,Online,B02,,,,,,,,,,,Communication: No Response,,facebook,cpc,campaign_10,,,2025-02-17 06:06:54,2025-02-25 20:12:41,2025-02-25 20:12:41,false
11849,1ed92dca-f0f8-79c6-011b-673c3c2cef2f,224,1003,Deal 11849,won,4500000,,,,Course A - Foundation,Online,A04,Demo expectation,,,,,,,,,,,,homepage,organic,campaign_03,,,2025-08-03 21:06:16,2025-08-30 14:09:50,2025-08-30 14:09:50,false
11850,afb3e3ad-dc43-2ed5-64ca-a1c758e7edf8,77,1002,Deal 11850,lost,,,,,Program G - Professional,Hybrid,G06,Demo expectation,,,,,,,,,,Communication: Not Connected: Không liên hệ được,,google,cpc,campaign_05,,,2025-11-01 07:51:15,2025-11-05 14:51:15,2025-11-05 14:51:15,false
11851,9b7cc800-e7cb-5012-0aa6-a29883bc8530,80,1002,Deal 11851,lost,,,,,Course F - Short course,Online,F06,,EARLYBIRD,,,,,,,,,Relevance: Not ICP fit,,google,cpc,campaign_11,,,2025-10-07 00:46:46,2025-10-13 11:52:59,2025-10-13 11:52:59,false
11852,1d447f41-79e9-84e1-bdc4-d680b3c95502,224,1002,Deal 11852,won,5000000,,,,Course B - Foundation,Offline,B02,,,,,,,,,,,,,,,,,,2025-04-02 10:29:39,2025-05-20 11:26:40,2025-05-20 11:26:40,false
11853,021e2689-36c8-4263-fae9-bf9d7d8bd58a,224,1004,Deal 11853,won,11000000,,,,Combo: Course A + Course C,Offline,Course07,Demo expectation,,,,,,,,,,,,facebook,cpc,campaign_10,,,2025-12-30 21:55:58,2026-02-10 10:53:46,2026-02-10 10:53:46,false
11854,167f0607-fcc4-0681-eb1b-a9895842e17a,224,1004,Deal 11854,won,8000000,,,,Course D - Advanced,Online,D05,Demo expectation,,,,,,,,,,,,facebook,fanpage,campaign_08,,,2025-09-10 06:11:16,2025-09-19 07:24:00,2025-09-19 07:24:00,false
11855,2bd7e12e-e247-7f64-26c8-fd99fb0ee501,80,1001,Deal 11855,open,,,,,Course C - Advanced,Hybrid,C03,,,,,,,,,,,,,,,,,,2025-06-12 00:27:08,2025-06-16 21:16:35,,false
11856,4d8780d0-2dc3-e172-078b-5c055d2706bc,74,1005,Deal 11856,lost,,,,,Course F - Short course,Offline,,Demo expectation,,,,,,,,,,Bad Timing: No Immediate Priority,,facebook,fanpage,campaign_02,,,2025-06-14 12:18:13,2025-06-21 09:14:51,2025-06-21 09:14:51,false
11857,70033ea7-f54c-e27a-34be-949b13b8fad4,74,1007,Deal 11857,lost,,,,,Course A - Foundation,Online,A02,,,,,,,,,,,Bad Timing: No Immediate Priority,,email,newsletter,campaign_09,,,2025-02-22 18:12:11,2025-02-28 18:03:30,2025-02-28 18:03:30,false
11858,458c6bdd-9e70-49ff-0cd7-897f286d84e5,77,1001,Deal 11858,lost,,,,,Program G - Professional,Online,G06,,,,,,,,,,,Communication: Invalid Contact,,email,newsletter,campaign_04,,,2025-09-13 02:53:43,2025-09-14 06:53:43,2025-09-14 06:53:43,false
11859,6487af4d-91cb-9dae-274a-72255b00ae93,77,1003,Deal 11859,lost,,,,,Course E - Specialist,Hybrid,E02,Demo expectation,,,,,,,,,,Communication: Not Connected: Không liên hệ được,,email,newsletter,campaign_03,,,2025-02-18 15:46:35,2025-02-21 18:46:35,2025-02-21 18:46:35,false
11860,56adbd1c-2d0f-af7a-85b2-6663ae3fdd5f,91,1003,Deal 11860,open,,,,,Course F - Short course,Offline,F07,Demo expectation,REFERRAL,,,,,,,,,,,,,,,,2025-11-09 07:53:58,2025-11-29 02:37:31,,false
11861,4d16f049-44d7-df9a-238b-05b72b64777c,76,1005,Deal 11861,won,7500000,,,,Course C - Advanced,Offline,C11,,EARLYBIRD,,,,,,,,,,,facebook,cpc,campaign_01,,,2026-09-07 02:15:14,2026-09-27 12:00:00,2026-09-27 12:00:00,false
11862,a9611c5d-94ba-3bf2-1c54-2d78733e2137,77,1003,Deal 11862,lost,,,,,Course C - Advanced,Hybrid,C07,,,,,,,,,,,Trash: Không có nhu cầu,,facebook,fanpage,campaign_03,,,2026-02-01 01:30:13,2026-02-01 03:30:13,2026-02-01 03:30:13,false
11863,1fcfcb8e-8750-be7b-d5bb-e3a440b87dc3,78,1001,Deal 11863,open,,,,,Course C - Advanced,Offline,C09,,,,,,,,,,,,,facebook,fanpage,campaign_08,,,2026-04-22 14:47:47,2026-04-27 20:21:51,,false
11864,bc3ddbfc-3216-7340-bf95-ff33cdea6f52,224,1001,Deal 11864,won,6750000.0,,,,Course C - Advanced,Online,C02,Demo expectation,EARLYBIRD,,,,,,,,,,,facebook,fanpage,campaign_07,,,2025-02-28 12:44:06,2025-03-20 18:59:09,2025-03-20 18:59:09,false
11865,cfc3845b-1464-cda8-dbf7-fa26e9b89caf,80,1003,Deal 11865,lost,,,,,Course B - Foundation,Online,B03,,,,,,,,,,,Budget: Not willing to pay,,facebook,cpc,campaign_02,,,2025-05-13 23:29:58,2025-05-28 06:40:59,2025-05-28 06:40:59,false
11866,37a88934-23c9-44ab-babc-7d4b2a76ab82,80,1004,Deal 11866,open,,,,,Course D - Advanced,Hybrid,D11,,EARLYBIRD,,,,,,,,,,,facebook,cpc,campaign_11,,,2026-07-29 19:32:34,2026-08-09 01:41:57,,false
11867,2c1e86bb-aac0-16bd-9140-a95d62cef959,72,1007,Deal 11867,lost,,,,,Course B - Foundation,Online,B07,Demo expectation,,,,,,,,,,Bad Timing: No Immediate Priority,,facebook,cpc,campaign_08,,,2025-12-14 13:16:43,2025-12-15 17:16:43,2025-12-15 17:16:43,false
11868,a8221fae-0ca0-9c81-8f98-1207650e7547,78,1004,Deal 11868,lost,,,,,Course F - Short course,Online,,Demo expectation,,,,,,,,,,Sales Process: Sales không follow-up khách,,facebook,fanpage,campaign_08,,,2026-05-17 14:01:55,2026-05-19 07:42:33,2026-05-19 07:42:33,false
11869,2922ecb0-c8aa-e0c8-b057-31fd8916f0b7,78,1002,Deal 11869,lost,,,,,Program G - Professional,Hybrid,G06,,EARLYBIRD,,,,,,,,,Communication: Not Connected: Không liên hệ được,,google,cpc,campaign_07,,,2025-09-25 22:48:38,2025-10-02 11:40:09,2025-10-02 11:40:09,false
11870,5115d7ee-3b90-908e-7ce3-456320363a73,77,1002,Deal 11870,lost,,,,,Course F - Short course,Hybrid,F10,,,,,,,,,,,Trash: Đăng ký trùng deal,,facebook,fanpage,campaign_10,,,2026-05-27 15:40:27,2026-05-29 16:40:27,2026-05-29 16:40:27,false
11871,35078c5d-cb62-f5b6-9342-3b4f8add06f9,77,1002,Deal 11871,lost,,,,,Course A - Foundation,Online,A07,,,,,,,,,,,Trash: Không có nhu cầu,,zalo,oa,campaign_07,,,2026-01-20 21:50:45,2026-01-25 03:50:45,2026-01-25 03:50:45,false
11872,2f900058-39ca-2826-5af5-6a23627ca9f7,79,1003,Deal 11872,lost,,,,,Course A - Foundation,Offline,,Demo expectation,,,,,,,,,,Budget: Giá quá cao,,facebook,fanpage,campaign_04,,,2026-03-23 11:11:54,2026-03-31 23:37:06,2026-03-31 23:37:06,false
11873,70033ea7-f54c-e27a-34be-949b13b8fad4,224,1001,Deal 11873,won,9350000.0,,,,Combo: Course A + Course C,Hybrid,Course02,Demo expectation,REFERRAL,,,,,,,,,,,facebook,cpc,campaign_08,,,2025-02-28 18:09:35,2025-04-03 08:57:22,2025-04-03 08:57:22,false
11874,1422373f-8622-68d1-6683-e10796c044d0,91,1001,Deal 11874,lost,,,,,Course C - Advanced,Hybrid,C08,,,,,,,,,,,Bad Timing: Không sắp xếp được thời gian học,,,,,,,2026-03-09 20:53:45,2026-04-05 05:15:55,2026-04-05 05:15:55,false
11875,c7c59195-ffc3-2f83-3e21-55a2a1361c27,224,1002,Deal 11875,won,4250000.0,,,,Course B - Foundation,Offline,,Demo expectation,EARLYBIRD,,,,,,,,,,,google,cpc,campaign_08,,,2025-06-25 14:09:17,2025-07-19 02:46:03,2025-07-19 02:46:03,false
11876,5765e2bb-52ce-32e8-22b5-4f371b2e1e89,78,1003,Deal 11876,lost,,,,,Course B - Foundation,Online,B02,Demo expectation,,,,,,,,,,Trash: Không có nhu cầu,,,,,,,2025-03-31 01:19:19,2025-04-15 05:47:17,2025-04-15 05:47:17,false
11877,f7b5b05b-59c1-d16c-1fdb-563af35757c5,77,1004,Deal 11877,lost,,,,,Course A - Foundation,Online,A08,Demo expectation,EARLYBIRD,,,,,,,,,Trash: Đăng ký trùng deal,,google,cpc,campaign_05,,,2026-04-05 16:46:31,2026-04-05 22:46:31,2026-04-05 22:46:31,false
11878,a1ed075b-1ef9-d51f-e329-c5128f7d8e96,79,1003,Deal 11878,lost,,,,,Course E - Specialist,Online,E10,Demo expectation,,,,,,,,,,Budget: Giá quá cao,,,,,,,2026-05-29 23:36:31,2026-06-11 10:41:20,2026-06-11 10:41:20,false
11879,150b070a-f0c9-0c94-e602-a5e4b63d4413,222,1002,Deal 11879,won,8075000.0,,,,Course E - Specialist,Online,E09,Demo expectation,EARLYBIRD,,,,,,,,,,,,,,,,2026-03-12 01:17:26,2026-04-05 03:12:04,2026-04-05 03:12:04,false
11880,b9da5f8c-4e35-da80-a027-9a186576a410,91,1002,Deal 11880,lost,,,,,Course A - Foundation,Offline,,,EARLYBIRD,,,,,,,,,Bad Timing: No Immediate Priority,,facebook,cpc,campaign_05,,,2025-11-16 12:42:54,2025-12-19 17:26:30,2025-12-19 17:26:30,false
11881,a97c0644-239f-7c50-3afb-233e91968637,78,1003,Deal 11881,open,,,,,Course A - Foundation,Online,A10,Demo expectation,,,,,,,,,,,,facebook,cpc,campaign_07,,,2026-08-19 03:53:18,2026-08-20 19:13:47,,false
11882,8fb098f9-4c8d-03f6-2efb-118eea2c6b95,224,1002,Deal 11882,won,8075000.0,,,,Course E - Specialist,Online,E09,,,,,,,,,,,,,facebook,fanpage,campaign_03,,,2026-04-16 09:29:34,2026-04-27 02:10:22,2026-04-27 02:10:22,false
11883,22620589-42c4-c311-3cbc-eeee2402bd52,77,1002,Deal 11883,lost,,,,,Course F - Short course,Hybrid,F03,Demo expectation,,,,,,,,,,Communication: Not Connected: Không liên hệ được,,facebook,fanpage,campaign_02,,,2025-05-02 18:24:22,2025-05-04 23:24:22,2025-05-04 23:24:22,false
11884,d4721e33-885c-c793-00da-b7f849d5182c,91,1004,Deal 11884,lost,,,,,Course C - Advanced,Online,C06,,EARLYBIRD,,,,,,,,,Bad Timing: Không sắp xếp được thời gian học,,facebook,fanpage,campaign_04,,,2025-11-24 14:40:56,2025-12-05 01:22:05,2025-12-05 01:22:05,false
11885,795235ad-4ba9-9d78-b498-75d0a5b1c799,76,1008,Deal 11885,won,4050000.0,,,,Course A - Foundation,Offline,A04,Demo expectation,REFERRAL,,,,,,,,,,,facebook,fanpage,campaign_03,,,2025-06-17 07:00:32,2025-06-28 19:47:17,2025-06-28 19:47:17,false
11886,3e34d705-6ef5-357b-9217-07d1f0c0162d,224,1004,Deal 11886,won,7200000.0,,,,Course D - Advanced,Online,D04,Demo expectation,REFERRAL,,,,,,,,,,,google,cpc,campaign_01,,,2025-07-01 13:54:10,2025-07-24 10:50:14,2025-07-24 10:50:14,false
11887,89465e5b-26fa-3d5c-3678-a41a65adafab,224,1004,Deal 11887,won,2500000,,,,Course F - Short course,Online,F08,Demo expectation,,,,,,,,,,,,facebook,cpc,campaign_09,,,2026-03-02 03:07:24,2026-04-17 11:18:26,2026-04-17 11:18:26,false
11888,cee4e512-5802-b640-ab0b-4cc515f0ea19,222,1001,Deal 11888,won,2500000,,,,Course F - Short course,Offline,F08,Demo expectation,,,,,,,,,,,,,,,,,2026-02-15 13:53:38,2026-03-18 12:42:39,2026-03-18 12:42:39,false
11889,d114dda1-3082-d7e6-e6ac-e778d7b6e0a3,77,1001,Deal 11889,lost,,,,,Course A - Foundation,Offline,A06,,,,,,,,,,,Communication: Not Connected: Không liên hệ được,,facebook,fanpage,campaign_03,,,2025-12-24 17:01:53,2025-12-30 00:01:53,2025-12-30 00:01:53,false
11890,8eac0a33-cdf9-74a7-d882-b5c1f79efd70,78,1002,Deal 11890,lost,,,,,Course C - Advanced,Online,C09,Demo expectation,,,,,,,,,,Sales Process: Sales không follow-up khách,,facebook,cpc,campaign_05,,,2026-05-23 23:53:47,2026-06-03 16:19:04,2026-06-03 16:19:04,false
11891,5832c8de-521b-e8c2-30c3-ef8a592ab43d,79,1004,Deal 11891,open,,,,,Combo: Course A + Course C,Hybrid,Course11,Demo expectation,EARLYBIRD,,,,,,,,,,,facebook,fanpage,campaign_09,,,2026-08-21 12:22:20,2026-08-26 00:19:50,,false
11892,18161864-515b-045a-028a-f9a75ac8c08c,80,1001,Deal 11892,lost,,,,,Course A - Foundation,Offline,A09,Demo expectation,,,,,,,,,,Choose Competitor: Đã đi học bên khác,,facebook,cpc,campaign_07,,,2026-06-30 20:18:58,2026-07-21 19:45:27,2026-07-21 19:45:27,false
11893,e47c666a-b04d-ee79-4ff6-308a91356bfe,79,1003,Deal 11893,lost,,,,,Course A - Foundation,Hybrid,A07,,,,,,,,,,,Bad Timing: Không sắp xếp được thời gian học,,facebook,cpc,campaign_08,,,2026-02-27 11:34:46,2026-03-07 20:28:28,2026-03-07 20:28:28,false
11894,9fd60efb-fa11-f0e7-566d-56e81c86cf6f,224,1004,Deal 11894,won,5000000,,,,Course B - Foundation,Online,B02,,EARLYBIRD,,,,,,,,,,,facebook,cpc,campaign_06,,,2025-03-13 08:34:46,2025-04-16 01:38:31,2025-04-16 01:38:31,false
11895,1db14bfc-6f3a-5115-ecb4-678c16120aa6,224,1004,Deal 11895,won,9500000,,,,Course E - Specialist,Offline,E05,Demo expectation,EARLYBIRD,,,,,,,,,,,email,newsletter,campaign_02,,,2025-07-28 20:13:33,2025-08-24 02:02:19,2025-08-24 02:02:19,false
11896,ee0b349c-2946-5d29-50d3-46e80e8fb3d4,76,1008,Deal 11896,won,6375000.0,,,,Course C - Advanced,Hybrid,C02,,,,,,,,,,,,,facebook,cpc,campaign_03,,,2025-02-26 06:36:36,2025-03-14 20:56:45,2025-03-14 20:56:45,false
11897,646cd3c1-8c45-fc9e-0585-5672fdb651a6,77,1001,Deal 11897,open,,,,,Combo: Course A + Course C,Online,Course07,Demo expectation,REFERRAL,,,,,,,,,,,email,newsletter,campaign_02,,,2025-12-18 02:36:51,2025-12-18 02:36:51,,false
11898,757e2b43-af51-6850-b77e-5f7a80a233e3,77,1004,Deal 11898,lost,,,,,Program G - Professional,Hybrid,G05,Demo expectation,,,,,,,,,,Communication: Not Connected: Không liên hệ được,,facebook,cpc,campaign_08,,,2025-08-04 08:06:47,2025-08-08 10:06:47,2025-08-08 10:06:47,false
11899,8ffbcc0f-0587-29f3-7c03-af356577aba9,224,1004,Deal 11899,won,4250000.0,,,,Course B - Foundation,Online,,Demo expectation,,,,,,,,,,,,homepage,organic,campaign_09,,,2026-04-09 19:53:08,2026-05-20 12:38:01,2026-05-20 12:38:01,false
11900,95de12d5-d899-38bb-1206-994d6a4fab5f,77,1001,Deal 11900,open,,,,,Course A - Foundation,Online,A02,Demo expectation,,,,,,,,,,,,facebook,cpc,campaign_08,,,2025-02-27 19:12:07,2025-02-27 19:12:07,,false
11901,b901aec9-51be-d16c-0dee-17619561dee0,77,1004,Deal 11901,lost,,,,,Course C - Advanced,Hybrid,C05,Demo expectation,,,,,,,,,,Trash: Không có nhu cầu,,zalo,oa,campaign_12,,,2025-09-14 19:51:33,2025-09-17 03:51:33,2025-09-17 03:51:33,false
11902,0964fbbf-8cd3-21b0-c2b0-1cfdd045dd1c,80,1003,Deal 11902,lost,,,,,Course C - Advanced,Hybrid,C09,,,,,,,,,,,Choose Competitor: Đã đi học bên khác,,facebook,fanpage,campaign_09,,,2026-05-28 15:55:31,2026-06-11 21:08:22,2026-06-11 21:08:22,false
11903,d483c353-69b2-1ef3-f203-d2c49481e18a,77,1003,Deal 11903,lost,,,,,Course E - Specialist,Hybrid,E06,,EARLYBIRD,,,,,,,,,Communication: Invalid Contact,,email,newsletter,campaign_06,,,2025-10-26 16:30:31,2025-10-27 19:30:31,2025-10-27 19:30:31,false
11904,0f2c00b2-58fd-2d54-68eb-a8489d9de80a,80,1001,Deal 11904,lost,,,,,Course D - Advanced,Offline,D06,Demo expectation,EARLYBIRD,,,,,,,,,Choose Competitor: Đã đi học bên khác,,blog,organic,campaign_10,,,2025-10-30 08:14:06,2025-11-06 22:07:52,2025-11-06 22:07:52,false
11905,1eb830f6-7d93-e703-28e4-9b27ee34827a,222,1001,Deal 11905,won,2125000.0,,,,Course F - Short course,Hybrid,F01,Demo expectation,REFERRAL,,,,,,,,,,,facebook,cpc,campaign_04,,,2025-01-22 22:14:55,2025-02-14 08:06:18,2025-02-14 08:06:18,false
11906,5bb47c18-b281-87c4-aa05-5442a284e8fd,222,1001,Deal 11906,won,2500000,,,,Course F - Short course,Online,,,EARLYBIRD,,,,,,,,,,,email,newsletter,campaign_04,,,2026-03-05 13:05:05,2026-04-05 04:02:39,2026-04-05 04:02:39,false
11907,ec2530fa-98b1-d51e-725d-71f1836a2e1d,224,1003,Deal 11907,won,2500000,,,,Course F - Short course,Hybrid,F04,Demo expectation,,,,,,,,,,,,facebook,fanpage,campaign_11,,,2025-05-29 09:13:59,2025-07-16 05:11:54,2025-07-16 05:11:54,false
11908,27baa3dd-2c2b-d5a3-2e89-bdbd53691c45,224,1002,Deal 11908,won,9500000,,,,Course E - Specialist,Offline,E09,Demo expectation,,,,,,,,,,,,homepage,organic,campaign_05,,,2026-04-15 00:32:31,2026-05-21 14:24:47,2026-05-21 14:24:47,false
11909,07afb918-5020-036f-9adb-b8f179cdc59e,77,1001,Deal 11909,lost,,,,,Course B - Foundation,Offline,,,,,,,,,,,,Communication: Invalid Contact,,,,,,,2026-02-14 01:40:30,2026-02-16 05:40:30,2026-02-16 05:40:30,false
11910,c965afa7-51eb-8526-9b3b-50fbd6cf3239,224,1002,Deal 11910,won,8000000,,,,Course D - Advanced,Online,,Demo expectation,,,,,,,,,,,,,,,,,2025-11-18 17:07:06,2025-12-17 18:09:29,2025-12-17 18:09:29,false
11911,30544160-908b-b7f9-9d91-21b29ea62325,224,1002,Deal 11911,won,8000000,,,,Course D - Advanced,Offline,D06,Demo expectation,REFERRAL,,,,,,,,,,,inbox,inbox,campaign_12,,,2025-10-25 13:56:04,2025-11-24 07:43:52,2025-11-24 07:43:52,false
11912,35078c5d-cb62-f5b6-9342-3b4f8add06f9,79,1003,Deal 11912,lost,,,,,Program G - Professional,Offline,G08,Demo expectation,EARLYBIRD,,,,,,,,,Communication: Ghosted After Demo/Call,,blog,organic,campaign_04,,,2026-02-02 09:07:45,2026-02-13 04:03:27,2026-02-13 04:03:27,false
11913,bf78d7c8-56ce-3395-e362-cf128d2b73b3,224,1003,Deal 11913,won,4500000.0,,,,Course B - Foundation,Offline,,Demo expectation,,,,,,,,,,,,,,,,,2025-10-06 12:58:59,2025-10-22 11:59:31,2025-10-22 11:59:31,false
11914,f9978a8d-6ffd-9855-2f97-50590f9e5c14,222,1002,Deal 11914,won,9500000,,,,Course E - Specialist,Online,E11,Demo expectation,,,,,,,,,,,,homepage,organic,campaign_11,,,2026-08-29 17:34:45,2026-09-19 06:59:26,2026-09-19 06:59:26,false
11915,2e54ca50-25e8-c83d-8d5d-e8d9249031eb,72,1007,Deal 11915,lost,,,,,Course E - Specialist,Hybrid,E03,Demo expectation,EARLYBIRD,,,,,,,,,Communication: No Response,,facebook,cpc,campaign_12,,,2025-04-27 05:11:34,2025-05-01 10:11:34,2025-05-01 10:11:34,false
11916,f66feb4e-20dc-25c9-aa2c-64ac35a9f2b3,79,1002,Deal 11916,lost,,,,,Course C - Advanced,Offline,C10,,,,,,,,,,,Bad Timing: Không sắp xếp được thời gian học,,facebook,cpc,campaign_11,,,2026-08-02 13:23:33,2026-08-21 22:09:42,2026-08-21 22:09:42,false
11917,ae11f4e7-e605-94dd-8d42-b8e12b6c04c6,77,1002,Deal 11917,lost,,,,,Course C - Advanced,Offline,C03,,EARLYBIRD,,,,,,,,,Trash: Không có nhu cầu,,facebook,cpc,campaign_08,,,2025-04-12 14:41:47,2025-04-16 21:41:47,2025-04-16 21:41:47,false
11918,f94bb175-cc9b-8fc7-47f2-bc0d09cbba81,77,1001,Deal 11918,lost,,,,,Course B - Foundation,Offline,B03,Demo expectation,,,,,,,,,,Communication: Not Connected: Không liên hệ được,,email,newsletter,campaign_10,,,2025-04-30 17:37:43,2025-04-30 19:37:43,2025-04-30 19:37:43,false
11919,69fac666-50c7-4b31-90a6-756723f2f68f,224,1001,Deal 11919,won,18000000,,,,Program G - Professional,Hybrid,G02,,REFERRAL,,,,,,,,,,,facebook,cpc,campaign_08,,,2025-03-26 23:10:58,2025-04-17 06:09:11,2025-04-17 06:09:11,false
11920,bbdfb574-49b8-f7ba-98a7-fea2b4b2ce14,77,1001,Deal 11920,lost,,,,,Course A - Foundation,Offline,A05,,EARLYBIRD,,,,,,,,,Communication: Invalid Contact,,zalo,oa,campaign_05,,,2025-08-27 16:25:18,2025-08-27 19:25:18,2025-08-27 19:25:18,false
11921,7d2811fa-e05e-9d2f-c4aa-1dff282e4148,72,1006,Deal 11921,lost,,,,,Course D - Advanced,Online,D04,Demo expectation,EARLYBIRD,,,,,,,,,Bad Timing: No Immediate Priority,,facebook,cpc,campaign_05,,,2025-06-17 02:19:39,2025-06-20 09:19:39,2025-06-20 09:19:39,false
11922,c551b713-f24b-c2c0-c5f8-fded28ca9023,77,1003,Deal 11922,lost,,,,,Course E - Specialist,Offline,E08,Demo expectation,EARLYBIRD,,,,,,,,,Trash: Đăng ký trùng deal,,facebook,cpc,campaign_11,,,2026-03-04 19:02:47,2026-03-05 21:02:47,2026-03-05 21:02:47,false
11923,c8e60939-1d2f-ed2a-485f-78881e23da4b,224,1003,Deal 11923,won,9500000,,,,Course E - Specialist,Hybrid,E02,,EARLYBIRD,,,,,,,,,,,,,,,,2025-01-21 18:58:04,2025-02-13 18:57:33,2025-02-13 18:57:33,false
11924,2888c573-f3fd-80f2-0423-793fde3a564a,80,1001,Deal 11924,lost,,,,,Course E - Specialist,Offline,E11,,EARLYBIRD,,,,,,,,,Budget: Not willing to pay,,facebook,fanpage,campaign_02,,,2026-09-02 11:39:24,2026-09-16 14:00:29,2026-09-16 14:00:29,false
11925,3614cf93-9d6c-97f9-8844-89558f41cb36,77,1004,Deal 11925,lost,,,,,Course B - Foundation,Hybrid,B02,,,,,,,,,,,Communication: Not Connected: Không liên hệ được,,facebook,fanpage,campaign_05,,,2025-02-15 03:06:06,2025-02-16 09:06:06,2025-02-16 09:06:06,false
11926,2674fda1-66f0-c1f5-28ca-1d6f744a7cf5,80,1002,Deal 11926,lost,,,,,Course E - Specialist,Hybrid,,Demo expectation,,,,,,,,,,Choose Competitor: Đã đi học bên khác,,homepage,organic,campaign_07,,,2025-07-13 17:23:34,2025-07-25 07:20:50,2025-07-25 07:20:50,false
11927,56adbd1c-2d0f-af7a-85b2-6663ae3fdd5f,79,1004,Deal 11927,lost,,,,,Course C - Advanced,Online,C06,,EARLYBIRD,,,,,,,,,Low engagement: Không còn nhu cầu học,,facebook,fanpage,campaign_12,,,2025-11-04 05:46:31,2025-11-11 06:23:29,2025-11-11 06:23:29,false
11928,9cf2f216-539c-be4f-2d91-4e296541f574,79,1004,Deal 11928,lost,,,,,Course E - Specialist,Hybrid,,Demo expectation,EARLYBIRD,,,,,,,,,Budget: Giá quá cao,,facebook,cpc,campaign_09,,,2025-05-11 02:39:01,2025-05-19 13:07:23,2025-05-19 13:07:23,false
11929,f5530567-03e7-dd21-1d4d-46d6460d113d,76,1007,Deal 11929,won,11000000,,,,Combo: Course A + Course C,Online,Course07,,,,,,,,,,,,,facebook,cpc,campaign_07,,,2025-12-04 01:58:21,2025-12-16 23:52:23,2025-12-16 23:52:23,false
11930,d7eaa90f-2e8a-0175-6721-837f624a7cab,78,1003,Deal 11930,lost,,,Cựu học viên,,Combo: Course A + Course C,Online,Course08,,EARLYBIRD,,,,,,,,,Trash: Không có nhu cầu,,zalo,oa,campaign_01,,,2026-01-26 11:58:22,2026-01-30 22:48:51,2026-01-30 22:48:51,false
11931,af1ae1b1-e2a4-ae18-cd3c-b60f64b18f8b,78,1002,Deal 11931,lost,,,,,Course D - Advanced,Hybrid,D09,Demo expectation,,,,,,,,,,Sales Process: Sales không follow-up khách,,facebook,fanpage,campaign_12,,,2026-04-03 21:14:36,2026-04-12 06:15:37,2026-04-12 06:15:37,false
11932,0e807f03-9e5f-8378-6633-427e4feeea91,78,1001,Deal 11932,lost,,,,,Program G - Professional,Online,G06,,,,,,,,,,,Trash: Không có nhu cầu,,blog,organic,campaign_04,,,2025-09-15 23:09:59,2025-09-19 18:08:23,2025-09-19 18:08:23,false
11933,a7540837-6ae0-6e01-47ac-aec9137b41c2,222,1004,Deal 11933,won,5000000,,,,Course B - Foundation,Hybrid,B06,Demo expectation,EARLYBIRD,,,,,,,,,,,facebook,fanpage,campaign_05,,,2025-11-17 10:22:14,2025-12-24 16:40:07,2025-12-24 16:40:07,false
11934,8948db22-01fe-513a-7ba7-ab2313a95b1e,224,1001,Deal 11934,won,8000000,,,,Course D - Advanced,Offline,D02,Demo expectation,,,,,,,,,,,,zalo,oa,campaign_04,,,2025-02-07 23:38:30,2025-03-17 22:30:26,2025-03-17 22:30:26,false
11935,159b2b6b-32db-a028-4823-debeccade92e,224,1001,Deal 11935,won,9500000,,,,Course E - Specialist,Online,E10,Demo expectation,REFERRAL,,,,,,,,,,,google,cpc,campaign_03,,,2026-06-24 14:17:10,2026-08-08 11:07:24,2026-08-08 11:07:24,false
11936,69fac666-50c7-4b31-90a6-756723f2f68f,224,1001,Deal 11936,won,4500000,,,,Course A - Foundation,Offline,,,EARLYBIRD,,,,,,,,,,,,,,,,2025-03-26 08:42:30,2025-04-26 06:38:02,2025-04-26 06:38:02,false
11937,9a069295-3b8d-3447-0e61-065f171b1b80,78,1003,Deal 11937,lost,,,,,Course A - Foundation,Online,A07,Demo expectation,,,,,,,,,,Sales Process: Sales không follow-up khách,,facebook,fanpage,campaign_05,,,2026-01-06 19:56:03,2026-01-13 07:00:13,2026-01-13 07:00:13,false
11938,7bdac670-ca4c-3b4d-fc8a-de6a9051385e,77,1004,Deal 11938,lost,,,,,Course F - Short course,Hybrid,,Demo expectation,,,,,,,,,,Communication: Not Connected: Không liên hệ được,,,,,,,2026-09-11 22:28:38,2026-09-17 02:28:38,2026-09-17 02:28:38,false
11939,f04accdc-45b9-1b52-7fac-17b4065f73c1,76,1008,Deal 11939,won,8000000,,,,Course D - Advanced,Offline,D10,,REFERRAL,,,,,,,,,,,facebook,cpc,campaign_05,,,2026-07-04 11:42:54,2026-07-20 19:12:27,2026-07-20 19:12:27,false
11940,29d5ee57-e71b-ef25-7f5f-7a16158ed5c1,224,1002,Deal 11940,won,9500000,,,,Course E - Specialist,Offline,,Demo expectation,,,,,,,,,,,,,,,,,2025-08-26 03:03:26,2025-10-01 15:08:19,2025-10-01 15:08:19,false
11941,8787c3f4-ec19-e4eb-3f55-17400a2d36a6,77,1001,Deal 11941,lost,,,,,Course D - Advanced,Offline,,Demo expectation,REFERRAL,,,,,,,,,Communication: Invalid Contact,,facebook,cpc,campaign_10,,,2026-01-25 21:33:08,2026-01-29 22:33:08,2026-01-29 22:33:08,false
11942,2ab8c610-e7e3-99b8-518d-a4887d5704df,72,1006,Deal 11942,open,,,,,Course E - Specialist,Offline,E12,,,,,,,,,,,,,blog,organic,campaign_04,,,2026-09-21 12:12:40,2026-09-21 12:12:40,,false
11943,5ef97dba-e07d-0865-ef38-f3cc301f5433,224,1001,Deal 11943,won,2125000.0,,,,Course F - Short course,Online,F05,,,,,,,,,,,,,blog,organic,campaign_08,,,2025-08-24 15:48:02,2025-09-17 07:40:01,2025-09-17 07:40:01,false
11944,f68695aa-373e-2f8f-34c9-3ebfe099ab65,224,1003,Deal 11944,won,11000000,,,,Combo: Course A + Course C,Hybrid,,,,,,,,,,,,,,zalo,oa,campaign_12,,,2025-04-24 04:28:59,2025-06-03 22:47:25,2025-06-03 22:47:25,false
11945,8f0ce422-a5ee-a4a2-2cde-531f5dce8d9b,224,1004,Deal 11945,won,8075000.0,,,,Course E - Specialist,Hybrid,,Demo expectation,EARLYBIRD,,,,,,,,,,,google,cpc,campaign_02,,,2025-03-26 04:12:22,2025-05-09 20:26:19,2025-05-09 20:26:19,false
11946,186050e9-6b01-2fae-0b8a-93b126b699a6,79,1004,Deal 11946,lost,,,,,Combo: Course A + Course C,Online,Course02,,,,,,,,,,,Bad Timing: Không sắp xếp được thời gian học,,facebook,cpc,campaign_03,,,2025-02-11 01:47:09,2025-02-26 10:36:48,2025-02-26 10:36:48,false
11947,ed4e149f-7ba8-43a3-e703-4c1282b10891,77,1003,Deal 11947,lost,,,,,Course C - Advanced,Online,C08,Demo expectation,,,,,,,,,,Trash: Đăng ký trùng deal,,facebook,fanpage,campaign_09,,,2026-03-05 12:25:25,2026-03-05 17:25:25,2026-03-05 17:25:25,false
11948,0f1536da-10df-8c94-7b41-a3ad0199673b,91,1004,Deal 11948,lost,,,,,Course C - Advanced,Offline,C02,Demo expectation,,,,,,,,,,Bad Timing: No Immediate Priority,,facebook,fanpage,campaign_09,,,2025-03-02 14:11:12,2025-03-17 17:14:13,2025-03-17 17:14:13,false
11949,47e402c5-e05a-2a8a-c500-1e3ef59d2194,224,1003,Deal 11949,won,9500000,,,,Course E - Specialist,Offline,E03,,REFERRAL,,,,,,,,,,,,,,,,2025-03-30 01:01:07,2025-04-28 08:48:00,2025-04-28 08:48:00,false
11950,4f434331-01b8-e5c6-d8bc-6e12d97db059,92,1004,Deal 11950,lost,,,,,Course A - Foundation,Online,A08,Demo expectation,REFERRAL,,,,,,,,,Budget: Giá quá cao,,facebook,cpc,campaign_05,,,2026-05-03 09:29:27,2026-05-13 06:38:36,2026-05-13 06:38:36,false
11951,09a686a9-376d-353d-99ba-118b7e5e212d,222,1004,Deal 11951,won,5000000,,Cựu học viên,,Course B - Foundation,Hybrid,B05,Demo expectation,REFERRAL,,,,,,,,,,,facebook,cpc,campaign_03,,,2025-08-16 00:23:59,2025-08-27 13:52:40,2025-08-27 13:52:40,false
11952,a1f875a4-8a4b-4559-5776-5dc6994a77f9,80,1001,Deal 11952,lost,,,,,Course A - Foundation,Online,A08,Demo expectation,,,,,,,,,,Budget: Not willing to pay,,facebook,fanpage,campaign_03,,,2026-05-09 16:26:32,2026-06-01 01:14:51,2026-06-01 01:14:51,false
11953,743a37e5-1bc2-c57a-8778-bddc61746430,224,1002,Deal 11953,won,4500000,,,,Course A - Foundation,Hybrid,A04,,,,,,,,,,,,,facebook,cpc,campaign_01,,,2025-08-19 10:29:34,2025-09-28 08:33:01,2025-09-28 08:33:01,false
11954,2fdc4da3-aee5-1b7a-8b20-cc445705b300,77,1002,Deal 11954,lost,,,,,Course A - Foundation,Offline,,Demo expectation,,,,,,,,,,Trash: Không có nhu cầu,,zalo,oa,campaign_03,,,2025-11-30 21:03:25,2025-12-04 23:03:25,2025-12-04 23:03:25,false
11955,35beb95a-e136-b2f0-d699-bbbed72f1825,224,1004,Deal 11955,won,7500000,,,,Course C - Advanced,Online,C09,,,,,,,,,,,,,google,cpc,campaign_03,,,2026-05-11 17:45:08,2026-06-06 22:43:00,2026-06-06 22:43:00,false
11956,e7969939-ddf6-d6d6-8e34-73128a574378,78,1001,Deal 11956,lost,,,,,Combo: Course A + Course C,Hybrid,Course11,,,,,,,,,,,Trash: Không có nhu cầu,,,,,,,2026-07-15 06:25:10,2026-07-18 19:29:24,2026-07-18 19:29:24,false
11957,df7f6207-0e5b-6b91-0a14-a9f16db42d26,222,1002,Deal 11957,won,6375000.0,,,,Course C - Advanced,Hybrid,C08,Demo expectation,,,,,,,,,,,,,,,,,2026-02-23 18:42:32,2026-03-11 17:48:06,2026-03-11 17:48:06,false
11958,c925f7fa-1484-e9d6-5f8c-2498bcb37ddd,76,1007,Deal 11958,won,3825000.0,,,,Course A - Foundation,Online,A08,,REFERRAL,,,,,,,,,,,facebook,cpc,campaign_06,,,2026-03-20 19:54:19,2026-04-13 07:48:20,2026-04-13 07:48:20,false
11959,289ef665-c415-dec4-5230-fce98f24cf47,224,1001,Deal 11959,won,5000000,,,,Course B - Foundation,Online,B02,Demo expectation,,,,,,,,,,,,,,,,,2025-02-09 03:28:21,2025-03-19 15:33:51,2025-03-19 15:33:51,false
11960,9fd60efb-fa11-f0e7-566d-56e81c86cf6f,80,1003,Deal 11960,lost,,,Cựu học viên,,Combo: Course A + Course C,Offline,Course02,Demo expectation,,,,,,,,,,Choose Competitor: Đã đi học bên khác,,blog,organic,campaign_09,,,2025-03-17 14:48:42,2025-03-27 13:53:11,2025-03-27 13:53:11,false
11961,cdbfaa37-2c20-fb0e-e632-ef0a7ac68859,77,1002,Deal 11961,lost,,,,,Course B - Foundation,Hybrid,B07,Demo expectation,,,,,,,,,,Trash: Đăng ký trùng deal,,google,cpc,campaign_10,,,2025-12-19 06:35:13,2025-12-20 09:35:13,2025-12-20 09:35:13,false
11962,8fb9eb30-e076-e169-4ce1-5a7c99755d8d,76,1007,Deal 11962,won,8000000,,,,Course D - Advanced,Online,,Demo expectation,,,,,,,,,,,,,,,,,2025-07-12 21:28:23,2025-07-26 20:57:26,2025-07-26 20:57:26,false
11963,a0c69223-c435-9252-319d-d940838cc137,91,1001,Deal 11963,lost,,,,,Combo: Course A + Course C,Offline,,Demo expectation,REFERRAL,,,,,,,,,Bad Timing: No Immediate Priority,,homepage,organic,campaign_03,,,2026-04-29 14:04:49,2026-05-15 01:31:57,2026-05-15 01:31:57,false
11964,b88b1d28-6085-040b-90c8-e07d667a8b94,78,1002,Deal 11964,lost,,,,,Course B - Foundation,Hybrid,B05,,,,,,,,,,,Communication: Not Connected: Không liên hệ được,,facebook,cpc,campaign_10,,,2025-08-16 16:09:33,2025-08-22 20:23:15,2025-08-22 20:23:15,false
11965,b0f732d8-0fab-0fb8-210b-f60a720f1c3d,78,1002,Deal 11965,lost,,,,,Program G - Professional,Online,G04,Demo expectation,REFERRAL,,,,,,,,,Trash: Không có nhu cầu,,email,newsletter,campaign_01,,,2025-05-14 07:40:59,2025-05-18 05:23:46,2025-05-18 05:23:46,false
11966,2b901c66-9b79-9a18-e3f1-fcad6a06007d,77,1001,Deal 11966,lost,,,,,Course A - Foundation,Offline,,,,,,,,,,,,Trash: Không có nhu cầu,,google,cpc,campaign_07,,,2026-08-01 05:37:47,2026-08-02 12:37:47,2026-08-02 12:37:47,false
11967,a6a5f0ff-93fb-71d0-dd32-6d9cc9ea356a,222,1001,Deal 11967,won,4050000.0,,,,Course A - Foundation,Offline,A01,Demo expectation,EARLYBIRD,,,,,,,,,,,,,,,,2025-01-05 04:44:58,2025-02-05 13:46:59,2025-02-05 13:46:59,false
11968,6dbbf0f8-964f-05a1-a68e-851a0bcfed34,74,1007,Deal 11968,lost,,,,,Course A - Foundation,Hybrid,A03,Demo expectation,,,,,,,,,,Communication: No Response,,facebook,cpc,campaign_02,,,2025-04-09 23:01:28,2025-04-16 13:41:02,2025-04-16 13:41:02,false
11969,dfefe149-c93e-1531-a87a-90a75e1e57ee,77,1001,Deal 11969,lost,,,,,Course E - Specialist,Hybrid,E08,,EARLYBIRD,,,,,,,,,Communication: Invalid Contact,,,,,,,2026-01-22 14:57:44,2026-01-26 19:57:44,2026-01-26 19:57:44,false
11970,489ac27e-6281-03f0-1d9f-ff257e63f654,77,1004,Deal 11970,lost,,,,,Course F - Short course,Online,F07,Demo expectation,,,,,,,,,,Trash: Đăng ký trùng deal,,facebook,cpc,campaign_07,,,2025-11-22 09:49:42,2025-11-26 13:49:42,2025-11-26 13:49:42,false
11971,4729ad77-b6c0-2711-f941-aaadb10f71f5,80,1002,Deal 11971,lost,,,,,Course C - Advanced,Offline,C02,,REFERRAL,,,,,,,,,Budget: Not willing to pay,,,,,,,2025-02-09 10:07:32,2025-02-15 00:20:09,2025-02-15 00:20:09,false
11972,43b7a0ef-82c4-1c54-a8de-bd889f8acdeb,80,1001,Deal 11972,lost,,,,,Course F - Short course,Online,F06,Demo expectation,,,,,,,,,,Relevance: Use Case Misfit: Nhu cầu không đúng với sản phẩm,,homepage,organic,campaign_04,,,2025-10-25 16:54:55,2025-11-05 02:26:34,2025-11-05 02:26:34,false
11973,4b8635b2-c4a6-9c4a-b12f-daeff5a9f00c,79,1001,Deal 11973,lost,,,,,Course A - Foundation,Offline,A11,Demo expectation,EARLYBIRD,,,,,,,,,Communication: No Response,,email,newsletter,campaign_11,,,2026-09-05 01:14:32,2026-09-17 09:34:34,2026-09-17 09:34:34,false
11974,e5ceac23-aff7-188d-eada-d07f2d6b89e7,74,1005,Deal 11974,lost,,,,,Course F - Short course,Online,,Demo expectation,REFERRAL,,,,,,,,,Budget: Giá quá cao,,,,,,,2025-04-05 12:59:01,2025-04-16 03:12:41,2025-04-16 03:12:41,false
11975,7b70c3b8-a81f-dec3-279c-658a36760ce5,79,1001,Deal 11975,lost,,,,,Course D - Advanced,Online,,,REFERRAL,,,,,,,,,Communication: Ghosted After Demo/Call,,facebook,cpc,campaign_02,,,2025-12-16 07:22:12,2025-12-20 04:41:48,2025-12-20 04:41:48,false
11976,11c3138b-70c6-9b42-df0f-f647067ab1d7,79,1004,Deal 11976,open,,,,,Course B - Foundation,Hybrid,B04,Demo expectation,,,,,,,,,,,,,,,,,2025-07-19 15:54:56,2025-07-24 07:18:07,,false
11977,3ed5e52e-aa3d-2111-a123-01935c532042,78,1002,Deal 11977,lost,,,,,Course D - Advanced,Online,,Demo expectation,,,,,,,,,,Trash: Không có nhu cầu,,google,cpc,campaign_08,,,2026-04-25 13:21:24,2026-04-27 13:05:36,2026-04-27 13:05:36,false
11978,d8e88ebb-7a9e-8eef-ffa3-61be0f9240e1,224,1003,Deal 11978,won,9500000,,,,Course E - Specialist,Offline,E08,,,,,,,,,,,,,inbox,inbox,campaign_08,,,2026-01-21 15:09:26,2026-02-20 15:54:36,2026-02-20 15:54:36,false
11979,cc5015cf-7c81-ed5a-ce5a-43726574708d,77,1004,Deal 11979,lost,,,,,Course B - Foundation,Hybrid,B05,Demo expectation,EARLYBIRD,,,,,,,,,Trash: Đăng ký trùng deal,,homepage,organic,campaign_12,,,2025-09-21 16:16:47,2025-09-23 17:16:47,2025-09-23 17:16:47,false
11980,480afe9f-84a6-d693-230f-1e69034d42fd,77,1004,Deal 11980,lost,,,,,Course D - Advanced,Online,D03,Demo expectation,REFERRAL,,,,,,,,,Communication: Invalid Contact,,facebook,cpc,campaign_12,,,2025-04-26 23:01:42,2025-04-27 00:01:42,2025-04-27 00:01:42,false
11981,22620589-42c4-c311-3cbc-eeee2402bd52,224,1004,Deal 11981,won,4500000,,,,Course A - Foundation,Offline,A03,,,,,,,,,,,,,facebook,cpc,campaign_03,,,2025-04-22 02:55:17,2025-05-18 10:08:26,2025-05-18 10:08:26,false
11982,beffe333-fe6b-01fc-3e2d-de07f877389b,224,1004,Deal 11982,won,2500000,,,,Course F - Short course,Online,,Demo expectation,REFERRAL,,,,,,,,,,,facebook,cpc,campaign_08,,,2025-11-28 17:19:37,2025-12-18 11:13:08,2025-12-18 11:13:08,false
11983,5532a5c2-233c-790a-e280-70d140d1bc31,79,1001,Deal 11983,lost,,,,,Course D - Advanced,Hybrid,,Demo expectation,REFERRAL,,,,,,,,,Low engagement: Không còn nhu cầu học,,email,newsletter,campaign_06,,,2026-03-06 11:19:44,2026-03-21 04:46:35,2026-03-21 04:46:35,false
11984,026b5383-a301-ec03-0e5d-8c6a79db7862,224,1004,Deal 11984,won,9500000,,,,Course E - Specialist,Hybrid,E06,Demo expectation,REFERRAL,,,,,,,,,,,homepage,organic,campaign_06,,,2025-09-13 22:43:19,2025-10-13 08:23:55,2025-10-13 08:23:55,false
11985,62f32fae-a63f-cf12-e226-a768de0e9c53,79,1001,Deal 11985,lost,,,,,Course F - Short course,Hybrid,F02,Demo expectation,EARLYBIRD,,,,,,,,,Communication: No Response,,google,cpc,campaign_10,,,2025-02-28 14:59:58,2025-03-09 17:50:15,2025-03-09 17:50:15,false
11986,1789be63-6746-5743-897b-303d8b074d1a,76,1006,Deal 11986,won,2125000.0,,,,Course F - Short course,Hybrid,F10,Demo expectation,,,,,,,,,,,,email,newsletter,campaign_11,,,2026-05-20 09:13:38,2026-06-05 06:54:48,2026-06-05 06:54:48,false
11987,683c510e-d2ef-a93b-e9d6-bb7e361db014,77,1001,Deal 11987,lost,,,,,Program G - Professional,Online,G10,Demo expectation,,,,,,,,,,Communication: Invalid Contact,,facebook,fanpage,campaign_08,,,2026-05-28 17:24:24,2026-06-02 23:24:24,2026-06-02 23:24:24,false
11988,7ddcaaf6-ac95-adb1-ffac-54fd0345eeda,80,1004,Deal 11988,lost,,,,,Course A - Foundation,Online,A06,,,,,,,,,,,Relevance: Not ICP fit,,,,,,,2025-11-19 20:55:03,2026-01-05 16:51:29,2026-01-05 16:51:29,false
11989,e4509dd3-d4bf-4f30-eb26-cc824324887e,74,1007,Deal 11989,open,,,,,Combo: Course A + Course C,Online,Course11,Demo expectation,,,,,,,,,,,,facebook,cpc,campaign_04,,,2026-08-14 11:42:27,2026-08-21 00:31:15,,false
11990,f7bcbc14-9241-9671-da2f-c99ba923895d,76,1008,Deal 11990,won,2125000.0,,,,Course F - Short course,Offline,F07,Demo expectation,REFERRAL,,,,,,,,,,,google,cpc,campaign_02,,,2025-12-27 20:12:34,2026-01-10 23:05:06,2026-01-10 23:05:06,false
11991,7fc7b581-2748-433e-973c-45bb929ba6f8,92,1001,Deal 11991,lost,,,,,Course E - Specialist,Online,E11,Demo expectation,REFERRAL,,,,,,,,,Budget: Giá quá cao,,,,,,,2026-08-11 12:59:27,2026-09-14 03:01:02,2026-09-14 03:01:02,false
11992,84fa3889-f21f-9823-f23b-1efb0bd18d4a,91,1003,Deal 11992,open,,,,,Course D - Advanced,Offline,D11,Demo expectation,,,,,,,,,,,,,,,,,2026-08-04 08:17:09,2026-08-18 23:41:32,,false
11993,c0c52495-92bf-804e-89ca-1b2698343ead,92,1001,Deal 11993,lost,,,,,Course C - Advanced,Online,C06,Demo expectation,REFERRAL,,,,,,,,,Budget: Giá quá cao,,google,cpc,campaign_10,,,2025-10-27 10:45:23,2025-11-27 12:40:26,2025-11-27 12:40:26,false
11994,36ea525d-e0d7-68bb-080b-f99ff00c4cc5,77,1003,Deal 11994,lost,,,,,Course C - Advanced,Online,C02,Demo expectation,REFERRAL,,,,,,,,,Communication: Invalid Contact,,facebook,cpc,campaign_03,,,2025-03-09 04:51:45,2025-03-14 05:51:45,2025-03-14 05:51:45,false
11995,ee5b6379-213f-a67b-1976-34e5054bffbb,224,1004,Deal 11995,won,7500000,,,,Course C - Advanced,Offline,C05,,,,,,,,,,,,,facebook,cpc,campaign_09,,,2025-09-08 07:49:04,2025-09-27 07:20:13,2025-09-27 07:20:13,false
11996,a5689f3a-0ee1-ec9d-0087-1d180fd1be3b,224,1004,Deal 11996,won,4050000.0,,,,Course A - Foundation,Offline,A02,Demo expectation,REFERRAL,,,,,,,,,,,inbox,inbox,campaign_09,,,2025-03-07 08:20:35,2025-04-08 03:51:00,2025-04-08 03:51:00,false
11997,3a65ceed-bbf2-bd45-9252-1856b68848ea,79,1004,Deal 11997,open,,,,,Course F - Short course,Hybrid,F12,,,,,,,,,,,,,email,newsletter,campaign_05,,,2026-09-27 11:00:00,2026-09-27 11:00:00,,false
11998,a8b97820-e92c-5b92-6279-67a3753439c0,78,1003,Deal 11998,lost,,,,,Course E - Specialist,Online,E09,Demo expectation,,,,,,,,,,Communication: Not Connected: Không liên hệ được,,blog,organic,campaign_11,,,2026-04-19 18:44:08,2026-04-20 20:31:47,2026-04-20 20:31:47,false
11999,6f34f064-6f97-ebe0-6568-49f902fdadd4,80,1003,Deal 11999,lost,,,,,Course C - Advanced,Offline,C07,,,,,,,,,,,Choose Competitor: Đã đi học bên khác,,facebook,cpc,campaign_03,,,2026-01-28 03:05:25,2026-02-02 00:33:41,2026-02-02 00:33:41,false
12000,550714a7-3aac-2179-b66e-58a876421a9f,77,1002,Deal 12000,lost,,,,,Course E - Specialist,Online,E09,,,,,,,,,,,Trash: Không có nhu cầu,,google,cpc,campaign_09,,,2026-04-13 13:56:08,2026-04-18 21:56:08,2026-04-18 21:56:08,false
12001,57750d0f-5256-e276-fba7-5385a98afcb0,77,1002,Deal 12001,open,,lead cks,,,Course B - Foundation,Offline,B08,,,,,,,,,,,,,zalo,oa,campaign_05,,,2026-03-21 04:16:34,2026-03-21 04:16:34,,false
12002,2ae06f26-4fca-946a-6c6a-58e9c564956a,224,1004,Deal 12002,won,4500000,,,,Course A - Foundation,Hybrid,A06,,,,,,,,,,,,,facebook,cpc,campaign_07,,,2025-12-14 16:28:29,2025-12-26 09:07:22,2025-12-26 09:07:22,false
12003,3477e35b-22e8-0727-2939-7928a20bd299,77,1002,Deal 12003,lost,,,,,Course E - Specialist,Offline,E07,,,,,,,,,,,Trash: Không có nhu cầu,,zalo,oa,campaign_03,,,2026-01-06 15:46:01,2026-01-07 22:46:01,2026-01-07 22:46:01,false
12004,ef678fc8-2308-961b-e3e3-2e4229ac92f0,224,1002,Deal 12004,won,7200000.0,,,,Course D - Advanced,Online,D03,Demo expectation,,,,,,,,,,,,facebook,cpc,campaign_06,,,2025-05-30 20:58:01,2025-06-29 09:08:45,2025-06-29 09:08:45,false
12005,cd7182b4-d471-104f-1859-c5ae784aee43,91,1004,Deal 12005,lost,,,,,Course C - Advanced,Online,C06,Demo expectation,REFERRAL,,,,,,,,,Bad Timing: No Immediate Priority,,,,,,,2025-10-28 19:00:36,2025-11-14 16:25:10,2025-11-14 16:25:10,false
12006,f02a2956-b8b7-58b8-22d8-c08b52696eeb,224,1003,Deal 12006,won,2500000,,,,Course F - Short course,Hybrid,F12,,EARLYBIRD,,,,,,,,,,,zalo,oa,campaign_01,,,2026-09-04 00:07:43,2026-09-27 12:00:00,2026-09-27 12:00:00,false
12007,4d5ca142-0015-1f29-c78c-1b731dc68494,79,1004,Deal 12007,lost,,,,,Course D - Advanced,Online,D05,Demo expectation,,,,,,,,,,Low engagement: Không còn nhu cầu học,,google,cpc,campaign_10,,,2025-08-27 02:20:10,2025-09-01 01:36:38,2025-09-01 01:36:38,false
12008,974495e1-673a-24f6-285b-54bf8efbdb58,78,1002,Deal 12008,lost,,,,,Course E - Specialist,Online,E05,Demo expectation,REFERRAL,,,,,,,,,Sales Process: Sales không follow-up khách,,,,,,,2025-07-19 03:26:56,2025-07-28 04:22:20,2025-07-28 04:22:20,false
12009,41f8a080-d10e-19a8-b6a0-943c9a270997,77,1003,Deal 12009,lost,,,,,Course A - Foundation,Hybrid,A07,Demo expectation,,,,,,,,,,Communication: Invalid Contact,,google,cpc,campaign_06,,,2026-01-29 22:13:40,2026-02-01 23:13:40,2026-02-01 23:13:40,false
12010,5d03e927-3c76-cf5b-f9ee-56874a411b06,224,1001,Deal 12010,won,4050000.0,,,,Course A - Foundation,Hybrid,A04,,,,,,,,,,,,,homepage,organic,campaign_12,,,2025-07-01 06:55:13,2025-07-23 04:53:36,2025-07-23 04:53:36,false
12011,00a0586e-ca8d-5d5a-06de-fca8397a284f,224,1003,Deal 12011,won,4500000,,,,Course A - Foundation,Online,A03,Demo expectation,EARLYBIRD,,,,,,,,,,,facebook,cpc,campaign_06,,,2025-05-24 17:11:53,2025-07-21 00:20:07,2025-07-21 00:20:07,false
12012,5855e4a0-bfea-3d2a-88c9-82ecb3dd0cfb,77,1001,Deal 12012,lost,,,,,Course A - Foundation,Offline,A09,Demo expectation,,,,,,,,,,Trash: Đăng ký trùng deal,,blog,organic,campaign_06,,,2026-06-10 02:44:50,2026-06-11 06:44:50,2026-06-11 06:44:50,false
12013,c3ad6ffd-b447-9e70-6e4a-e0717da5b648,79,1002,Deal 12013,lost,,,,,Course D - Advanced,Online,D07,,REFERRAL,,,,,,,,,Budget: Giá quá cao,,,,,,,2025-12-23 22:21:22,2026-01-07 00:15:15,2026-01-07 00:15:15,false
12014,c5a435cb-05c2-08e0-eb05-6b48ea90f648,80,1004,Deal 12014,lost,,,,,Course E - Specialist,Online,E02,Demo expectation,,,,,,,,,,Budget: Not willing to pay,,email,newsletter,campaign_06,,,2025-01-27 13:23:12,2025-02-20 17:48:37,2025-02-20 17:48:37,false
12015,80cfb1db-1287-e313-8f02-6c2c1b414999,91,1001,Deal 12015,open,,,,,Course F - Short course,Hybrid,F12,,REFERRAL,,,,,,,,,,,google,cpc,campaign_07,,,2026-08-30 07:56:48,2026-09-27 11:00:00,,false
12016,489ac27e-6281-03f0-1d9f-ff257e63f654,224,1002,Deal 12016,won,11000000,,,,Combo: Course A + Course C,Offline,Course07,Demo expectation,,,,,,,,,,,,facebook,cpc,campaign_01,,,2025-11-26 16:21:03,2025-12-26 18:21:21,2025-12-26 18:21:21,false
12017,a319dcb4-217d-65a0-c568-11cd5563f616,77,1003,Deal 12017,open,,,,,Combo: Course A + Course C,Hybrid,Course07,,,,,,,,,,,,,facebook,cpc,campaign_06,,,2025-12-24 13:52:02,2025-12-24 13:52:02,,false
12018,478f8cad-0bcc-9032-39f2-b7a3630a3b56,77,1004,Deal 12018,open,,,,,Course B - Foundation,Hybrid,B12,Demo expectation,REFERRAL,,,,,,,,,,,,,,,,2026-09-11 21:57:52,2026-09-11 21:57:52,,false
12019,168d1def-bb92-6370-d619-e0ce69d5ddf5,224,1003,Deal 12019,won,3825000.0,,,,Course A - Foundation,Online,A09,,,,,,,,,,,,,inbox,inbox,campaign_11,,,2026-06-26 03:31:27,2026-07-27 06:40:30,2026-07-27 06:40:30,false
12020,846b31c4-4602-21ab-ccb0-2dbee609bbbc,77,1002,Deal 12020,lost,,,,,Course E - Specialist,Online,,Demo expectation,,,,,,,,,,Communication: Not Connected: Không liên hệ được,,facebook,cpc,campaign_10,,,2025-07-22 18:51:26,2025-07-22 21:51:26,2025-07-22 21:51:26,false
12021,4e307317-ccdb-3925-bfd2-ef7c3cc4fe31,224,1003,Deal 12021,won,7500000,,,,Course C - Advanced,Offline,C03,,,,,,,,,,,,,,,,,,2025-04-22 18:50:53,2025-05-20 03:23:27,2025-05-20 03:23:27,false
12022,e74da397-3df5-deff-456f-25c03ee831ac,80,1001,Deal 12022,lost,,,,,Course D - Advanced,Hybrid,D07,,,,,,,,,,,Choose Competitor: Đã đi học bên khác,,homepage,organic,campaign_05,,,2026-01-08 06:34:13,2026-02-07 18:25:41,2026-02-07 18:25:41,false
12023,9cbf4d7d-e70c-3280-6fa9-7de7619987c0,224,1004,Deal 12023,won,2500000,,,,Course F - Short course,Hybrid,F05,,,,,,,,,,,,,google,cpc,campaign_10,,,2025-08-04 09:02:23,2025-08-23 09:43:26,2025-08-23 09:43:26,false
12024,8fd7b1a1-bd4f-6118-acef-45c4de3790fb,80,1003,Deal 12024,lost,,,,,Course D - Advanced,Offline,D04,Demo expectation,,,,,,,,,,Relevance: Not ICP fit,,facebook,cpc,campaign_04,,,2025-06-15 03:07:43,2025-06-21 06:19:00,2025-06-21 06:19:00,false
12025,f7bcbc14-9241-9671-da2f-c99ba923895d,80,1002,Deal 12025,lost,,,,,Course C - Advanced,Hybrid,C07,Demo expectation,,,,,,,,,,Choose Competitor: Đã đi học bên khác,,facebook,fanpage,campaign_04,,,2025-12-22 05:40:27,2025-12-31 05:35:27,2025-12-31 05:35:27,false
12026,987a8f71-00d2-8f9f-f510-3222fab0509e,79,1003,Deal 12026,lost,,,,,Course C - Advanced,Hybrid,C04,,,,,,,,,,,Bad Timing: Không sắp xếp được thời gian học,,facebook,cpc,campaign_03,,,2025-06-24 19:30:05,2025-07-03 03:54:06,2025-07-03 03:54:06,false
12027,ec606353-f12d-2edc-e6b0-3b0ddfe9a6ee,77,1002,Deal 12027,open,,,,,Combo: Course A + Course C,Online,Course11,,,,,,,,,,,,,facebook,fanpage,campaign_01,,,2026-08-08 03:09:05,2026-08-08 03:09:05,,false
12028,914f23b4-630f-6963-cc66-7991824865e6,79,1002,Deal 12028,lost,,,,,Course E - Specialist,Offline,E04,Demo expectation,,,,,,,,,,Communication: Ghosted After Demo/Call,,homepage,organic,campaign_05,,,2025-05-05 16:57:06,2025-05-16 01:09:41,2025-05-16 01:09:41,false
12029,f92ad086-555f-9eff-3fb9-c537792b9356,92,1002,Deal 12029,lost,,,,,Course C - Advanced,Hybrid,C07,Demo expectation,,,,,,,,,,Budget: Giá quá cao,,google,cpc,campaign_09,,,2026-02-09 05:20:03,2026-02-24 18:48:14,2026-02-24 18:48:14,false
12030,e3dede31-e3a9-4b00-f6c2-4fd9921565ea,80,1003,Deal 12030,lost,,,,,Combo: Course A + Course C,Offline,,Demo expectation,,,,,,,,,,Budget: Not willing to pay,,facebook,fanpage,campaign_11,,,2026-03-11 00:43:11,2026-03-19 06:43:30,2026-03-19 06:43:30,false
12031,b41c504f-e346-f415-e526-7a2bec50ace4,80,1004,Deal 12031,open,,,,,Course A - Foundation,Online,,,REFERRAL,,,,,,,,,,,facebook,cpc,campaign_03,,,2026-08-29 07:36:47,2026-09-11 17:16:05,,false
12032,235d2722-aa78-98aa-95b2-868bac92275a,222,1003,Deal 12032,won,8000000,,,,Course D - Advanced,Online,D07,Demo expectation,REFERRAL,,,,,,,,,,,facebook,cpc,campaign_05,,,2026-01-10 21:03:00,2026-02-03 08:52:11,2026-02-03 08:52:11,false
12033,7bdac670-ca4c-3b4d-fc8a-de6a9051385e,91,1001,Deal 12033,open,,,,,Course F - Short course,Offline,F12,Demo expectation,EARLYBIRD,,,,,,,,,,,email,newsletter,campaign_12,,,2026-09-10 18:23:26,2026-09-27 11:00:00,,false
12034,c586cf84-0bf6-076a-5d37-c80098874aa7,224,1002,Deal 12034,won,9500000,,,,Course E - Specialist,Offline,E09,Demo expectation,REFERRAL,,,,,,,,,,,inbox,inbox,campaign_10,,,2026-04-05 13:33:00,2026-05-07 17:25:52,2026-05-07 17:25:52,false
12035,505c6986-97f9-580e-6e20-cc72cf460215,77,1002,Deal 12035,lost,,,,,Course C - Advanced,Online,C02,Demo expectation,EARLYBIRD,,,,,,,,,Trash: Không có nhu cầu,,google,cpc,campaign_04,,,2025-02-19 14:00:42,2025-02-22 21:00:42,2025-02-22 21:00:42,false
12036,f5321352-b544-68e4-1f2d-a344a3596667,91,1003,Deal 12036,lost,,,,,Course F - Short course,Offline,F05,Demo expectation,,,,,,,,,,Bad Timing: No Immediate Priority,,facebook,cpc,campaign_09,,,2025-08-16 15:32:48,2025-09-22 22:38:18,2025-09-22 22:38:18,false
12037,76f7d7d1-7afa-610c-8006-9f8937bda64d,224,1001,Deal 12037,won,6800000.0,,,,Course D - Advanced,Hybrid,D11,Demo expectation,,,,,,,,,,,,,,,,,2026-08-22 06:02:42,2026-09-06 05:49:53,2026-09-06 05:49:53,false
12038,8d5a9549-34f3-ab8e-1891-e25c2418c7fd,73,1006,Deal 12038,lost,,,,,Course F - Short course,Offline,F06,Demo expectation,,,,,,,,,,Budget: Giá quá cao,,google,cpc,campaign_01,,,2025-10-23 10:12:19,2025-10-25 07:31:56,2025-10-25 07:31:56,false
12039,973d1855-9a03-9d06-a9eb-0bf9850e6d30,224,1001,Deal 12039,won,4500000,,,,Course A - Foundation,Online,,,,,,,,,,,,,,homepage,organic,campaign_08,,,2026-01-28 21:43:04,2026-02-23 01:42:23,2026-02-23 01:42:23,false
12040,b31e50fc-ae94-d6be-bf6a-806aea705729,224,1003,Deal 12040,won,7200000.0,,,,Course D - Advanced,Online,D03,Demo expectation,REFERRAL,,,,,,,,,,,facebook,cpc,campaign_07,,,2025-05-02 16:37:49,2025-05-30 05:22:12,2025-05-30 05:22:12,false
12041,3b046707-855f-ecc6-f9d7-1979d767a6da,222,1003,Deal 12041,won,4500000,,,,Course A - Foundation,Hybrid,A05,Demo expectation,,,,,,,,,,,,facebook,cpc,campaign_06,,,2025-10-11 07:28:56,2025-10-24 14:47:51,2025-10-24 14:47:51,false
12042,09de91c6-734f-c539-4fd3-60ea4f49a94a,77,1004,Deal 12042,lost,,,,,Course A - Foundation,Hybrid,,,REFERRAL,,,,,,,,,Trash: Không có nhu cầu,,,,,,,2025-12-17 22:27:14,2025-12-21 04:27:14,2025-12-21 04:27:14,false
12043,71083466-e0ce-e4a8-49dd-fe2128c4de0d,224,1001,Deal 12043,won,5000000,,,,Course B - Foundation,Online,B09,,,,,,,,,,,,,google,cpc,campaign_06,,,2026-03-27 16:54:34,2026-04-16 10:44:47,2026-04-16 10:44:47,false
12044,c03b3a8e-58ed-7798-9c26-6a1b9c137f71,79,1004,Deal 12044,lost,,,,,Course A - Foundation,Hybrid,,,,,,,,,,,,Budget: Giá quá cao,,,,,,,2025-03-13 06:19:18,2025-03-30 17:14:45,2025-03-30 17:14:45,false
12045,2e54ca50-25e8-c83d-8d5d-e8d9249031eb,79,1003,Deal 12045,lost,,,,,Course A - Foundation,Offline,A03,,REFERRAL,,,,,,,,,Budget: Giá quá cao,,facebook,fanpage,campaign_08,,,2025-04-17 11:45:39,2025-04-30 02:55:16,2025-04-30 02:55:16,false
12046,c37a927b-abe0-5b22-13dc-a1542b1fc2ab,77,1001,Deal 12046,lost,,,,,Course B - Foundation,Hybrid,B09,Demo expectation,REFERRAL,,,,,,,,,Communication: Invalid Contact,,,,,,,2026-05-11 00:09:38,2026-05-16 02:09:38,2026-05-16 02:09:38,false
12047,5d96d459-8a3c-8743-a808-24f252a80809,224,1001,Deal 12047,won,4500000.0,,,,Course B - Foundation,Hybrid,B09,Demo expectation,,,,,,,,,,,,,,,,,2026-03-28 21:42:42,2026-04-14 07:31:53,2026-04-14 07:31:53,false
12048,d6a9b899-ff90-96f4-9613-2301a4d327c3,77,1003,Deal 12048,lost,,,,,Course E - Specialist,Online,E10,Demo expectation,,,,,,,,,,Communication: Invalid Contact,,facebook,cpc,campaign_10,,,2026-07-04 18:15:45,2026-07-10 00:15:45,2026-07-10 00:15:45,false
12049,e26c01cb-203c-8303-8f29-68d4e5d0af0f,79,1002,Deal 12049,open,,,,,Course F - Short course,Hybrid,F12,Demo expectation,,,,,,,,,,,,facebook,fanpage,campaign_08,,,2026-09-20 03:02:13,2026-09-27 11:00:00,,false
12050,bbdfb574-49b8-f7ba-98a7-fea2b4b2ce14,78,1001,Deal 12050,lost,,,,,Course E - Specialist,Online,E05,Demo expectation,,,,,,,,,,Communication: Not Connected: Không liên hệ được,,google,cpc,campaign_03,,,2025-08-25 04:45:45,2025-09-04 15:42:41,2025-09-04 15:42:41,false
12051,74b565f8-d8cf-7b88-5a37-a5048d2e304b,74,1005,Deal 12051,open,,,,,Course F - Short course,Offline,F03,Demo expectation,,,,,,,,,,,,facebook,cpc,campaign_02,,,2025-05-20 07:46:18,2025-05-22 16:46:42,,false
12052,d2a60853-8c50-1e6e-27ad-082fb1d06d8a,77,1002,Deal 12052,lost,,,Cựu học viên,,Combo: Course A + Course C,Online,Course03,Demo expectation,REFERRAL,,,,,,,,,Trash: Không có nhu cầu,,facebook,cpc,campaign_03,,,2025-04-08 07:30:46,2025-04-11 11:30:46,2025-04-11 11:30:46,false
12053,3c4c3c4e-c467-b3df-30f3-5dc399d7e738,222,1004,Deal 12053,won,4250000.0,,,,Course B - Foundation,Offline,B12,Demo expectation,,,,,,,,,,,,facebook,fanpage,campaign_10,,,2026-08-28 10:04:58,2026-09-15 21:14:03,2026-09-15 21:14:03,false
12054,07609502-739f-51c3-490e-c6f3a684b83b,77,1004,Deal 12054,lost,,,,,Course B - Foundation,Online,B08,Demo expectation,EARLYBIRD,,,,,,,,,Trash: Đăng ký trùng deal,,google,cpc,campaign_02,,,2026-01-23 22:51:07,2026-01-26 05:51:07,2026-01-26 05:51:07,false
12055,a9718b56-b489-593e-ebf8-e6485e482c02,224,1002,Deal 12055,won,6375000.0,,,,Course C - Advanced,Hybrid,C03,,,,,,,,,,,,,facebook,fanpage,campaign_03,,,2025-06-16 19:44:43,2025-07-08 07:20:18,2025-07-08 07:20:18,false
12056,be6adc96-cdb4-54d7-fd0f-257b4d308f31,224,1001,Deal 12056,won,6750000.0,,,,Course C - Advanced,Offline,C08,Demo expectation,,,,,,,,,,,,facebook,fanpage,campaign_07,,,2026-03-17 13:57:31,2026-04-09 13:47:29,2026-04-09 13:47:29,false
12057,ec9a799e-1943-7791-b9b0-7ec4f93c8859,77,1004,Deal 12057,lost,,,,,Course A - Foundation,Offline,,Demo expectation,,,,,,,,,,Communication: Invalid Contact,,google,cpc,campaign_06,,,2026-09-27 11:00:00,2026-09-27 12:00:00,2026-09-27 12:00:00,false
12058,151b5289-700b-fc99-8f50-521d633476f0,224,1001,Deal 12058,won,15300000.0,,,,Program G - Professional,Offline,G07,Demo expectation,REFERRAL,,,,,,,,,,,email,newsletter,campaign_04,,,2025-11-29 04:49:26,2025-12-26 02:57:15,2025-12-26 02:57:15,false
12059,c0f03632-1463-6298-e1d8-52f3e70d9181,78,1004,Deal 12059,lost,,,,,Course A - Foundation,Online,A02,,,,,,,,,,,Trash: Không có nhu cầu,,facebook,cpc,campaign_10,,,2025-04-01 20:44:29,2025-04-04 04:47:28,2025-04-04 04:47:28,false
12060,71a6014c-5f3c-44dc-5ef7-87b8f2e6195f,79,1002,Deal 12060,open,,,,,Course C - Advanced,Offline,C02,,,,,,,,,,,,,zalo,oa,campaign_08,,,2025-02-02 01:26:40,2025-02-07 20:49:54,,false
12061,e0b8f61c-d42d-a288-6713-8e6e5bfb5797,222,1001,Deal 12061,won,4500000.0,,,,Course B - Foundation,Offline,B04,Demo expectation,,,,,,,,,,,,homepage,organic,campaign_06,,,2025-06-13 12:59:43,2025-07-05 14:52:56,2025-07-05 14:52:56,false
12062,a4a779db-fef7-a254-98a1-26a23eccb075,78,1001,Deal 12062,lost,,,,,Course B - Foundation,Online,,,,,,,,,,,,Sales Process: Sales không follow-up khách,,facebook,cpc,campaign_08,,,2025-01-09 15:58:15,2025-01-16 05:32:20,2025-01-16 05:32:20,false
12063,e35265ce-0a10-92c7-1c52-4935cca39441,77,1002,Deal 12063,lost,,,,,Combo: Course A + Course C,Online,Course10,Demo expectation,,,,,,,,,,Trash: Không có nhu cầu,,,,,,,2026-07-06 00:14:18,2026-07-09 03:14:18,2026-07-09 03:14:18,false
12064,d226a8b3-b674-410d-d218-c9d6c093bfb0,80,1002,Deal 12064,lost,,,,,Course D - Advanced,Hybrid,,Demo expectation,EARLYBIRD,,,,,,,,,Budget: Not willing to pay,,,,,,,2025-10-14 22:06:21,2025-10-28 16:24:43,2025-10-28 16:24:43,false
12065,1d7216bf-389e-0e30-2690-9126c9bc5d2c,216,1001,Deal 12065,lost,,,,,Combo: Course A + Course C,Offline,Course12,,,,,,,,,,,Bad Timing: No Immediate Priority,,,,,,,2026-09-27 11:00:00,2026-09-27 12:00:00,2026-09-27 12:00:00,false
12066,533679f2-8ccf-8851-fc94-7bc1d14fc8aa,80,1002,Deal 12066,lost,,,,,Course C - Advanced,Online,C05,,REFERRAL,,,,,,,,,Relevance: Not ICP fit,,zalo,oa,campaign_04,,,2025-09-10 09:10:11,2025-09-17 15:52:47,2025-09-17 15:52:47,false
12067,ec7a4974-bc4a-171c-966e-dc31d72588e3,79,1004,Deal 12067,lost,,,,,Combo: Course A + Course C,Online,,,,,,,,,,,,Communication: No Response,,,,,,,2025-07-12 10:10:45,2025-07-19 10:53:32,2025-07-19 10:53:32,false
12068,c85336db-4754-c20a-902d-f7cf28efd75b,79,1001,Deal 12068,lost,,,,,Course F - Short course,Online,F06,Demo expectation,,,,,,,,,,Communication: No Response,,,,,,,2025-10-26 19:05:21,2025-11-14 16:25:13,2025-11-14 16:25:13,false
12069,c69aa024-7706-4602-5e5e-a4cd1426512f,224,1001,Deal 12069,won,8000000,,,,Course D - Advanced,Offline,D06,,,,,,,,,,,,,,,,,,2025-10-24 02:09:30,2025-11-21 10:56:11,2025-11-21 10:56:11,false
12070,d259f960-6ee3-5607-92ea-1324ec93e596,224,1002,Deal 12070,won,8000000,,,,Course D - Advanced,Offline,,Demo expectation,,,,,,,,,,,,facebook,fanpage,campaign_11,,,2025-02-04 22:07:31,2025-02-15 06:41:17,2025-02-15 06:41:17,false
12071,e61cf9a3-e0ac-db75-2326-e3d006fce65a,224,1003,Deal 12071,won,8000000,,,,Course D - Advanced,Offline,D07,Demo expectation,,,,,,,,,,,,facebook,cpc,campaign_03,,,2025-11-20 10:25:40,2025-12-03 00:05:42,2025-12-03 00:05:42,false
12072,6083bf88-57dd-a51e-a4dc-4d4e108e04ac,91,1002,Deal 12072,lost,,,,,Course A - Foundation,Online,A05,Demo expectation,,,,,,,,,,Bad Timing: Không sắp xếp được thời gian học,,blog,organic,campaign_04,,,2025-09-26 13:31:00,2025-10-12 06:02:26,2025-10-12 06:02:26,false
12073,1ee51544-9677-fc87-8b86-57d59fb442ab,75,1008,Deal 12073,open,,,,,Course E - Specialist,Hybrid,E08,Demo expectation,,,,,,,,,,,,,,,,,2026-02-14 00:02:23,2026-03-01 02:04:38,,false
12074,fac2a13b-c8a8-a522-dce6-83a6d9448ec9,76,1005,Deal 12074,won,3825000.0,,,,Course A - Foundation,Hybrid,A02,,REFERRAL,,,,,,,,,,,inbox,inbox,campaign_07,,,2025-03-30 03:52:16,2025-04-24 06:28:21,2025-04-24 06:28:21,false
12075,02e78484-15c7-8ccb-7bf8-0355e949e29c,78,1002,Deal 12075,lost,,,,,Course A - Foundation,Offline,A08,,,,,,,,,,,Communication: Not Connected: Không liên hệ được,,facebook,fanpage,campaign_01,,,2026-03-20 10:48:14,2026-03-23 23:03:11,2026-03-23 23:03:11,false
12076,5f269466-54d1-332a-e308-2ddcc9c04b7d,224,1001,Deal 12076,won,7500000,,,,Course C - Advanced,Hybrid,C05,,,,,,,,,,,,,zalo,oa,campaign_06,,,2025-10-07 16:50:20,2025-11-05 02:42:28,2025-11-05 02:42:28,false
12077,01813f3f-2d75-fd4f-fcfa-2369cf11be94,222,1004,Deal 12077,won,4050000.0,,,,Course A - Foundation,Hybrid,A09,Demo expectation,REFERRAL,,,,,,,,,,,facebook,fanpage,campaign_04,,,2026-05-16 07:30:51,2026-06-10 22:04:02,2026-06-10 22:04:02,false
12078,74b565f8-d8cf-7b88-5a37-a5048d2e304b,224,1002,Deal 12078,won,8000000,,,,Course D - Advanced,Online,D04,,REFERRAL,,,,,,,,,,,,,,,,2025-06-09 22:42:32,2025-06-25 10:18:19,2025-06-25 10:18:19,false
12079,1aba0afc-ebe0-9d13-3284-73c2c134618f,80,1001,Deal 12079,lost,,,,,Course F - Short course,Hybrid,F08,Demo expectation,,,,,,,,,,Budget: Not willing to pay,,facebook,cpc,campaign_10,,,2026-02-28 14:06:41,2026-03-13 22:45:03,2026-03-13 22:45:03,false
12080,2999bbef-518b-2f21-9cf2-0859ee6e2e72,92,1004,Deal 12080,lost,,,,,Combo: Course A + Course C,Offline,Course10,Demo expectation,REFERRAL,,,,,,,,,Choose Competitor: Không học online,,facebook,cpc,campaign_08,,,2026-06-03 14:04:27,2026-06-21 03:56:37,2026-06-21 03:56:37,false
12081,dd8abf0a-9278-f380-b351-0ddc59518620,77,1002,Deal 12081,lost,,,,,Course B - Foundation,Online,B03,Demo expectation,REFERRAL,,,,,,,,,Communication: Invalid Contact,,email,newsletter,campaign_06,,,2025-04-26 11:20:51,2025-04-30 15:20:51,2025-04-30 15:20:51,false
12082,9a897dbd-667c-d512-c4c6-04cb0cba3ea3,224,1003,Deal 12082,won,2250000.0,,,,Course F - Short course,Hybrid,F09,,,,,,,,,,,,,facebook,cpc,campaign_11,,,2026-04-21 13:33:56,2026-05-19 07:57:47,2026-05-19 07:57:47,false
12083,0885dbcf-f57e-cb8e-4cf8-3b401fd6d1df,222,1002,Deal 12083,won,5000000,,,,Course B - Foundation,Online,B02,Demo expectation,,,,,,,,,,,,facebook,cpc,campaign_03,,,2025-03-02 02:23:58,2025-03-28 04:55:33,2025-03-28 04:55:33,false
12084,eb0f827c-e82a-3879-f2b5-a7ea2a35ce30,72,1008,Deal 12084,lost,,,,,Course A - Foundation,Offline,A06,,EARLYBIRD,,,,,,,,,Communication: No Response,,facebook,cpc,campaign_10,,,2025-11-03 22:57:33,2025-11-07 05:57:33,2025-11-07 05:57:33,false
12085,170bdd14-95e7-b610-04c0-d48a98bf6a3e,222,1003,Deal 12085,won,2500000,,,,Course F - Short course,Offline,F10,,EARLYBIRD,,,,,,,,,,,inbox,inbox,campaign_03,,,2026-05-12 16:49:56,2026-05-23 13:44:29,2026-05-23 13:44:29,false
12086,1961da1f-2700-b560-9bd8-9990b786834b,78,1003,Deal 12086,lost,,,,,Combo: Course A + Course C,Hybrid,Course11,,,,,,,,,,,Communication: Not Connected: Không liên hệ được,,blog,organic,campaign_10,,,2026-07-24 22:20:03,2026-07-26 07:28:40,2026-07-26 07:28:40,false
12087,f02a2956-b8b7-58b8-22d8-c08b52696eeb,224,1002,Deal 12087,won,7500000,,,,Course C - Advanced,Offline,C10,,,,,,,,,,,,,zalo,oa,campaign_11,,,2026-07-15 21:56:46,2026-08-09 23:37:25,2026-08-09 23:37:25,false
12088,0f120c0c-5882-cb5d-11a8-49e8f63340a4,77,1002,Deal 12088,lost,,,Cựu học viên,,Course A - Foundation,Hybrid,,Demo expectation,,,,,,,,,,Trash: Không có nhu cầu,,google,cpc,campaign_08,,,2025-09-12 21:45:44,2025-09-13 03:45:44,2025-09-13 03:45:44,false
12089,c742bbaf-7787-0d52-dd12-bbc65eaae175,224,1004,Deal 12089,won,9500000,,,,Course E - Specialist,Hybrid,E05,Demo expectation,,,,,,,,,,,,,,,,,2025-07-30 01:38:45,2025-08-22 15:15:27,2025-08-22 15:15:27,false
12090,d3475526-e479-9102-5cf3-0d10b89a9729,224,1002,Deal 12090,won,4050000.0,,,,Course A - Foundation,Online,A08,Demo expectation,REFERRAL,,,,,,,,,,,facebook,fanpage,campaign_10,,,2026-05-05 08:40:28,2026-06-06 23:34:05,2026-06-06 23:34:05,false
12091,e00bd534-3158-f1fb-2c7a-0d3107692583,79,1003,Deal 12091,lost,,,,,Course B - Foundation,Offline,B10,,,,,,,,,,,Budget: Giá quá cao,,facebook,fanpage,campaign_09,,,2026-06-16 11:29:13,2026-06-25 02:43:16,2026-06-25 02:43:16,false
12092,ef7e1940-f568-7574-13ca-aeb6f486a251,224,1001,Deal 12092,won,6750000.0,,,,Course C - Advanced,Offline,C10,,,,,,,,,,,,,facebook,cpc,campaign_07,,,2026-06-17 08:18:07,2026-07-15 14:29:27,2026-07-15 14:29:27,false
12093,91d259b3-3ffd-48e4-a9e2-6ef724e2d243,224,1003,Deal 12093,won,6750000.0,,,,Course C - Advanced,Hybrid,,,EARLYBIRD,,,,,,,,,,,google,cpc,campaign_04,,,2025-11-29 08:37:13,2026-01-04 10:49:10,2026-01-04 10:49:10,false
12094,9d7e4eb7-23fd-6ade-c17f-cf1916a34833,79,1004,Deal 12094,lost,,,,,Course E - Specialist,Hybrid,E10,,REFERRAL,,,,,,,,,Budget: Giá quá cao,,facebook,cpc,campaign_07,,,2026-06-07 14:45:37,2026-06-13 02:07:39,2026-06-13 02:07:39,false
12095,30054231-733c-bb95-ebde-aaf961cdcd0c,72,1006,Deal 12095,lost,,,,,Course E - Specialist,Online,,,,,,,,,,,,Communication: No Response,,facebook,cpc,campaign_10,,,2026-02-08 13:28:54,2026-02-11 18:28:54,2026-02-11 18:28:54,false
12096,4f998d73-0796-583a-6286-85f7795dc229,92,1004,Deal 12096,lost,,,,,Course A - Foundation,Hybrid,A03,Demo expectation,,,,,,,,,,Choose Competitor: Không học online,,,,,,,2025-06-08 15:11:29,2025-07-01 05:06:03,2025-07-01 05:06:03,false
12097,28479019-ab31-0d48-9ee7-c59e76ac5ae6,77,1003,Deal 12097,lost,,,,,Course F - Short course,Offline,F08,,,,,,,,,,,Communication: Not Connected: Không liên hệ được,,facebook,cpc,campaign_12,,,2026-01-29 18:26:24,2026-02-02 22:26:24,2026-02-02 22:26:24,false
12098,1ef7a52e-e645-bb00-d3e6-dc21f10b394d,92,1002,Deal 12098,open,,,,,Course B - Foundation,Hybrid,B02,,REFERRAL,,,,,,,,,,,,,,,,2025-03-03 07:40:09,2025-03-10 14:49:16,,false
12099,aec5509c-9226-15b2-99cd-0df3a873abc8,224,1004,Deal 12099,won,8000000,,,,Course D - Advanced,Hybrid,D09,,REFERRAL,,,,,,,,,,,facebook,cpc,campaign_04,,,2026-05-27 23:59:13,2026-06-13 22:01:10,2026-06-13 22:01:10,false
12100,f5f3943a-e8e7-f030-0203-83406372d635,80,1002,Deal 12100,lost,,,,,Course A - Foundation,Hybrid,A02,Demo expectation,,,,,,,,,,Budget: Not willing to pay,,,,,,,2025-03-14 03:02:25,2025-03-24 18:52:49,2025-03-24 18:52:49,false
12101,48af7f10-8a71-3a73-fdee-baa1853d8090,79,1003,Deal 12101,lost,,,,,Course A - Foundation,Online,A04,,,,,,,,,,,Bad Timing: Không sắp xếp được thời gian học,,facebook,fanpage,campaign_05,,,2025-08-03 05:50:42,2025-08-11 22:59:52,2025-08-11 22:59:52,false
12102,f785e007-0c64-1777-8c2d-bd72dc349f4d,76,1007,Deal 12102,won,4500000,,,,Course A - Foundation,Online,A06,Demo expectation,EARLYBIRD,,,,,,,,,,,email,newsletter,campaign_05,,,2025-12-24 02:26:34,2026-01-18 11:13:00,2026-01-18 11:13:00,false
12103,4e08ab81-ec4d-6c00-37ab-aaf864c46086,224,1004,Deal 12103,won,4500000.0,,,,Course B - Foundation,Offline,B08,Demo expectation,EARLYBIRD,,,,,,,,,,,facebook,cpc,campaign_12,,,2026-01-25 01:17:03,2026-02-05 09:46:57,2026-02-05 09:46:57,false
12104,dcebbf94-f2f1-feb0-f50f-64a5971965f5,224,1003,Deal 12104,won,5000000,,,,Course B - Foundation,Online,B02,Demo expectation,EARLYBIRD,,,,,,,,,,,inbox,inbox,campaign_03,,,2025-03-22 15:28:58,2025-04-21 21:40:05,2025-04-21 21:40:05,false
12105,a1f875a4-8a4b-4559-5776-5dc6994a77f9,91,1001,Deal 12105,lost,,,,,Course A - Foundation,Offline,A09,Demo expectation,,,,,,,,,,Bad Timing: No Immediate Priority,,google,cpc,campaign_08,,,2026-05-17 07:11:18,2026-06-08 17:56:20,2026-06-08 17:56:20,false
12106,dec91438-884f-f1a7-af48-1fc07eba0464,80,1001,Deal 12106,lost,,,,,Course B - Foundation,Online,B02,Demo expectation,,,,,,,,,,Budget: Not willing to pay,,blog,organic,campaign_09,,,2025-01-28 14:39:08,2025-02-09 10:05:13,2025-02-09 10:05:13,false
12107,f6285e40-b9cf-d83f-4358-d08134450610,79,1004,Deal 12107,lost,,,,,Course B - Foundation,Offline,B02,Demo expectation,,,,,,,,,,Communication: No Response,,facebook,cpc,campaign_06,,,2025-02-23 23:57:12,2025-02-28 19:44:51,2025-02-28 19:44:51,false
12108,3cfbc642-8897-c497-0bad-4234395370c0,77,1003,Deal 12108,lost,,,,,Course C - Advanced,Online,C10,,,,,,,,,,,Communication: Invalid Contact,,email,newsletter,campaign_06,,,2026-06-16 01:44:26,2026-06-16 03:44:26,2026-06-16 03:44:26,false
12109,6f73573b-faee-bacd-c8c8-ccf96e5fbf71,77,1004,Deal 12109,lost,,,,,Combo: Course A + Course C,Hybrid,,Demo expectation,,,,,,,,,,Communication: Invalid Contact,,facebook,cpc,campaign_02,,,2026-07-07 21:44:58,2026-07-09 22:44:58,2026-07-09 22:44:58,false
12110,b34cd20f-b4f5-60bd-bfc7-a53311354e88,224,1002,Deal 12110,won,2250000.0,,,,Course F - Short course,Hybrid,F12,Demo expectation,,,,,,,,,,,,facebook,fanpage,campaign_01,,,2026-09-05 08:04:29,2026-09-27 12:00:00,2026-09-27 12:00:00,false
12111,744da236-5c7c-0778-c74f-054fd2a5d216,79,1001,Deal 12111,lost,,,,,Course D - Advanced,Hybrid,D11,,REFERRAL,,,,,,,,,Low engagement: Không còn nhu cầu học,,google,cpc,campaign_11,,,2026-09-01 00:57:51,2026-09-12 00:07:25,2026-09-12 00:07:25,false
12112,6b2d9ccc-6279-403c-e1a2-cfe7810d5c57,80,1002,Deal 12112,lost,,,,,Course A - Foundation,Hybrid,A08,Demo expectation,,,,,,,,,,Relevance: Not ICP fit,,facebook,cpc,campaign_01,,,2026-04-05 12:46:17,2026-04-29 10:01:20,2026-04-29 10:01:20,false
12113,8af0dd8d-b620-e349-bd28-16675d428a45,79,1004,Deal 12113,open,,,,,Course F - Short course,Offline,F12,Demo expectation,REFERRAL,,,,,,,,,,,facebook,cpc,campaign_10,,,2026-09-23 21:29:16,2026-09-27 11:00:00,,false
12114,e00fa28c-405c-1d50-a356-2ae740d945ad,224,1004,Deal 12114,won,4050000.0,,,,Course A - Foundation,Online,,,,,,,,,,,,,,,,,,,2026-03-27 03:39:52,2026-04-19 02:28:13,2026-04-19 02:28:13,false
12115,5b76b287-f998-d44f-c7ff-eb5bda73f900,77,1003,Deal 12115,lost,,,,,Combo: Course A + Course C,Online,Course01,,,,,,,,,,,Communication: Not Connected: Không liên hệ được,,facebook,cpc,campaign_08,,,2025-01-07 14:50:00,2025-01-08 16:50:00,2025-01-08 16:50:00,false
12116,12a1720b-d1d4-6f58-2b72-8139af61997d,72,1006,Deal 12116,open,,,,,Course C - Advanced,Offline,C08,,REFERRAL,,,,,,,,,,,,,,,,2026-02-17 07:06:18,2026-02-17 07:06:18,,false
12117,310dc9d1-7c41-3a2a-1b67-f7bb33bb7382,91,1004,Deal 12117,open,,,,,Course C - Advanced,Offline,C04,Demo expectation,,,,,,,,,,,,facebook,cpc,campaign_12,,,2025-06-28 15:06:58,2025-07-12 03:32:57,,false
12118,ddfce905-b56c-8e75-9956-614cbd67f6a9,77,1004,Deal 12118,lost,,,,,Course C - Advanced,Hybrid,C05,,,,,,,,,,,Communication: Not Connected: Không liên hệ được,,facebook,fanpage,campaign_02,,,2025-09-07 12:42:10,2025-09-07 18:42:10,2025-09-07 18:42:10,false
12119,3649f585-6e75-0e7a-5abb-b78f1585665d,222,1002,Deal 12119,won,6750000.0,,,,Course C - Advanced,Offline,C05,,,,,,,,,,,,,google,cpc,campaign_05,,,2025-09-13 15:49:05,2025-09-30 19:30:36,2025-09-30 19:30:36,false
12120,c7036a4c-7150-f94f-e2f2-cf57b850b440,77,1001,Deal 12120,open,,,,,Combo: Course A + Course C,Offline,Course02,Demo expectation,,,,,,,,,,,,facebook,fanpage,campaign_06,,,2025-03-20 18:33:38,2025-03-20 18:33:38,,false
12121,4a832ab5-57c8-50b0-9a73-cd2f4f05495e,80,1003,Deal 12121,lost,,,,,Course A - Foundation,Online,A02,Demo expectation,REFERRAL,,,,,,,,,Budget: Not willing to pay,,facebook,cpc,campaign_12,,,2025-03-05 16:48:33,2025-03-17 10:16:18,2025-03-17 10:16:18,false
12122,c0c52495-92bf-804e-89ca-1b2698343ead,92,1002,Deal 12122,open,,,,,Course F - Short course,Online,F07,,EARLYBIRD,,,,,,,,,,,facebook,fanpage,campaign_07,,,2025-11-09 15:05:57,2025-11-14 12:03:41,,false
12123,23377bbc-fffe-77c8-39fe-b99c31274148,224,1003,Deal 12123,won,9900000.0,,,,Combo: Course A + Course C,Online,Course03,Demo expectation,EARLYBIRD,,,,,,,,,,,facebook,cpc,campaign_07,,,2025-05-12 10:59:56,2025-06-17 02:38:21,2025-06-17 02:38:21,false
12124,de598930-23de-6993-4ea2-afafe1b5eaf4,224,1002,Deal 12124,won,4500000,,,,Course A - Foundation,Online,A07,Demo expectation,EARLYBIRD,,,,,,,,,,,inbox,inbox,campaign_07,,,2026-02-27 18:02:09,2026-03-15 12:05:47,2026-03-15 12:05:47,false
12125,07059d15-a8c5-840f-aa54-e68fa9274d42,76,1006,Deal 12125,won,7500000,,,,Course C - Advanced,Hybrid,C08,Demo expectation,REFERRAL,,,,,,,,,,,facebook,cpc,campaign_02,,,2026-04-08 15:53:24,2026-05-05 19:04:12,2026-05-05 19:04:12,false
12126,6d7168e9-705a-501c-1131-0c8bcd35637c,225,1003,Deal 12126,lost,,,,,Course F - Short course,Online,F11,Demo expectation,,,,,,,,,,Bad Timing: No Immediate Priority,,facebook,cpc,campaign_11,,,2026-07-14 18:30:57,2026-07-18 02:30:57,2026-07-18 02:30:57,false
12127,0895df3c-7941-a6a4-6b2a-fb3a1b3851ad,79,1002,Deal 12127,open,,,,,Course F - Short course,Online,F12,Demo expectation,,,,,,,,,,,,facebook,cpc,campaign_12,,,2026-09-17 11:18:03,2026-09-23 03:55:36,,false
12128,5f37c649-84a0-c59e-b37d-8da8e93a2edc,224,1001,Deal 12128,won,6750000.0,,,,Course C - Advanced,Hybrid,C06,,REFERRAL,,,,,,,,,,,,,,,,2025-10-13 12:10:33,2025-12-01 23:55:02,2025-12-01 23:55:02,false
12129,de6d4f39-cd0c-7586-1cae-8ac7ebf9c85b,224,1002,Deal 12129,won,16200000.0,,,,Program G - Professional,Online,G02,Demo expectation,,,,,,,,,,,,email,newsletter,campaign_11,,,2025-02-18 03:04:01,2025-03-04 23:41:55,2025-03-04 23:41:55,false
12130,1228130b-a642-72a2-8e5f-d65f536c32d0,224,1004,Deal 12130,won,2125000.0,,,,Course F - Short course,Hybrid,F08,Demo expectation,REFERRAL,,,,,,,,,,,google,cpc,campaign_10,,,2026-01-06 16:52:04,2026-01-25 17:41:06,2026-01-25 17:41:06,false
12131,db4862c2-d5ff-2a1f-370b-9a290a530df9,222,1002,Deal 12131,won,2500000,,,,Course F - Short course,Online,F05,Demo expectation,,,,,,,,,,,,,,,,,2025-08-06 22:04:08,2025-08-26 02:13:13,2025-08-26 02:13:13,false
12132,3cb29bf1-0b73-ca1c-d1dc-01e5a9a14475,224,1002,Deal 12132,won,4500000,,,,Course A - Foundation,Hybrid,A05,,,,,,,,,,,,,,,,,,2025-10-31 09:35:40,2025-12-12 14:33:11,2025-12-12 14:33:11,false
12133,ffdb3a38-52e6-ef74-150b-d1d8f882c326,79,1002,Deal 12133,lost,,,,,Combo: Course A + Course C,Offline,Course08,,EARLYBIRD,,,,,,,,,Communication: No Response,,,,,,,2026-02-22 16:41:56,2026-03-08 01:17:08,2026-03-08 01:17:08,false
12134,c69ee73d-832d-f0cc-cea9-93a01a8385f9,226,1002,Deal 12134,open,,,,,Course F - Short course,Hybrid,F02,,,,,,,,,,,,,blog,organic,campaign_02,,,2025-03-27 17:45:34,2025-03-29 09:04:57,,false
12135,9a3b5491-7e6b-f58f-f72e-b0347e7422ad,224,1002,Deal 12135,won,8075000.0,,,,Course E - Specialist,Online,E04,Demo expectation,,,,,,,,,,,,blog,organic,campaign_10,,,2025-05-20 14:10:25,2025-06-05 01:44:24,2025-06-05 01:44:24,false
12136,6be74e77-bcb4-067d-8828-418dfd879360,76,1008,Deal 12136,won,8000000,,,,Course D - Advanced,Online,D08,Demo expectation,,,,,,,,,,,,inbox,inbox,campaign_04,,,2026-03-15 01:23:26,2026-03-30 20:51:06,2026-03-30 20:51:06,false
12137,b109e971-8ad5-7402-ff75-659e4f3ae530,78,1002,Deal 12137,lost,,,,,Course E - Specialist,Hybrid,E06,Demo expectation,,,,,,,,,,Trash: Không có nhu cầu,,,,,,,2025-11-02 13:11:02,2025-11-09 15:54:04,2025-11-09 15:54:04,false
12138,4cafae2b-15ca-f379-903c-e3b161580ec7,224,1003,Deal 12138,won,2500000,,,,Course F - Short course,Hybrid,F02,Demo expectation,EARLYBIRD,,,,,,,,,,,,,,,,2025-02-07 09:08:45,2025-03-13 10:26:44,2025-03-13 10:26:44,false
12139,b57e526c-1627-999a-de14-b9894c91372f,77,1004,Deal 12139,lost,,,,,Combo: Course A + Course C,Offline,,Demo expectation,REFERRAL,,,,,,,,,Communication: Not Connected: Không liên hệ được,,blog,organic,campaign_01,,,2025-02-21 12:07:20,2025-02-23 15:07:20,2025-02-23 15:07:20,false
12140,3649f585-6e75-0e7a-5abb-b78f1585665d,91,1002,Deal 12140,lost,,,,,Course B - Foundation,Hybrid,,,REFERRAL,,,,,,,,,Bad Timing: No Immediate Priority,,,,,,,2025-09-05 05:50:48,2025-10-04 07:43:13,2025-10-04 07:43:13,false
12141,0ce356ea-b575-dd69-0b61-89c4844aa5c9,92,1001,Deal 12141,lost,,,,,Course F - Short course,Online,F05,Demo expectation,,,,,,,,,,Choose Competitor: Không học online,,,,,,,2025-08-06 16:47:10,2025-09-04 11:29:44,2025-09-04 11:29:44,false
12142,76890ed4-3a6f-d931-5358-30aa928b9e4d,77,1001,Deal 12142,lost,,,,,Course A - Foundation,Online,A02,,,,,,,,,,,Communication: Not Connected: Không liên hệ được,,homepage,organic,campaign_08,,,2025-03-09 11:05:11,2025-03-09 13:05:11,2025-03-09 13:05:11,false
12143,df2ddf20-05a4-3113-101d-759e3066478c,224,1001,Deal 12143,won,2500000,,,,Course F - Short course,Offline,F10,Demo expectation,,,,,,,,,,,,,,,,,2026-05-24 08:05:30,2026-06-15 12:49:55,2026-06-15 12:49:55,false
12144,35a853a9-9165-911e-5db9-34337cf52bcc,224,1002,Deal 12144,won,16200000.0,,,,Program G - Professional,Offline,G09,Demo expectation,,,,,,,,,,,,,,,,,2026-03-12 12:49:52,2026-04-12 18:18:05,2026-04-12 18:18:05,false
12145,4729ad77-b6c0-2711-f941-aaadb10f71f5,76,1005,Deal 12145,won,3825000.0,,,,Course A - Foundation,Offline,A02,Demo expectation,,,,,,,,,,,,google,cpc,campaign_04,,,2025-01-31 02:04:59,2025-02-15 18:23:08,2025-02-15 18:23:08,false
12146,73eb73ce-262e-df5e-0f4f-bd2bf039d524,224,1001,Deal 12146,won,8000000,,,,Course D - Advanced,Offline,D03,Demo expectation,,,,,,,,,,,,zalo,oa,campaign_05,,,2025-03-22 04:57:05,2025-04-16 21:11:48,2025-04-16 21:11:48,false
12147,483fca72-4a1a-7c2e-7aed-edf46f302743,78,1002,Deal 12147,lost,,,,,Course C - Advanced,Offline,,Demo expectation,EARLYBIRD,,,,,,,,,Communication: Not Connected: Không liên hệ được,,blog,organic,campaign_12,,,2026-01-05 17:28:17,2026-01-09 19:45:31,2026-01-09 19:45:31,false
12148,0abdbcd1-782c-cfec-9e5d-78a1c5bdb495,78,1003,Deal 12148,lost,,,,,Course E - Specialist,Online,E05,,,,,,,,,,,Trash: Không có nhu cầu,,google,cpc,campaign_07,,,2025-08-25 04:33:23,2025-09-02 03:50:12,2025-09-02 03:50:12,false
12149,e5c6debb-04a6-a5e4-9ab9-a4d45901cdd5,77,1001,Deal 12149,lost,,,,,Course C - Advanced,Hybrid,C02,,REFERRAL,,,,,,,,,Trash: Không có nhu cầu,,zalo,oa,campaign_10,,,2025-04-02 06:50:39,2025-04-07 10:50:39,2025-04-07 10:50:39,false
12150,7fc7b581-2748-433e-973c-45bb929ba6f8,224,1004,Deal 12150,won,4500000.0,,,,Course B - Foundation,Offline,,Demo expectation,,,,,,,,,,,,,,,,,2026-08-14 07:26:29,2026-09-21 22:03:22,2026-09-21 22:03:22,false
12151,f3896fad-0ced-6b07-bf9d-599222880c89,224,1003,Deal 12151,won,8000000,,,,Course D - Advanced,Online,D02,Demo expectation,REFERRAL,,,,,,,,,,,blog,organic,campaign_03,,,2025-02-10 04:19:50,2025-03-23 17:46:29,2025-03-23 17:46:29,false
12152,dc954d75-944f-12fc-22f1-e7d4e2f7da51,77,1004,Deal 12152,lost,,,,,Course E - Specialist,Online,E10,Demo expectation,,,,,,,,,,Communication: Not Connected: Không liên hệ được,,zalo,oa,campaign_02,,,2026-06-13 11:10:04,2026-06-15 18:10:04,2026-06-15 18:10:04,false
12153,10b6a662-2ac1-d5ca-4e5d-8f1296b31f4a,79,1004,Deal 12153,lost,,,,,Course B - Foundation,Offline,B07,,,,,,,,,,,Low engagement: Không còn nhu cầu học,,facebook,cpc,campaign_06,,,2025-11-30 02:22:03,2025-12-11 19:20:13,2025-12-11 19:20:13,false
12154,9e2fd4af-b18f-bcd3-83d9-7b4cb245ab9c,77,1004,Deal 12154,lost,,,,,Course F - Short course,Hybrid,,Demo expectation,,,,,,,,,,Communication: Not Connected: Không liên hệ được,,,,,,,2026-03-22 15:39:29,2026-03-25 16:39:29,2026-03-25 16:39:29,false
12155,9fa935b1-2e18-7603-4ad5-51ad9aba4c01,224,1003,Deal 12155,won,18000000,,,,Program G - Professional,Offline,,,,,,,,,,,,,,,,,,,2026-04-30 01:43:25,2026-05-17 16:17:20,2026-05-17 16:17:20,false
12156,f5beee1a-c842-2488-e73b-63f363cbb148,224,1004,Deal 12156,won,6750000.0,,,,Course C - Advanced,Offline,C09,Demo expectation,REFERRAL,,,,,,,,,,,homepage,organic,campaign_07,,,2026-05-18 20:39:03,2026-06-16 10:09:56,2026-06-16 10:09:56,false
12157,b0acb9ba-da78-f4c5-26b3-a03ae57513a5,227,1002,Deal 12157,lost,,,,,Course D - Advanced,Offline,,,,,,,,,,,,Budget: Giá quá cao,,blog,organic,campaign_12,,,2026-09-27 11:00:00,2026-09-27 12:00:00,2026-09-27 12:00:00,false
12158,7273b748-f5cb-2af8-ecea-934f263d979a,73,1008,Deal 12158,lost,,,,,Course A - Foundation,Offline,A05,Demo expectation,,,,,,,,,,Bad Timing: No Immediate Priority,,facebook,fanpage,campaign_06,,,2025-09-07 23:56:29,2025-09-18 04:16:57,2025-09-18 04:16:57,false
12159,6f4abfcc-deca-8598-87cb-0e2a25288a1b,72,1006,Deal 12159,lost,,,,,Course F - Short course,Offline,F06,,,,,,,,,,,Budget: Giá quá cao,,facebook,cpc,campaign_02,,,2025-09-28 13:40:35,2025-10-02 14:40:35,2025-10-02 14:40:35,false
12160,2b9b65ba-4628-639e-112b-68564ebf474c,78,1004,Deal 12160,lost,,,,,Course A - Foundation,Online,A05,Demo expectation,REFERRAL,,,,,,,,,Trash: Không có nhu cầu,,homepage,organic,campaign_12,,,2025-10-04 04:00:57,2025-10-06 20:27:03,2025-10-06 20:27:03,false
12161,d084b7df-07c3-f5bf-deec-a16faad41a73,77,1003,Deal 12161,lost,,,,,Combo: Course A + Course C,Hybrid,Course04,,,,,,,,,,,Trash: Đăng ký trùng deal,,,,,,,2025-08-02 12:06:10,2025-08-07 17:06:10,2025-08-07 17:06:10,false
12162,62f32fae-a63f-cf12-e226-a768de0e9c53,222,1003,Deal 12162,won,6375000.0,,,,Course C - Advanced,Online,,,,,,,,,,,,,,,,,,,2025-03-24 11:40:16,2025-04-28 07:03:51,2025-04-28 07:03:51,false
12163,5f37c649-84a0-c59e-b37d-8da8e93a2edc,224,1002,Deal 12163,won,2500000,,,,Course F - Short course,Hybrid,F06,Demo expectation,EARLYBIRD,,,,,,,,,,,,,,,,2025-09-26 04:50:52,2025-10-18 11:20:20,2025-10-18 11:20:20,false
12164,ec0389c1-23ff-18b2-865a-5dcda016d50a,77,1001,Deal 12164,open,,,,,Course B - Foundation,Online,B07,Demo expectation,EARLYBIRD,,,,,,,,,,,facebook,fanpage,campaign_05,,,2025-12-07 04:57:09,2025-12-07 04:57:09,,false
12165,8a02711e-02f3-e4d0-eeb8-c6eb700affff,78,1003,Deal 12165,lost,,,,,Course D - Advanced,Hybrid,D07,,,,,,,,,,,Trash: Không có nhu cầu,,google,cpc,campaign_06,,,2025-12-01 07:41:20,2025-12-08 22:18:17,2025-12-08 22:18:17,false
12166,1c31d9b9-fda2-f9a0-2b68-38e37de7f41a,91,1003,Deal 12166,lost,,,,,Combo: Course A + Course C,Offline,Course04,,,,,,,,,,,Bad Timing: Không sắp xếp được thời gian học,,facebook,cpc,campaign_03,,,2025-05-26 09:01:01,2025-06-08 19:33:27,2025-06-08 19:33:27,false
12167,cdb5782a-678b-941f-dcca-9a71a7e70139,79,1003,Deal 12167,lost,,,,,Course B - Foundation,Online,B09,Demo expectation,,,,,,,,,,Communication: Ghosted After Demo/Call,,google,cpc,campaign_02,,,2026-05-11 08:57:07,2026-05-24 04:32:10,2026-05-24 04:32:10,false
12168,4e3b744f-fd23-6d28-4f2e-8a0863b3dfd0,77,1002,Deal 12168,lost,,,,,Course C - Advanced,Hybrid,C10,,EARLYBIRD,,,,,,,,,Trash: Không có nhu cầu,,facebook,fanpage,campaign_11,,,2026-07-10 01:55:15,2026-07-14 03:55:15,2026-07-14 03:55:15,false
12169,ce339ee0-15b5-2510-abfb-9abfeb34e953,77,1001,Deal 12169,lost,,,,,Program G - Professional,Offline,G09,Demo expectation,,,,,,,,,,Communication: Invalid Contact,,zalo,oa,campaign_05,,,2026-03-26 11:04:54,2026-03-28 14:04:54,2026-03-28 14:04:54,false
12170,6dbf7fbc-dc35-2b5a-4b68-8c40616cab19,76,1008,Deal 12170,won,9500000,,,,Course E - Specialist,Online,,,,,,,,,,,,,,,,,,,2025-11-14 12:42:25,2025-12-07 12:21:47,2025-12-07 12:21:47,false
12171,1b6fb706-e04e-6585-7601-16cf25b4c7aa,79,1004,Deal 12171,lost,,,,,Course B - Foundation,Online,B10,,,,,,,,,,,Budget: Giá quá cao,,google,cpc,campaign_09,,,2026-06-17 09:50:15,2026-06-22 19:51:44,2026-06-22 19:51:44,false
12172,ee6bcb89-8615-50f6-6b43-db407b9a21c4,92,1004,Deal 12172,lost,,,,,Course D - Advanced,Offline,D05,Demo expectation,EARLYBIRD,,,,,,,,,Choose Competitor: Không học online,,facebook,cpc,campaign_05,,,2025-07-28 12:34:13,2025-08-18 12:04:28,2025-08-18 12:04:28,false
12173,ac1b984d-4b22-5d64-fd3e-1424782b76f4,73,1006,Deal 12173,open,,,,,Course E - Specialist,Offline,E03,,REFERRAL,,,,,,,,,,,,,,,,2025-04-15 04:11:11,2025-04-19 08:04:49,,false
12174,bdcd00a9-8fc2-ae2d-4bf2-cc01c95b44d8,224,1001,Deal 12174,won,5000000,,,,Course B - Foundation,Offline,B08,Demo expectation,,,,,,,,,,,,google,cpc,campaign_02,,,2026-01-17 02:28:18,2026-02-17 07:35:06,2026-02-17 07:35:06,false
12175,df9b7c1f-eacb-1f6d-7549-c9f9850a48d4,224,1001,Deal 12175,won,7200000.0,,,,Course D - Advanced,Offline,D08,Demo expectation,,,,,,,,,,,,,,,,,2026-03-27 16:54:40,2026-04-29 04:54:23,2026-04-29 04:54:23,false
12176,b9e83055-076c-1b3b-77a3-bcbac2b1dabe,224,1001,Deal 12176,won,4050000.0,,,,Course A - Foundation,Hybrid,A08,Demo expectation,,,,,,,,,,,,facebook,cpc,campaign_03,,,2026-05-03 03:55:03,2026-05-19 13:32:48,2026-05-19 13:32:48,false
12177,076d07c5-700d-5278-b081-391ceb035822,224,1002,Deal 12177,won,2250000.0,,,,Course F - Short course,Offline,F05,Demo expectation,EARLYBIRD,,,,,,,,,,,facebook,fanpage,campaign_07,,,2025-08-04 02:19:12,2025-08-24 21:20:55,2025-08-24 21:20:55,false
12178,e1a8ecda-13a8-fde4-bb30-30c3af656bef,80,1003,Deal 12178,lost,,,,,Course F - Short course,Online,F03,,,,,,,,,,,Relevance: Not ICP fit,,facebook,fanpage,campaign_10,,,2025-04-16 05:15:11,2025-05-06 01:49:02,2025-05-06 01:49:02,false
12179,15a70b2d-d703-9652-b857-d87a04d999e6,77,1004,Deal 12179,lost,,,,,Course C - Advanced,Online,C05,Demo expectation,EARLYBIRD,,,,,,,,,Communication: Invalid Contact,,google,cpc,campaign_04,,,2025-09-18 18:19:33,2025-09-20 23:19:33,2025-09-20 23:19:33,false
12180,feb3a855-48e6-1273-4680-13786e607c2f,77,1002,Deal 12180,lost,,,,,Course B - Foundation,Online,B09,Demo expectation,REFERRAL,,,,,,,,,Trash: Đăng ký trùng deal,,facebook,cpc,campaign_05,,,2026-04-04 06:10:16,2026-04-09 08:10:16,2026-04-09 08:10:16,false
12181,1ad136d6-7472-bd84-65cc-59d62d520b16,224,1002,Deal 12181,won,4500000.0,,,,Course B - Foundation,Hybrid,,,,,,,,,,,,,,google,cpc,campaign_12,,,2025-08-03 22:39:57,2025-09-03 11:52:58,2025-09-03 11:52:58,false
12182,9d60cc73-41b7-4316-668e-180ecbbc840a,79,1003,Deal 12182,lost,,,,,Course F - Short course,Offline,F10,Demo expectation,EARLYBIRD,,,,,,,,,Budget: Giá quá cao,,facebook,cpc,campaign_08,,,2026-06-09 10:34:21,2026-06-30 11:16:19,2026-06-30 11:16:19,false
12183,a9906847-8223-a973-ce0a-aa9230df7ed0,77,1002,Deal 12183,lost,,,,,Course A - Foundation,Hybrid,A07,,EARLYBIRD,,,,,,,,,Communication: Not Connected: Không liên hệ được,,homepage,organic,campaign_05,,,2026-01-14 13:04:49,2026-01-15 21:04:49,2026-01-15 21:04:49,false
12184,4fc40b0a-966b-91e7-c435-fe28cb0c1709,79,1004,Deal 12184,lost,,,,,Course A - Foundation,Online,A09,,,,,,,,,,,Communication: No Response,,facebook,cpc,campaign_08,,,2026-06-02 13:44:33,2026-06-13 06:44:29,2026-06-13 06:44:29,false
12185,33fd862d-4057-e470-be61-27a80351b09d,91,1003,Deal 12185,lost,,,,,Course A - Foundation,Online,,Demo expectation,,,,,,,,,,Bad Timing: Không sắp xếp được thời gian học,,facebook,cpc,campaign_05,,,2026-08-08 07:10:11,2026-08-29 00:30:55,2026-08-29 00:30:55,false
12186,cefd1224-736c-c67e-e886-818ea2307350,78,1004,Deal 12186,lost,,,,,Course E - Specialist,Offline,E06,,,,,,,,,,,Communication: Not Connected: Không liên hệ được,,facebook,cpc,campaign_10,,,2025-10-09 21:46:29,2025-10-12 20:32:15,2025-10-12 20:32:15,false
12187,7b64665c-cb26-a809-f429-73f5d1d18e0b,79,1003,Deal 12187,lost,,,,,Course A - Foundation,Online,A04,Demo expectation,EARLYBIRD,,,,,,,,,Bad Timing: Không sắp xếp được thời gian học,,facebook,cpc,campaign_05,,,2025-08-15 23:14:33,2025-08-22 17:09:47,2025-08-22 17:09:47,false
12188,dca524f2-51bf-c946-2054-74fa1eb1dc0c,224,1001,Deal 12188,won,4500000.0,,,,Course B - Foundation,Online,B03,Demo expectation,REFERRAL,,,,,,,,,,,blog,organic,campaign_03,,,2025-04-27 23:59:59,2025-06-11 13:42:18,2025-06-11 13:42:18,false
12189,7344e407-e880-81f9-cd6b-4aa0ce9fbfeb,76,1005,Deal 12189,won,7500000,,,,Course C - Advanced,Online,C03,,,,,,,,,,,,,facebook,cpc,campaign_05,,,2025-06-15 03:05:39,2025-06-28 04:00:32,2025-06-28 04:00:32,false
12190,aada8ba0-137a-d987-dc2e-10f562b2fa87,79,1002,Deal 12190,lost,,,,,Course B - Foundation,Online,,,,,,,,,,,,Communication: Ghosted After Demo/Call,,facebook,cpc,campaign_07,,,2025-11-27 21:15:00,2025-12-02 17:49:22,2025-12-02 17:49:22,false
12191,7a3367d0-87a6-c63c-65a1-ee9c3b39b8aa,91,1001,Deal 12191,lost,,,,,Program G - Professional,Offline,G07,,,,,,,,,,,Bad Timing: No Immediate Priority,,email,newsletter,campaign_08,,,2025-12-22 01:48:39,2026-01-11 01:12:12,2026-01-11 01:12:12,false
12192,26d24d46-e217-34c6-d36f-a1c9ccaa2cd3,78,1004,Deal 12192,open,,,,,Course C - Advanced,Online,C11,Demo expectation,,,,,,,,,,,,zalo,oa,campaign_03,,,2026-09-27 11:00:00,2026-09-27 11:00:00,,false
12193,36df253c-ac98-c942-b093-71b5d53ae164,225,1002,Deal 12193,open,,,,,Course F - Short course,Online,F10,,,,,,,,,,,,,facebook,cpc,campaign_06,,,2026-06-12 13:41:14,2026-06-12 13:41:14,,false
12194,aab07015-a342-2e50-9e2a-73240f79a8a7,78,1003,Deal 12194,lost,,,,,Combo: Course A + Course C,Offline,Course02,,,,,,,,,,,Sales Process: Sales không follow-up khách,,email,newsletter,campaign_03,,,2025-02-20 05:44:31,2025-02-25 06:25:14,2025-02-25 06:25:14,false
12195,88a613b4-a3b8-1f92-a3c9-0c6a86017633,80,1004,Deal 12195,lost,,,,,Course F - Short course,Hybrid,F09,,,,,,,,,,,Relevance: Use Case Misfit: Nhu cầu không đúng với sản phẩm,,facebook,cpc,campaign_04,,,2026-04-28 17:19:19,2026-05-04 09:22:24,2026-05-04 09:22:24,false
12196,6e919cf9-c40d-c418-fbe6-cd4138ffecca,91,1003,Deal 12196,lost,,,,,Course D - Advanced,Online,D08,Demo expectation,EARLYBIRD,,,,,,,,,Bad Timing: Không sắp xếp được thời gian học,,facebook,cpc,campaign_05,,,2026-02-02 00:37:09,2026-03-04 08:32:31,2026-03-04 08:32:31,false
12197,3c2c5529-8dc1-2eba-1f80-8e1ce29acf4c,79,1001,Deal 12197,lost,,,,,Course B - Foundation,Offline,,Demo expectation,,,,,,,,,,Communication: Ghosted After Demo/Call,,facebook,cpc,campaign_07,,,2026-08-17 11:25:59,2026-08-20 02:32:48,2026-08-20 02:32:48,false
12198,1993edfe-583f-097d-28c9-d68c7a3338e0,224,1001,Deal 12198,won,8000000,,Cựu học viên,,Course D - Advanced,Hybrid,D04,,EARLYBIRD,,,,,,,,,,,facebook,cpc,campaign_01,,,2025-07-11 07:26:22,2025-09-01 00:55:03,2025-09-01 00:55:03,false
12199,2c3126c0-4cd8-054c-7f69-c5def0655f62,224,1003,Deal 12199,won,16200000.0,,,,Program G - Professional,Offline,G10,Demo expectation,REFERRAL,,,,,,,,,,,facebook,cpc,campaign_02,,,2026-04-21 17:19:19,2026-05-24 15:14:38,2026-05-24 15:14:38,false
12200,afc8d769-026e-6d11-4251-d2f020a89260,77,1004,Deal 12200,lost,,,,,Course C - Advanced,Offline,C06,Demo expectation,REFERRAL,,,,,,,,,Communication: Not Connected: Không liên hệ được,,facebook,fanpage,campaign_03,,,2025-10-12 01:06:49,2025-10-17 05:06:49,2025-10-17 05:06:49,false
12201,026b5383-a301-ec03-0e5d-8c6a79db7862,224,1003,Deal 12201,won,6750000.0,,,,Course C - Advanced,Online,C05,Demo expectation,,,,,,,,,,,,inbox,inbox,campaign_05,,,2025-09-09 13:17:23,2025-09-20 12:37:52,2025-09-20 12:37:52,false
12202,50026d68-e70d-c8b8-df33-1eb0e8ff561f,78,1001,Deal 12202,lost,,,,,Course A - Foundation,Offline,,Demo expectation,REFERRAL,,,,,,,,,Sales Process: Sales không follow-up khách,,google,cpc,campaign_06,,,2025-05-19 22:02:23,2025-05-25 01:01:58,2025-05-25 01:01:58,false
12203,61730c48-4876-9153-c688-13fe52555c75,77,1004,Deal 12203,lost,,,,,Course C - Advanced,Online,C01,,REFERRAL,,,,,,,,,Communication: Invalid Contact,,facebook,cpc,campaign_08,,,2025-01-18 14:57:17,2025-01-21 17:57:17,2025-01-21 17:57:17,false
12204,f5321352-b544-68e4-1f2d-a344a3596667,76,1005,Deal 12204,won,4500000,,,,Course A - Foundation,Hybrid,A04,,,,,,,,,,,,,,,,,,2025-08-20 01:23:37,2025-09-09 10:22:26,2025-09-09 10:22:26,false
12205,051978bf-8a2e-30d6-9ade-bcc221144198,74,1008,Deal 12205,lost,,,,,Course C - Advanced,Hybrid,C06,,EARLYBIRD,,,,,,,,,Budget: Giá quá cao,,google,cpc,campaign_12,,,2025-11-19 20:31:46,2025-11-27 13:22:37,2025-11-27 13:22:37,false
12206,6b2b0c27-1eec-0480-2ab1-803803f89c7b,77,1003,Deal 12206,lost,,,,,Course E - Specialist,Hybrid,E06,,,,,,,,,,,Trash: Không có nhu cầu,,facebook,cpc,campaign_06,,,2025-10-26 18:17:13,2025-10-27 20:17:13,2025-10-27 20:17:13,false
12207,7dfcb03a-8f11-b60e-83cb-763e38767632,224,1004,Deal 12207,won,11000000,,,,Combo: Course A + Course C,Offline,,,,,,,,,,,,,,homepage,organic,campaign_01,,,2025-12-11 04:14:48,2026-01-14 06:12:23,2026-01-14 06:12:23,false
12208,9e597f5d-d1f1-df71-3a84-be767d3a5cd4,92,1003,Deal 12208,lost,,,,,Course F - Short course,Offline,F03,,,,,,,,,,,Choose Competitor: Không học online,,google,cpc,campaign_04,,,2025-04-03 22:56:40,2025-05-01 03:57:36,2025-05-01 03:57:36,false
12209,b901aec9-51be-d16c-0dee-17619561dee0,78,1001,Deal 12209,lost,,,,,Course A - Foundation,Hybrid,A05,Demo expectation,,,,,,,,,,Communication: Not Connected: Không liên hệ được,,google,cpc,campaign_08,,,2025-09-30 19:26:00,2025-10-07 11:44:54,2025-10-07 11:44:54,false
12210,ee1595cf-35a3-7765-bfac-c63e44de950f,224,1004,Deal 12210,won,6375000.0,,,,Course C - Advanced,Offline,C08,Demo expectation,,,,,,,,,,,,blog,organic,campaign_08,,,2026-03-16 05:33:46,2026-04-11 07:56:33,2026-04-11 07:56:33,false
12211,1ccc575e-6c6b-fd66-94ba-c2b5ca4514d1,224,1002,Deal 12211,won,9500000,,,,Course E - Specialist,Offline,,Demo expectation,,,,,,,,,,,,homepage,organic,campaign_07,,,2026-02-23 08:54:15,2026-03-31 03:24:55,2026-03-31 03:24:55,false
12212,7c0664aa-3ab5-1e50-f2c9-cc0fca7e2d4e,77,1001,Deal 12212,lost,,,,,Course B - Foundation,Online,,Demo expectation,,,,,,,,,,Communication: Not Connected: Không liên hệ được,,email,newsletter,campaign_01,,,2026-03-26 12:14:54,2026-03-28 18:14:54,2026-03-28 18:14:54,false
12213,339ef82b-b2e8-f8bf-ffdf-65880ffed184,73,1005,Deal 12213,lost,,,,,Course B - Foundation,Hybrid,B02,Demo expectation,,,,,,,,,,Communication: No Response,,,,,,,2025-03-05 05:16:47,2025-03-20 23:23:10,2025-03-20 23:23:10,false
12214,1a4f3f75-e5fe-5596-df49-fae77c63de56,224,1002,Deal 12214,won,4500000,,,,Course A - Foundation,Hybrid,A05,,REFERRAL,,,,,,,,,,,facebook,cpc,campaign_10,,,2025-09-26 02:58:06,2025-10-17 01:16:05,2025-10-17 01:16:05,false
12215,7b2021f7-8b1d-2284-5b6c-bb7a990c2e2a,79,1004,Deal 12215,open,,,,,Course B - Foundation,Online,,Demo expectation,,,,,,,,,,,,,,,,,2026-08-27 23:59:20,2026-08-31 15:02:55,,false
12216,27a351ff-abf8-106d-a63f-50afe0163b1c,80,1003,Deal 12216,lost,,,,,Course B - Foundation,Offline,B06,,,,,,,,,,,Relevance: Not ICP fit,,facebook,fanpage,campaign_05,,,2025-10-18 16:53:00,2025-10-26 15:59:55,2025-10-26 15:59:55,false
12217,56adbd1c-2d0f-af7a-85b2-6663ae3fdd5f,77,1001,Deal 12217,lost,,,,,Course E - Specialist,Hybrid,E07,,,,,,,,,,,Trash: Đăng ký trùng deal,,google,cpc,campaign_01,,,2025-11-07 06:25:24,2025-11-09 12:25:24,2025-11-09 12:25:24,false
12218,0328420c-cdb9-f86d-bb16-f8515c127211,77,1004,Deal 12218,lost,,,,,Course A - Foundation,Offline,A05,,EARLYBIRD,,,,,,,,,Trash: Đăng ký trùng deal,,facebook,cpc,campaign_10,,,2025-09-18 11:55:08,2025-09-19 14:55:08,2025-09-19 14:55:08,false
12219,869d7b01-61f0-3b99-4e33-db3731425d81,80,1002,Deal 12219,lost,,,,,Course A - Foundation,Offline,,Demo expectation,,,,,,,,,,Choose Competitor: Đã đi học bên khác,,facebook,cpc,campaign_06,,,2025-01-23 02:00:29,2025-02-11 07:40:23,2025-02-11 07:40:23,false
12220,09a686a9-376d-353d-99ba-118b7e5e212d,79,1002,Deal 12220,lost,,,,,Program G - Professional,Hybrid,,,,,,,,,,,,Budget: Giá quá cao,,facebook,fanpage,campaign_09,,,2025-08-02 16:52:54,2025-08-23 01:06:11,2025-08-23 01:06:11,false
12221,95a5de44-e731-207b-65db-b4045b199207,79,1003,Deal 12221,lost,,,,,Combo: Course A + Course C,Online,Course08,Demo expectation,EARLYBIRD,,,,,,,,,Bad Timing: Không sắp xếp được thời gian học,,,,,,,2026-02-15 13:49:46,2026-02-23 13:11:25,2026-02-23 13:11:25,false
12222,8a02711e-02f3-e4d0-eeb8-c6eb700affff,224,1002,Deal 12222,won,7500000,,,,Course C - Advanced,Online,C07,Demo expectation,REFERRAL,,,,,,,,,,,google,cpc,campaign_09,,,2025-12-10 02:06:30,2025-12-29 22:27:54,2025-12-29 22:27:54,false
12223,66f89b87-fccc-1a7d-3a1b-ba9cda07f08e,78,1001,Deal 12223,lost,,,,,Course B - Foundation,Hybrid,B08,Demo expectation,REFERRAL,,,,,,,,,Communication: Not Connected: Không liên hệ được,,facebook,cpc,campaign_07,,,2026-02-09 13:43:42,2026-02-16 09:39:08,2026-02-16 09:39:08,false
12224,f5bf829e-4c2f-3dec-f723-f78f855ad5d5,91,1004,Deal 12224,lost,,,,,Course F - Short course,Online,F05,Demo expectation,,,,,,,,,,Bad Timing: Không sắp xếp được thời gian học,,facebook,cpc,campaign_01,,,2025-08-24 15:53:07,2025-09-09 19:10:34,2025-09-09 19:10:34,false
12225,ada59cb2-882a-e449-b5b7-1c24785ca87b,77,1004,Deal 12225,lost,,,,,Course B - Foundation,Online,B06,,REFERRAL,,,,,,,,,Communication: Not Connected: Không liên hệ được,,,,,,,2025-10-02 18:01:51,2025-10-07 21:01:51,2025-10-07 21:01:51,false
12226,53ef2e33-9a31-797d-8ce5-87877d2c70bd,224,1002,Deal 12226,won,2500000,,,,Course F - Short course,Hybrid,F09,,,,,,,,,,,,,homepage,organic,campaign_12,,,2026-03-08 14:59:16,2026-03-31 16:06:35,2026-03-31 16:06:35,false
12227,df61dbe1-b714-6c44-11b2-152483c38648,77,1001,Deal 12227,open,,,Cựu học viên,,Course E - Specialist,Offline,E05,Demo expectation,,,,,,,,,,,,google,cpc,campaign_04,,,2025-08-30 22:19:55,2025-08-30 22:19:55,,false
12228,30ec2796-a59b-457f-c0d7-ac73095ffa81,79,1001,Deal 12228,open,,,,,Course B - Foundation,Online,B09,Demo expectation,,,,,,,,,,,,email,newsletter,campaign_06,,,2026-04-14 12:23:52,2026-04-22 20:35:15,,false
12229,e5ece8fb-a10a-d0f7-3fa1-1c73572398eb,76,1007,Deal 12229,won,5000000,,Cựu học viên,,Course B - Foundation,Online,B09,,,,,,,,,,,,,homepage,organic,campaign_06,,,2026-05-01 14:03:20,2026-05-13 12:47:55,2026-05-13 12:47:55,false
12230,7ed99a6b-6c37-86c2-0d08-367ef3d5f737,79,1003,Deal 12230,lost,,,,,Course B - Foundation,Hybrid,B11,Demo expectation,EARLYBIRD,,,,,,,,,Communication: Ghosted After Demo/Call,,facebook,fanpage,campaign_05,,,2026-07-04 20:17:36,2026-07-21 05:21:41,2026-07-21 05:21:41,false
12231,ed1a4d54-d54c-9bed-572c-608bed08f881,224,1002,Deal 12231,won,4500000,,Cựu học viên,,Course A - Foundation,Online,A09,Demo expectation,,,,,,,,,,,,facebook,cpc,campaign_01,,,2026-05-18 20:11:17,2026-07-02 06:33:09,2026-07-02 06:33:09,false
12232,d96688c9-8623-d81e-8224-da50bd10f69f,224,1002,Deal 12232,won,18000000,,,,Program G - Professional,Online,G06,Demo expectation,REFERRAL,,,,,,,,,,,blog,organic,campaign_06,,,2025-11-11 16:28:36,2025-12-07 19:56:24,2025-12-07 19:56:24,false
12233,7a3367d0-87a6-c63c-65a1-ee9c3b39b8aa,224,1003,Deal 12233,won,2250000.0,,Cựu học viên,,Course F - Short course,Hybrid,,,,,,,,,,,,,,blog,organic,campaign_10,,,2026-01-09 08:21:20,2026-01-28 04:22:53,2026-01-28 04:22:53,false
12234,39b6410e-c2c9-6b28-beb9-6a4ac0cffa73,224,1001,Deal 12234,won,4500000,,,,Course A - Foundation,Hybrid,A10,Demo expectation,EARLYBIRD,,,,,,,,,,,facebook,fanpage,campaign_10,,,2026-08-04 17:02:36,2026-08-17 20:01:47,2026-08-17 20:01:47,false
12235,1ea43f09-583f-1568-f561-5c4cd32acc65,224,1002,Deal 12235,won,9500000,,,,Course E - Specialist,Online,E10,Demo expectation,,,,,,,,,,,,inbox,inbox,campaign_06,,,2026-05-09 12:10:56,2026-05-22 21:26:30,2026-05-22 21:26:30,false
12236,5593862c-b67e-2215-809f-9b4fd6dd12af,76,1006,Deal 12236,won,5000000,,,,Course B - Foundation,Hybrid,B11,Demo expectation,,,,,,,,,,,,blog,organic,campaign_02,,,2026-07-27 16:21:46,2026-08-07 06:04:55,2026-08-07 06:04:55,false
12237,bc0a6a5d-6e99-6e3e-e3b1-37fc0a3450fc,80,1001,Deal 12237,lost,,,,,Course E - Specialist,Online,E11,,,,,,,,,,,Relevance: Not ICP fit,,facebook,cpc,campaign_04,,,2026-08-07 23:14:54,2026-08-21 08:24:37,2026-08-21 08:24:37,false
12238,9342a09f-b00a-c64c-949c-d8d48ed8a80d,80,1002,Deal 12238,open,,,,,Course B - Foundation,Hybrid,,,,,,,,,,,,,,email,newsletter,campaign_11,,,2025-02-22 22:16:02,2025-03-19 11:06:53,,false
12239,384852b6-57f4-98e0-c2a5-9d7b2bd3d971,224,1002,Deal 12239,won,5000000,,,,Course B - Foundation,Hybrid,B08,Demo expectation,EARLYBIRD,,,,,,,,,,,inbox,inbox,campaign_02,,,2026-01-14 23:38:16,2026-02-02 18:03:16,2026-02-02 18:03:16,false
12240,d04a8ff9-eee1-4ab3-1f5e-c4d26282a4d5,224,1004,Deal 12240,won,6375000.0,,Cựu học viên,,Course C - Advanced,Hybrid,,Demo expectation,EARLYBIRD,,,,,,,,,,,google,cpc,campaign_01,,,2025-09-12 13:27:59,2025-10-18 00:23:08,2025-10-18 00:23:08,false
12241,7208838e-7d57-ef69-332a-c35a833d3df1,224,1004,Deal 12241,won,3825000.0,,,,Course A - Foundation,Hybrid,A06,,,,,,,,,,,,,homepage,organic,campaign_09,,,2025-11-04 15:47:46,2025-11-27 20:06:07,2025-11-27 20:06:07,false
12242,8a02711e-02f3-e4d0-eeb8-c6eb700affff,224,1001,Deal 12242,won,15300000.0,,,,Program G - Professional,Online,G07,Demo expectation,REFERRAL,,,,,,,,,,,inbox,inbox,campaign_08,,,2025-11-16 10:42:51,2025-12-07 21:28:28,2025-12-07 21:28:28,false
12243,4a5d95a7-df0b-1449-4559-620034111701,79,1004,Deal 12243,lost,,,,,Course F - Short course,Hybrid,F04,Demo expectation,EARLYBIRD,,,,,,,,,Communication: No Response,,,,,,,2025-07-12 19:23:48,2025-07-27 20:58:54,2025-07-27 20:58:54,false
12244,1f643c0d-4d7d-9c5e-d41b-b559c9af2794,224,1001,Deal 12244,won,8000000,,,,Course D - Advanced,Offline,D06,,,,,,,,,,,,,blog,organic,campaign_10,,,2025-09-21 09:51:03,2025-10-17 14:12:34,2025-10-17 14:12:34,false
12245,d67da117-cc77-1505-0f95-e5dcec9f1803,224,1003,Deal 12245,won,4500000.0,,,,Course B - Foundation,Online,B07,,,,,,,,,,,,,email,newsletter,campaign_01,,,2026-01-05 09:00:17,2026-01-30 23:54:21,2026-01-30 23:54:21,false
12246,b24841dd-619c-4496-6856-c822ce0ed735,80,1003,Deal 12246,lost,,,,,Combo: Course A + Course C,Hybrid,Course04,Demo expectation,REFERRAL,,,,,,,,,Relevance: Use Case Misfit: Nhu cầu không đúng với sản phẩm,,homepage,organic,campaign_12,,,2025-07-03 19:28:20,2025-07-21 18:45:49,2025-07-21 18:45:49,false
12247,c551b713-f24b-c2c0-c5f8-fded28ca9023,224,1003,Deal 12247,won,4050000.0,,,,Course A - Foundation,Hybrid,A08,Demo expectation,,,,,,,,,,,,facebook,cpc,campaign_01,,,2026-03-09 02:41:57,2026-03-31 14:32:06,2026-03-31 14:32:06,false
12248,b2becd65-b9f5-f903-7af1-834d4bd814a2,222,1004,Deal 12248,won,2500000,,,,Course F - Short course,Online,F04,,EARLYBIRD,,,,,,,,,,,facebook,cpc,campaign_02,,,2025-06-12 15:51:22,2025-06-22 20:07:47,2025-06-22 20:07:47,false
12249,8f6a201a-589a-691e-276a-7d9aff447459,224,1001,Deal 12249,won,5000000,,,,Course B - Foundation,Online,B05,Demo expectation,REFERRAL,,,,,,,,,,,facebook,cpc,campaign_09,,,2025-08-07 18:30:24,2025-08-25 23:03:51,2025-08-25 23:03:51,false
12250,248dbf75-0096-b4d6-d67d-81a6a6d5ab1c,78,1002,Deal 12250,lost,,,,,Course E - Specialist,Online,E02,Demo expectation,,,,,,,,,,Trash: Không có nhu cầu,,,,,,,2025-02-26 15:55:29,2025-03-08 05:31:37,2025-03-08 05:31:37,false
12251,c80aa7cf-e1b3-3498-8974-7baf19283cfc,224,1002,Deal 12251,won,8000000,,,,Course D - Advanced,Hybrid,D05,Demo expectation,,,,,,,,,,,,inbox,inbox,campaign_09,,,2025-08-13 22:12:33,2025-09-17 10:24:44,2025-09-17 10:24:44,false
12252,32c5bd89-b70b-3420-f104-3785658b2523,224,1001,Deal 12252,won,5000000,,,,Course B - Foundation,Offline,,Demo expectation,,,,,,,,,,,,google,cpc,campaign_12,,,2026-09-22 23:45:49,2026-09-27 12:00:00,2026-09-27 12:00:00,false
12253,17584f23-1fa0-9802-bbb7-1494b7e767d4,77,1003,Deal 12253,lost,,,,,Program G - Professional,Offline,,,,,,,,,,,,Communication: Invalid Contact,,facebook,fanpage,campaign_04,,,2026-03-04 16:15:38,2026-03-06 22:15:38,2026-03-06 22:15:38,false
12254,5ef97dba-e07d-0865-ef38-f3cc301f5433,224,1003,Deal 12254,won,4050000.0,,,,Course A - Foundation,Offline,,,,,,,,,,,,,,facebook,cpc,campaign_05,,,2025-08-26 03:28:25,2025-09-29 13:02:40,2025-09-29 13:02:40,false
12255,a4c31af7-514a-36bf-4733-4b73225f52ab,80,1001,Deal 12255,open,,lead cks,,,Course E - Specialist,Online,E12,Demo expectation,,,,,,,,,,,,facebook,cpc,campaign_06,,,2026-09-27 11:00:00,2026-09-27 11:00:00,,false
12256,35145890-84c8-6c46-2359-5fa4b4adaf89,91,1004,Deal 12256,lost,,,,,Course B - Foundation,Online,B05,,,,,,,,,,,Bad Timing: Không sắp xếp được thời gian học,,facebook,cpc,campaign_09,,,2025-09-15 18:53:35,2025-10-06 20:18:39,2025-10-06 20:18:39,false
12257,f5321352-b544-68e4-1f2d-a344a3596667,224,1001,Deal 12257,won,4500000,,,,Course A - Foundation,Offline,,,,,,,,,,,,,,,,,,,2025-08-18 14:39:42,2025-09-14 14:33:08,2025-09-14 14:33:08,false
12258,85664da4-8422-edc7-00dc-1d6c013c7d7c,78,1003,Deal 12258,lost,,,,,Course F - Short course,Offline,F03,Demo expectation,REFERRAL,,,,,,,,,Communication: Not Connected: Không liên hệ được,,facebook,cpc,campaign_03,,,2025-03-30 08:01:10,2025-04-03 07:29:38,2025-04-03 07:29:38,false
12259,4dcd0009-c8d5-7717-9055-a36f4aa5f9d3,77,1004,Deal 12259,open,,,,,Combo: Course A + Course C,Online,Course02,Demo expectation,,,,,,,,,,,,,,,,,2025-03-14 00:05:03,2025-03-14 00:05:03,,false
12260,a22fc331-6851-8341-0766-699f7bf2aa06,224,1001,Deal 12260,won,18000000,,,,Program G - Professional,Online,G06,Demo expectation,EARLYBIRD,,,,,,,,,,,,,,,,2025-09-29 04:13:57,2025-11-03 01:00:38,2025-11-03 01:00:38,false
12261,9a3b5491-7e6b-f58f-f72e-b0347e7422ad,91,1004,Deal 12261,lost,,,,,Course C - Advanced,Hybrid,C03,Demo expectation,EARLYBIRD,,,,,,,,,Bad Timing: Không sắp xếp được thời gian học,,facebook,fanpage,campaign_01,,,2025-05-08 07:30:43,2025-05-13 20:28:52,2025-05-13 20:28:52,false
12262,34b6d9da-87a9-efaf-b92a-b1b72213cdad,79,1002,Deal 12262,open,,,,,Course D - Advanced,Online,D07,Demo expectation,,,,,,,,,,,,,,,,,2026-01-02 19:45:43,2026-01-24 10:37:38,,false
12263,b949c125-7faf-15be-67cc-fdf39af1cbf0,224,1003,Deal 12263,won,8075000.0,,,,Course E - Specialist,Hybrid,E06,Demo expectation,,,,,,,,,,,,facebook,cpc,campaign_03,,,2025-09-26 03:44:37,2025-10-21 19:56:43,2025-10-21 19:56:43,false
12264,43b7a0ef-82c4-1c54-a8de-bd889f8acdeb,224,1003,Deal 12264,won,2500000,,,,Course F - Short course,Offline,,,,,,,,,,,,,,,,,,,2025-10-29 20:59:56,2025-11-21 04:40:58,2025-11-21 04:40:58,false
12265,1fc7aa60-be8e-30d1-d553-f769915f5514,79,1001,Deal 12265,open,,,,,Course F - Short course,Hybrid,F12,Demo expectation,,,,,,,,,,,,facebook,cpc,campaign_09,,,2026-09-27 11:00:00,2026-09-27 11:00:00,,false
12266,5bc76084-e9a9-8188-ca27-b91a3a36fc4e,224,1003,Deal 12266,won,4500000,,,,Course A - Foundation,Hybrid,A01,Demo expectation,,,,,,,,,,,,,,,,,2025-01-06 12:42:20,2025-01-23 11:10:13,2025-01-23 11:10:13,false
12267,9af853fb-9c7c-c702-bfcf-648cfc3ac087,91,1001,Deal 12267,open,,,,,Combo: Course A + Course C,Hybrid,Course06,,REFERRAL,,,,,,,,,,,email,newsletter,campaign_12,,,2025-11-12 14:43:17,2025-12-06 08:10:39,,false
12268,2d7c1657-ac60-8144-6cb5-329960e86fd5,91,1003,Deal 12268,lost,,,,,Combo: Course A + Course C,Offline,Course02,,,,,,,,,,,Bad Timing: No Immediate Priority,,facebook,fanpage,campaign_09,,,2025-03-12 08:10:08,2025-03-29 07:07:26,2025-03-29 07:07:26,false
12269,f334685d-b6ad-478c-3e06-f427a832a228,79,1003,Deal 12269,lost,,,,,Course B - Foundation,Hybrid,,Demo expectation,EARLYBIRD,,,,,,,,,Low engagement: Không còn nhu cầu học,,facebook,cpc,campaign_05,,,2026-04-28 11:23:03,2026-05-10 07:43:54,2026-05-10 07:43:54,false
12270,b69f75c5-c82b-a1be-61eb-64e6fd498e20,224,1004,Deal 12270,won,2500000,,,,Course F - Short course,Offline,F10,Demo expectation,,,,,,,,,,,,email,newsletter,campaign_08,,,2026-05-21 03:02:28,2026-06-14 14:03:42,2026-06-14 14:03:42,false
12271,f44c5255-2a07-a49f-c880-3baede823285,91,1003,Deal 12271,lost,,,,,Course A - Foundation,Offline,A07,Demo expectation,,,,,,,,,,Bad Timing: No Immediate Priority,,homepage,organic,campaign_03,,,2026-02-19 14:14:07,2026-03-05 19:05:05,2026-03-05 19:05:05,false
12272,27facb5d-c74d-2800-be1e-0254e35aac0c,79,1001,Deal 12272,lost,,,,,Course F - Short course,Offline,F05,Demo expectation,,,,,,,,,,Budget: Giá quá cao,,,,,,,2025-07-28 11:19:41,2025-08-04 16:44:08,2025-08-04 16:44:08,false
12273,f785e007-0c64-1777-8c2d-bd72dc349f4d,224,1002,Deal 12273,won,4500000,,,,Course A - Foundation,Offline,,Demo expectation,,,,,,,,,,,,facebook,cpc,campaign_06,,,2025-12-19 06:31:07,2026-01-15 02:59:11,2026-01-15 02:59:11,false
12274,54a91f62-e27c-4696-7229-69aaee8c3aa6,216,1004,Deal 12274,lost,,,,,Course A - Foundation,Hybrid,A01,,,,,,,,,,,Budget: Giá quá cao,,facebook,cpc,campaign_01,,,2025-01-24 04:42:47,2025-01-27 07:42:47,2025-01-27 07:42:47,false
12275,cfb988f6-5d1a-71a6-f34b-182071603b59,76,1007,Deal 12275,won,2500000,,,,Course F - Short course,Hybrid,F02,Demo expectation,,,,,,,,,,,,google,cpc,campaign_08,,,2025-02-28 07:32:44,2025-03-19 10:33:38,2025-03-19 10:33:38,false
12276,dd8729e4-a6ce-6b4d-e738-eb305a04d51d,80,1002,Deal 12276,open,,,,,Course A - Foundation,Offline,A03,Demo expectation,,,,,,,,,,,,facebook,cpc,campaign_08,,,2025-05-21 23:34:02,2025-06-02 08:33:29,,false
12277,6dbbf0f8-964f-05a1-a68e-851a0bcfed34,79,1004,Deal 12277,lost,,,,,Course D - Advanced,Hybrid,D03,Demo expectation,EARLYBIRD,,,,,,,,,Communication: No Response,,facebook,cpc,campaign_07,,,2025-04-17 14:43:05,2025-04-23 12:47:06,2025-04-23 12:47:06,false
12278,c8ebe27a-23a4-e70e-9dbc-15c02a7dc57c,92,1002,Deal 12278,lost,,,,,Course A - Foundation,Online,A06,Demo expectation,REFERRAL,,,,,,,,,Choose Competitor: Không học online,,blog,organic,campaign_07,,,2026-01-01 15:37:52,2026-01-25 18:57:24,2026-01-25 18:57:24,false
12279,051978bf-8a2e-30d6-9ade-bcc221144198,77,1004,Deal 12279,lost,,,,,Course D - Advanced,Hybrid,,Demo expectation,,,,,,,,,,Trash: Không có nhu cầu,,blog,organic,campaign_05,,,2025-11-15 06:39:23,2025-11-18 09:39:23,2025-11-18 09:39:23,false
12280,9ef63a80-179f-1235-df2e-f2803b5844f5,224,1002,Deal 12280,won,5000000,,,,Course B - Foundation,Online,B06,,,,,,,,,,,,,facebook,cpc,campaign_08,,,2025-09-27 06:48:38,2025-10-26 19:39:31,2025-10-26 19:39:31,false
12281,2c7e254b-19fc-2491-e20a-558241e04166,77,1004,Deal 12281,lost,,,,,Combo: Course A + Course C,Offline,Course08,,REFERRAL,,,,,,,,,Trash: Đăng ký trùng deal,,facebook,cpc,campaign_09,,,2026-02-03 14:51:42,2026-02-07 17:51:42,2026-02-07 17:51:42,false
12282,bdb85b97-44e0-5787-5550-f4eaa86bf8b5,224,1003,Deal 12282,won,5000000,,,,Course B - Foundation,Online,B12,,,,,,,,,,,,,,,,,,2026-08-22 07:59:41,2026-09-11 11:18:47,2026-09-11 11:18:47,false
12283,764d7e7c-8e49-d0f9-2cc5-c9de6a1d9731,224,1004,Deal 12283,won,4050000.0,,,,Course A - Foundation,Hybrid,A04,Demo expectation,,,,,,,,,,,,facebook,cpc,campaign_06,,,2025-08-21 23:36:31,2025-09-06 01:02:24,2025-09-06 01:02:24,false
12284,9ef63a80-179f-1235-df2e-f2803b5844f5,224,1002,Deal 12284,won,4500000,,,,Course A - Foundation,Hybrid,,Demo expectation,,,,,,,,,,,,google,cpc,campaign_06,,,2025-09-28 07:45:46,2025-10-31 20:28:35,2025-10-31 20:28:35,false
12285,2922ecb0-c8aa-e0c8-b057-31fd8916f0b7,78,1004,Deal 12285,lost,,,,,Course A - Foundation,Hybrid,,Demo expectation,REFERRAL,,,,,,,,,Trash: Không có nhu cầu,,email,newsletter,campaign_09,,,2025-10-14 12:19:24,2025-10-23 13:23:28,2025-10-23 13:23:28,false
12286,170bdd14-95e7-b610-04c0-d48a98bf6a3e,80,1002,Deal 12286,lost,,,,,Course F - Short course,Hybrid,F10,Demo expectation,EARLYBIRD,,,,,,,,,Choose Competitor: Đã đi học bên khác,,,,,,,2026-05-29 12:03:55,2026-06-11 12:39:30,2026-06-11 12:39:30,false
12287,142e3df0-3c28-f5dc-d12d-aea8673d2920,77,1001,Deal 12287,lost,,,,,Course E - Specialist,Online,E09,,,,,,,,,,,Communication: Not Connected: Không liên hệ được,,facebook,cpc,campaign_04,,,2026-05-04 06:21:42,2026-05-09 07:21:42,2026-05-09 07:21:42,false
12288,b8344070-e0e5-f6e5-04c4-4853a33b3dfd,80,1003,Deal 12288,lost,,,,,Course D - Advanced,Offline,,,REFERRAL,,,,,,,,,Budget: Not willing to pay,,facebook,fanpage,campaign_10,,,2026-06-28 19:30:26,2026-07-02 16:42:19,2026-07-02 16:42:19,false
12289,9008cdc9-9d42-1bae-2134-e15bed56c714,224,1004,Deal 12289,won,7200000.0,,,,Course D - Advanced,Offline,D03,Demo expectation,EARLYBIRD,,,,,,,,,,,facebook,cpc,campaign_02,,,2025-04-23 03:56:19,2025-05-07 10:34:04,2025-05-07 10:34:04,false
12290,a86e5687-05ed-ca30-57ef-661efe11ac4f,91,1004,Deal 12290,lost,,,,,Course C - Advanced,Offline,C01,,REFERRAL,,,,,,,,,Bad Timing: No Immediate Priority,,,,,,,2025-01-05 23:29:07,2025-01-18 03:13:06,2025-01-18 03:13:06,false
12291,43b42591-8979-ae2a-2e44-c25f8bd3a18c,78,1002,Deal 12291,lost,,,,,Course A - Foundation,Offline,,Demo expectation,,,,,,,,,,Sales Process: Sales không follow-up khách,,,,,,,2025-06-23 02:21:31,2025-07-01 21:54:26,2025-07-01 21:54:26,false
12292,f334685d-b6ad-478c-3e06-f427a832a228,226,1003,Deal 12292,open,,,,,Course B - Foundation,Online,,,EARLYBIRD,,,,,,,,,,,zalo,oa,campaign_03,,,2026-04-20 00:36:03,2026-04-20 03:30:44,,false
12293,af1ae1b1-e2a4-ae18-cd3c-b60f64b18f8b,78,1003,Deal 12293,lost,,,,,Course E - Specialist,Hybrid,E09,,EARLYBIRD,,,,,,,,,Trash: Không có nhu cầu,,facebook,cpc,campaign_08,,,2026-03-23 08:11:06,2026-04-03 12:22:09,2026-04-03 12:22:09,false
12294,73dce0e0-6657-00be-80c4-898950f30807,76,1008,Deal 12294,won,4500000,,,,Course A - Foundation,Hybrid,A07,,EARLYBIRD,,,,,,,,,,,,,,,,2026-02-05 01:54:38,2026-02-17 14:35:32,2026-02-17 14:35:32,false
12295,fce176a1-56fb-9a22-e2b6-ef5d58052a55,220,1003,Deal 12295,lost,,,,,Course A - Foundation,Offline,,,EARLYBIRD,,,,,,,,,Budget: Giá quá cao,,blog,organic,campaign_07,,,2025-06-24 16:50:19,2025-07-21 18:14:45,2025-07-21 18:14:45,false
12296,fb6fed47-4238-de26-e4d3-8fc7ed222388,80,1002,Deal 12296,lost,,,,,Course B - Foundation,Online,B04,Demo expectation,,,,,,,,,,Budget: Not willing to pay,,,,,,,2025-06-20 18:05:59,2025-06-28 17:13:23,2025-06-28 17:13:23,false
12297,96382c45-bc95-cd43-49d8-632ad9fd99b4,79,1001,Deal 12297,lost,,,,,Course B - Foundation,Offline,,,REFERRAL,,,,,,,,,Communication: No Response,,facebook,cpc,campaign_04,,,2026-05-25 12:54:44,2026-06-07 07:40:15,2026-06-07 07:40:15,false
12298,be160640-69a3-1ab6-5ced-1a62817ef840,224,1003,Deal 12298,won,6750000.0,,,,Course C - Advanced,Offline,,,REFERRAL,,,,,,,,,,,homepage,organic,campaign_02,,,2026-09-07 23:53:58,2026-09-24 08:04:57,2026-09-24 08:04:57,false
12299,5832c8de-521b-e8c2-30c3-ef8a592ab43d,222,1001,Deal 12299,won,18000000,,,,Program G - Professional,Hybrid,,,,,,,,,,,,,,facebook,fanpage,campaign_07,,,2026-08-08 16:52:28,2026-09-04 18:57:46,2026-09-04 18:57:46,false
12300,f0c468fa-da3c-e8a9-7f59-bbc4a9f86b67,77,1003,Deal 12300,lost,,,,,Combo: Course A + Course C,Hybrid,Course02,Demo expectation,REFERRAL,,,,,,,,,Communication: Not Connected: Không liên hệ được,,facebook,cpc,campaign_07,,,2025-03-29 16:10:41,2025-03-29 17:10:41,2025-03-29 17:10:41,false
12301,18360f46-170e-0447-1a28-2f20ce529b86,91,1003,Deal 12301,lost,,,,,Combo: Course A + Course C,Hybrid,Course06,Demo expectation,,,,,,,,,,Bad Timing: No Immediate Priority,,facebook,cpc,campaign_09,,,2025-10-28 11:14:16,2025-11-08 02:49:54,2025-11-08 02:49:54,false
12302,0abdbcd1-782c-cfec-9e5d-78a1c5bdb495,79,1002,Deal 12302,lost,,,,,Course A - Foundation,Online,A04,Demo expectation,EARLYBIRD,,,,,,,,,Communication: Ghosted After Demo/Call,,facebook,cpc,campaign_02,,,2025-08-21 07:16:32,2025-08-29 03:22:01,2025-08-29 03:22:01,false
12303,3f58ee69-3325-da60-74a4-01316a6d7c9d,80,1004,Deal 12303,lost,,,,,Course D - Advanced,Offline,,Demo expectation,,,,,,,,,,Budget: Not willing to pay,,facebook,cpc,campaign_10,,,2025-11-16 05:43:50,2025-12-15 08:49:29,2025-12-15 08:49:29,false
12304,01e58ea3-21e5-8589-6699-42fe625a58c6,80,1003,Deal 12304,lost,,,,,Course C - Advanced,Online,C08,Demo expectation,EARLYBIRD,,,,,,,,,Relevance: Not ICP fit,,facebook,cpc,campaign_11,,,2026-04-07 03:20:10,2026-04-17 19:54:42,2026-04-17 19:54:42,false
12305,aba23511-f544-b28c-0bba-d72a8a7e9cce,77,1004,Deal 12305,lost,,,,,Course D - Advanced,Offline,D09,Demo expectation,,,,,,,,,,Trash: Đăng ký trùng deal,,facebook,fanpage,campaign_12,,,2026-04-17 22:13:58,2026-04-20 02:13:58,2026-04-20 02:13:58,false
12306,072915c7-25ee-3dfd-6cc1-da4dd0411dec,79,1004,Deal 12306,lost,,,,,Program G - Professional,Online,G10,Demo expectation,,,,,,,,,,Bad Timing: Không sắp xếp được thời gian học,,,,,,,2026-05-06 08:45:19,2026-05-13 02:08:43,2026-05-13 02:08:43,false
12307,a8b97820-e92c-5b92-6279-67a3753439c0,79,1002,Deal 12307,lost,,,,,Program G - Professional,Offline,,,,,,,,,,,,Budget: Giá quá cao,,facebook,cpc,campaign_05,,,2026-04-28 18:04:40,2026-05-12 17:27:30,2026-05-12 17:27:30,false
12308,10292c12-70fc-3404-1486-90f7841597ef,79,1001,Deal 12308,lost,,,,,Course B - Foundation,Offline,,Demo expectation,,,,,,,,,,Low engagement: Không còn nhu cầu học,,,,,,,2026-05-25 04:34:20,2026-06-08 18:58:43,2026-06-08 18:58:43,false
12309,32c5bd89-b70b-3420-f104-3785658b2523,80,1003,Deal 12309,open,,,,,Course A - Foundation,Offline,,Demo expectation,,,,,,,,,,,,facebook,fanpage,campaign_10,,,2026-09-27 11:00:00,2026-09-27 11:00:00,,false
12310,eadc9960-4242-11e2-960b-e0f495132c22,76,1006,Deal 12310,won,6375000.0,,,,Course C - Advanced,Offline,C03,,,,,,,,,,,,,facebook,cpc,campaign_08,,,2025-05-06 15:30:30,2025-06-07 00:48:16,2025-06-07 00:48:16,false
12311,02c27f97-af6c-9a31-57a9-b67fe35f41db,78,1004,Deal 12311,lost,,,,,Course D - Advanced,Online,D11,Demo expectation,,,,,,,,,,Communication: Not Connected: Không liên hệ được,,blog,organic,campaign_03,,,2026-08-12 16:33:13,2026-08-14 13:13:39,2026-08-14 13:13:39,false
12312,d1587136-6e52-8655-af17-8dbbc461aac1,80,1001,Deal 12312,open,,,,,Program G - Professional,Online,G12,Demo expectation,EARLYBIRD,,,,,,,,,,,,,,,,2026-08-19 19:01:17,2026-09-01 15:56:22,,false
12313,72c1e68e-9390-6193-490c-e3154d980202,75,1005,Deal 12313,open,,,,,Course C - Advanced,Offline,C11,,,,,,,,,,,,,zalo,oa,campaign_06,,,2026-08-13 15:48:45,2026-08-22 17:33:12,,false
12314,62b51781-5d17-c25d-eaac-abb43802485f,91,1002,Deal 12314,lost,,,,,Program G - Professional,Offline,,,REFERRAL,,,,,,,,,Bad Timing: No Immediate Priority,,,,,,,2025-12-27 14:48:38,2026-02-05 17:51:27,2026-02-05 17:51:27,false
12315,d084b7df-07c3-f5bf-deec-a16faad41a73,78,1004,Deal 12315,lost,,,,,Course D - Advanced,Hybrid,D05,,EARLYBIRD,,,,,,,,,Communication: Not Connected: Không liên hệ được,,google,cpc,campaign_11,,,2025-07-31 21:20:50,2025-08-09 08:31:00,2025-08-09 08:31:00,false
12316,b06dc0d5-26b0-7bc1-8b43-0745c3164e09,224,1002,Deal 12316,won,9350000.0,,,,Combo: Course A + Course C,Online,Course10,Demo expectation,,,,,,,,,,,,zalo,oa,campaign_07,,,2026-06-16 13:12:31,2026-07-19 19:36:11,2026-07-19 19:36:11,false
12317,df223246-e6fb-61d3-fba2-6c214264e318,224,1001,Deal 12317,won,8000000,,,,Course D - Advanced,Hybrid,D05,Demo expectation,,,,,,,,,,,,google,cpc,campaign_02,,,2025-07-24 20:40:45,2025-08-16 12:50:11,2025-08-16 12:50:11,false
12318,2777a40b-cff7-16ad-b85f-20e5ab1aa0c5,92,1002,Deal 12318,lost,,,,,Course F - Short course,Offline,F08,,,,,,,,,,,Choose Competitor: Không học online,,google,cpc,campaign_05,,,2026-03-02 08:53:06,2026-03-19 07:16:51,2026-03-19 07:16:51,false
12319,7f5f61aa-aee7-c7a5-8629-6fbe309b48dd,224,1002,Deal 12319,won,5000000,,,,Course B - Foundation,Offline,B05,Demo expectation,REFERRAL,,,,,,,,,,,facebook,cpc,campaign_02,,,2025-07-25 06:13:57,2025-08-23 19:36:31,2025-08-23 19:36:31,false
12320,863ecbe2-a8d9-9292-4a85-e4433ba878d9,76,1005,Deal 12320,won,8075000.0,,,,Course E - Specialist,Hybrid,,,,,,,,,,,,,,email,newsletter,campaign_10,,,2025-11-17 09:58:40,2025-12-09 02:14:54,2025-12-09 02:14:54,false
12321,d28fcf68-c871-d7b3-8468-b74d85e3ade5,80,1002,Deal 12321,open,,,,,Course E - Specialist,Hybrid,,Demo expectation,,,,,,,,,,,,,,,,,2026-09-16 13:25:43,2026-09-27 11:00:00,,false
12322,378e38ad-3dec-dd27-7d26-83506eb771e4,224,1004,Deal 12322,won,9900000.0,,,,Combo: Course A + Course C,Hybrid,,Demo expectation,EARLYBIRD,,,,,,,,,,,,,,,,2026-05-27 10:43:46,2026-06-21 21:35:44,2026-06-21 21:35:44,false
12323,ae2e69e2-6c3f-4800-ec13-d7c3e1c72223,77,1004,Deal 12323,lost,,,,,Course D - Advanced,Offline,D02,Demo expectation,EARLYBIRD,,,,,,,,,Trash: Không có nhu cầu,,facebook,cpc,campaign_11,,,2025-01-21 06:42:51,2025-01-22 12:42:51,2025-01-22 12:42:51,false
12324,d59ef0fd-1204-f4d6-bbfb-1b710a683eb8,92,1002,Deal 12324,lost,,,,,Combo: Course A + Course C,Hybrid,Course09,Demo expectation,,,,,,,,,,Budget: Giá quá cao,,facebook,cpc,campaign_08,,,2026-04-26 04:21:27,2026-05-24 19:34:42,2026-05-24 19:34:42,false
12325,1ad136d6-7472-bd84-65cc-59d62d520b16,224,1002,Deal 12325,won,11000000,,Cựu học viên,,Combo: Course A + Course C,Hybrid,Course04,,,,,,,,,,,,,google,cpc,campaign_01,,,2025-07-31 05:56:54,2025-09-23 19:21:45,2025-09-23 19:21:45,false
12326,d8e3cb62-fe24-fcd4-46bc-55dbae6c3a9b,91,1004,Deal 12326,lost,,,,,Course D - Advanced,Hybrid,D05,Demo expectation,,,,,,,,,,Bad Timing: No Immediate Priority,,google,cpc,campaign_03,,,2025-08-15 04:48:12,2025-08-29 12:39:18,2025-08-29 12:39:18,false
12327,fd28a4d7-c5ce-245c-9558-fa31b24f59f9,79,1004,Deal 12327,open,,,,,Course F - Short course,Offline,F12,Demo expectation,,,,,,,,,,,,email,newsletter,campaign_09,,,2026-09-08 04:33:17,2026-09-10 19:41:31,,false
12328,bbdfb574-49b8-f7ba-98a7-fea2b4b2ce14,224,1002,Deal 12328,won,11000000,,,,Combo: Course A + Course C,Offline,Course05,Demo expectation,,,,,,,,,,,,facebook,cpc,campaign_09,,,2025-08-27 17:02:12,2025-09-12 23:42:22,2025-09-12 23:42:22,false
12329,42c21797-0426-fcc9-255b-30e2bdc2b74b,77,1001,Deal 12329,open,,,,,Course E - Specialist,Online,E08,,REFERRAL,,,,,,,,,,,zalo,oa,campaign_07,,,2026-01-20 21:53:59,2026-01-20 21:53:59,,false
12330,07cdc1e3-6c4d-79e0-8ab0-d57f4f41be69,224,1003,Deal 12330,won,18000000,,,,Program G - Professional,Online,G11,Demo expectation,,,,,,,,,,,,google,cpc,campaign_02,,,2026-06-21 18:26:46,2026-07-07 23:20:03,2026-07-07 23:20:03,false
12331,f84791e0-e55d-32af-13e9-e07052c64562,77,1003,Deal 12331,lost,,,,,Course E - Specialist,Offline,E06,,,,,,,,,,,Trash: Không có nhu cầu,,facebook,cpc,campaign_08,,,2025-10-15 12:13:17,2025-10-16 15:13:17,2025-10-16 15:13:17,false
12332,3b38102b-7bdf-1546-e4a8-844f7d94a6ce,224,1004,Deal 12332,won,3825000.0,,,,Course A - Foundation,Hybrid,A07,,REFERRAL,,,,,,,,,,,,,,,,2026-02-26 08:21:39,2026-03-25 15:33:39,2026-03-25 15:33:39,false
12333,66f89b87-fccc-1a7d-3a1b-ba9cda07f08e,224,1003,Deal 12333,won,6375000.0,,,,Course C - Advanced,Offline,C07,,,,,,,,,,,,,google,cpc,campaign_02,,,2026-01-21 10:11:09,2026-03-07 17:17:02,2026-03-07 17:17:02,false
12334,64d76ec4-5f8e-9dc6-7272-4a33d6875a11,78,1004,Deal 12334,lost,,,,,Course A - Foundation,Offline,A08,,REFERRAL,,,,,,,,,Communication: Not Connected: Không liên hệ được,,facebook,cpc,campaign_04,,,2026-03-31 02:04:53,2026-04-04 08:28:58,2026-04-04 08:28:58,false
12335,7781321e-83c5-01cb-fef7-d9ea7f8e5483,76,1006,Deal 12335,won,2500000,,,,Course F - Short course,Offline,,Demo expectation,EARLYBIRD,,,,,,,,,,,blog,organic,campaign_09,,,2025-03-12 09:38:47,2025-04-13 09:10:39,2025-04-13 09:10:39,false
12336,6520a744-9e54-85b4-764b-c004d9b833fd,77,1002,Deal 12336,lost,,,,,Course A - Foundation,Online,,,REFERRAL,,,,,,,,,Communication: Not Connected: Không liên hệ được,,email,newsletter,campaign_10,,,2025-08-26 04:34:02,2025-08-30 11:34:02,2025-08-30 11:34:02,false
12337,b3efe892-e85c-c863-48cf-f1da7bbccb5d,78,1002,Deal 12337,open,,,,,Course D - Advanced,Hybrid,D07,,EARLYBIRD,,,,,,,,,,,email,newsletter,campaign_06,,,2025-11-12 19:37:59,2025-11-13 21:36:31,,false
12338,2ad98682-f8da-5a79-a72e-dd5f4a0c408d,77,1002,Deal 12338,lost,,,,,Course D - Advanced,Online,D03,,,,,,,,,,,Trash: Không có nhu cầu,,,,,,,2025-05-28 21:35:22,2025-05-28 23:35:22,2025-05-28 23:35:22,false
12339,8338b815-cd9a-fa65-5de6-346755ec2b78,77,1003,Deal 12339,lost,,,,,Combo: Course A + Course C,Online,Course01,,,,,,,,,,,Communication: Invalid Contact,,google,cpc,campaign_04,,,2025-01-17 17:34:46,2025-01-20 19:34:46,2025-01-20 19:34:46,false
12340,f29941da-f3b1-ddda-d921-44bdd5a30080,224,1003,Deal 12340,won,8000000,,,,Course D - Advanced,Hybrid,,,REFERRAL,,,,,,,,,,,facebook,cpc,campaign_11,,,2025-05-28 22:29:10,2025-06-21 11:37:25,2025-06-21 11:37:25,false
12341,87dcfa74-b5e9-b522-2735-4c3bb0dd1d66,224,1004,Deal 12341,won,11000000,,,,Combo: Course A + Course C,Online,Course04,Demo expectation,REFERRAL,,,,,,,,,,,,,,,,2025-06-09 03:50:20,2025-07-06 16:34:14,2025-07-06 16:34:14,false
12342,e3abed80-d9d5-c321-864c-1d6724635434,78,1001,Deal 12342,lost,,,,,Combo: Course A + Course C,Online,,,,,,,,,,,,Sales Process: Sales không follow-up khách,,facebook,cpc,campaign_08,,,2026-07-02 23:28:19,2026-07-09 13:36:53,2026-07-09 13:36:53,false
12343,8dac20f9-0abd-99fd-513c-d4649473b7cd,224,1004,Deal 12343,won,8550000.0,,,,Course E - Specialist,Online,E11,,,,,,,,,,,,,inbox,inbox,campaign_07,,,2026-07-18 09:22:22,2026-08-14 07:12:33,2026-08-14 07:12:33,false
12344,45999d7e-dd35-4aa4-502e-55983c3c3182,73,1008,Deal 12344,lost,,,,,Course F - Short course,Hybrid,F02,Demo expectation,,,,,,,,,,Budget: Giá quá cao,,zalo,oa,campaign_05,,,2025-02-22 23:09:58,2025-02-25 00:10:44,2025-02-25 00:10:44,false
12345,a9906847-8223-a973-ce0a-aa9230df7ed0,76,1006,Deal 12345,won,11000000,,,,Combo: Course A + Course C,Offline,Course08,,EARLYBIRD,,,,,,,,,,,facebook,fanpage,campaign_10,,,2026-01-25 02:58:21,2026-02-11 19:26:47,2026-02-11 19:26:47,false
12346,141de088-52fd-8d5b-04f6-7d6801263258,80,1004,Deal 12346,lost,,,,,Course F - Short course,Online,F03,Demo expectation,,,,,,,,,,Relevance: Not ICP fit,,facebook,cpc,campaign_02,,,2025-04-29 14:18:39,2025-05-08 12:10:42,2025-05-08 12:10:42,false
12347,7781321e-83c5-01cb-fef7-d9ea7f8e5483,91,1003,Deal 12347,lost,,,,,Course C - Advanced,Hybrid,C02,Demo expectation,EARLYBIRD,,,,,,,,,Bad Timing: No Immediate Priority,,google,cpc,campaign_03,,,2025-03-04 08:54:48,2025-04-04 21:06:46,2025-04-04 21:06:46,false
12348,c7eb7d43-ba4e-f72f-d813-9af76766d37b,224,1002,Deal 12348,won,2500000,,,,Course F - Short course,Offline,F01,Demo expectation,,,,,,,,,,,,facebook,fanpage,campaign_07,,,2025-01-21 13:04:40,2025-02-18 13:46:22,2025-02-18 13:46:22,false
12349,ffeae7f5-c3d5-aee0-1645-864a3965b77d,76,1007,Deal 12349,won,4500000.0,,,,Course B - Foundation,Offline,B06,,,,,,,,,,,,,google,cpc,campaign_07,,,2025-10-22 23:26:08,2025-11-04 17:36:35,2025-11-04 17:36:35,false
12350,ffdb3a38-52e6-ef74-150b-d1d8f882c326,76,1007,Deal 12350,won,2250000.0,,,,Course F - Short course,Online,F08,,,,,,,,,,,,,,,,,,2026-02-19 16:46:27,2026-03-04 14:07:13,2026-03-04 14:07:13,false
12351,838b54b4-909b-fa8d-230c-77f15be66e9e,224,1001,Deal 12351,won,8075000.0,,,,Course E - Specialist,Online,E03,,,,,,,,,,,,,zalo,oa,campaign_08,,,2025-04-20 23:12:03,2025-05-10 03:54:38,2025-05-10 03:54:38,false
12352,af1ae1b1-e2a4-ae18-cd3c-b60f64b18f8b,74,1005,Deal 12352,lost,,,,,Course B - Foundation,Offline,B09,Demo expectation,,,,,,,,,,Bad Timing: No Immediate Priority,,,,,,,2026-04-02 08:07:58,2026-04-15 19:49:07,2026-04-15 19:49:07,false
12353,a30ce666-d36e-7cca-833d-19ff316889f2,78,1003,Deal 12353,lost,,,,,Course D - Advanced,Hybrid,D08,Demo expectation,,,,,,,,,,Communication: Not Connected: Không liên hệ được,,,,,,,2026-03-02 20:24:37,2026-03-10 02:55:13,2026-03-10 02:55:13,false
12354,29310971-601e-0211-e34f-76b42b8c03bf,78,1001,Deal 12354,lost,,,,,Course D - Advanced,Online,D05,Demo expectation,REFERRAL,,,,,,,,,Trash: Không có nhu cầu,,facebook,cpc,campaign_10,,,2025-08-28 10:54:37,2025-09-06 00:19:18,2025-09-06 00:19:18,false
12355,93447b2f-bba3-1668-8334-e5245f8a2e3c,79,1001,Deal 12355,lost,,,,,Course E - Specialist,Offline,E03,,,,,,,,,,,Budget: Giá quá cao,,google,cpc,campaign_10,,,2025-03-26 10:52:35,2025-03-31 19:20:06,2025-03-31 19:20:06,false
12356,51bb56fc-a407-795c-4d43-62533630d9fa,224,1003,Deal 12356,won,8550000.0,,,,Course E - Specialist,Hybrid,,,,,,,,,,,,,,inbox,inbox,campaign_07,,,2026-06-12 09:49:45,2026-07-07 14:07:10,2026-07-07 14:07:10,false
12357,f6c225d2-3555-f415-f3ec-9d12783935b3,92,1002,Deal 12357,lost,,,,,Combo: Course A + Course C,Online,Course04,Demo expectation,,,,,,,,,,Budget: Giá quá cao,,facebook,fanpage,campaign_07,,,2025-07-11 13:11:37,2025-07-31 02:56:25,2025-07-31 02:56:25,false
12358,8c410b8e-6811-b11a-1101-82d163771964,79,1003,Deal 12358,lost,,,,,Course B - Foundation,Hybrid,B02,Demo expectation,,,,,,,,,,Low engagement: Không còn nhu cầu học,,facebook,fanpage,campaign_02,,,2025-03-02 11:18:30,2025-03-22 22:02:44,2025-03-22 22:02:44,false
12359,69e0d8c3-b8e2-e864-e0f0-c823d0778d1f,222,1001,Deal 12359,won,5000000,,,,Course B - Foundation,Hybrid,B02,Demo expectation,,,,,,,,,,,,email,newsletter,campaign_03,,,2025-01-18 16:45:07,2025-02-14 03:59:03,2025-02-14 03:59:03,false
12360,076d07c5-700d-5278-b081-391ceb035822,77,1002,Deal 12360,lost,,,,,Course C - Advanced,Online,C05,,REFERRAL,,,,,,,,,Communication: Not Connected: Không liên hệ được,,homepage,organic,campaign_08,,,2025-08-26 16:22:30,2025-08-30 18:22:30,2025-08-30 18:22:30,false
12361,204d3f55-8559-4d77-71e0-07b0bb6a3647,224,1004,Deal 12361,won,3825000.0,,,,Course A - Foundation,Offline,A04,Demo expectation,REFERRAL,,,,,,,,,,,zalo,oa,campaign_05,,,2025-06-30 10:13:23,2025-07-28 10:05:20,2025-07-28 10:05:20,false
12362,7ee6990b-932d-6b2f-cfc0-426b843efe2f,77,1004,Deal 12362,lost,,,,,Course E - Specialist,Online,E02,Demo expectation,REFERRAL,,,,,,,,,Trash: Đăng ký trùng deal,,facebook,fanpage,campaign_08,,,2025-03-11 04:29:49,2025-03-16 07:29:49,2025-03-16 07:29:49,false
12363,21feaf01-db18-1333-87ec-a210cef075bc,224,1001,Deal 12363,won,7200000.0,,,,Course D - Advanced,Hybrid,D07,Demo expectation,REFERRAL,,,,,,,,,,,,,,,,2025-12-28 02:29:34,2026-01-23 03:14:40,2026-01-23 03:14:40,false
12364,15b9d469-fbb8-d9fe-d0cb-16e9bbc2b67c,91,1003,Deal 12364,lost,,,,,Course A - Foundation,Online,A04,,,,,,,,,,,Bad Timing: No Immediate Priority,,,,,,,2025-07-27 11:34:21,2025-08-14 19:46:10,2025-08-14 19:46:10,false
12365,7aeee7df-5bd5-5037-f744-459609791408,216,1004,Deal 12365,open,,,,,Course C - Advanced,Hybrid,C11,,EARLYBIRD,,,,,,,,,,,,,,,,2026-09-18 07:12:14,2026-09-18 07:12:14,,false
12366,2f23cd0c-36fd-f910-e274-2d5cbf4d4bd8,224,1003,Deal 12366,won,5000000,,,,Course B - Foundation,Offline,B06,Demo expectation,,,,,,,,,,,,facebook,cpc,campaign_01,,,2025-10-13 11:00:00,2025-10-30 15:47:51,2025-10-30 15:47:51,false
12367,c965afa7-51eb-8526-9b3b-50fbd6cf3239,224,1004,Deal 12367,won,8075000.0,,,,Course E - Specialist,Hybrid,,Demo expectation,EARLYBIRD,,,,,,,,,,,homepage,organic,campaign_02,,,2025-11-23 03:01:17,2025-12-14 17:10:41,2025-12-14 17:10:41,false
12368,153f7fee-1ad4-e764-85fb-94a6fb672437,76,1006,Deal 12368,won,2500000,,,,Course F - Short course,Online,F12,Demo expectation,,,,,,,,,,,,facebook,cpc,campaign_12,,,2026-09-02 19:58:36,2026-09-21 02:29:49,2026-09-21 02:29:49,false
12369,72b91684-e6d4-f65e-3401-9a9a90fcc940,91,1002,Deal 12369,lost,,,,,Course B - Foundation,Hybrid,B10,Demo expectation,REFERRAL,,,,,,,,,Bad Timing: No Immediate Priority,,,,,,,2026-05-16 18:38:23,2026-06-12 20:50:27,2026-06-12 20:50:27,false
12370,6f4b0e53-fb09-519a-1d5e-d0df930659ad,77,1001,Deal 12370,lost,,,,,Course A - Foundation,Hybrid,A09,Demo expectation,EARLYBIRD,,,,,,,,,Trash: Không có nhu cầu,,google,cpc,campaign_05,,,2026-07-02 19:16:12,2026-07-07 22:16:12,2026-07-07 22:16:12,false
12371,e5f5cdc8-21c7-c0f6-9137-67ab4dd85715,224,1001,Deal 12371,won,4500000.0,,,,Course B - Foundation,Offline,B10,,REFERRAL,,,,,,,,,,,facebook,cpc,campaign_10,,,2026-06-27 10:22:49,2026-07-17 23:07:04,2026-07-17 23:07:04,false
12372,2f138be4-263b-8860-5953-d9c08b75f3fd,78,1003,Deal 12372,lost,,,,,Course C - Advanced,Offline,C10,,,,,,,,,,,Communication: Not Connected: Không liên hệ được,,google,cpc,campaign_06,,,2026-06-26 09:57:58,2026-06-28 00:30:46,2026-06-28 00:30:46,false
12373,7f63d2b6-d001-3b99-2fc2-8f2063ba24b1,224,1003,Deal 12373,won,5000000,,,,Course B - Foundation,Online,B09,,,,,,,,,,,,,inbox,inbox,campaign_05,,,2026-05-02 14:30:16,2026-06-08 17:12:53,2026-06-08 17:12:53,false
12374,794e0838-7dcf-60fd-6330-98edda252795,79,1003,Deal 12374,open,,,,,Course C - Advanced,Online,C11,Demo expectation,EARLYBIRD,,,,,,,,,,,facebook,fanpage,campaign_08,,,2026-09-09 04:03:43,2026-09-10 22:25:39,,false
12375,5953b5d4-2e85-9607-6f62-752490ac7063,78,1004,Deal 12375,lost,,,,,Course A - Foundation,Hybrid,A02,,,,,,,,,,,Communication: Not Connected: Không liên hệ được,,google,cpc,campaign_04,,,2025-03-08 09:43:21,2025-03-12 11:16:48,2025-03-12 11:16:48,false
12376,8200b972-a3e8-6f41-406d-7f7ce79c797d,77,1001,Deal 12376,open,,lead cks,,,Course B - Foundation,Offline,B12,Demo expectation,,,,,,,,,,,,google,cpc,campaign_06,,,2026-09-16 20:33:43,2026-09-16 20:33:43,,false
12377,8daf1352-6775-3489-3bdc-f115c148e224,222,1002,Deal 12377,won,3825000.0,,,,Course A - Foundation,Hybrid,A02,,,,,,,,,,,,,,,,,,2025-04-01 07:45:42,2025-04-26 04:57:14,2025-04-26 04:57:14,false
12378,2fabe638-2ad9-5bc4-2901-6ef31e161cb2,77,1001,Deal 12378,lost,,,,,Course D - Advanced,Hybrid,D05,Demo expectation,,,,,,,,,,Communication: Invalid Contact,,google,cpc,campaign_03,,,2025-08-21 04:22:53,2025-08-22 06:22:53,2025-08-22 06:22:53,false
12379,0af57e60-3be8-a5df-5e93-4de043ace875,79,1001,Deal 12379,lost,,,,,Combo: Course A + Course C,Offline,Course04,,,,,,,,,,,Bad Timing: Không sắp xếp được thời gian học,,,,,,,2025-06-13 16:15:45,2025-06-28 08:54:07,2025-06-28 08:54:07,false
12380,a3c91d29-0873-015b-72ef-ea42edd7ef2d,224,1001,Deal 12380,won,11000000,,,,Combo: Course A + Course C,Online,Course06,Demo expectation,,,,,,,,,,,,facebook,cpc,campaign_12,,,2025-11-14 01:59:50,2025-12-01 20:19:25,2025-12-01 20:19:25,false
12381,cc502a89-8a08-d40e-a239-5ad5af1f798c,224,1001,Deal 12381,won,11000000,,,,Combo: Course A + Course C,Offline,Course03,Demo expectation,,,,,,,,,,,,facebook,fanpage,campaign_09,,,2025-04-23 12:09:45,2025-05-12 14:07:08,2025-05-12 14:07:08,false
12382,26330c43-a92f-85fe-258f-cafcc1cfd878,228,1002,Deal 12382,open,,,,,Course B - Foundation,Online,B03,Demo expectation,,,,,,,,,,,,,,,,,2025-04-22 22:04:06,2025-05-06 01:23:39,,false
12383,848b2713-fa0c-7fb4-4c8d-35ce6449155b,73,1006,Deal 12383,lost,,,,,Course C - Advanced,Online,C03,Demo expectation,,,,,,,,,,Budget: Giá quá cao,,facebook,cpc,campaign_04,,,2025-04-15 19:32:07,2025-04-21 18:06:15,2025-04-21 18:06:15,false
12384,fdc6aebf-b96a-3419-f906-dfde7fb63b12,73,1007,Deal 12384,lost,,,,,Course F - Short course,Online,F12,Demo expectation,EARLYBIRD,,,,,,,,,Communication: No Response,,facebook,fanpage,campaign_11,,,2026-09-18 01:15:51,2026-09-27 12:00:00,2026-09-27 12:00:00,false
12385,b0bde14f-44a5-24d9-016d-26d9df15e667,224,1004,Deal 12385,won,9350000.0,,,,Combo: Course A + Course C,Offline,,,,,,,,,,,,,,email,newsletter,campaign_07,,,2026-06-21 23:44:43,2026-07-27 13:44:16,2026-07-27 13:44:16,false
12386,cf7a9bd5-10e6-8719-ca7d-60a1d6f30b49,79,1004,Deal 12386,lost,,,,,Course C - Advanced,Offline,,Demo expectation,,,,,,,,,,Bad Timing: Không sắp xếp được thời gian học,,email,newsletter,campaign_02,,,2025-01-10 22:19:41,2025-01-30 07:38:26,2025-01-30 07:38:26,false
12387,1ba651ed-3146-74a6-967a-efbb5404801d,77,1003,Deal 12387,open,,,,,Course B - Foundation,Hybrid,,Demo expectation,,,,,,,,,,,,google,cpc,campaign_11,,,2026-09-15 06:05:07,2026-09-15 06:05:07,,false
12388,3f6101dc-8b61-f2e7-19fb-b208de6b7247,224,1002,Deal 12388,won,4500000,,,,Course A - Foundation,Online,,Demo expectation,,,,,,,,,,,,facebook,cpc,campaign_07,,,2026-01-04 10:14:00,2026-01-24 23:37:00,2026-01-24 23:37:00,false
12389,8be15610-b234-8948-e4f2-ae4cf016716b,224,1004,Deal 12389,won,5000000,,,,Course B - Foundation,Online,B09,Demo expectation,,,,,,,,,,,,inbox,inbox,campaign_09,,,2026-04-19 16:40:32,2026-05-21 17:23:40,2026-05-21 17:23:40,false
12390,2f138be4-263b-8860-5953-d9c08b75f3fd,91,1003,Deal 12390,lost,,,,,Course A - Foundation,Hybrid,A09,Demo expectation,,,,,,,,,,Bad Timing: No Immediate Priority,,zalo,oa,campaign_11,,,2026-07-09 12:43:13,2026-08-07 20:58:04,2026-08-07 20:58:04,false
12391,962c04dd-25d0-7461-059c-15740f3f0f48,78,1001,Deal 12391,open,,,,,Course F - Short course,Hybrid,F11,,,,,,,,,,,,,facebook,fanpage,campaign_02,,,2026-08-12 02:47:54,2026-08-16 00:07:42,,false
12392,8e9705d1-2211-f6b8-e5d4-3fe564e53fa3,76,1008,Deal 12392,won,7200000.0,,,,Course D - Advanced,Online,D07,,EARLYBIRD,,,,,,,,,,,google,cpc,campaign_07,,,2025-11-21 09:41:41,2025-12-07 21:04:56,2025-12-07 21:04:56,false
12393,1efece73-4bb8-8157-07f6-008e0426fe7b,224,1001,Deal 12393,won,8075000.0,,,,Course E - Specialist,Online,E10,Demo expectation,EARLYBIRD,,,,,,,,,,,zalo,oa,campaign_08,,,2026-05-27 23:21:33,2026-06-27 11:40:21,2026-06-27 11:40:21,false
12394,548e1f6b-69ce-1e4e-19a6-92c90d700ea4,217,1004,Deal 12394,lost,,,,,Course F - Short course,Offline,,,,,,,,,,,,Bad Timing: No Immediate Priority,,,,,,,2025-10-31 14:26:46,2025-11-11 22:03:06,2025-11-11 22:03:06,false
12395,12087e20-8ede-9b46-407d-0affcb51a911,224,1001,Deal 12395,won,4500000,,,,Course A - Foundation,Hybrid,A10,,,,,,,,,,,,,facebook,cpc,campaign_01,,,2026-07-28 08:33:34,2026-08-26 22:46:56,2026-08-26 22:46:56,false
12396,93f73f1a-2855-4820-98a5-1177bd9a1954,222,1003,Deal 12396,won,7500000,,,,Course C - Advanced,Offline,,Demo expectation,EARLYBIRD,,,,,,,,,,,facebook,cpc,campaign_08,,,2026-09-06 13:20:13,2026-09-27 12:00:00,2026-09-27 12:00:00,false
12397,ea3d19b2-c319-8f41-2467-f4a324da0109,91,1004,Deal 12397,lost,,,,,Course E - Specialist,Online,E09,Demo expectation,,,,,,,,,,Bad Timing: Không sắp xếp được thời gian học,,facebook,cpc,campaign_11,,,2026-03-27 05:12:13,2026-04-04 01:09:01,2026-04-04 01:09:01,false
12398,546252e7-f43b-a052-4459-bd6ec0f63229,224,1001,Deal 12398,won,4500000,,,,Course A - Foundation,Online,A08,Demo expectation,REFERRAL,,,,,,,,,,,facebook,cpc,campaign_05,,,2026-03-15 22:32:26,2026-04-04 04:49:02,2026-04-04 04:49:02,false
12399,76e26e93-e62a-bbfe-de61-f70d76b00d9f,224,1002,Deal 12399,won,6375000.0,,,,Course C - Advanced,Hybrid,C05,,,,,,,,,,,,,,,,,,2025-09-11 05:11:45,2025-10-07 18:43:10,2025-10-07 18:43:10,false
12400,b99b2b5a-e00d-a49d-effa-20023040413c,77,1001,Deal 12400,lost,,,,,Course A - Foundation,Hybrid,A02,,,,,,,,,,,Communication: Not Connected: Không liên hệ được,,google,cpc,campaign_07,,,2025-02-08 10:23:51,2025-02-13 15:23:51,2025-02-13 15:23:51,false
12401,e74da397-3df5-deff-456f-25c03ee831ac,77,1004,Deal 12401,lost,,,,,Course D - Advanced,Online,D07,Demo expectation,REFERRAL,,,,,,,,,Trash: Không có nhu cầu,,facebook,cpc,campaign_06,,,2026-01-08 01:25:01,2026-01-12 09:25:01,2026-01-12 09:25:01,false
12402,072915c7-25ee-3dfd-6cc1-da4dd0411dec,92,1001,Deal 12402,lost,,,,,Course D - Advanced,Offline,D09,Demo expectation,REFERRAL,,,,,,,,,Choose Competitor: Không học online,,google,cpc,campaign_03,,,2026-05-05 13:11:37,2026-06-13 20:52:55,2026-06-13 20:52:55,false
12403,fc790fff-aa7e-86f0-6aa8-e69b54721382,79,1004,Deal 12403,lost,,,,,Course C - Advanced,Online,C11,Demo expectation,EARLYBIRD,,,,,,,,,Communication: No Response,,google,cpc,campaign_01,,,2026-08-09 11:22:36,2026-08-26 14:12:19,2026-08-26 14:12:19,false
12404,d98c8b2e-f96c-57ab-2c92-3aa8837fa030,224,1004,Deal 12404,won,7200000.0,,,,Course D - Advanced,Hybrid,D02,,,,,,,,,,,,,google,cpc,campaign_08,,,2025-01-20 18:57:12,2025-02-02 18:36:26,2025-02-02 18:36:26,false
12405,46327360-c45d-4c03-74f6-b97ef998aaa1,72,1006,Deal 12405,lost,,,,,Course F - Short course,Offline,,,,,,,,,,,,Bad Timing: No Immediate Priority,,,,,,,2025-11-29 11:06:11,2025-11-30 19:06:11,2025-11-30 19:06:11,false
12406,7669fdca-5008-b651-46d5-5a99c8264258,224,1002,Deal 12406,won,11000000,,,,Combo: Course A + Course C,Hybrid,Course02,,REFERRAL,,,,,,,,,,,facebook,fanpage,campaign_11,,,2025-02-25 17:30:36,2025-03-23 08:12:27,2025-03-23 08:12:27,false
12407,ed4e149f-7ba8-43a3-e703-4c1282b10891,77,1001,Deal 12407,lost,,,,,Course D - Advanced,Hybrid,D08,Demo expectation,EARLYBIRD,,,,,,,,,Trash: Đăng ký trùng deal,,facebook,cpc,campaign_07,,,2026-03-14 12:34:12,2026-03-14 19:34:12,2026-03-14 19:34:12,false
12408,f30fe9da-f254-f70f-67a8-87ef7ca3f6b2,77,1001,Deal 12408,lost,,,,,Course C - Advanced,Offline,C09,Demo expectation,REFERRAL,,,,,,,,,Trash: Không có nhu cầu,,facebook,cpc,campaign_03,,,2026-05-27 19:09:52,2026-05-28 22:09:52,2026-05-28 22:09:52,false
12409,5735773c-761e-6287-d07c-5e53b8f6703b,224,1001,Deal 12409,won,2500000,,,,Course F - Short course,Online,F08,Demo expectation,,,,,,,,,,,,google,cpc,campaign_03,,,2026-02-19 23:56:27,2026-03-31 10:04:03,2026-03-31 10:04:03,false
12410,24e73747-cb1f-999b-4c6d-98a8d78c2051,80,1002,Deal 12410,lost,,,,,Combo: Course A + Course C,Hybrid,Course02,Demo expectation,REFERRAL,,,,,,,,,Choose Competitor: Đã đi học bên khác,,homepage,organic,campaign_09,,,2025-04-03 07:28:49,2025-04-24 11:01:08,2025-04-24 11:01:08,false
12411,713846fd-9338-eda6-2b2d-1a24e3e82c6d,77,1001,Deal 12411,lost,,,,,Program G - Professional,Offline,G10,,EARLYBIRD,,,,,,,,,Trash: Đăng ký trùng deal,,google,cpc,campaign_05,,,2026-05-17 10:25:51,2026-05-22 17:25:51,2026-05-22 17:25:51,false
12412,f66c7331-a172-2ee3-c3e1-847c8420e0d8,78,1003,Deal 12412,lost,,,,,Program G - Professional,Online,,,,,,,,,,,,Sales Process: Sales không follow-up khách,,facebook,fanpage,campaign_10,,,2026-07-14 16:56:12,2026-07-22 14:44:41,2026-07-22 14:44:41,false
12413,a9611c5d-94ba-3bf2-1c54-2d78733e2137,224,1004,Deal 12413,won,11000000,,,,Combo: Course A + Course C,Online,Course08,Demo expectation,EARLYBIRD,,,,,,,,,,,,,,,,2026-01-14 19:37:10,2026-01-28 12:42:07,2026-01-28 12:42:07,false
12414,f5530567-03e7-dd21-1d4d-46d6460d113d,78,1003,Deal 12414,lost,,,,,Course D - Advanced,Online,D07,Demo expectation,,,,,,,,,,Trash: Không có nhu cầu,,facebook,cpc,campaign_03,,,2025-11-27 18:57:13,2025-12-05 00:14:07,2025-12-05 00:14:07,false
12415,3b046707-855f-ecc6-f9d7-1979d767a6da,224,1002,Deal 12415,won,11000000,,,,Combo: Course A + Course C,Hybrid,Course06,Demo expectation,,,,,,,,,,,,google,cpc,campaign_02,,,2025-10-03 20:09:51,2025-11-04 16:03:03,2025-11-04 16:03:03,false
12416,5bc4f273-c236-d295-c069-5fb853e946d9,224,1001,Deal 12416,won,8000000,,,,Course D - Advanced,Online,D07,Demo expectation,,,,,,,,,,,,inbox,inbox,campaign_08,,,2025-12-25 07:44:15,2026-01-06 19:35:14,2026-01-06 19:35:14,false
12417,5bd20c98-a513-5ea0-fa53-e34de6d5901d,222,1001,Deal 12417,won,4500000.0,,,,Course B - Foundation,Offline,B06,,,,,,,,,,,,,facebook,cpc,campaign_10,,,2025-10-16 11:45:16,2025-11-06 02:22:57,2025-11-06 02:22:57,false
12418,838b54b4-909b-fa8d-230c-77f15be66e9e,77,1004,Deal 12418,lost,,,,,Course A - Foundation,Offline,A03,Demo expectation,,,,,,,,,,Trash: Không có nhu cầu,,,,,,,2025-05-18 12:00:22,2025-05-21 17:00:22,2025-05-21 17:00:22,false
12419,b62a7941-59dc-be0f-f168-5db847d28391,224,1004,Deal 12419,won,9900000.0,,,,Combo: Course A + Course C,Hybrid,Course02,,,,,,,,,,,,,facebook,cpc,campaign_01,,,2025-03-06 16:57:43,2025-04-02 09:35:37,2025-04-02 09:35:37,false
12420,b8d49cf2-1c9d-dbd3-caa7-8357c0ea7a67,224,1002,Deal 12420,won,2500000,,,,Course F - Short course,Offline,F08,,EARLYBIRD,,,,,,,,,,,facebook,cpc,campaign_07,,,2026-02-26 03:55:37,2026-03-14 05:45:49,2026-03-14 05:45:49,false
12421,d06bddc5-4757-b52b-2a28-e8cd28e4e653,80,1004,Deal 12421,lost,,,,,Program G - Professional,Hybrid,G08,Demo expectation,,,,,,,,,,Relevance: Not ICP fit,,facebook,cpc,campaign_04,,,2026-01-16 16:56:24,2026-02-07 14:10:07,2026-02-07 14:10:07,false
12422,df2ddf20-05a4-3113-101d-759e3066478c,77,1004,Deal 12422,lost,,,,,Course D - Advanced,Online,,Demo expectation,,,,,,,,,,Communication: Invalid Contact,,google,cpc,campaign_04,,,2026-05-26 14:56:16,2026-05-26 21:56:16,2026-05-26 21:56:16,false
12423,4a27ebf2-8baa-f744-a08d-d21be3954cb1,73,1008,Deal 12423,lost,,,,,Course C - Advanced,Offline,C10,Demo expectation,EARLYBIRD,,,,,,,,,Communication: No Response,,,,,,,2026-08-01 19:03:55,2026-08-11 09:41:37,2026-08-11 09:41:37,false
12424,611e5684-76af-13c0-36c1-c052207ca173,79,1001,Deal 12424,lost,,,,,Course E - Specialist,Hybrid,E09,Demo expectation,,,,,,,,,,Bad Timing: Không sắp xếp được thời gian học,,homepage,organic,campaign_05,,,2026-03-20 19:36:26,2026-03-30 11:50:42,2026-03-30 11:50:42,false
12425,bd8c6f4f-8fe2-75b1-24e7-23838429e12c,92,1002,Deal 12425,lost,,,,,Course B - Foundation,Offline,B03,Demo expectation,EARLYBIRD,,,,,,,,,Budget: Giá quá cao,,facebook,cpc,campaign_08,,,2025-04-21 18:01:48,2025-05-18 17:40:19,2025-05-18 17:40:19,false
12426,6be74e77-bcb4-067d-8828-418dfd879360,224,1001,Deal 12426,won,11000000,,,,Combo: Course A + Course C,Offline,Course09,Demo expectation,,,,,,,,,,,,facebook,cpc,campaign_03,,,2026-03-12 01:08:27,2026-03-25 03:35:05,2026-03-25 03:35:05,false
12427,af85f328-1fd7-0d6f-3387-dc6b4bf12c14,224,1002,Deal 12427,won,4500000,,,,Course A - Foundation,Offline,A03,Demo expectation,,,,,,,,,,,,facebook,cpc,campaign_05,,,2025-05-26 02:57:44,2025-06-19 17:57:49,2025-06-19 17:57:49,false
12428,abab2bc7-19e0-12e5-1fac-6d85c433c4f0,77,1001,Deal 12428,lost,,,,,Course E - Specialist,Offline,E05,Demo expectation,,,,,,,,,,Trash: Đăng ký trùng deal,,,,,,,2025-07-06 00:46:29,2025-07-11 01:46:29,2025-07-11 01:46:29,false
12429,7a99e310-31c7-8f1c-47c5-34e3831448cb,77,1001,Deal 12429,lost,,,,,Combo: Course A + Course C,Online,Course07,Demo expectation,REFERRAL,,,,,,,,,Communication: Invalid Contact,,blog,organic,campaign_06,,,2025-11-29 05:43:34,2025-12-04 08:43:34,2025-12-04 08:43:34,false
12430,6a6a0149-0b44-676d-2ac3-9be9b958d153,224,1002,Deal 12430,won,4050000.0,,,,Course A - Foundation,Hybrid,,,,,,,,,,,,,,facebook,cpc,campaign_09,,,2026-01-23 22:38:45,2026-02-22 13:43:48,2026-02-22 13:43:48,false
12431,db378723-00f2-f636-f897-baf03dcf2273,224,1004,Deal 12431,won,7500000,,Cựu học viên,,Course C - Advanced,Offline,C08,,EARLYBIRD,,,,,,,,,,,facebook,cpc,campaign_08,,,2026-02-18 14:37:43,2026-04-08 00:02:45,2026-04-08 00:02:45,false
12432,75692fd5-d1a5-83c4-b6ee-ac6130dd57bd,79,1004,Deal 12432,lost,,,,,Course C - Advanced,Hybrid,C04,Demo expectation,,,,,,,,,,Low engagement: Không còn nhu cầu học,,facebook,fanpage,campaign_04,,,2025-08-05 21:46:23,2025-08-17 22:51:19,2025-08-17 22:51:19,false
12433,27d764ce-01c4-e229-7cc7-0b17e9c184ce,224,1004,Deal 12433,won,9500000,,,,Course E - Specialist,Offline,E08,Demo expectation,,,,,,,,,,,,facebook,cpc,campaign_06,,,2026-03-03 15:03:45,2026-03-28 09:28:13,2026-03-28 09:28:13,false
12434,f0c468fa-da3c-e8a9-7f59-bbc4a9f86b67,80,1003,Deal 12434,open,,,,,Program G - Professional,Offline,G02,,,,,,,,,,,,,email,newsletter,campaign_11,,,2025-03-07 19:54:07,2025-03-13 07:39:37,,false
12435,00a0586e-ca8d-5d5a-06de-fca8397a284f,224,1002,Deal 12435,won,8075000.0,,,,Course E - Specialist,Hybrid,E04,,EARLYBIRD,,,,,,,,,,,inbox,inbox,campaign_10,,,2025-06-04 23:40:51,2025-07-06 01:59:53,2025-07-06 01:59:53,false
12436,83c6e86c-bc5f-eb6a-ab16-35f01e3640b1,222,1002,Deal 12436,won,9500000,,,,Course E - Specialist,Offline,,Demo expectation,REFERRAL,,,,,,,,,,,blog,organic,campaign_09,,,2025-07-05 19:53:03,2025-08-04 06:50:04,2025-08-04 06:50:04,false
12437,ba045dfb-354f-9914-5698-07e3f16da243,79,1001,Deal 12437,lost,,,,,Course A - Foundation,Offline,A02,Demo expectation,,,,,,,,,,Communication: No Response,,blog,organic,campaign_01,,,2025-03-11 08:37:35,2025-03-17 01:14:04,2025-03-17 01:14:04,false
12438,7a7b029b-eb68-0076-96f5-f9cb9e87ad6d,224,1004,Deal 12438,won,4050000.0,,,,Course A - Foundation,Offline,A02,Demo expectation,,,,,,,,,,,,,,,,,2025-03-23 22:51:53,2025-05-06 04:04:52,2025-05-06 04:04:52,false
12439,30952621-7d76-ab58-b271-115b8af09ec3,224,1002,Deal 12439,won,8550000.0,,,,Course E - Specialist,Online,E08,Demo expectation,EARLYBIRD,,,,,,,,,,,,,,,,2026-01-12 15:53:11,2026-02-06 20:39:41,2026-02-06 20:39:41,false
12440,729f0c10-1655-9da4-8b41-d6a006138a83,218,1004,Deal 12440,lost,,,,,Course F - Short course,Hybrid,F11,,EARLYBIRD,,,,,,,,,Budget: Giá quá cao,,facebook,cpc,campaign_07,,,2026-08-06 22:10:50,2026-08-15 10:03:53,2026-08-15 10:03:53,false
12441,66926a49-a724-f9a8-70af-0f125ede88f9,78,1004,Deal 12441,lost,,,,,Course C - Advanced,Online,C09,Demo expectation,,,,,,,,,,Communication: Not Connected: Không liên hệ được,,,,,,,2026-05-03 19:15:33,2026-05-14 10:50:02,2026-05-14 10:50:02,false
12442,e2f820df-15a5-7d60-cba8-dd6eea5479f2,79,1002,Deal 12442,lost,,,,,Course B - Foundation,Offline,B05,Demo expectation,,,,,,,,,,Communication: No Response,,zalo,oa,campaign_06,,,2025-09-25 09:30:34,2025-09-29 23:33:59,2025-09-29 23:33:59,false
12443,c787c538-0c30-daeb-b777-52e7b11c5f71,78,1004,Deal 12443,lost,,,,,Combo: Course A + Course C,Offline,Course04,,EARLYBIRD,,,,,,,,,Communication: Not Connected: Không liên hệ được,,,,,,,2025-07-13 23:01:42,2025-07-24 04:52:19,2025-07-24 04:52:19,false
12444,f10543f9-2150-70d4-ad44-fe0cdd6b5802,79,1002,Deal 12444,open,,,Cựu học viên,,Course A - Foundation,Offline,A06,,,,,,,,,,,,,facebook,fanpage,campaign_10,,,2025-12-08 04:23:27,2025-12-12 09:31:09,,false
12445,a6e997ae-d909-f489-f229-29b66f246189,78,1003,Deal 12445,open,,,,,Course F - Short course,Offline,F08,,,,,,,,,,,,,homepage,organic,campaign_12,,,2026-01-23 15:30:00,2026-01-29 16:03:07,,false
12446,e0a1ff32-f089-d324-bfa2-23dab26d6078,224,1003,Deal 12446,won,2500000,,,,Course F - Short course,Online,,Demo expectation,,,,,,,,,,,,inbox,inbox,campaign_09,,,2026-05-04 14:03:54,2026-05-31 00:47:29,2026-05-31 00:47:29,false
12447,279b0e4f-bffa-3c0d-eba4-e4b1ba38397b,91,1004,Deal 12447,lost,,,,,Program G - Professional,Hybrid,G09,,,,,,,,,,,Bad Timing: No Immediate Priority,,facebook,fanpage,campaign_08,,,2026-03-20 15:21:02,2026-04-14 06:22:04,2026-04-14 06:22:04,false
12448,f53d4330-cdda-24ba-2d06-e8cf3805f907,79,1002,Deal 12448,lost,,,,,Course D - Advanced,Online,,,,,,,,,,,,Low engagement: Không còn nhu cầu học,,facebook,cpc,campaign_07,,,2025-03-19 22:11:15,2025-03-27 04:30:32,2025-03-27 04:30:32,false
12449,378a9213-abb3-1204-11f2-4fd82771c5f8,77,1004,Deal 12449,lost,,,,,Program G - Professional,Offline,G08,Demo expectation,,,,,,,,,,Trash: Đăng ký trùng deal,,facebook,cpc,campaign_11,,,2026-01-31 05:34:05,2026-02-02 11:34:05,2026-02-02 11:34:05,false
12450,1e74d80a-26d9-3400-a433-ce4e3fdf77a2,78,1004,Deal 12450,lost,,,,,Course A - Foundation,Offline,A02,Demo expectation,EARLYBIRD,,,,,,,,,Sales Process: Sales không follow-up khách,,,,,,,2025-03-25 04:27:00,2025-03-30 05:43:56,2025-03-30 05:43:56,false
12451,3ab1534d-b981-3055-aefa-8e4e20985aac,222,1001,Deal 12451,won,4500000,,,,Course A - Foundation,Online,A05,Demo expectation,REFERRAL,,,,,,,,,,,homepage,organic,campaign_06,,,2025-08-24 02:50:38,2025-09-13 22:18:54,2025-09-13 22:18:54,false
12452,9241e029-082d-c372-c996-a54bbcbb0658,224,1002,Deal 12452,won,2125000.0,,,,Course F - Short course,Hybrid,F03,,,,,,,,,,,,,blog,organic,campaign_12,,,2025-04-18 19:11:54,2025-05-19 22:30:55,2025-05-19 22:30:55,false
12453,5f441ba8-c027-f798-8a58-1d55303808c8,224,1002,Deal 12453,won,6800000.0,,,,Course D - Advanced,Offline,D08,Demo expectation,,,,,,,,,,,,facebook,cpc,campaign_09,,,2026-03-31 17:55:15,2026-04-23 12:47:29,2026-04-23 12:47:29,false
12454,bda91c8a-abb6-2c94-eecb-343b28569821,78,1004,Deal 12454,lost,,,,,Course F - Short course,Offline,,Demo expectation,,,,,,,,,,Communication: Not Connected: Không liên hệ được,,facebook,cpc,campaign_07,,,2026-02-11 20:19:28,2026-02-16 15:05:13,2026-02-16 15:05:13,false
12455,33baba88-36c7-d6fa-7aa4-f052bf519362,224,1001,Deal 12455,won,8000000,,,,Course D - Advanced,Online,,,EARLYBIRD,,,,,,,,,,,facebook,cpc,campaign_06,,,2026-02-24 04:51:06,2026-03-11 04:44:07,2026-03-11 04:44:07,false
12456,d04a8ff9-eee1-4ab3-1f5e-c4d26282a4d5,224,1004,Deal 12456,won,7500000,,,,Course C - Advanced,Offline,,Demo expectation,REFERRAL,,,,,,,,,,,google,cpc,campaign_02,,,2025-09-19 01:44:17,2025-10-24 13:35:14,2025-10-24 13:35:14,false
12457,25d4a0fc-6154-2765-d756-ba9cc64c9647,79,1004,Deal 12457,lost,,,,,Course D - Advanced,Online,D02,,REFERRAL,,,,,,,,,Low engagement: Không còn nhu cầu học,,google,cpc,campaign_02,,,2025-02-08 16:54:27,2025-02-16 12:19:20,2025-02-16 12:19:20,false
12458,8fd7b1a1-bd4f-6118-acef-45c4de3790fb,77,1002,Deal 12458,lost,,,,,Program G - Professional,Hybrid,G04,Demo expectation,,,,,,,,,,Trash: Không có nhu cầu,,google,cpc,campaign_12,,,2025-06-20 04:31:56,2025-06-20 07:31:56,2025-06-20 07:31:56,false
12459,d2c569ab-f830-aa05-d2d4-dd0555b82364,78,1001,Deal 12459,lost,,,,,Course B - Foundation,Offline,B08,,,,,,,,,,,Trash: Không có nhu cầu,,facebook,cpc,campaign_08,,,2026-02-06 17:06:54,2026-02-19 23:10:11,2026-02-19 23:10:11,false
12460,9c4b4fe6-47c6-1c3f-8545-06ed55060c69,224,1003,Deal 12460,won,11000000,,,,Combo: Course A + Course C,Offline,,Demo expectation,,,,,,,,,,,,google,cpc,campaign_06,,,2025-07-04 02:09:03,2025-07-28 12:25:03,2025-07-28 12:25:03,false
12461,28bc2d51-f1e4-53e6-dc50-522d0a76e404,79,1002,Deal 12461,lost,,,,,Course E - Specialist,Online,E11,Demo expectation,,,,,,,,,,Communication: No Response,,facebook,cpc,campaign_11,,,2026-08-05 14:08:48,2026-08-14 04:07:45,2026-08-14 04:07:45,false
12462,7b62e628-b34d-5ab6-c6da-d79be7c9b4b3,224,1001,Deal 12462,won,4500000,,,,Course A - Foundation,Offline,A05,Demo expectation,,,,,,,,,,,,email,newsletter,campaign_08,,,2025-10-05 19:08:40,2025-11-02 17:46:06,2025-11-02 17:46:06,false
12463,e1b71af2-d4ae-e54d-8fd3-8455879647bc,73,1005,Deal 12463,lost,,,,,Course C - Advanced,Hybrid,C06,,,,,,,,,,,Communication: No Response,,facebook,cpc,campaign_02,,,2025-10-17 17:07:34,2025-11-08 11:52:55,2025-11-08 11:52:55,false
12464,dce6ea64-2d5c-4588-c60e-35b66864fe6b,80,1004,Deal 12464,lost,,,,,Course A - Foundation,Hybrid,A02,,EARLYBIRD,,,,,,,,,Relevance: Not ICP fit,,facebook,cpc,campaign_07,,,2025-02-21 01:19:01,2025-03-05 13:28:09,2025-03-05 13:28:09,false
12465,5e7e00e5-f8e3-51ea-9aeb-bc3ea1f78157,224,1003,Deal 12465,won,2500000,,,,Course F - Short course,Offline,F04,Demo expectation,,,,,,,,,,,,homepage,organic,campaign_08,,,2025-06-19 04:49:00,2025-07-19 17:08:01,2025-07-19 17:08:01,false
12466,8be15610-b234-8948-e4f2-ae4cf016716b,224,1001,Deal 12466,won,11000000,,,,Combo: Course A + Course C,Online,,Demo expectation,REFERRAL,,,,,,,,,,,email,newsletter,campaign_02,,,2026-04-26 17:25:31,2026-06-02 20:38:38,2026-06-02 20:38:38,false
12467,a4e71358-8fb6-002d-c357-5ff16caa4c8d,224,1001,Deal 12467,won,8550000.0,,,,Course E - Specialist,Online,E05,Demo expectation,REFERRAL,,,,,,,,,,,blog,organic,campaign_07,,,2025-08-13 04:00:15,2025-09-07 16:11:25,2025-09-07 16:11:25,false
12468,ec2c4f79-d249-38d2-000d-f7649d46ea9a,77,1003,Deal 12468,lost,,,,,Course B - Foundation,Online,B04,,,,,,,,,,,Trash: Không có nhu cầu,,google,cpc,campaign_05,,,2025-05-19 16:57:56,2025-05-20 17:57:56,2025-05-20 17:57:56,false
12469,bc0a6a5d-6e99-6e3e-e3b1-37fc0a3450fc,224,1004,Deal 12469,won,8000000,,,,Course D - Advanced,Online,D11,Demo expectation,,,,,,,,,,,,,,,,,2026-08-16 00:22:24,2026-09-20 10:03:34,2026-09-20 10:03:34,false
12470,0599e1f2-ccd3-654c-b68b-bbc673c66188,72,1006,Deal 12470,open,,,,,Combo: Course A + Course C,Offline,Course07,Demo expectation,REFERRAL,,,,,,,,,,,,,,,,2026-01-04 04:28:10,2026-01-04 04:28:10,,false
12471,ef678fc8-2308-961b-e3e3-2e4229ac92f0,224,1002,Deal 12471,won,9900000.0,,,,Combo: Course A + Course C,Offline,Course03,,REFERRAL,,,,,,,,,,,email,newsletter,campaign_04,,,2025-05-20 07:49:03,2025-07-03 00:39:47,2025-07-03 00:39:47,false
12472,eb0f827c-e82a-3879-f2b5-a7ea2a35ce30,224,1004,Deal 12472,won,16200000.0,,Cựu học viên,,Program G - Professional,Hybrid,,,,,,,,,,,,,,facebook,cpc,campaign_05,,,2025-11-03 01:04:51,2025-11-30 01:15:14,2025-11-30 01:15:14,false
12473,c5fabf97-c907-460e-5993-54c62b788de2,222,1002,Deal 12473,won,7200000.0,,,,Course D - Advanced,Hybrid,D02,,,,,,,,,,,,,facebook,fanpage,campaign_02,,,2025-02-17 11:26:38,2025-03-07 02:59:42,2025-03-07 02:59:42,false
12474,f2bd509b-564d-36b6-01c7-ea8b267fc6ec,72,1007,Deal 12474,lost,,,,,Combo: Course A + Course C,Hybrid,Course10,Demo expectation,EARLYBIRD,,,,,,,,,Budget: Giá quá cao,,facebook,cpc,campaign_04,,,2026-05-02 16:37:30,2026-05-07 19:37:30,2026-05-07 19:37:30,false
12475,fbac9ade-7fe4-36d1-994f-7c31c47dd678,79,1003,Deal 12475,lost,,,,,Course A - Foundation,Online,A01,,EARLYBIRD,,,,,,,,,Communication: No Response,,facebook,cpc,campaign_01,,,2025-01-18 03:57:57,2025-01-25 11:53:02,2025-01-25 11:53:02,false
12476,23ee4016-3234-15b1-64e1-934097f5d628,224,1002,Deal 12476,won,8000000,,,,Course D - Advanced,Online,D10,Demo expectation,,,,,,,,,,,,facebook,cpc,campaign_01,,,2026-07-16 10:18:17,2026-08-10 14:00:24,2026-08-10 14:00:24,false
12477,6133a34d-8b0e-8eb1-ad37-1d9e92cf6021,78,1002,Deal 12477,open,,,,,Course B - Foundation,Offline,B11,,,,,,,,,,,,,email,newsletter,campaign_05,,,2026-07-26 15:04:14,2026-07-30 13:42:57,,false
12478,c8ebe27a-23a4-e70e-9dbc-15c02a7dc57c,78,1001,Deal 12478,lost,,,,,Course B - Foundation,Online,B07,Demo expectation,,,,,,,,,,Sales Process: Sales không follow-up khách,,google,cpc,campaign_07,,,2026-01-06 02:13:49,2026-01-13 04:27:37,2026-01-13 04:27:37,false
12479,1efece73-4bb8-8157-07f6-008e0426fe7b,77,1001,Deal 12479,lost,,,,,Course F - Short course,Offline,F10,Demo expectation,,,,,,,,,,Trash: Không có nhu cầu,,facebook,cpc,campaign_03,,,2026-06-19 21:51:43,2026-06-19 22:51:43,2026-06-19 22:51:43,false
12480,4f5c6a32-ca78-98e6-a618-a46b19919b61,78,1002,Deal 12480,lost,,,Cựu học viên,,Course E - Specialist,Online,E06,,,,,,,,,,,Trash: Không có nhu cầu,,google,cpc,campaign_04,,,2025-11-03 17:29:31,2025-11-11 19:16:46,2025-11-11 19:16:46,false
12481,204ec480-fc77-c405-38a6-8341656e5a10,79,1003,Deal 12481,lost,,,,,Combo: Course A + Course C,Hybrid,Course09,Demo expectation,,,,,,,,,,Bad Timing: Không sắp xếp được thời gian học,,facebook,cpc,campaign_03,,,2026-04-25 09:14:47,2026-05-07 13:28:49,2026-05-07 13:28:49,false
12482,1f9d4db1-d983-dadf-f2e5-cecf9b6c5494,80,1004,Deal 12482,lost,,,,,Course E - Specialist,Offline,E09,Demo expectation,,,,,,,,,,Choose Competitor: Đã đi học bên khác,,facebook,fanpage,campaign_11,,,2026-03-26 15:37:54,2026-04-14 14:47:40,2026-04-14 14:47:40,false
12483,ee1595cf-35a3-7765-bfac-c63e44de950f,77,1003,Deal 12483,lost,,,,,Combo: Course A + Course C,Online,Course09,,REFERRAL,,,,,,,,,Trash: Đăng ký trùng deal,,zalo,oa,campaign_10,,,2026-03-24 01:59:51,2026-03-27 03:59:51,2026-03-27 03:59:51,false
12484,e3c7ca9a-edab-ddab-7dcc-c026a7df30b2,224,1002,Deal 12484,won,7500000,,,,Course C - Advanced,Offline,C11,Demo expectation,,,,,,,,,,,,facebook,cpc,campaign_05,,,2026-08-16 19:34:06,2026-09-21 13:29:03,2026-09-21 13:29:03,false
12485,51cd3d87-776a-6a9b-dfdb-b3e221b1107e,222,1003,Deal 12485,won,4050000.0,,,,Course A - Foundation,Hybrid,A07,Demo expectation,,,,,,,,,,,,,,,,,2026-01-27 14:37:16,2026-02-27 03:09:41,2026-02-27 03:09:41,false
12486,6210ab22-f6bd-93ed-a1fa-43b79e74f6a8,92,1004,Deal 12486,lost,,,,,Course F - Short course,Offline,F01,,REFERRAL,,,,,,,,,Budget: Giá quá cao,,facebook,cpc,campaign_02,,,2025-01-08 00:57:43,2025-02-04 08:43:14,2025-02-04 08:43:14,false
12487,32f9b771-0799-7940-f9ad-de7d0b3d58ad,79,1004,Deal 12487,lost,,,,,Course F - Short course,Online,F01,Demo expectation,EARLYBIRD,,,,,,,,,Bad Timing: Không sắp xếp được thời gian học,,email,newsletter,campaign_01,,,2025-01-16 04:07:09,2025-01-29 08:13:31,2025-01-29 08:13:31,false
12488,0b7c9b74-c22c-b468-10ee-6e65942ae6d0,78,1001,Deal 12488,lost,,,,,Combo: Course A + Course C,Offline,Course05,Demo expectation,,,,,,,,,,Trash: Không có nhu cầu,,,,,,,2025-08-24 03:16:25,2025-08-30 14:13:29,2025-08-30 14:13:29,false
12489,593d736f-5b69-a0a6-4fa7-a6ee60a23628,91,1001,Deal 12489,lost,,,,,Course A - Foundation,Offline,,Demo expectation,,,,,,,,,,Bad Timing: Không sắp xếp được thời gian học,,,,,,,2026-09-16 04:54:05,2026-09-27 12:00:00,2026-09-27 12:00:00,false
12490,a8eb963a-2888-ead9-97d4-d81b92326c46,79,1002,Deal 12490,lost,,,,,Course D - Advanced,Online,D10,Demo expectation,,,,,,,,,,Communication: No Response,,facebook,cpc,campaign_06,,,2026-06-09 02:51:55,2026-06-16 01:22:20,2026-06-16 01:22:20,false
12491,e60aada1-51fd-198f-3c06-57a9fd04a25c,79,1004,Deal 12491,open,,,,,Course A - Foundation,Hybrid,A10,,REFERRAL,,,,,,,,,,,,,,,,2026-07-30 19:30:00,2026-08-06 07:07:58,,false
12492,8af0dd8d-b620-e349-bd28-16675d428a45,224,1004,Deal 12492,won,5000000,,,,Course B - Foundation,Online,B12,Demo expectation,,,,,,,,,,,,,,,,,2026-09-24 18:28:12,2026-09-27 12:00:00,2026-09-27 12:00:00,false
12493,fd2dd4e4-f17a-5c4e-44b3-725c567d8eb7,78,1002,Deal 12493,open,,,,,Course C - Advanced,Hybrid,C06,Demo expectation,,,,,,,,,,,,,,,,,2025-10-29 22:57:24,2025-11-03 17:35:54,,false
12494,0964fbbf-8cd3-21b0-c2b0-1cfdd045dd1c,224,1001,Deal 12494,won,7500000,,,,Course C - Advanced,Hybrid,,Demo expectation,,,,,,,,,,,,,,,,,2026-05-17 03:20:05,2026-06-03 23:46:52,2026-06-03 23:46:52,false
12495,348e90ae-d680-b541-d9a9-a8347d91f485,224,1003,Deal 12495,won,5000000,,,,Course B - Foundation,Hybrid,,,,,,,,,,,,,,blog,organic,campaign_09,,,2026-07-15 09:39:32,2026-08-16 20:41:42,2026-08-16 20:41:42,false
12496,9e597f5d-d1f1-df71-3a84-be767d3a5cd4,224,1003,Deal 12496,won,9350000.0,,,,Combo: Course A + Course C,Online,Course02,,,,,,,,,,,,,google,cpc,campaign_12,,,2025-03-31 10:02:58,2025-05-09 03:23:58,2025-05-09 03:23:58,false
12497,e9bf0dca-dddc-a15f-7ed7-9b91947abbe8,220,1003,Deal 12497,lost,,,,,Course B - Foundation,Online,B04,,,,,,,,,,,Communication: No Response,,zalo,oa,campaign_06,,,2025-05-30 18:44:36,2025-07-01 15:26:42,2025-07-01 15:26:42,false
12498,52b1731b-a4df-08c5-67ad-b841227c27df,77,1001,Deal 12498,lost,,,,,Course C - Advanced,Offline,C09,,,,,,,,,,,Communication: Invalid Contact,,homepage,organic,campaign_03,,,2026-04-12 19:17:52,2026-04-14 01:17:52,2026-04-14 01:17:52,false
12499,1e1296dc-d582-8d59-e1ce-f59e6f102145,75,1008,Deal 12499,lost,,,,,Combo: Course A + Course C,Online,,Demo expectation,,,,,,,,,,Budget: Giá quá cao,,,,,,,2025-09-03 04:17:31,2025-09-15 16:22:41,2025-09-15 16:22:41,false
12500,167f0607-fcc4-0681-eb1b-a9895842e17a,224,1002,Deal 12500,won,5000000,,,,Course B - Foundation,Online,B05,,REFERRAL,,,,,,,,,,,blog,organic,campaign_03,,,2025-09-22 03:04:41,2025-10-20 18:37:53,2025-10-20 18:37:53,false
12501,beffe333-fe6b-01fc-3e2d-de07f877389b,79,1004,Deal 12501,lost,,,,,Course F - Short course,Offline,F07,,,,,,,,,,,Communication: Ghosted After Demo/Call,,facebook,fanpage,campaign_07,,,2025-12-11 14:53:12,2025-12-20 19:29:37,2025-12-20 19:29:37,false
12502,1bb74787-7b24-df01-8ea5-4843b000d73d,77,1001,Deal 12502,lost,,,,,Combo: Course A + Course C,Offline,Course07,Demo expectation,EARLYBIRD,,,,,,,,,Communication: Invalid Contact,,facebook,fanpage,campaign_06,,,2025-12-22 23:20:23,2025-12-28 01:20:23,2025-12-28 01:20:23,false
12503,d4d332e6-fdd2-9e6c-9401-cf76bfa886b5,77,1002,Deal 12503,lost,,,,,Course A - Foundation,Online,,Demo expectation,REFERRAL,,,,,,,,,Trash: Đăng ký trùng deal,,google,cpc,campaign_11,,,2025-10-25 18:49:16,2025-10-29 23:49:16,2025-10-29 23:49:16,false
12504,6fa579d0-ee1f-18ac-b701-001e2412a2ab,224,1002,Deal 12504,won,8000000,,,,Course D - Advanced,Online,,,,,,,,,,,,,,facebook,cpc,campaign_11,,,2025-10-31 18:58:14,2025-12-12 23:19:01,2025-12-12 23:19:01,false
12505,b8253bbb-9086-fcf7-f71b-0645087f29de,224,1001,Deal 12505,won,6800000.0,,,,Course D - Advanced,Online,D07,Demo expectation,REFERRAL,,,,,,,,,,,facebook,cpc,campaign_04,,,2025-11-10 06:34:28,2025-11-27 02:24:45,2025-11-27 02:24:45,false
12506,ef7e1940-f568-7574-13ca-aeb6f486a251,224,1002,Deal 12506,won,9500000,,,,Course E - Specialist,Offline,E10,,REFERRAL,,,,,,,,,,,facebook,cpc,campaign_02,,,2026-06-06 20:34:18,2026-07-12 13:31:46,2026-07-12 13:31:46,false
12507,484c6265-4458-ce41-51d1-fedfac7c2bca,224,1002,Deal 12507,won,6800000.0,,,,Course D - Advanced,Hybrid,D09,,REFERRAL,,,,,,,,,,,,,,,,2026-04-21 15:58:45,2026-05-08 00:19:31,2026-05-08 00:19:31,false
12508,10292c12-70fc-3404-1486-90f7841597ef,224,1004,Deal 12508,won,11000000,,,,Combo: Course A + Course C,Offline,,Demo expectation,REFERRAL,,,,,,,,,,,homepage,organic,campaign_09,,,2026-07-14 17:41:21,2026-08-15 12:31:23,2026-08-15 12:31:23,false
12509,29d0cb45-ac2c-96e7-79e9-a90b3e1fcad1,78,1001,Deal 12509,lost,,,,,Course A - Foundation,Hybrid,,,REFERRAL,,,,,,,,,Communication: Not Connected: Không liên hệ được,,,,,,,2025-04-05 19:04:09,2025-04-12 04:08:02,2025-04-12 04:08:02,false
12510,99125090-9651-6ec2-d5e4-157d23bab528,224,1004,Deal 12510,won,7200000.0,,,,Course D - Advanced,Online,D09,,,,,,,,,,,,,,,,,,2026-04-11 10:03:14,2026-05-05 04:20:20,2026-05-05 04:20:20,false
12511,ef678fc8-2308-961b-e3e3-2e4229ac92f0,76,1006,Deal 12511,won,18000000,,,,Program G - Professional,Online,G04,,REFERRAL,,,,,,,,,,,inbox,inbox,campaign_08,,,2025-06-09 14:25:38,2025-06-17 19:58:58,2025-06-17 19:58:58,false
12512,29c3d598-d0c2-4f21-71bf-5c97e473b0b0,77,1002,Deal 12512,lost,,,,,Program G - Professional,Hybrid,G12,Demo expectation,REFERRAL,,,,,,,,,Trash: Đăng ký trùng deal,,,,,,,2026-09-19 01:50:53,2026-09-20 04:50:53,2026-09-20 04:50:53,false
12513,8d8f194c-2a8c-5fdb-dcee-656d7420431e,77,1003,Deal 12513,lost,,,,,Course F - Short course,Hybrid,F02,Demo expectation,,,,,,,,,,Trash: Đăng ký trùng deal,,blog,organic,campaign_12,,,2025-03-07 10:28:34,2025-03-10 15:28:34,2025-03-10 15:28:34,false
12514,60a9e072-cc67-0a1f-9b0a-ec9485993420,79,1001,Deal 12514,lost,,,,,Course E - Specialist,Online,E11,Demo expectation,REFERRAL,,,,,,,,,Low engagement: Không còn nhu cầu học,,facebook,fanpage,campaign_06,,,2026-08-05 21:37:46,2026-08-15 18:34:58,2026-08-15 18:34:58,false
12515,27335670-b3ad-a2ba-7972-09c040b374f8,224,1004,Deal 12515,won,8000000,,,,Course D - Advanced,Online,D02,Demo expectation,,,,,,,,,,,,,,,,,2025-02-20 21:59:17,2025-03-05 03:09:00,2025-03-05 03:09:00,false
12516,699fdb02-bcdd-0b48-3cb3-c9fa191abb3d,91,1001,Deal 12516,lost,,,,,Program G - Professional,Hybrid,G02,,EARLYBIRD,,,,,,,,,Bad Timing: No Immediate Priority,,facebook,cpc,campaign_10,,,2025-03-25 01:53:25,2025-04-08 02:38:56,2025-04-08 02:38:56,false
12517,4160e5cf-aede-eb37-f8c4-22f9787166b2,73,1005,Deal 12517,lost,,,,,Course F - Short course,Offline,,,EARLYBIRD,,,,,,,,,Bad Timing: No Immediate Priority,,facebook,cpc,campaign_02,,,2025-05-27 16:55:20,2025-06-02 14:25:47,2025-06-02 14:25:47,false
12518,3c862582-6202-f35d-9756-fd3353ae1065,78,1001,Deal 12518,lost,,,,,Course F - Short course,Hybrid,F09,,,,,,,,,,,Sales Process: Sales không follow-up khách,,blog,organic,campaign_08,,,2026-03-24 20:32:15,2026-04-04 03:55:02,2026-04-04 03:55:02,false
12519,8e8a474d-e3d4-3569-b064-b420f101362e,224,1002,Deal 12519,won,4050000.0,,,,Course A - Foundation,Offline,A02,Demo expectation,REFERRAL,,,,,,,,,,,facebook,fanpage,campaign_09,,,2025-02-03 11:56:31,2025-02-26 14:48:30,2025-02-26 14:48:30,false
12520,46327360-c45d-4c03-74f6-b97ef998aaa1,224,1002,Deal 12520,won,2125000.0,,,,Course F - Short course,Online,,Demo expectation,EARLYBIRD,,,,,,,,,,,facebook,cpc,campaign_07,,,2025-11-25 12:14:39,2025-12-23 04:28:18,2025-12-23 04:28:18,false
12521,65ea60d8-737b-6961-0f44-a6f10ffc93bf,91,1002,Deal 12521,lost,,,,,Course B - Foundation,Online,B01,,EARLYBIRD,,,,,,,,,Bad Timing: Không sắp xếp được thời gian học,,,,,,,2025-01-15 18:42:55,2025-01-26 17:51:08,2025-01-26 17:51:08,false
12522,e7f70fa9-2fb6-4e19-f7a5-0ed988753928,224,1004,Deal 12522,won,11000000,,,,Combo: Course A + Course C,Hybrid,Course02,,,,,,,,,,,,,blog,organic,campaign_06,,,2025-03-15 22:20:37,2025-04-18 16:44:01,2025-04-18 16:44:01,false
12523,c256f224-82b2-48b6-dd51-ef25417f38c1,78,1004,Deal 12523,lost,,,,,Course D - Advanced,Offline,D03,,REFERRAL,,,,,,,,,Sales Process: Sales không follow-up khách,,email,newsletter,campaign_05,,,2025-04-15 08:50:09,2025-04-24 23:32:34,2025-04-24 23:32:34,false
12524,db6ba39b-36dd-9529-f704-d72fc7a2f280,79,1001,Deal 12524,lost,,,,,Combo: Course A + Course C,Hybrid,Course10,,,,,,,,,,,Low engagement: Không còn nhu cầu học,,blog,organic,campaign_06,,,2026-05-03 01:42:25,2026-05-10 01:02:55,2026-05-10 01:02:55,false
12525,60e585ab-803e-8d5f-58c5-d8c0f11770f9,79,1003,Deal 12525,lost,,,,,Course D - Advanced,Offline,D07,,EARLYBIRD,,,,,,,,,Bad Timing: Không sắp xếp được thời gian học,,,,,,,2025-12-18 06:47:46,2026-01-01 20:12:22,2026-01-01 20:12:22,false
12526,b6004df4-e0de-0676-6f08-2598e1b4b7ef,77,1004,Deal 12526,lost,,,,,Course B - Foundation,Hybrid,,,EARLYBIRD,,,,,,,,,Trash: Không có nhu cầu,,blog,organic,campaign_03,,,2025-04-24 19:56:55,2025-04-29 02:56:55,2025-04-29 02:56:55,false
12527,e9209932-378e-d10b-43d6-b29db2ff8d07,224,1003,Deal 12527,won,4500000,,,,Course A - Foundation,Offline,A04,,REFERRAL,,,,,,,,,,,facebook,cpc,campaign_11,,,2025-06-25 05:52:57,2025-07-31 11:10:38,2025-07-31 11:10:38,false
12528,820740e7-07a1-012a-e8f8-6e430b996908,91,1003,Deal 12528,lost,,,,,Course A - Foundation,Offline,A02,,,,,,,,,,,Bad Timing: Không sắp xếp được thời gian học,,facebook,fanpage,campaign_02,,,2025-02-16 03:18:04,2025-02-28 17:18:17,2025-02-28 17:18:17,false
12529,9a307096-d977-66be-a71c-8948bf67de42,80,1002,Deal 12529,open,,,,,Course C - Advanced,Offline,C11,Demo expectation,,,,,,,,,,,,facebook,cpc,campaign_03,,,2026-08-21 15:33:16,2026-08-27 04:13:01,,false
12530,9dd23036-6737-cac9-242e-3d711579bc24,224,1001,Deal 12530,won,6800000.0,,,,Course D - Advanced,Offline,D04,Demo expectation,,,,,,,,,,,,facebook,cpc,campaign_04,,,2025-06-09 06:18:05,2025-06-23 16:26:05,2025-06-23 16:26:05,false
12531,4cc4a7e5-fd25-bca9-e207-3d92c1c65bbb,80,1001,Deal 12531,lost,,,,,Course B - Foundation,Offline,B04,Demo expectation,,,,,,,,,,Relevance: Not ICP fit,,google,cpc,campaign_04,,,2025-06-24 00:07:56,2025-07-02 21:41:28,2025-07-02 21:41:28,false
12532,10bbc60d-07bf-63ee-7ccd-3dc0740a5bed,224,1003,Deal 12532,won,18000000,,,,Program G - Professional,Offline,G10,Demo expectation,,,,,,,,,,,,email,newsletter,campaign_02,,,2026-04-30 17:56:43,2026-06-06 01:42:17,2026-06-06 01:42:17,false
12533,eedab4fe-4cfa-7687-1379-19941e87d756,79,1001,Deal 12533,lost,,,,,Combo: Course A + Course C,Offline,,,EARLYBIRD,,,,,,,,,Budget: Giá quá cao,,facebook,cpc,campaign_08,,,2025-03-16 13:28:11,2025-04-01 17:52:56,2025-04-01 17:52:56,false
12534,a319dcb4-217d-65a0-c568-11cd5563f616,224,1001,Deal 12534,won,6375000.0,,,,Course C - Advanced,Offline,C07,Demo expectation,,,,,,,,,,,,facebook,cpc,campaign_04,,,2025-12-25 03:18:43,2026-01-11 17:16:45,2026-01-11 17:16:45,false
12535,7845a524-b1f0-1f04-23e5-7b5027dfc6e0,224,1003,Deal 12535,won,5000000,,,,Course B - Foundation,Hybrid,B02,,,,,,,,,,,,,facebook,cpc,campaign_03,,,2025-03-29 19:57:34,2025-04-23 07:01:42,2025-04-23 07:01:42,false
12536,9d60cc73-41b7-4316-668e-180ecbbc840a,224,1001,Deal 12536,won,7500000,,,,Course C - Advanced,Online,C10,,,,,,,,,,,,,,,,,,2026-06-04 16:02:17,2026-07-02 07:32:31,2026-07-02 07:32:31,false
12537,6fb78271-504d-281f-c953-5b63ba81edd9,224,1001,Deal 12537,won,5000000,,,,Course B - Foundation,Online,B09,Demo expectation,,,,,,,,,,,,facebook,cpc,campaign_09,,,2026-04-07 07:31:30,2026-05-05 18:18:36,2026-05-05 18:18:36,false
12538,9c9d3925-3c98-fe89-ec6e-e5ca573f9ac9,76,1008,Deal 12538,won,6750000.0,,,,Course C - Advanced,Online,C02,,,,,,,,,,,,,email,newsletter,campaign_10,,,2025-02-09 13:30:29,2025-03-16 10:27:05,2025-03-16 10:27:05,false
12539,89d56357-1566-1feb-05c5-bf8d321a6c3f,224,1003,Deal 12539,won,7500000,,,,Course C - Advanced,Offline,,Demo expectation,,,,,,,,,,,,facebook,cpc,campaign_12,,,2025-08-18 05:24:44,2025-09-08 14:23:12,2025-09-08 14:23:12,false
12540,e1909c43-4e82-263e-6467-8700790003b9,80,1002,Deal 12540,lost,,,,,Course E - Specialist,Offline,,Demo expectation,REFERRAL,,,,,,,,,Relevance: Not ICP fit,,homepage,organic,campaign_12,,,2025-03-19 23:45:24,2025-03-28 15:40:35,2025-03-28 15:40:35,false
12541,f5f3943a-e8e7-f030-0203-83406372d635,224,1002,Deal 12541,won,2500000,,,,Course F - Short course,Offline,F02,Demo expectation,,,,,,,,,,,,inbox,inbox,campaign_05,,,2025-03-18 10:06:10,2025-04-17 20:28:47,2025-04-17 20:28:47,false
12542,fbec4b87-3e6e-bd2c-4224-b70ec29f06c7,77,1003,Deal 12542,lost,,,,,Course F - Short course,Online,F04,Demo expectation,,,,,,,,,,Trash: Đăng ký trùng deal,,,,,,,2025-06-14 15:21:01,2025-06-19 22:21:01,2025-06-19 22:21:01,false
12543,3cd89af3-1218-eb09-c4c9-52d820101b24,77,1003,Deal 12543,open,,,Cựu học viên,,Course A - Foundation,Online,A10,,EARLYBIRD,,,,,,,,,,,facebook,cpc,campaign_06,,,2026-08-01 13:39:03,2026-08-01 13:39:03,,false
12544,8d56bff6-69c9-520f-3425-449cc145d6ba,92,1003,Deal 12544,lost,,,,,Course A - Foundation,Hybrid,A07,Demo expectation,,,,,,,,,,Budget: Giá quá cao,,google,cpc,campaign_06,,,2026-03-06 18:50:39,2026-03-24 21:06:51,2026-03-24 21:06:51,false
12545,f66c7331-a172-2ee3-c3e1-847c8420e0d8,224,1003,Deal 12545,won,2500000,,,,Course F - Short course,Online,F11,,,,,,,,,,,,,facebook,fanpage,campaign_10,,,2026-07-09 23:31:03,2026-08-02 06:03:52,2026-08-02 06:03:52,false
12546,37edae1a-36eb-aef4-bcef-2c153881e713,79,1002,Deal 12546,lost,,,,,Course A - Foundation,Offline,A05,Demo expectation,,,,,,,,,,Budget: Giá quá cao,,zalo,oa,campaign_01,,,2025-08-28 09:46:17,2025-09-01 01:44:36,2025-09-01 01:44:36,false
12547,5f37c649-84a0-c59e-b37d-8da8e93a2edc,79,1004,Deal 12547,open,,,,,Course B - Foundation,Hybrid,B06,,EARLYBIRD,,,,,,,,,,,,,,,,2025-10-02 12:18:04,2025-10-05 21:07:51,,false
12548,a9906847-8223-a973-ce0a-aa9230df7ed0,76,1005,Deal 12548,won,7500000,,,,Course C - Advanced,Hybrid,C07,Demo expectation,EARLYBIRD,,,,,,,,,,,inbox,inbox,campaign_06,,,2026-01-26 06:08:33,2026-02-15 01:44:16,2026-02-15 01:44:16,false
12549,9b34c649-26f8-03c6-d886-8d4d493bafc4,77,1004,Deal 12549,lost,,,,,Course D - Advanced,Offline,D05,Demo expectation,,,,,,,,,,Trash: Đăng ký trùng deal,,facebook,fanpage,campaign_07,,,2025-08-02 11:37:19,2025-08-07 17:37:19,2025-08-07 17:37:19,false
12550,080fc9b3-226f-93e7-9e5f-992d39c29259,76,1005,Deal 12550,won,9500000,,,,Course E - Specialist,Offline,E04,Demo expectation,,,,,,,,,,,,inbox,inbox,campaign_05,,,2025-06-26 23:10:17,2025-07-19 17:08:43,2025-07-19 17:08:43,false
12551,2ea4790b-fdd0-2c32-b405-e657d1a37650,80,1002,Deal 12551,open,,,,,Course C - Advanced,Online,C11,,,,,,,,,,,,,,,,,,2026-09-18 00:38:54,2026-09-25 13:08:21,,false
12552,4e08ab81-ec4d-6c00-37ab-aaf864c46086,76,1008,Deal 12552,won,4500000.0,,,,Course B - Foundation,Online,B08,,EARLYBIRD,,,,,,,,,,,facebook,cpc,campaign_07,,,2026-01-22 22:58:19,2026-02-19 18:03:49,2026-02-19 18:03:49,false
12553,4b33b3f3-a8dc-6db2-4907-2a0ab16464e8,76,1008,Deal 12553,won,2500000,,,,Course F - Short course,Offline,,,,,,,,,,,,,,email,newsletter,campaign_02,,,2026-05-02 05:31:28,2026-05-17 02:43:25,2026-05-17 02:43:25,false
12554,6761f64e-b79e-e140-1844-1abdbe41635f,91,1002,Deal 12554,lost,,,Cựu học viên,,Course A - Foundation,Offline,,,,,,,,,,,,Bad Timing: No Immediate Priority,,blog,organic,campaign_12,,,2025-05-06 19:17:26,2025-06-01 10:49:11,2025-06-01 10:49:11,false
12555,05ed8c70-db6c-dfea-a405-febc356e64b0,224,1003,Deal 12555,won,8000000,,,,Course D - Advanced,Hybrid,,,REFERRAL,,,,,,,,,,,blog,organic,campaign_12,,,2025-09-22 00:02:13,2025-10-10 09:21:18,2025-10-10 09:21:18,false
12556,5ef6840e-9ef8-b5a9-b792-ff6567f7aba4,76,1007,Deal 12556,won,4500000,,,,Course A - Foundation,Offline,A02,,,,,,,,,,,,,,,,,,2025-01-30 08:50:22,2025-02-17 04:47:41,2025-02-17 04:47:41,false
12557,9174729d-953f-2211-5125-e54e92593c47,224,1004,Deal 12557,won,4050000.0,,,,Course A - Foundation,Online,A02,Demo expectation,REFERRAL,,,,,,,,,,,facebook,cpc,campaign_12,,,2025-01-31 01:37:04,2025-03-12 01:57:05,2025-03-12 01:57:05,false
12558,6f2ae2fd-838e-dbe4-da2a-4996aaef7529,80,1001,Deal 12558,lost,,,,,Course B - Foundation,Hybrid,B12,,,,,,,,,,,Relevance: Not ICP fit,,email,newsletter,campaign_09,,,2026-08-31 04:08:38,2026-09-09 11:02:27,2026-09-09 11:02:27,false
12559,caae8f1a-f7c4-c6ab-fa0b-14f4f3d50d58,217,1001,Deal 12559,lost,,,,,Course C - Advanced,Offline,,Demo expectation,REFERRAL,,,,,,,,,Bad Timing: No Immediate Priority,,,,,,,2025-09-08 22:09:27,2025-09-11 12:57:02,2025-09-11 12:57:02,false
12560,ee0b683a-64dd-4384-b34f-21ca3bdec3f4,79,1003,Deal 12560,lost,,,,,Course A - Foundation,Online,A09,,,,,,,,,,,Budget: Giá quá cao,,facebook,cpc,campaign_09,,,2026-05-30 15:38:19,2026-06-09 13:09:50,2026-06-09 13:09:50,false
12561,7ee6990b-932d-6b2f-cfc0-426b843efe2f,222,1002,Deal 12561,won,11000000,,,,Combo: Course A + Course C,Offline,Course02,Demo expectation,,,,,,,,,,,,facebook,cpc,campaign_11,,,2025-03-11 20:25:47,2025-04-18 02:43:53,2025-04-18 02:43:53,false
12562,f10543f9-2150-70d4-ad44-fe0cdd6b5802,224,1002,Deal 12562,won,3825000.0,,,,Course A - Foundation,Offline,A06,Demo expectation,REFERRAL,,,,,,,,,,,facebook,fanpage,campaign_06,,,2025-11-04 10:35:23,2025-12-04 17:17:25,2025-12-04 17:17:25,false
12563,1f92bdc9-9883-7e3e-a4c6-34ce3dad2abf,222,1004,Deal 12563,won,8550000.0,,,,Course E - Specialist,Hybrid,,,,,,,,,,,,,,blog,organic,campaign_05,,,2026-08-14 08:36:24,2026-09-06 17:41:19,2026-09-06 17:41:19,false
12564,2ba1a7a1-8c7e-6fb7-7933-9fa8ba1e7371,78,1004,Deal 12564,lost,,,,,Course E - Specialist,Offline,E07,,REFERRAL,,,,,,,,,Communication: Not Connected: Không liên hệ được,,facebook,cpc,campaign_06,,,2025-12-31 17:46:43,2026-01-09 22:09:48,2026-01-09 22:09:48,false
12565,104556e5-bee3-eb79-1d18-1ee986ad8a8c,77,1003,Deal 12565,open,,,,,Course D - Advanced,Hybrid,D02,Demo expectation,REFERRAL,,,,,,,,,,,zalo,oa,campaign_05,,,2025-02-22 18:12:10,2025-02-22 18:12:10,,false
12566,0c05e009-397b-fdd7-b8a1-e477e240e060,224,1003,Deal 12566,won,4250000.0,,,,Course B - Foundation,Hybrid,B02,Demo expectation,EARLYBIRD,,,,,,,,,,,facebook,cpc,campaign_09,,,2025-02-27 00:05:19,2025-03-15 20:17:03,2025-03-15 20:17:03,false
12567,42c21797-0426-fcc9-255b-30e2bdc2b74b,76,1008,Deal 12567,won,18000000,,,,Program G - Professional,Hybrid,G08,Demo expectation,REFERRAL,,,,,,,,,,,facebook,fanpage,campaign_12,,,2026-01-08 19:01:37,2026-01-30 07:35:28,2026-01-30 07:35:28,false
12568,8211dfed-73be-43cc-830b-ed4fc566a2fa,77,1003,Deal 12568,lost,,,,,Course A - Foundation,Offline,A03,,REFERRAL,,,,,,,,,Communication: Not Connected: Không liên hệ được,,google,cpc,campaign_09,,,2025-05-08 03:25:32,2025-05-13 11:25:32,2025-05-13 11:25:32,false
12569,cb79dcb5-9ede-807c-24f7-53a3a83b9212,222,1004,Deal 12569,won,7500000,,,,Course C - Advanced,Hybrid,C11,,,,,,,,,,,,,google,cpc,campaign_02,,,2026-09-01 02:13:56,2026-09-27 12:00:00,2026-09-27 12:00:00,false
12570,b7a1267e-9a1e-0036-5cba-a49628489240,77,1001,Deal 12570,lost,,,,,Course E - Specialist,Hybrid,,Demo expectation,REFERRAL,,,,,,,,,Trash: Đăng ký trùng deal,,google,cpc,campaign_02,,,2026-05-09 12:46:17,2026-05-13 16:46:17,2026-05-13 16:46:17,false
12571,4299b351-99b3-568d-6dcc-9c609e35836f,80,1003,Deal 12571,lost,,,,,Course C - Advanced,Offline,C04,,,,,,,,,,,Choose Competitor: Đã đi học bên khác,,google,cpc,campaign_08,,,2025-07-29 21:11:38,2025-08-07 09:34:24,2025-08-07 09:34:24,false
12572,5a9a206a-16f1-42a2-06b9-19aa1a7167c7,73,1006,Deal 12572,lost,,,,,Course C - Advanced,Hybrid,C06,Demo expectation,,,,,,,,,,Bad Timing: No Immediate Priority,,facebook,cpc,campaign_08,,,2025-11-26 06:56:18,2025-12-10 08:24:53,2025-12-10 08:24:53,false
12573,2bf14f70-a684-4cf3-21f2-57f24e3dc31a,79,1004,Deal 12573,lost,,,,,Course B - Foundation,Online,,Demo expectation,REFERRAL,,,,,,,,,Low engagement: Không còn nhu cầu học,,blog,organic,campaign_01,,,2025-07-31 11:46:03,2025-08-03 03:57:52,2025-08-03 03:57:52,false
12574,a6e997ae-d909-f489-f229-29b66f246189,224,1004,Deal 12574,won,5000000,,,,Course B - Foundation,Online,B08,,REFERRAL,,,,,,,,,,,email,newsletter,campaign_11,,,2026-01-13 07:15:51,2026-02-13 14:04:58,2026-02-13 14:04:58,false
12575,470c3863-15aa-1ab2-0cbc-946dc8eedd25,76,1008,Deal 12575,won,2125000.0,,,,Course F - Short course,Online,,,EARLYBIRD,,,,,,,,,,,,,,,,2026-05-30 08:50:13,2026-06-16 01:58:41,2026-06-16 01:58:41,false
12576,f96e8963-d68d-746b-0226-7d71e13f53bd,92,1003,Deal 12576,lost,,,,,Course B - Foundation,Online,B05,,REFERRAL,,,,,,,,,Budget: Giá quá cao,,,,,,,2025-08-09 06:54:27,2025-09-26 18:41:34,2025-09-26 18:41:34,false
12577,28479019-ab31-0d48-9ee7-c59e76ac5ae6,224,1003,Deal 12577,won,2500000,,,,Course F - Short course,Offline,F08,Demo expectation,EARLYBIRD,,,,,,,,,,,blog,organic,campaign_04,,,2026-01-31 14:09:19,2026-02-13 03:34:50,2026-02-13 03:34:50,false
12578,b59c9c87-f839-14c9-9eff-689a545a8a02,92,1003,Deal 12578,lost,,,Cựu học viên,,Course B - Foundation,Hybrid,B11,,,,,,,,,,,Choose Competitor: Không học online,,blog,organic,campaign_10,,,2026-07-13 12:08:56,2026-08-01 15:28:42,2026-08-01 15:28:42,false
12579,3c4c3c4e-c467-b3df-30f3-5dc399d7e738,80,1002,Deal 12579,lost,,,,,Course E - Specialist,Online,E11,,,,,,,,,,,Relevance: Use Case Misfit: Nhu cầu không đúng với sản phẩm,,facebook,cpc,campaign_04,,,2026-08-16 17:50:34,2026-09-02 20:39:22,2026-09-02 20:39:22,false
12580,d063fb37-c641-0765-3855-c64e58967888,222,1003,Deal 12580,won,6800000.0,,,,Course D - Advanced,Offline,D11,Demo expectation,,,,,,,,,,,,,,,,,2026-07-28 01:31:15,2026-08-12 03:04:44,2026-08-12 03:04:44,false
12581,5ed29e43-f7f1-e4dd-1292-a80d4200fc47,224,1002,Deal 12581,won,16200000.0,,,,Program G - Professional,Hybrid,G07,,,,,,,,,,,,,facebook,cpc,campaign_10,,,2025-11-28 03:52:00,2026-01-04 00:29:18,2026-01-04 00:29:18,false
12582,0784781d-2006-1fdb-16ee-251359d12415,77,1004,Deal 12582,lost,,,,,Course A - Foundation,Offline,,Demo expectation,,,,,,,,,,Trash: Đăng ký trùng deal,,facebook,cpc,campaign_04,,,2025-02-04 07:32:20,2025-02-09 13:32:20,2025-02-09 13:32:20,false
12583,29d5ee57-e71b-ef25-7f5f-7a16158ed5c1,76,1007,Deal 12583,won,6750000.0,,,,Course C - Advanced,Hybrid,,Demo expectation,,,,,,,,,,,,zalo,oa,campaign_08,,,2025-10-09 23:20:01,2025-10-26 10:54:19,2025-10-26 10:54:19,false
12584,b901aec9-51be-d16c-0dee-17619561dee0,77,1004,Deal 12584,lost,,,,,Course D - Advanced,Hybrid,D05,Demo expectation,,,,,,,,,,Communication: Invalid Contact,,,,,,,2025-09-16 12:39:54,2025-09-17 16:39:54,2025-09-17 16:39:54,false
12585,c742bbaf-7787-0d52-dd12-bbc65eaae175,92,1001,Deal 12585,lost,,,,,Course B - Foundation,Offline,B05,Demo expectation,,,,,,,,,,Choose Competitor: Không học online,,facebook,fanpage,campaign_02,,,2025-07-27 23:04:23,2025-08-13 15:07:34,2025-08-13 15:07:34,false
12586,c25905bf-994a-a04f-0a7a-b509fb04f274,224,1004,Deal 12586,won,7500000,,,,Course C - Advanced,Hybrid,,,,,,,,,,,,,,facebook,fanpage,campaign_06,,,2025-07-12 22:38:21,2025-08-12 14:23:05,2025-08-12 14:23:05,false
12587,4ea4ae73-3695-5a61-3b57-6da7c34a4fa6,224,1001,Deal 12587,won,4500000,,,,Course A - Foundation,Offline,,,,,,,,,,,,,,google,cpc,campaign_03,,,2026-06-04 10:35:26,2026-06-17 22:40:27,2026-06-17 22:40:27,false
12588,1243a7d7-ca22-46d5-fe22-a8c383a022e0,224,1001,Deal 12588,won,4500000,,,,Course A - Foundation,Offline,A06,,EARLYBIRD,,,,,,,,,,,facebook,fanpage,campaign_07,,,2025-12-05 12:33:20,2026-01-07 11:14:55,2026-01-07 11:14:55,false
12589,b7b1dcab-2dde-e2cf-a5c8-eb3749e0767a,79,1004,Deal 12589,lost,,,,,Course D - Advanced,Offline,D02,Demo expectation,EARLYBIRD,,,,,,,,,Communication: Ghosted After Demo/Call,,,,,,,2025-02-06 19:56:58,2025-02-11 07:17:36,2025-02-11 07:17:36,false
12590,9fd60efb-fa11-f0e7-566d-56e81c86cf6f,224,1002,Deal 12590,won,16200000.0,,,,Program G - Professional,Hybrid,G02,Demo expectation,,,,,,,,,,,,inbox,inbox,campaign_11,,,2025-03-01 00:08:14,2025-03-30 12:28:18,2025-03-30 12:28:18,false
12591,7120721e-86cd-6214-237b-efd118963a6e,92,1001,Deal 12591,lost,,,,,Course F - Short course,Hybrid,F09,Demo expectation,,,,,,,,,,Budget: Giá quá cao,,facebook,fanpage,campaign_06,,,2026-03-15 01:48:15,2026-03-28 16:42:36,2026-03-28 16:42:36,false
12592,4fc5e5fd-ac12-f441-cd50-883a9b1025a3,224,1001,Deal 12592,won,11000000,,,,Combo: Course A + Course C,Offline,Course07,,EARLYBIRD,,,,,,,,,,,email,newsletter,campaign_01,,,2025-12-16 09:13:14,2026-01-16 05:40:42,2026-01-16 05:40:42,false
12593,05f30bc5-9642-b052-5379-f2794cb50625,92,1002,Deal 12593,lost,,,,,Course C - Advanced,Offline,C01,Demo expectation,,,,,,,,,,Choose Competitor: Không học online,,google,cpc,campaign_08,,,2025-01-12 17:23:40,2025-02-09 23:49:13,2025-02-09 23:49:13,false
12594,e893c71a-af24-aea1-2889-5932bb2d621d,80,1003,Deal 12594,lost,,,,,Course A - Foundation,Offline,A02,Demo expectation,,,,,,,,,,Choose Competitor: Đã đi học bên khác,,,,,,,2025-03-02 09:51:17,2025-03-23 21:01:56,2025-03-23 21:01:56,false
12595,c8cf1ccd-a01e-f412-66b3-335be9d120d7,92,1003,Deal 12595,lost,,,,,Course D - Advanced,Online,D08,,,,,,,,,,,Choose Competitor: Không học online,,zalo,oa,campaign_04,,,2026-01-29 02:43:31,2026-02-16 18:19:08,2026-02-16 18:19:08,false
12596,2482e8d1-03d3-3907-ce02-8d6018ef9a28,224,1004,Deal 12596,won,5000000,,,,Course B - Foundation,Hybrid,B07,,,,,,,,,,,,,homepage,organic,campaign_11,,,2025-12-16 00:51:45,2026-01-12 02:09:48,2026-01-12 02:09:48,false
12597,155c6768-c1e8-c0fe-bfd2-1f5b19fcd170,79,1001,Deal 12597,lost,,,,,Course D - Advanced,Online,,,,,,,,,,,,Budget: Giá quá cao,,facebook,fanpage,campaign_12,,,2026-04-02 11:32:45,2026-04-23 15:01:39,2026-04-23 15:01:39,false
12598,80e05a64-9fb8-3bc9-2b62-1afd502d58d9,73,1006,Deal 12598,lost,,,,,Course D - Advanced,Offline,D07,Demo expectation,,,,,,,,,,Communication: No Response,,facebook,cpc,campaign_11,,,2025-11-12 18:49:44,2025-11-27 21:28:09,2025-11-27 21:28:09,false
12599,78a118df-0088-ca76-0d25-c8d0fde90c2d,224,1001,Deal 12599,won,4050000.0,,,,Course A - Foundation,Online,,Demo expectation,EARLYBIRD,,,,,,,,,,,zalo,oa,campaign_01,,,2025-12-02 18:02:15,2025-12-23 09:26:21,2025-12-23 09:26:21,false
12600,cae9b4a7-2a79-ea68-0f44-704f1247ea4e,72,1008,Deal 12600,lost,,,,,Course B - Foundation,Hybrid,,Demo expectation,REFERRAL,,,,,,,,,Budget: Giá quá cao,,facebook,fanpage,campaign_07,,,2025-09-15 22:08:30,2025-09-17 03:08:30,2025-09-17 03:08:30,false
12601,5bcc7bfb-40e6-4eed-e414-f2c5d9743ff0,77,1002,Deal 12601,lost,,,,,Course B - Foundation,Offline,B09,Demo expectation,REFERRAL,,,,,,,,,Trash: Đăng ký trùng deal,,facebook,fanpage,campaign_03,,,2026-04-02 00:21:53,2026-04-05 08:21:53,2026-04-05 08:21:53,false
12602,8f5d0e9f-c586-e43c-fe13-d91c183e5726,79,1004,Deal 12602,lost,,,,,Course F - Short course,Hybrid,F05,Demo expectation,,,,,,,,,,Communication: Ghosted After Demo/Call,,,,,,,2025-07-18 01:21:57,2025-07-26 18:16:41,2025-07-26 18:16:41,false
12603,ba21e269-2540-fbfe-e12f-f6cdd6eaf269,224,1002,Deal 12603,won,8000000,,,,Course D - Advanced,Offline,,Demo expectation,,,,,,,,,,,,facebook,fanpage,campaign_01,,,2026-06-22 07:52:33,2026-07-29 10:20:49,2026-07-29 10:20:49,false
12604,130e1283-da21-87c8-d86a-8dbf2256344f,224,1001,Deal 12604,won,7500000,,,,Course C - Advanced,Hybrid,,Demo expectation,,,,,,,,,,,,facebook,cpc,campaign_06,,,2026-06-14 08:25:50,2026-08-02 10:49:44,2026-08-02 10:49:44,false
12605,04a06d55-398e-1dc0-38a8-ab5518deabfe,224,1003,Deal 12605,won,9500000,,,,Course E - Specialist,Hybrid,E05,,,,,,,,,,,,,google,cpc,campaign_06,,,2025-07-14 12:53:40,2025-07-31 18:43:14,2025-07-31 18:43:14,false
12606,f086424a-fbfb-d9f9-8da4-f9166fa87369,224,1001,Deal 12606,won,11000000,,,,Combo: Course A + Course C,Online,Course02,,REFERRAL,,,,,,,,,,,,,,,,2025-01-27 18:31:18,2025-02-16 20:37:00,2025-02-16 20:37:00,false
12607,3ab1534d-b981-3055-aefa-8e4e20985aac,78,1003,Deal 12607,lost,,,,,Course B - Foundation,Hybrid,B05,,,,,,,,,,,Communication: Not Connected: Không liên hệ được,,,,,,,2025-08-24 14:00:07,2025-08-29 06:22:37,2025-08-29 06:22:37,false
12608,9129bc75-9b08-e5a8-4451-1ba09df034d3,224,1001,Deal 12608,won,5000000,,,,Course B - Foundation,Offline,,Demo expectation,REFERRAL,,,,,,,,,,,facebook,cpc,campaign_06,,,2025-11-22 17:53:22,2025-12-24 01:32:21,2025-12-24 01:32:21,false
12609,be125f8f-f06b-6c12-9c8b-955064e70f9a,77,1004,Deal 12609,lost,,,,,Program G - Professional,Offline,G12,,,,,,,,,,,Communication: Not Connected: Không liên hệ được,,,,,,,2026-09-27 11:00:00,2026-09-27 12:00:00,2026-09-27 12:00:00,false
12610,c9e5a194-f746-682a-d4e7-3adb2056dff5,79,1003,Deal 12610,lost,,,,,Course E - Specialist,Online,,Demo expectation,,,,,,,,,,Communication: Ghosted After Demo/Call,,google,cpc,campaign_10,,,2025-06-21 10:05:55,2025-06-29 09:56:56,2025-06-29 09:56:56,false
12611,b59c9c87-f839-14c9-9eff-689a545a8a02,79,1004,Deal 12611,lost,,,,,Course A - Foundation,Offline,A09,Demo expectation,,,,,,,,,,Low engagement: Không còn nhu cầu học,,blog,organic,campaign_11,,,2026-07-11 17:37:12,2026-07-21 03:00:24,2026-07-21 03:00:24,false
12612,ef7e1940-f568-7574-13ca-aeb6f486a251,77,1001,Deal 12612,lost,,,,,Course C - Advanced,Offline,C10,Demo expectation,,,,,,,,,,Trash: Đăng ký trùng deal,,email,newsletter,campaign_01,,,2026-06-14 13:57:43,2026-06-18 15:57:43,2026-06-18 15:57:43,false
12613,826aad17-0a88-2932-b255-b709502b5dc0,224,1003,Deal 12613,won,6800000.0,,,,Course D - Advanced,Online,D06,Demo expectation,,,,,,,,,,,,google,cpc,campaign_11,,,2025-10-19 20:25:05,2025-11-15 17:18:48,2025-11-15 17:18:48,false
12614,01d909b4-cbf8-f29e-3b30-ee9798d53cf5,224,1001,Deal 12614,won,5000000,,,,Course B - Foundation,Online,B06,Demo expectation,,,,,,,,,,,,homepage,organic,campaign_05,,,2025-10-29 15:36:55,2025-11-16 13:36:09,2025-11-16 13:36:09,false
12615,6885ca47-40ee-7a6e-3280-3153382e80e8,80,1003,Deal 12615,lost,,,,,Course C - Advanced,Hybrid,C05,Demo expectation,EARLYBIRD,,,,,,,,,Budget: Not willing to pay,,,,,,,2025-09-03 00:19:05,2025-09-21 22:58:09,2025-09-21 22:58:09,false
12616,67687c42-b346-8999-2598-bc54eba2a67c,78,1001,Deal 12616,lost,,,,,Course F - Short course,Offline,,Demo expectation,EARLYBIRD,,,,,,,,,Communication: Not Connected: Không liên hệ được,,google,cpc,campaign_06,,,2026-07-10 11:57:39,2026-07-16 06:08:25,2026-07-16 06:08:25,false
12617,35078c5d-cb62-f5b6-9342-3b4f8add06f9,78,1004,Deal 12617,lost,,,,,Course F - Short course,Hybrid,F08,Demo expectation,,,,,,,,,,Trash: Không có nhu cầu,,google,cpc,campaign_09,,,2026-02-05 17:50:28,2026-02-08 16:52:59,2026-02-08 16:52:59,false
12618,2ea9ef6c-4905-eb93-890a-83b4b639529e,76,1007,Deal 12618,won,8075000.0,,,,Course E - Specialist,Hybrid,E04,,REFERRAL,,,,,,,,,,,,,,,,2025-06-28 09:37:43,2025-07-31 17:44:21,2025-07-31 17:44:21,false
12619,635b729c-eb2a-e08b-8780-d6caddebd8d4,73,1006,Deal 12619,lost,,,,,Course C - Advanced,Hybrid,C10,,,,,,,,,,,Bad Timing: No Immediate Priority,,facebook,cpc,campaign_10,,,2026-07-23 09:40:46,2026-07-28 23:20:36,2026-07-28 23:20:36,false
12620,b8d49cf2-1c9d-dbd3-caa7-8357c0ea7a67,79,1004,Deal 12620,lost,,,,,Course C - Advanced,Offline,C08,Demo expectation,,,,,,,,,,Budget: Giá quá cao,,facebook,cpc,campaign_11,,,2026-02-24 06:20:33,2026-02-28 17:57:18,2026-02-28 17:57:18,false
12621,d624b181-3bbe-dece-c689-3b8883370bc2,224,1002,Deal 12621,won,9350000.0,,,,Combo: Course A + Course C,Offline,,Demo expectation,REFERRAL,,,,,,,,,,,blog,organic,campaign_01,,,2026-05-16 09:26:24,2026-06-14 17:03:19,2026-06-14 17:03:19,false
12622,518d38f8-6904-1328-871c-db5df728a97a,224,1002,Deal 12622,won,5000000,,,,Course B - Foundation,Online,B05,Demo expectation,,,,,,,,,,,,facebook,cpc,campaign_10,,,2025-07-25 18:46:27,2025-08-16 12:51:42,2025-08-16 12:51:42,false
12623,1899598d-5b5c-fadf-9063-bf1890b1f965,77,1003,Deal 12623,lost,,,,,Course C - Advanced,Hybrid,C04,,EARLYBIRD,,,,,,,,,Communication: Not Connected: Không liên hệ được,,blog,organic,campaign_04,,,2025-07-22 23:19:47,2025-07-23 04:19:47,2025-07-23 04:19:47,false
12624,ee0b349c-2946-5d29-50d3-46e80e8fb3d4,217,1003,Deal 12624,lost,,,,,Course B - Foundation,Hybrid,B02,,,,,,,,,,,Communication: No Response,,facebook,cpc,campaign_04,,,2025-03-31 04:04:41,2025-04-06 22:43:50,2025-04-06 22:43:50,false
12625,2f1d80ea-fb91-fb90-7bd5-0aeb679111dd,78,1002,Deal 12625,lost,,,,,Combo: Course A + Course C,Online,,Demo expectation,,,,,,,,,,Communication: Not Connected: Không liên hệ được,,zalo,oa,campaign_07,,,2025-06-12 16:18:38,2025-06-19 18:44:52,2025-06-19 18:44:52,false
12626,49fde505-98b2-8ca8-eabd-7c895639a196,77,1003,Deal 12626,open,,,,,Course B - Foundation,Offline,,Demo expectation,,,,,,,,,,,,email,newsletter,campaign_02,,,2026-08-05 03:40:48,2026-08-05 03:40:48,,false
12627,432a23a8-0f05-d46c-7495-d544b1c8bdb9,77,1004,Deal 12627,lost,,,,,Course E - Specialist,Online,E10,Demo expectation,,,,,,,,,,Trash: Đăng ký trùng deal,,homepage,organic,campaign_06,,,2026-06-04 02:29:14,2026-06-09 05:29:14,2026-06-09 05:29:14,false
12628,3087106d-94c1-b7d4-93c6-6bafe6ba5182,77,1004,Deal 12628,lost,,,,,Course E - Specialist,Online,,Demo expectation,EARLYBIRD,,,,,,,,,Trash: Đăng ký trùng deal,,facebook,cpc,campaign_01,,,2026-09-27 11:00:00,2026-09-27 12:00:00,2026-09-27 12:00:00,false
12629,e1ea3804-dfab-7b0e-0dae-08ee89a87774,224,1004,Deal 12629,won,2500000,,,,Course F - Short course,Hybrid,F09,Demo expectation,,,,,,,,,,,,facebook,cpc,campaign_10,,,2026-04-05 06:24:22,2026-05-15 19:34:45,2026-05-15 19:34:45,false
12630,7453c9c3-8ebc-02b1-3866-5e813ff1254b,77,1004,Deal 12630,open,,,,,Course F - Short course,Online,,,,,,,,,,,,,,facebook,cpc,campaign_01,,,2026-09-27 11:00:00,2026-09-27 11:00:00,,false
12631,fbec4b87-3e6e-bd2c-4224-b70ec29f06c7,77,1001,Deal 12631,lost,,,,,Course D - Advanced,Hybrid,D03,,,,,,,,,,,Communication: Invalid Contact,,,,,,,2025-05-24 03:30:28,2025-05-29 07:30:28,2025-05-29 07:30:28,false
12632,7168340b-f194-f3d4-c79e-eb8ef7993edc,220,1003,Deal 12632,lost,,,,,Course B - Foundation,Offline,B09,Demo expectation,,,,,,,,,,Bad Timing: No Immediate Priority,,facebook,cpc,campaign_01,,,2026-04-16 03:06:19,2026-05-05 07:17:25,2026-05-05 07:17:25,false
12633,005fb765-575f-3108-9165-3dbc6b732c7a,77,1003,Deal 12633,lost,,,,,Course C - Advanced,Offline,C05,,,,,,,,,,,Trash: Không có nhu cầu,,,,,,,2025-09-07 17:50:02,2025-09-11 19:50:02,2025-09-11 19:50:02,false
12634,b3efe892-e85c-c863-48cf-f1da7bbccb5d,77,1003,Deal 12634,lost,,,,,Course C - Advanced,Hybrid,C06,,,,,,,,,,,Communication: Not Connected: Không liên hệ được,,homepage,organic,campaign_12,,,2025-11-22 14:21:27,2025-11-26 21:21:27,2025-11-26 21:21:27,false
12635,82546e92-fb5a-e35a-5e1d-f2e24fa977fc,224,1001,Deal 12635,won,8000000,,,,Course D - Advanced,Offline,D07,Demo expectation,EARLYBIRD,,,,,,,,,,,facebook,cpc,campaign_05,,,2025-11-26 14:00:37,2025-12-16 19:02:50,2025-12-16 19:02:50,false
12636,6c776e95-0b98-1ccd-12b2-102d940c3503,79,1002,Deal 12636,lost,,,,,Course F - Short course,Offline,F09,Demo expectation,EARLYBIRD,,,,,,,,,Communication: No Response,,,,,,,2026-03-16 20:31:32,2026-03-29 16:40:09,2026-03-29 16:40:09,false
12637,8af0dd8d-b620-e349-bd28-16675d428a45,73,1006,Deal 12637,open,,,,,Course F - Short course,Hybrid,F12,,EARLYBIRD,,,,,,,,,,,email,newsletter,campaign_01,,,2026-09-25 10:05:17,2026-09-27 11:00:00,,false
12638,1754bf08-43d7-5413-a939-ebd1e516b0d4,226,1002,Deal 12638,open,,,,,Course E - Specialist,Offline,E12,Demo expectation,EARLYBIRD,,,,,,,,,,,,,,,,2026-09-17 19:09:44,2026-09-27 11:00:00,,false
12639,b1757e7d-f545-752a-13b8-ec305b693697,77,1002,Deal 12639,lost,,,,,Course D - Advanced,Online,D11,,,,,,,,,,,Communication: Not Connected: Không liên hệ được,,facebook,cpc,campaign_08,,,2026-08-17 15:02:58,2026-08-19 17:02:58,2026-08-19 17:02:58,false
12640,dae13a7f-ff97-79f7-234b-20fdff7ca58f,73,1006,Deal 12640,lost,,,,,Course C - Advanced,Offline,C03,,EARLYBIRD,,,,,,,,,Communication: No Response,,homepage,organic,campaign_04,,,2025-04-15 23:44:58,2025-04-21 15:23:40,2025-04-21 15:23:40,false
12641,6399839f-cc0e-8c1b-6ecf-f11d954498b4,224,1002,Deal 12641,won,11000000,,,,Combo: Course A + Course C,Online,Course04,Demo expectation,EARLYBIRD,,,,,,,,,,,blog,organic,campaign_02,,,2025-07-19 09:54:06,2025-08-10 20:21:16,2025-08-10 20:21:16,false
12642,e666a9b4-9e53-64dc-7a1a-fd6767e56f19,79,1003,Deal 12642,lost,,,,,Course F - Short course,Offline,,Demo expectation,,,,,,,,,,Budget: Giá quá cao,,,,,,,2025-09-04 19:49:40,2025-09-13 10:51:03,2025-09-13 10:51:03,false
12643,31b41e88-4b0c-8c70-de3d-8b14ab4c150a,77,1001,Deal 12643,lost,,,,,Program G - Professional,Online,G01,Demo expectation,,,,,,,,,,Trash: Không có nhu cầu,,,,,,,2025-01-13 06:20:36,2025-01-16 11:20:36,2025-01-16 11:20:36,false
12644,65aa6c06-5d43-3dc2-cb11-5be6227cc456,78,1002,Deal 12644,lost,,,,,Course A - Foundation,Offline,A06,,,,,,,,,,,Trash: Không có nhu cầu,,google,cpc,campaign_12,,,2025-12-01 21:49:58,2025-12-04 04:42:38,2025-12-04 04:42:38,false
12645,6b0bb457-8c0d-c409-dfcc-8eb4bfbe0892,224,1002,Deal 12645,won,4500000,,,,Course A - Foundation,Online,A04,Demo expectation,EARLYBIRD,,,,,,,,,,,inbox,inbox,campaign_05,,,2025-07-10 22:44:40,2025-08-13 01:13:01,2025-08-13 01:13:01,false
12646,69fac666-50c7-4b31-90a6-756723f2f68f,92,1003,Deal 12646,lost,,,,,Course C - Advanced,Online,C02,Demo expectation,REFERRAL,,,,,,,,,Choose Competitor: Không học online,,email,newsletter,campaign_03,,,2025-03-25 19:50:09,2025-04-16 01:47:09,2025-04-16 01:47:09,false
12647,d7e4527a-6274-d240-8e30-1bcc302fa247,224,1001,Deal 12647,won,2500000,,,,Course F - Short course,Online,F12,,,,,,,,,,,,,facebook,cpc,campaign_08,,,2026-09-03 14:21:35,2026-09-21 20:25:01,2026-09-21 20:25:01,false
12648,82d33948-1cf9-8855-719d-b54f81c6af40,79,1004,Deal 12648,lost,,,,,Course A - Foundation,Hybrid,,Demo expectation,,,,,,,,,,Bad Timing: Không sắp xếp được thời gian học,,facebook,cpc,campaign_06,,,2025-03-10 00:55:21,2025-03-27 19:49:14,2025-03-27 19:49:14,false
12649,10bbeed7-f0b7-b577-3bd6-916f59c074d1,224,1002,Deal 12649,won,4500000,,,,Course A - Foundation,Offline,A03,Demo expectation,,,,,,,,,,,,,,,,,2025-04-12 20:03:33,2025-05-07 13:59:34,2025-05-07 13:59:34,false
12650,cb79dcb5-9ede-807c-24f7-53a3a83b9212,75,1006,Deal 12650,open,,,,,Program G - Professional,Offline,,,,,,,,,,,,,,facebook,cpc,campaign_01,,,2026-08-12 11:04:34,2026-08-19 18:28:31,,false
12651,efc7ba96-be29-e59b-608a-f5ee0cc4e865,74,1006,Deal 12651,open,,,,,Course B - Foundation,Online,B12,Demo expectation,,,,,,,,,,,,facebook,cpc,campaign_10,,,2026-09-06 20:21:11,2026-09-12 21:37:14,,false
12652,de1243a5-88f0-5a37-b88e-df3a394d35ac,80,1003,Deal 12652,lost,,,,,Course A - Foundation,Offline,A07,Demo expectation,REFERRAL,,,,,,,,,Relevance: Use Case Misfit: Nhu cầu không đúng với sản phẩm,,,,,,,2026-02-21 20:26:00,2026-03-07 23:13:13,2026-03-07 23:13:13,false
12653,b0db93f0-a0c1-5094-922e-590ae2f621b7,77,1003,Deal 12653,lost,,,,,Program G - Professional,Online,G09,Demo expectation,EARLYBIRD,,,,,,,,,Trash: Đăng ký trùng deal,,,,,,,2026-03-28 22:00:29,2026-04-02 00:00:29,2026-04-02 00:00:29,false
12654,e7269390-c235-25c0-c16f-584add1b469d,79,1003,Deal 12654,lost,,,Cựu học viên,,Course E - Specialist,Offline,,Demo expectation,REFERRAL,,,,,,,,,Communication: No Response,,,,,,,2025-01-25 02:31:45,2025-02-03 21:23:19,2025-02-03 21:23:19,false
12655,e97e225f-d55a-082b-34eb-c64428b12fd2,78,1001,Deal 12655,open,,,,,Combo: Course A + Course C,Offline,Course02,,EARLYBIRD,,,,,,,,,,,facebook,cpc,campaign_04,,,2025-02-09 03:45:41,2025-02-12 05:08:58,,false
12656,99044300-7db7-b6d4-e9b1-4cf584d4d7be,78,1001,Deal 12656,open,,,,,Course A - Foundation,Online,A11,,EARLYBIRD,,,,,,,,,,,facebook,cpc,campaign_05,,,2026-09-17 11:31:07,2026-09-20 12:06:41,,false
12657,dd3df93c-c8ca-a571-a33b-d6836bdc01b5,77,1004,Deal 12657,lost,,,,,Course B - Foundation,Online,B12,Demo expectation,EARLYBIRD,,,,,,,,,Communication: Not Connected: Không liên hệ được,,facebook,fanpage,campaign_01,,,2026-08-31 12:12:03,2026-09-03 15:12:03,2026-09-03 15:12:03,false
12658,1d4e2772-401f-b5a6-9ca5-b74f0fda6ca4,224,1001,Deal 12658,won,7500000,,,,Course C - Advanced,Hybrid,C10,,,,,,,,,,,,,,,,,,2026-06-05 18:26:23,2026-06-27 15:35:31,2026-06-27 15:35:31,false
12659,0df81d2b-260c-037e-305d-0ef70d9ff83d,216,1001,Deal 12659,lost,,,,,Course A - Foundation,Offline,A05,Demo expectation,,,,,,,,,,Budget: Giá quá cao,,,,,,,2025-10-18 21:32:18,2025-10-18 22:32:18,2025-10-18 22:32:18,false
12660,5eaca15d-7274-2e76-3b6b-ecb7c56dbe29,78,1001,Deal 12660,lost,,,,,Course B - Foundation,Hybrid,B05,Demo expectation,,,,,,,,,,Trash: Không có nhu cầu,,facebook,fanpage,campaign_10,,,2025-09-19 01:19:57,2025-09-25 00:53:38,2025-09-25 00:53:38,false
12661,d1a33332-d882-ce3c-bf0a-abdfd708bdc7,224,1003,Deal 12661,won,4500000,,,,Course A - Foundation,Online,A02,,,,,,,,,,,,,inbox,inbox,campaign_05,,,2025-03-06 20:20:17,2025-04-12 15:36:25,2025-04-12 15:36:25,false
12662,38b828c9-1905-c268-69e2-0b451b18b735,224,1004,Deal 12662,won,5000000,,,,Course B - Foundation,Online,,,,,,,,,,,,,,facebook,cpc,campaign_06,,,2025-03-01 03:09:45,2025-03-22 19:28:17,2025-03-22 19:28:17,false
12663,790a474e-6185-e21b-e156-df1722b6995e,76,1008,Deal 12663,won,4500000,,,,Course A - Foundation,Online,A10,Demo expectation,EARLYBIRD,,,,,,,,,,,zalo,oa,campaign_08,,,2026-08-20 10:26:37,2026-08-29 01:06:24,2026-08-29 01:06:24,false
12664,5da64a3a-260c-cfb4-c673-5380a7668617,78,1003,Deal 12664,open,,,,,Course E - Specialist,Online,E11,,,,,,,,,,,,,google,cpc,campaign_01,,,2026-09-07 16:46:12,2026-09-08 06:55:18,,false
12665,4a5d95a7-df0b-1449-4559-620034111701,224,1002,Deal 12665,won,9500000,,,,Course E - Specialist,Hybrid,E05,,,,,,,,,,,,,blog,organic,campaign_06,,,2025-07-18 23:47:21,2025-08-18 16:10:02,2025-08-18 16:10:02,false
12666,9fecb523-2831-d156-10f3-f3935384eecd,77,1003,Deal 12666,lost,,,,,Course C - Advanced,Online,C10,Demo expectation,,,,,,,,,,Communication: Invalid Contact,,google,cpc,campaign_09,,,2026-07-21 03:50:12,2026-07-22 05:50:12,2026-07-22 05:50:12,false
12667,7669fdca-5008-b651-46d5-5a99c8264258,224,1004,Deal 12667,won,8550000.0,,,,Course E - Specialist,Offline,,Demo expectation,,,,,,,,,,,,,,,,,2025-03-02 10:24:30,2025-04-01 23:11:50,2025-04-01 23:11:50,false
12668,61ea2f30-e42e-707a-fe2b-d9875fdcabbf,224,1002,Deal 12668,won,4500000,,,,Course A - Foundation,Offline,A02,Demo expectation,,,,,,,,,,,,,,,,,2025-03-23 21:03:54,2025-04-08 08:09:21,2025-04-08 08:09:21,false
12669,d2512894-d78d-917a-af1b-90b5127f5138,79,1004,Deal 12669,lost,,,,,Course E - Specialist,Offline,,Demo expectation,,,,,,,,,,Low engagement: Không còn nhu cầu học,,,,,,,2025-11-12 14:55:46,2025-11-21 00:32:02,2025-11-21 00:32:02,false
12670,6eb21dcc-9f97-fa5b-af84-add6c463190a,77,1002,Deal 12670,lost,,,,,Course B - Foundation,Offline,B03,,EARLYBIRD,,,,,,,,,Communication: Not Connected: Không liên hệ được,,facebook,cpc,campaign_10,,,2025-04-06 13:16:58,2025-04-09 19:16:58,2025-04-09 19:16:58,false
12671,02e7b683-4cf2-7f33-e637-1a1ba16f9a2a,79,1001,Deal 12671,lost,,,,,Course E - Specialist,Offline,E08,Demo expectation,,,,,,,,,,Communication: No Response,,facebook,cpc,campaign_05,,,2026-02-03 11:00:55,2026-02-10 23:06:22,2026-02-10 23:06:22,false
12672,9ef63a80-179f-1235-df2e-f2803b5844f5,78,1002,Deal 12672,lost,,,Cựu học viên,,Course A - Foundation,Offline,A05,Demo expectation,,,,,,,,,,Communication: Not Connected: Không liên hệ được,,facebook,cpc,campaign_04,,,2025-09-21 04:47:28,2025-10-03 17:56:39,2025-10-03 17:56:39,false
12673,842aebac-6c7e-80ad-2970-99127d2e11bd,76,1006,Deal 12673,won,9900000.0,,,,Combo: Course A + Course C,Offline,,Demo expectation,EARLYBIRD,,,,,,,,,,,facebook,cpc,campaign_07,,,2025-05-10 22:44:08,2025-05-18 13:41:38,2025-05-18 13:41:38,false
12674,a3b5bc49-f05a-fb4a-daa5-1cfb605a79a3,78,1002,Deal 12674,lost,,,,,Course D - Advanced,Offline,D09,Demo expectation,EARLYBIRD,,,,,,,,,Communication: Not Connected: Không liên hệ được,,,,,,,2026-05-29 05:17:56,2026-06-03 17:24:10,2026-06-03 17:24:10,false
12675,a8ff9d12-1b8f-5512-be05-2644aa924983,224,1001,Deal 12675,won,4050000.0,,,,Course A - Foundation,Online,A02,Demo expectation,,,,,,,,,,,,facebook,fanpage,campaign_05,,,2025-02-28 12:08:27,2025-03-26 23:06:39,2025-03-26 23:06:39,false
12676,8feff87b-79d5-4e9f-7846-0474927c5ea7,78,1002,Deal 12676,lost,,,,,Combo: Course A + Course C,Offline,Course07,Demo expectation,,,,,,,,,,Sales Process: Sales không follow-up khách,,zalo,oa,campaign_01,,,2025-12-03 10:36:35,2025-12-11 10:47:20,2025-12-11 10:47:20,false
12677,9b0fa7c1-53ca-dfcd-301f-4cda00ae81a1,78,1002,Deal 12677,open,,,,,Course E - Specialist,Online,,Demo expectation,EARLYBIRD,,,,,,,,,,,zalo,oa,campaign_03,,,2025-09-06 22:59:31,2025-09-08 06:44:34,,false
12678,0599e1f2-ccd3-654c-b68b-bbc673c66188,78,1004,Deal 12678,open,,,,,Course A - Foundation,Offline,,,,,,,,,,,,,,email,newsletter,campaign_10,,,2026-01-01 21:12:36,2026-01-11 03:48:26,,false
12679,5674e177-9b08-725e-e1ea-f0f24c52b95c,224,1004,Deal 12679,won,8000000,,,,Course D - Advanced,Offline,,Demo expectation,REFERRAL,,,,,,,,,,,google,cpc,campaign_05,,,2025-02-14 10:26:14,2025-03-22 07:57:36,2025-03-22 07:57:36,false
12680,feb3a855-48e6-1273-4680-13786e607c2f,78,1003,Deal 12680,lost,,,,,Course D - Advanced,Online,D09,Demo expectation,REFERRAL,,,,,,,,,Sales Process: Sales không follow-up khách,,zalo,oa,campaign_05,,,2026-04-04 15:53:32,2026-04-15 16:10:25,2026-04-15 16:10:25,false
12681,c1dd9365-901b-938f-b703-de19d20f65b3,224,1003,Deal 12681,won,8075000.0,,,,Course E - Specialist,Online,E04,,,,,,,,,,,,,inbox,inbox,campaign_10,,,2025-06-02 11:21:07,2025-07-15 23:14:51,2025-07-15 23:14:51,false
12682,c81ee77d-34b8-c32c-b8e0-96ef3d3ac0ba,77,1001,Deal 12682,lost,,,,,Course A - Foundation,Online,A04,,EARLYBIRD,,,,,,,,,Trash: Không có nhu cầu,,,,,,,2025-08-15 23:52:19,2025-08-17 02:52:19,2025-08-17 02:52:19,false
12683,9a6c0db9-5217-1c88-4ce9-53a722d90db3,80,1002,Deal 12683,lost,,,,,Combo: Course A + Course C,Offline,Course06,,REFERRAL,,,,,,,,,Relevance: Not ICP fit,,google,cpc,campaign_07,,,2025-11-15 15:37:36,2025-12-02 18:30:11,2025-12-02 18:30:11,false
12684,414d1f46-5afb-7584-f464-4b99980afee9,224,1003,Deal 12684,won,11000000,,,,Combo: Course A + Course C,Offline,Course02,,EARLYBIRD,,,,,,,,,,,google,cpc,campaign_11,,,2025-02-11 04:51:29,2025-04-10 18:18:53,2025-04-10 18:18:53,false
12685,31ae84be-c7be-05c6-728a-c5fdfc32964b,224,1001,Deal 12685,won,8550000.0,,,,Course E - Specialist,Hybrid,E05,,,,,,,,,,,,,facebook,cpc,campaign_04,,,2025-08-26 13:11:58,2025-09-30 11:12:29,2025-09-30 11:12:29,false
12686,2c3126c0-4cd8-054c-7f69-c5def0655f62,80,1003,Deal 12686,lost,,,,,Course F - Short course,Online,,Demo expectation,REFERRAL,,,,,,,,,Choose Competitor: Đã đi học bên khác,,facebook,fanpage,campaign_07,,,2026-04-26 22:45:45,2026-05-06 17:04:15,2026-05-06 17:04:15,false
12687,99c93a43-a4a4-08f5-a95c-7f2566c8b707,77,1003,Deal 12687,lost,,,,,Course E - Specialist,Offline,E02,Demo expectation,,,,,,,,,,Communication: Not Connected: Không liên hệ được,,,,,,,2025-01-22 20:52:08,2025-01-28 00:52:08,2025-01-28 00:52:08,false
12688,ec0389c1-23ff-18b2-865a-5dcda016d50a,80,1004,Deal 12688,lost,,,,,Combo: Course A + Course C,Offline,Course06,Demo expectation,EARLYBIRD,,,,,,,,,Choose Competitor: Đã đi học bên khác,,,,,,,2025-11-07 20:26:41,2025-11-28 15:19:09,2025-11-28 15:19:09,false
12689,9c9d3925-3c98-fe89-ec6e-e5ca573f9ac9,224,1004,Deal 12689,won,3825000.0,,,,Course A - Foundation,Online,A02,,EARLYBIRD,,,,,,,,,,,zalo,oa,campaign_03,,,2025-02-11 09:45:19,2025-02-27 17:46:26,2025-02-27 17:46:26,false
12690,1de987a2-985e-7e89-2ff8-107a63ba9d86,77,1003,Deal 12690,lost,,,,,Course A - Foundation,Online,A07,,REFERRAL,,,,,,,,,Trash: Không có nhu cầu,,,,,,,2026-01-03 05:19:44,2026-01-07 10:19:44,2026-01-07 10:19:44,false
12691,668b28da-8222-cd7f-36e6-ba8519abdc15,224,1001,Deal 12691,won,7500000,,,,Course C - Advanced,Offline,C09,,,,,,,,,,,,,facebook,fanpage,campaign_03,,,2026-05-12 02:19:30,2026-06-16 21:34:11,2026-06-16 21:34:11,false
12692,89159257-ac32-f8ac-bad1-c44445c8bd55,79,1004,Deal 12692,open,,,,,Course A - Foundation,Online,,Demo expectation,REFERRAL,,,,,,,,,,,facebook,cpc,campaign_01,,,2026-09-12 11:08:31,2026-09-19 17:57:14,,false
12693,ed1a4d54-d54c-9bed-572c-608bed08f881,224,1001,Deal 12693,won,7200000.0,,,,Course D - Advanced,Hybrid,D09,,,,,,,,,,,,,google,cpc,campaign_05,,,2026-05-28 23:14:50,2026-06-09 16:05:23,2026-06-09 16:05:23,false
12694,d4cee27c-4a94-ae9f-cc35-1e4f703e957f,77,1003,Deal 12694,lost,,,,,Course F - Short course,Offline,F08,Demo expectation,,,,,,,,,,Communication: Not Connected: Không liên hệ được,,email,newsletter,campaign_03,,,2026-01-24 18:30:57,2026-01-25 21:30:57,2026-01-25 21:30:57,false
12695,fbee6066-316f-6e03-8c59-fd47d66356a1,80,1003,Deal 12695,lost,,,,,Course E - Specialist,Offline,E05,Demo expectation,EARLYBIRD,,,,,,,,,Budget: Not willing to pay,,facebook,cpc,campaign_02,,,2025-07-23 12:35:35,2025-08-01 09:22:48,2025-08-01 09:22:48,false
12696,b222e140-e1b6-1b0d-490a-59444b0c0c53,73,1008,Deal 12696,lost,,,,,Course D - Advanced,Hybrid,D02,,REFERRAL,,,,,,,,,Budget: Giá quá cao,,facebook,cpc,campaign_04,,,2025-03-06 07:52:16,2025-03-17 00:56:08,2025-03-17 00:56:08,false
12697,d1bb5622-4260-5e08-9e78-209e6290129a,77,1004,Deal 12697,lost,,,,,Course C - Advanced,Hybrid,,Demo expectation,,,,,,,,,,Trash: Đăng ký trùng deal,,facebook,cpc,campaign_08,,,2026-05-20 22:34:03,2026-05-22 02:34:03,2026-05-22 02:34:03,false
12698,7a550fe5-7fb8-baba-507b-f7d5570b2c06,224,1002,Deal 12698,won,8000000,,,,Course D - Advanced,Online,,Demo expectation,EARLYBIRD,,,,,,,,,,,email,newsletter,campaign_11,,,2026-04-28 04:06:24,2026-06-12 12:33:40,2026-06-12 12:33:40,false
12699,19ca745c-13db-3a41-a258-5f03e342dc19,91,1003,Deal 12699,open,,,,,Course C - Advanced,Online,C11,Demo expectation,,,,,,,,,,,,homepage,organic,campaign_10,,,2026-09-27 11:00:00,2026-09-27 11:00:00,,false
12700,bf3b21fb-1ff2-5e0d-fcc8-919e95a3ba61,77,1003,Deal 12700,lost,,,,,Course F - Short course,Online,F01,Demo expectation,,,,,,,,,,Communication: Not Connected: Không liên hệ được,,facebook,cpc,campaign_08,,,2025-01-17 11:04:33,2025-01-20 12:04:33,2025-01-20 12:04:33,false
12701,80cfb1db-1287-e313-8f02-6c2c1b414999,72,1006,Deal 12701,lost,,,,,Course F - Short course,Offline,,Demo expectation,,,,,,,,,,Communication: No Response,,facebook,cpc,campaign_06,,,2026-08-21 04:19:07,2026-08-25 11:19:07,2026-08-25 11:19:07,false
12702,51634a91-b993-b65f-35de-d447c4bfa424,79,1004,Deal 12702,lost,,,,,Course D - Advanced,Hybrid,D06,,REFERRAL,,,,,,,,,Low engagement: Không còn nhu cầu học,,email,newsletter,campaign_10,,,2025-09-27 22:22:47,2025-10-05 15:32:40,2025-10-05 15:32:40,false
12703,72349df0-45f0-3f1c-cd4a-3c8eee550e96,222,1001,Deal 12703,won,2500000,,,,Course F - Short course,Online,F09,,REFERRAL,,,,,,,,,,,,,,,,2026-03-25 01:53:19,2026-05-05 03:18:55,2026-05-05 03:18:55,false
12704,c0c52495-92bf-804e-89ca-1b2698343ead,224,1001,Deal 12704,won,4500000,,,,Course A - Foundation,Online,A05,Demo expectation,EARLYBIRD,,,,,,,,,,,facebook,fanpage,campaign_05,,,2025-10-12 14:43:15,2025-11-03 09:05:13,2025-11-03 09:05:13,false
12705,66aed15d-2ab7-fb10-de72-ac23fe66f861,78,1003,Deal 12705,lost,,,,,Course C - Advanced,Offline,C07,,,,,,,,,,,Sales Process: Sales không follow-up khách,,email,newsletter,campaign_12,,,2025-12-30 20:16:04,2026-01-07 12:37:31,2026-01-07 12:37:31,false
12706,5d96d459-8a3c-8743-a808-24f252a80809,222,1001,Deal 12706,won,4500000,,,,Course A - Foundation,Offline,A08,Demo expectation,,,,,,,,,,,,zalo,oa,campaign_09,,,2026-04-08 11:26:46,2026-06-02 07:23:58,2026-06-02 07:23:58,false
12707,37cca228-020f-8fa5-53fd-d1f7558c7208,224,1002,Deal 12707,won,4500000,,,,Course A - Foundation,Offline,,,REFERRAL,,,,,,,,,,,facebook,fanpage,campaign_07,,,2025-08-19 11:02:06,2025-09-06 14:59:22,2025-09-06 14:59:22,false
12708,c25d52c2-cbdb-3d33-ef65-665fae2054f6,222,1001,Deal 12708,won,4500000.0,,,,Course B - Foundation,Online,,Demo expectation,REFERRAL,,,,,,,,,,,homepage,organic,campaign_01,,,2026-07-03 22:50:48,2026-07-25 06:54:41,2026-07-25 06:54:41,false
12709,e6b5a92c-771a-d655-cdfc-6ee0e61ede90,80,1004,Deal 12709,open,,,,,Course B - Foundation,Offline,B12,,REFERRAL,,,,,,,,,,,facebook,cpc,campaign_04,,,2026-09-27 11:00:00,2026-09-27 11:00:00,,false
12710,1e74d80a-26d9-3400-a433-ce4e3fdf77a2,91,1003,Deal 12710,lost,,,,,Course B - Foundation,Hybrid,B02,,REFERRAL,,,,,,,,,Bad Timing: Không sắp xếp được thời gian học,,facebook,cpc,campaign_04,,,2025-03-15 21:29:12,2025-03-25 07:06:32,2025-03-25 07:06:32,false
12711,02e7b683-4cf2-7f33-e637-1a1ba16f9a2a,77,1001,Deal 12711,lost,,,,,Course B - Foundation,Hybrid,B08,Demo expectation,,,,,,,,,,Communication: Invalid Contact,,facebook,cpc,campaign_04,,,2026-02-18 04:43:35,2026-02-23 11:43:35,2026-02-23 11:43:35,false
12712,4dcd0009-c8d5-7717-9055-a36f4aa5f9d3,78,1002,Deal 12712,lost,,,,,Combo: Course A + Course C,Offline,Course02,,,,,,,,,,,Sales Process: Sales không follow-up khách,,,,,,,2025-02-24 04:17:13,2025-03-03 13:40:59,2025-03-03 13:40:59,false
12713,c20ae0f1-0a10-75ef-d8ac-9c9da8b7babf,224,1002,Deal 12713,won,2500000,,,,Course F - Short course,Offline,F07,,,,,,,,,,,,,facebook,cpc,campaign_06,,,2025-11-18 05:50:03,2025-12-02 02:17:57,2025-12-02 02:17:57,false
12714,9581c2f1-b4a9-fe0b-5b40-7ea187de9cb5,77,1003,Deal 12714,lost,,,,,Course A - Foundation,Online,A04,Demo expectation,REFERRAL,,,,,,,,,Communication: Not Connected: Không liên hệ được,,zalo,oa,campaign_03,,,2025-07-27 00:29:11,2025-07-27 04:29:11,2025-07-27 04:29:11,false
12715,ec7a4974-bc4a-171c-966e-dc31d72588e3,224,1001,Deal 12715,won,8000000,,,,Course D - Advanced,Hybrid,D03,,REFERRAL,,,,,,,,,,,facebook,cpc,campaign_08,,,2025-05-27 10:45:23,2025-07-13 16:41:12,2025-07-13 16:41:12,false
12716,3a5b201d-8d01-69b3-367d-e663b62b56d5,78,1003,Deal 12716,lost,,,,,Combo: Course A + Course C,Online,,Demo expectation,,,,,,,,,,Trash: Không có nhu cầu,,blog,organic,campaign_05,,,2025-03-20 12:39:56,2025-03-26 07:31:58,2025-03-26 07:31:58,false
12717,f72cb6c8-855c-0a97-9640-5fcdbf761449,224,1004,Deal 12717,won,11000000,,,,Combo: Course A + Course C,Hybrid,Course02,,,,,,,,,,,,,facebook,cpc,campaign_12,,,2025-03-17 18:25:32,2025-04-03 19:25:31,2025-04-03 19:25:31,false
12718,95116c5f-34c4-f6ad-4fe0-887115f54aa0,78,1002,Deal 12718,lost,,,,,Combo: Course A + Course C,Offline,Course10,Demo expectation,,,,,,,,,,Sales Process: Sales không follow-up khách,,,,,,,2026-05-29 02:56:39,2026-06-07 14:19:41,2026-06-07 14:19:41,false
12719,7d5887a5-a554-8394-f39d-ea6f06919b1d,224,1003,Deal 12719,won,9350000.0,,,,Combo: Course A + Course C,Hybrid,Course07,Demo expectation,,,,,,,,,,,,,,,,,2025-12-28 06:44:02,2026-01-14 18:33:55,2026-01-14 18:33:55,false
12720,d403fd02-5a2a-83bd-5a0a-e917690f1c3c,91,1001,Deal 12720,lost,,,,,Course C - Advanced,Online,C11,Demo expectation,REFERRAL,,,,,,,,,Bad Timing: No Immediate Priority,,facebook,cpc,campaign_07,,,2026-08-23 05:43:45,2026-09-14 20:29:06,2026-09-14 20:29:06,false
12721,6ba25efe-311c-6eb6-2095-eef68dedf9fb,222,1002,Deal 12721,won,11000000,,,,Combo: Course A + Course C,Offline,,Demo expectation,EARLYBIRD,,,,,,,,,,,facebook,fanpage,campaign_12,,,2025-12-11 01:05:33,2026-01-06 17:15:56,2026-01-06 17:15:56,false
12722,9342a09f-b00a-c64c-949c-d8d48ed8a80d,224,1003,Deal 12722,won,8550000.0,,,,Course E - Specialist,Online,E02,Demo expectation,,,,,,,,,,,,facebook,cpc,campaign_02,,,2025-02-15 20:58:36,2025-02-25 10:24:04,2025-02-25 10:24:04,false
12723,b9b094ac-4d2d-8efd-57c8-294c9e7776ae,77,1004,Deal 12723,open,,,,,Course E - Specialist,Offline,E12,,EARLYBIRD,,,,,,,,,,,google,cpc,campaign_07,,,2026-09-27 11:00:00,2026-09-27 11:00:00,,false
12724,5bc07988-21f9-69e9-37cf-45f6f32ede3c,76,1007,Deal 12724,won,7500000,,,,Course C - Advanced,Hybrid,C02,,,,,,,,,,,,,google,cpc,campaign_04,,,2025-02-11 06:25:48,2025-03-02 14:21:23,2025-03-02 14:21:23,false
12725,e61cf9a3-e0ac-db75-2326-e3d006fce65a,91,1002,Deal 12725,lost,,,,,Course F - Short course,Online,F07,Demo expectation,REFERRAL,,,,,,,,,Bad Timing: Không sắp xếp được thời gian học,,facebook,fanpage,campaign_11,,,2025-11-23 05:16:12,2025-12-14 04:01:32,2025-12-14 04:01:32,false
12726,71083466-e0ce-e4a8-49dd-fe2128c4de0d,80,1004,Deal 12726,lost,,,,,Course A - Foundation,Hybrid,A07,,,,,,,,,,,Budget: Not willing to pay,,,,,,,2026-03-06 06:38:20,2026-03-23 04:28:49,2026-03-23 04:28:49,false
12727,c798c498-499d-5830-8d67-6a99a94a3567,79,1001,Deal 12727,lost,,,,,Course C - Advanced,Online,,,EARLYBIRD,,,,,,,,,Bad Timing: Không sắp xếp được thời gian học,,facebook,cpc,campaign_10,,,2025-01-19 05:02:41,2025-01-26 22:03:11,2025-01-26 22:03:11,false
12728,ed951bcc-d7d1-9fa2-dd66-1ebb243d9300,76,1008,Deal 12728,won,9500000,,,,Course E - Specialist,Offline,,Demo expectation,,,,,,,,,,,,zalo,oa,campaign_01,,,2025-01-29 05:30:09,2025-03-04 14:54:12,2025-03-04 14:54:12,false
12729,a5dc733d-70bb-2a0e-39d0-2b29e008e8ed,77,1001,Deal 12729,lost,,,,,Course A - Foundation,Offline,A02,Demo expectation,,,,,,,,,,Communication: Invalid Contact,,facebook,fanpage,campaign_04,,,2025-02-17 02:46:31,2025-02-18 04:46:31,2025-02-18 04:46:31,false
12730,4cc1032d-bd16-c038-4ef2-53f57f8fbd67,224,1004,Deal 12730,won,4500000.0,,,,Course B - Foundation,Hybrid,B04,,,,,,,,,,,,,google,cpc,campaign_06,,,2025-05-27 20:50:21,2025-07-07 13:27:58,2025-07-07 13:27:58,false
12731,d8bfc4d5-80d5-4f85-4d3d-22c1d72d6882,92,1002,Deal 12731,lost,,,,,Combo: Course A + Course C,Online,Course02,,EARLYBIRD,,,,,,,,,Budget: Giá quá cao,,facebook,fanpage,campaign_12,,,2025-03-26 09:46:28,2025-04-07 16:11:30,2025-04-07 16:11:30,false
12732,b79f18eb-b2e1-3d23-41c9-62f214aed155,224,1002,Deal 12732,won,7500000,,,,Course C - Advanced,Online,C09,,,,,,,,,,,,,,,,,,2026-05-14 20:28:11,2026-06-09 07:26:31,2026-06-09 07:26:31,false
12733,5e99c568-09c7-0e3d-1a98-5b74ceb3c70f,79,1001,Deal 12733,lost,,,,,Course B - Foundation,Hybrid,B02,,EARLYBIRD,,,,,,,,,Low engagement: Không còn nhu cầu học,,,,,,,2025-02-20 05:17:50,2025-03-10 08:20:39,2025-03-10 08:20:39,false
12734,57756632-039f-665c-a3a4-5bd46846ebe8,224,1001,Deal 12734,won,2500000,,,,Course F - Short course,Online,F07,Demo expectation,,,,,,,,,,,,facebook,fanpage,campaign_11,,,2025-12-20 20:21:40,2026-01-26 14:48:23,2026-01-26 14:48:23,false
12735,68a0072b-cc15-8832-5cbf-3d019140130f,78,1003,Deal 12735,lost,,,,,Course F - Short course,Online,,Demo expectation,REFERRAL,,,,,,,,,Trash: Không có nhu cầu,,facebook,cpc,campaign_04,,,2026-06-27 12:38:38,2026-06-28 06:35:48,2026-06-28 06:35:48,false
12736,306b43a8-790e-e78d-a393-067c6a834243,78,1004,Deal 12736,lost,,,,,Course E - Specialist,Online,E11,,REFERRAL,,,,,,,,,Communication: Not Connected: Không liên hệ được,,facebook,fanpage,campaign_12,,,2026-07-18 01:22:27,2026-07-26 21:09:05,2026-07-26 21:09:05,false
12737,1e5fde58-7427-eefa-f808-e17a3a96c7f5,78,1001,Deal 12737,lost,,,,,Course A - Foundation,Hybrid,,Demo expectation,,,,,,,,,,Sales Process: Sales không follow-up khách,,,,,,,2025-01-13 07:48:05,2025-01-18 22:01:22,2025-01-18 22:01:22,false
12738,f84791e0-e55d-32af-13e9-e07052c64562,75,1008,Deal 12738,lost,,,,,Course B - Foundation,Offline,B06,,REFERRAL,,,,,,,,,Budget: Giá quá cao,,,,,,,2025-10-19 04:34:09,2025-11-14 06:59:15,2025-11-14 06:59:15,false
12739,cb79dcb5-9ede-807c-24f7-53a3a83b9212,224,1001,Deal 12739,won,5000000,,,,Course B - Foundation,Online,B11,Demo expectation,,,,,,,,,,,,,,,,,2026-08-04 07:10:21,2026-08-22 08:48:03,2026-08-22 08:48:03,false
12740,8c7e6f42-2646-eaf9-d5c0-244d3735262d,227,1002,Deal 12740,lost,,,,,Combo: Course A + Course C,Offline,,Demo expectation,,,,,,,,,,Bad Timing: No Immediate Priority,,facebook,fanpage,campaign_12,,,2025-05-22 04:28:59,2025-06-03 04:03:40,2025-06-03 04:03:40,false
12741,1de987a2-985e-7e89-2ff8-107a63ba9d86,224,1004,Deal 12741,won,9500000,,,,Course E - Specialist,Online,E07,Demo expectation,EARLYBIRD,,,,,,,,,,,homepage,organic,campaign_05,,,2025-12-30 03:26:35,2026-01-19 00:46:13,2026-01-19 00:46:13,false
12742,b3bfbdab-b7b2-4f20-592c-fe25b858e203,76,1006,Deal 12742,won,4500000,,,,Course A - Foundation,Offline,A05,Demo expectation,REFERRAL,,,,,,,,,,,facebook,fanpage,campaign_08,,,2025-09-20 21:03:08,2025-10-06 03:41:03,2025-10-06 03:41:03,false
12743,8159ace5-fca9-1028-6c39-12efb9fc829f,79,1002,Deal 12743,lost,,,,,Course A - Foundation,Hybrid,,Demo expectation,REFERRAL,,,,,,,,,Low engagement: Không còn nhu cầu học,,google,cpc,campaign_06,,,2026-06-11 21:53:51,2026-06-28 05:24:09,2026-06-28 05:24:09,false
12744,8172b13b-2c52-7558-2c77-a12591d5bfdd,224,1001,Deal 12744,won,8075000.0,,,,Course E - Specialist,Hybrid,E05,Demo expectation,,,,,,,,,,,,facebook,cpc,campaign_02,,,2025-08-14 00:01:50,2025-09-03 12:20:16,2025-09-03 12:20:16,false
12745,3cd89af3-1218-eb09-c4c9-52d820101b24,79,1001,Deal 12745,lost,,,Cựu học viên,,Course F - Short course,Offline,F11,,,,,,,,,,,Bad Timing: Không sắp xếp được thời gian học,,facebook,cpc,campaign_12,,,2026-07-29 10:17:20,2026-08-05 08:48:56,2026-08-05 08:48:56,false
12746,4e307317-ccdb-3925-bfd2-ef7c3cc4fe31,224,1004,Deal 12746,won,7500000,,,,Course C - Advanced,Offline,C03,,EARLYBIRD,,,,,,,,,,,,,,,,2025-04-17 01:13:30,2025-05-09 15:59:31,2025-05-09 15:59:31,false
12747,26d24d46-e217-34c6-d36f-a1c9ccaa2cd3,78,1004,Deal 12747,open,,,,,Course D - Advanced,Offline,,,,,,,,,,,,,,,,,,,2026-09-27 11:00:00,2026-09-27 11:00:00,,false
12748,e896941f-88d8-845d-7b35-42fb0e2ed619,77,1002,Deal 12748,lost,,,,,Course A - Foundation,Offline,A02,Demo expectation,REFERRAL,,,,,,,,,Communication: Not Connected: Không liên hệ được,,facebook,cpc,campaign_11,,,2025-02-01 21:21:47,2025-02-04 05:21:47,2025-02-04 05:21:47,false
12749,f01919d0-bc72-8732-46e5-3c2963ce0666,72,1005,Deal 12749,lost,,,,,Course B - Foundation,Online,B07,Demo expectation,,,,,,,,,,Bad Timing: No Immediate Priority,,facebook,cpc,campaign_09,,,2025-12-17 01:14:44,2025-12-17 08:14:44,2025-12-17 08:14:44,false
12750,c2886352-4448-2593-e232-7c25fcd62aba,72,1006,Deal 12750,open,,,,,Course D - Advanced,Offline,,,,,,,,,,,,,,blog,organic,campaign_10,,,2026-09-27 11:00:00,2026-09-27 11:00:00,,false
12751,3799a376-7e5b-3ac9-03c5-01fe269334ef,91,1003,Deal 12751,lost,,,,,Course D - Advanced,Hybrid,D05,Demo expectation,,,,,,,,,,Bad Timing: No Immediate Priority,,facebook,fanpage,campaign_05,,,2025-08-04 00:57:40,2025-08-23 00:31:04,2025-08-23 00:31:04,false
12752,e07fb751-1a44-7ac6-ceda-d670c72cee50,224,1003,Deal 12752,won,9900000.0,,,,Combo: Course A + Course C,Hybrid,Course06,,EARLYBIRD,,,,,,,,,,,google,cpc,campaign_10,,,2025-11-02 04:32:09,2025-12-11 17:09:05,2025-12-11 17:09:05,false
12753,d60f8680-a124-fdb2-97be-df31e42aa836,78,1003,Deal 12753,lost,,,,,Course F - Short course,Online,F03,Demo expectation,,,,,,,,,,Sales Process: Sales không follow-up khách,,facebook,cpc,campaign_02,,,2025-05-16 22:15:08,2025-05-21 07:01:48,2025-05-21 07:01:48,false
12754,fb6fed47-4238-de26-e4d3-8fc7ed222388,77,1004,Deal 12754,lost,,,,,Program G - Professional,Offline,G04,,,,,,,,,,,Communication: Not Connected: Không liên hệ được,,facebook,fanpage,campaign_08,,,2025-06-19 17:43:21,2025-06-20 01:43:21,2025-06-20 01:43:21,false
12755,3df1b08f-ae2f-4a94-7b2e-86f3d692b225,77,1004,Deal 12755,lost,,,,,Course D - Advanced,Hybrid,D04,,,,,,,,,,,Communication: Not Connected: Không liên hệ được,,facebook,cpc,campaign_01,,,2025-07-04 00:00:42,2025-07-08 03:00:42,2025-07-08 03:00:42,false
12756,07aeec23-4143-7d71-e6b1-37b4b335049f,222,1002,Deal 12756,won,2250000.0,,,,Course F - Short course,Offline,F09,Demo expectation,REFERRAL,,,,,,,,,,,inbox,inbox,campaign_06,,,2026-04-24 12:11:26,2026-06-18 01:51:44,2026-06-18 01:51:44,false
12757,1c20d86b-b5d0-44fb-2cd6-4d8474773879,224,1003,Deal 12757,won,4500000,,,,Course A - Foundation,Offline,,Demo expectation,,,,,,,,,,,,email,newsletter,campaign_03,,,2025-03-12 22:12:34,2025-04-06 21:29:10,2025-04-06 21:29:10,false
12758,3604ebe1-d7a2-2491-6dea-4b8713cb97cc,78,1003,Deal 12758,lost,,,,,Course D - Advanced,Hybrid,,,EARLYBIRD,,,,,,,,,Sales Process: Sales không follow-up khách,,facebook,cpc,campaign_11,,,2026-05-08 19:42:50,2026-05-18 06:53:48,2026-05-18 06:53:48,false
12759,33baba88-36c7-d6fa-7aa4-f052bf519362,78,1003,Deal 12759,lost,,,,,Course E - Specialist,Online,E08,Demo expectation,,,,,,,,,,Sales Process: Sales không follow-up khách,,google,cpc,campaign_02,,,2026-02-09 22:15:01,2026-02-12 22:37:15,2026-02-12 22:37:15,false
12760,eedab4fe-4cfa-7687-1379-19941e87d756,80,1003,Deal 12760,lost,,,,,Course A - Foundation,Offline,A02,,,,,,,,,,,Relevance: Not ICP fit,,homepage,organic,campaign_01,,,2025-03-13 03:17:14,2025-03-25 01:10:24,2025-03-25 01:10:24,false
12761,ae5a5f99-f1bb-5d9b-7499-bb6b9afdd464,78,1001,Deal 12761,lost,,,,,Course D - Advanced,Hybrid,D02,Demo expectation,,,,,,,,,,Trash: Không có nhu cầu,,blog,organic,campaign_07,,,2025-03-06 16:00:21,2025-03-23 01:44:08,2025-03-23 01:44:08,false
12762,78ce872d-ec81-f021-9076-27b4ea855d66,224,1002,Deal 12762,won,9500000,,,,Course E - Specialist,Online,,Demo expectation,,,,,,,,,,,,google,cpc,campaign_01,,,2025-05-11 15:01:07,2025-06-06 01:19:57,2025-06-06 01:19:57,false
12763,03aefa62-764d-a243-14fa-a0f5e61219b5,91,1004,Deal 12763,open,,lead cks,,,Course F - Short course,Offline,F12,Demo expectation,,,,,,,,,,,,blog,organic,campaign_08,,,2026-09-27 11:00:00,2026-09-27 11:00:00,,false
12764,4fa3230b-9c71-aebd-b725-f18d9224e427,79,1004,Deal 12764,lost,,,,,Course A - Foundation,Online,,Demo expectation,EARLYBIRD,,,,,,,,,Communication: No Response,,facebook,cpc,campaign_04,,,2026-01-20 09:40:47,2026-01-26 05:07:20,2026-01-26 05:07:20,false
12765,efadd4b5-590b-bfbc-0160-c1c40ff8a84c,224,1001,Deal 12765,won,2500000,,,,Course F - Short course,Hybrid,F05,,,,,,,,,,,,,email,newsletter,campaign_03,,,2025-07-23 20:27:30,2025-08-14 05:56:38,2025-08-14 05:56:38,false
12766,9d60cc73-41b7-4316-668e-180ecbbc840a,222,1003,Deal 12766,won,6750000.0,,,,Course C - Advanced,Offline,C10,,,,,,,,,,,,,email,newsletter,campaign_12,,,2026-06-01 15:56:42,2026-07-06 03:52:40,2026-07-06 03:52:40,false
12767,4fa3baf6-48f3-68ba-2697-64976cfb6acc,78,1003,Deal 12767,lost,,,,,Course C - Advanced,Online,C08,Demo expectation,,,,,,,,,,Trash: Không có nhu cầu,,facebook,fanpage,campaign_11,,,2026-02-13 09:38:10,2026-02-26 21:42:17,2026-02-26 21:42:17,false
12768,de1243a5-88f0-5a37-b88e-df3a394d35ac,225,1004,Deal 12768,open,,,,,Course E - Specialist,Online,E08,Demo expectation,,,,,,,,,,,,facebook,cpc,campaign_10,,,2026-02-20 15:38:40,2026-02-20 15:38:40,,false
12769,f4e559e5-9622-9348-0f5a-e9d38e6e5003,77,1001,Deal 12769,lost,,,,,Course A - Foundation,Online,A05,Demo expectation,,,,,,,,,,Trash: Không có nhu cầu,,facebook,cpc,campaign_02,,,2025-09-28 14:43:30,2025-10-02 22:43:30,2025-10-02 22:43:30,false
12770,95116c5f-34c4-f6ad-4fe0-887115f54aa0,79,1003,Deal 12770,lost,,,,,Course A - Foundation,Hybrid,A09,,,,,,,,,,,Low engagement: Không còn nhu cầu học,,homepage,organic,campaign_09,,,2026-05-24 12:21:05,2026-05-31 00:55:02,2026-05-31 00:55:02,false
12771,ed4e149f-7ba8-43a3-e703-4c1282b10891,224,1004,Deal 12771,won,5000000,,,,Course B - Foundation,Hybrid,,Demo expectation,,,,,,,,,,,,facebook,fanpage,campaign_04,,,2026-03-21 11:10:22,2026-05-03 17:23:54,2026-05-03 17:23:54,false
12772,ee5b6379-213f-a67b-1976-34e5054bffbb,79,1004,Deal 12772,open,,,,,Course B - Foundation,Offline,,,,,,,,,,,,,,,,,,,2025-09-29 02:40:12,2025-10-12 17:51:52,,false
12773,5183c54f-ab3f-631b-d60c-e979c4d0388b,224,1004,Deal 12773,won,4500000,,Cựu học viên,,Course A - Foundation,Hybrid,A04,Demo expectation,,,,,,,,,,,,facebook,fanpage,campaign_12,,,2025-08-04 10:28:42,2025-09-20 09:00:25,2025-09-20 09:00:25,false
12774,bcfe4408-9ac7-25a7-40b6-0c17d7ee15bc,224,1004,Deal 12774,won,11000000,,,,Combo: Course A + Course C,Online,Course07,Demo expectation,,,,,,,,,,,,facebook,cpc,campaign_05,,,2025-11-27 14:55:32,2025-12-18 04:24:45,2025-12-18 04:24:45,false
12775,14611ef1-42bf-18d2-2a17-879a67a79886,79,1004,Deal 12775,lost,,,,,Course A - Foundation,Offline,A11,Demo expectation,EARLYBIRD,,,,,,,,,Communication: Ghosted After Demo/Call,,,,,,,2026-09-19 09:04:08,2026-09-23 05:44:06,2026-09-23 05:44:06,false
12776,91386474-0473-b982-d1a5-29db0b90b03d,79,1001,Deal 12776,lost,,,,,Program G - Professional,Hybrid,G02,Demo expectation,,,,,,,,,,Budget: Giá quá cao,,zalo,oa,campaign_11,,,2025-03-24 12:30:22,2025-04-06 09:04:20,2025-04-06 09:04:20,false
12777,5d8c4fea-c82e-27a3-1028-7c78434b033d,78,1002,Deal 12777,lost,,,,,Course B - Foundation,Hybrid,B07,Demo expectation,,,,,,,,,,Sales Process: Sales không follow-up khách,,facebook,cpc,campaign_07,,,2025-12-18 04:52:06,2025-12-21 08:09:10,2025-12-21 08:09:10,false
12778,bc78b285-8dd4-2f36-3afb-94305d92f083,224,1002,Deal 12778,won,8000000,,,,Course D - Advanced,Hybrid,D03,,EARLYBIRD,,,,,,,,,,,google,cpc,campaign_01,,,2025-04-14 06:58:23,2025-05-24 14:17:16,2025-05-24 14:17:16,false
12779,9fd60efb-fa11-f0e7-566d-56e81c86cf6f,224,1001,Deal 12779,won,4500000,,,,Course A - Foundation,Hybrid,,,,,,,,,,,,,,blog,organic,campaign_10,,,2025-03-02 17:04:01,2025-03-23 18:23:09,2025-03-23 18:23:09,false
12780,ec606353-f12d-2edc-e6b0-3b0ddfe9a6ee,78,1004,Deal 12780,lost,,,,,Course D - Advanced,Offline,D11,Demo expectation,REFERRAL,,,,,,,,,Communication: Not Connected: Không liên hệ được,,facebook,cpc,campaign_02,,,2026-07-28 22:11:55,2026-08-04 17:58:01,2026-08-04 17:58:01,false
12781,cbc72f1a-cf08-ea54-b429-9924c0986750,224,1001,Deal 12781,won,4500000,,,,Course A - Foundation,Online,A08,Demo expectation,REFERRAL,,,,,,,,,,,,,,,,2026-03-26 21:23:15,2026-04-09 08:19:40,2026-04-09 08:19:40,false
12782,5c6801d6-4280-3aa0-55ac-0d06be9da951,78,1003,Deal 12782,lost,,,,,Course A - Foundation,Online,A05,Demo expectation,,,,,,,,,,Trash: Không có nhu cầu,,facebook,cpc,campaign_10,,,2025-10-08 01:44:51,2025-10-18 08:09:49,2025-10-18 08:09:49,false
12783,94213090-4368-ae93-bded-cb7ad5ba304c,80,1002,Deal 12783,lost,,,,,Course F - Short course,Hybrid,F10,Demo expectation,,,,,,,,,,Choose Competitor: Đã đi học bên khác,,,,,,,2026-06-24 01:40:28,2026-07-04 04:14:50,2026-07-04 04:14:50,false
12784,1144fc61-b783-bd34-c92d-6cde0f793697,222,1004,Deal 12784,won,6375000.0,,,,Course C - Advanced,Offline,C01,Demo expectation,REFERRAL,,,,,,,,,,,facebook,fanpage,campaign_02,,,2025-01-19 12:18:51,2025-02-22 02:19:01,2025-02-22 02:19:01,false
12785,8082efd4-78b2-a65d-6a0e-99b21c94d5c6,224,1004,Deal 12785,won,2500000,,,,Course F - Short course,Online,F04,Demo expectation,,,,,,,,,,,,,,,,,2025-06-16 20:58:02,2025-07-16 18:55:21,2025-07-16 18:55:21,false
12786,ffeae7f5-c3d5-aee0-1645-864a3965b77d,78,1002,Deal 12786,lost,,,,,Course B - Foundation,Online,B06,,,,,,,,,,,Communication: Not Connected: Không liên hệ được,,homepage,organic,campaign_07,,,2025-10-22 04:55:54,2025-11-04 20:06:14,2025-11-04 20:06:14,false
12787,3a65ceed-bbf2-bd45-9252-1856b68848ea,80,1004,Deal 12787,open,,lead cks,,,Course D - Advanced,Offline,,,EARLYBIRD,,,,,,,,,,,,,,,,2026-09-23 01:23:59,2026-09-27 11:00:00,,false
12788,0758e201-561e-16d1-6105-716bab0e664e,224,1001,Deal 12788,won,8000000,,,,Course D - Advanced,Online,D08,Demo expectation,REFERRAL,,,,,,,,,,,blog,organic,campaign_11,,,2026-03-25 01:11:32,2026-04-08 00:11:06,2026-04-08 00:11:06,false
12789,f8187871-a730-8128-d32a-b0f60cc7754d,78,1002,Deal 12789,lost,,,,,Combo: Course A + Course C,Offline,Course06,Demo expectation,EARLYBIRD,,,,,,,,,Sales Process: Sales không follow-up khách,,facebook,cpc,campaign_10,,,2025-10-26 19:49:50,2025-11-12 09:08:31,2025-11-12 09:08:31,false
12790,15a70b2d-d703-9652-b857-d87a04d999e6,91,1003,Deal 12790,lost,,,Cựu học viên,,Course C - Advanced,Offline,C05,Demo expectation,,,,,,,,,,Bad Timing: No Immediate Priority,,facebook,cpc,campaign_02,,,2025-09-17 15:05:40,2025-10-12 01:17:38,2025-10-12 01:17:38,false
12791,584cb0f7-48de-d8be-031e-ef965f71dcc4,74,1007,Deal 12791,lost,,,,,Course B - Foundation,Offline,B03,Demo expectation,,,,,,,,,,Budget: Giá quá cao,,,,,,,2025-04-06 17:54:50,2025-04-21 12:56:16,2025-04-21 12:56:16,false
12792,48d495a4-8cb2-1aa2-1715-1c03eb4f3638,80,1001,Deal 12792,open,,,,,Course A - Foundation,Offline,A10,Demo expectation,REFERRAL,,,,,,,,,,,,,,,,2026-07-31 12:14:28,2026-08-09 10:17:38,,false
12793,b8344070-e0e5-f6e5-04c4-4853a33b3dfd,77,1002,Deal 12793,open,,,,,Course D - Advanced,Online,D10,,,,,,,,,,,,,,,,,,2026-06-29 13:26:39,2026-06-29 13:26:39,,false
12794,3b6b6054-51cb-cee7-fdc0-30040810da56,224,1001,Deal 12794,won,5000000,,,,Course B - Foundation,Offline,B05,Demo expectation,EARLYBIRD,,,,,,,,,,,zalo,oa,campaign_05,,,2025-09-23 20:15:00,2025-10-21 09:22:28,2025-10-21 09:22:28,false
12795,1683f329-8867-260d-70e2-2b707324cc7c,224,1001,Deal 12795,won,6375000.0,,,,Course C - Advanced,Offline,C07,Demo expectation,,,,,,,,,,,,blog,organic,campaign_08,,,2026-01-13 21:19:51,2026-02-17 05:39:58,2026-02-17 05:39:58,false
12796,7722ec2c-36b9-ca35-5430-c8c3b780606a,80,1004,Deal 12796,lost,,,,,Course D - Advanced,Offline,D08,Demo expectation,,,,,,,,,,Budget: Not willing to pay,,facebook,fanpage,campaign_11,,,2026-03-29 14:49:16,2026-04-22 00:52:41,2026-04-22 00:52:41,false
12797,9e6b42d2-a453-cfdc-86d9-5abd044b6c42,77,1001,Deal 12797,lost,,,,,Course D - Advanced,Hybrid,D08,Demo expectation,,,,,,,,,,Trash: Đăng ký trùng deal,,facebook,cpc,campaign_05,,,2026-02-06 13:19:24,2026-02-06 18:19:24,2026-02-06 18:19:24,false
12798,ca7e6bd7-d3a8-17a6-e3d1-48f060a84226,224,1002,Deal 12798,won,5000000,,,,Course B - Foundation,Hybrid,B04,Demo expectation,EARLYBIRD,,,,,,,,,,,inbox,inbox,campaign_07,,,2025-07-19 08:50:21,2025-08-21 21:18:26,2025-08-21 21:18:26,false
12799,ff5c3815-9451-6729-7312-3d26ba22d6d5,79,1002,Deal 12799,lost,,,,,Course C - Advanced,Hybrid,C07,Demo expectation,REFERRAL,,,,,,,,,Communication: No Response,,google,cpc,campaign_08,,,2025-12-26 00:37:18,2026-01-12 22:11:37,2026-01-12 22:11:37,false
12800,24b0e62f-85ba-2504-3e07-90f18fc23d26,92,1004,Deal 12800,lost,,,,,Course C - Advanced,Offline,C03,,,,,,,,,,,Choose Competitor: Không học online,,,,,,,2025-05-08 11:48:35,2025-05-29 06:16:00,2025-05-29 06:16:00,false
12801,10bbeed7-f0b7-b577-3bd6-916f59c074d1,76,1007,Deal 12801,won,7200000.0,,,,Course D - Advanced,Offline,D03,Demo expectation,,,,,,,,,,,,blog,organic,campaign_08,,,2025-04-04 03:17:25,2025-04-26 05:03:00,2025-04-26 05:03:00,false
12802,274e7204-09cd-2208-527e-3dea3d99bd15,80,1002,Deal 12802,lost,,,,,Course B - Foundation,Hybrid,B03,Demo expectation,,,,,,,,,,Relevance: Not ICP fit,,facebook,cpc,campaign_01,,,2025-05-18 06:34:21,2025-05-23 14:22:49,2025-05-23 14:22:49,false
12803,8b42acfc-46ec-9b9c-c02a-c91824ea2f78,92,1004,Deal 12803,lost,,,,,Course D - Advanced,Offline,D04,Demo expectation,,,,,,,,,,Choose Competitor: Không học online,,facebook,fanpage,campaign_05,,,2025-07-10 01:40:15,2025-08-12 22:06:17,2025-08-12 22:06:17,false
12804,cef50629-2d1f-6edd-acd9-12a8f5d11b01,224,1003,Deal 12804,won,11000000,,,,Combo: Course A + Course C,Offline,,,REFERRAL,,,,,,,,,,,facebook,cpc,campaign_08,,,2025-04-18 19:43:34,2025-05-10 11:45:49,2025-05-10 11:45:49,false
12805,432a23a8-0f05-d46c-7495-d544b1c8bdb9,80,1004,Deal 12805,lost,,,,,Course C - Advanced,Offline,C10,,,,,,,,,,,Budget: Not willing to pay,,blog,organic,campaign_06,,,2026-06-21 22:02:34,2026-07-14 14:42:07,2026-07-14 14:42:07,false
12806,e6f507a9-be27-21cd-d79b-37a1b6ccece5,224,1003,Deal 12806,won,2500000,,,,Course F - Short course,Hybrid,F06,Demo expectation,,,,,,,,,,,,,,,,,2025-09-10 00:13:56,2025-09-29 02:05:30,2025-09-29 02:05:30,false
12807,b73c62ab-fe4c-efed-6f55-2c9e1b000f9f,80,1004,Deal 12807,lost,,,,,Course F - Short course,Offline,,Demo expectation,,,,,,,,,,Relevance: Not ICP fit,,email,newsletter,campaign_04,,,2026-08-03 06:24:06,2026-08-22 13:04:57,2026-08-22 13:04:57,false
12808,b0bb79d9-d9b0-0417-f68d-69797fe4c461,79,1004,Deal 12808,lost,,,,,Course F - Short course,Online,F07,Demo expectation,EARLYBIRD,,,,,,,,,Communication: Ghosted After Demo/Call,,,,,,,2025-11-14 02:20:39,2025-11-19 10:45:55,2025-11-19 10:45:55,false
12809,c3b5b2bd-1eec-4d0d-f5a8-edd7c9b49d09,77,1002,Deal 12809,lost,,,,,Course A - Foundation,Offline,A08,,,,,,,,,,,Communication: Not Connected: Không liên hệ được,,google,cpc,campaign_05,,,2026-03-13 23:14:21,2026-03-19 06:14:21,2026-03-19 06:14:21,false
12810,ecb359bf-6cdb-930c-dc87-885e8f6e1e30,224,1002,Deal 12810,won,2500000,,,,Course F - Short course,Hybrid,F01,Demo expectation,,,,,,,,,,,,facebook,cpc,campaign_06,,,2025-01-16 00:04:00,2025-02-11 20:29:18,2025-02-11 20:29:18,false
12811,ab35f75a-a433-66c9-7d3d-6b721f3ec572,224,1004,Deal 12811,won,16200000.0,,,,Program G - Professional,Hybrid,G03,Demo expectation,,,,,,,,,,,,zalo,oa,campaign_01,,,2025-04-09 17:18:48,2025-05-11 08:52:41,2025-05-11 08:52:41,false
12812,1f0b2be6-6040-4c51-584f-a41ff9f7852c,224,1002,Deal 12812,won,16200000.0,,,,Program G - Professional,Online,,Demo expectation,,,,,,,,,,,,zalo,oa,campaign_05,,,2025-01-01 20:28:48,2025-01-24 04:24:39,2025-01-24 04:24:39,false
12813,2c3126c0-4cd8-054c-7f69-c5def0655f62,224,1001,Deal 12813,won,9900000.0,,,,Combo: Course A + Course C,Offline,Course09,,REFERRAL,,,,,,,,,,,,,,,,2026-04-12 07:02:44,2026-05-06 10:56:45,2026-05-06 10:56:45,false
12814,bec5715c-a71d-b3a6-2c28-1bbdf45dbd91,224,1002,Deal 12814,won,9900000.0,,,,Combo: Course A + Course C,Offline,Course10,Demo expectation,EARLYBIRD,,,,,,,,,,,zalo,oa,campaign_01,,,2026-06-14 07:38:35,2026-07-09 11:08:24,2026-07-09 11:08:24,false
12815,5844f9fc-114b-9547-c9dc-72b85b6a8102,219,1002,Deal 12815,open,,,,,Course F - Short course,Hybrid,F08,,REFERRAL,,,,,,,,,,,facebook,cpc,campaign_05,,,2026-01-12 05:07:55,2026-01-24 16:39:49,,false
12816,28479019-ab31-0d48-9ee7-c59e76ac5ae6,78,1004,Deal 12816,lost,,,,,Course E - Specialist,Hybrid,E08,Demo expectation,REFERRAL,,,,,,,,,Sales Process: Sales không follow-up khách,,facebook,cpc,campaign_05,,,2026-02-03 05:55:16,2026-02-13 12:01:19,2026-02-13 12:01:19,false
12817,f94344b1-826a-9f3f-fce4-34484c956e1e,224,1001,Deal 12817,won,6750000.0,,,,Course C - Advanced,Offline,C05,Demo expectation,REFERRAL,,,,,,,,,,,,,,,,2025-08-26 10:25:59,2025-09-21 04:31:17,2025-09-21 04:31:17,false
12818,4a5d95a7-df0b-1449-4559-620034111701,77,1004,Deal 12818,lost,,,,,Course C - Advanced,Online,C04,,,,,,,,,,,Communication: Not Connected: Không liên hệ được,,email,newsletter,campaign_05,,,2025-07-10 23:01:04,2025-07-15 03:01:04,2025-07-15 03:01:04,false
12819,4d950273-cb2c-c805-d140-3430567e642e,224,1002,Deal 12819,won,11000000,,,,Combo: Course A + Course C,Hybrid,Course04,,REFERRAL,,,,,,,,,,,,,,,,2025-05-30 07:49:25,2025-06-23 00:31:10,2025-06-23 00:31:10,false
12820,55d596af-a663-d2cd-b6f6-dbf1d6d441cc,224,1004,Deal 12820,won,8075000.0,,,,Course E - Specialist,Offline,E08,Demo expectation,REFERRAL,,,,,,,,,,,,,,,,2026-01-11 16:59:19,2026-01-31 09:42:09,2026-01-31 09:42:09,false
12821,9241e029-082d-c372-c996-a54bbcbb0658,224,1004,Deal 12821,won,9500000,,,,Course E - Specialist,Offline,E03,Demo expectation,REFERRAL,,,,,,,,,,,google,cpc,campaign_12,,,2025-03-25 01:53:33,2025-04-09 14:39:50,2025-04-09 14:39:50,false
12822,40cbe188-c3f0-fac3-9f60-1d1700e78824,224,1003,Deal 12822,won,7500000,,,,Course C - Advanced,Offline,C03,Demo expectation,,,,,,,,,,,,google,cpc,campaign_07,,,2025-06-07 04:15:42,2025-06-22 14:03:13,2025-06-22 14:03:13,false
12823,30591fbc-2d15-94cb-dcc3-1cb2d0cb079f,224,1002,Deal 12823,won,6375000.0,,,,Course C - Advanced,Online,C08,Demo expectation,REFERRAL,,,,,,,,,,,,,,,,2026-02-16 02:53:10,2026-03-02 01:04:15,2026-03-02 01:04:15,false
12824,693cfcff-5e1d-fc78-0952-e26b77863e7b,79,1004,Deal 12824,lost,,,,,Course D - Advanced,Hybrid,D08,,,,,,,,,,,Communication: No Response,,homepage,organic,campaign_01,,,2026-02-11 02:58:05,2026-02-17 00:58:42,2026-02-17 00:58:42,false
12825,b56d7ac7-7ccb-136d-0741-1d40d1a0635e,78,1003,Deal 12825,lost,,,,,Course B - Foundation,Online,B06,Demo expectation,EARLYBIRD,,,,,,,,,Communication: Not Connected: Không liên hệ được,,,,,,,2025-11-02 18:35:35,2025-11-16 00:56:08,2025-11-16 00:56:08,false
12826,1754bf08-43d7-5413-a939-ebd1e516b0d4,80,1004,Deal 12826,lost,,,,,Course B - Foundation,Hybrid,,Demo expectation,,,,,,,,,,Relevance: Use Case Misfit: Nhu cầu không đúng với sản phẩm,,,,,,,2026-09-23 10:26:05,2026-09-27 12:00:00,2026-09-27 12:00:00,false
12827,0bcfd0fc-e3a1-af97-7785-2ddb55527a3c,77,1004,Deal 12827,lost,,,,,Course B - Foundation,Offline,B10,Demo expectation,REFERRAL,,,,,,,,,Communication: Not Connected: Không liên hệ được,,blog,organic,campaign_11,,,2026-06-23 23:31:20,2026-06-26 02:31:20,2026-06-26 02:31:20,false
12828,0e213ce5-668e-b10e-4d86-2412ae8cc97b,224,1004,Deal 12828,won,18000000,,,,Program G - Professional,Online,G02,Demo expectation,REFERRAL,,,,,,,,,,,zalo,oa,campaign_05,,,2025-03-20 17:51:32,2025-04-09 20:14:23,2025-04-09 20:14:23,false
12829,87935d69-c33b-f03e-c923-527f7925dc65,80,1001,Deal 12829,lost,,,,,Course D - Advanced,Offline,,Demo expectation,EARLYBIRD,,,,,,,,,Relevance: Not ICP fit,,,,,,,2025-03-30 15:06:46,2025-04-15 16:59:35,2025-04-15 16:59:35,false
12830,6b2d9ccc-6279-403c-e1a2-cfe7810d5c57,224,1002,Deal 12830,won,4500000,,,,Course A - Foundation,Offline,A08,Demo expectation,,,,,,,,,,,,,,,,,2026-03-29 02:41:40,2026-04-20 16:05:31,2026-04-20 16:05:31,false
12831,646cd3c1-8c45-fc9e-0585-5672fdb651a6,80,1004,Deal 12831,lost,,,,,Course E - Specialist,Online,E07,Demo expectation,REFERRAL,,,,,,,,,Relevance: Use Case Misfit: Nhu cầu không đúng với sản phẩm,,,,,,,2025-12-14 05:03:44,2025-12-28 11:48:43,2025-12-28 11:48:43,false
12832,a7a7f955-6f96-be80-4108-c01fc42bba49,219,1002,Deal 12832,lost,,,,,Course D - Advanced,Offline,D06,,EARLYBIRD,,,,,,,,,Budget: Giá quá cao,,facebook,fanpage,campaign_04,,,2025-10-29 01:56:26,2025-11-09 15:47:51,2025-11-09 15:47:51,false
12833,de22dc3f-d136-6db1-5a57-860767e54646,77,1004,Deal 12833,lost,,,,,Course A - Foundation,Hybrid,A04,Demo expectation,,,,,,,,,,Trash: Đăng ký trùng deal,,facebook,cpc,campaign_10,,,2025-07-12 06:59:14,2025-07-15 09:59:14,2025-07-15 09:59:14,false
12834,3a8359b6-af9e-7a0e-936d-b4a7fab1996a,224,1003,Deal 12834,won,2500000,,,,Course F - Short course,Hybrid,,,,,,,,,,,,,,blog,organic,campaign_02,,,2025-09-02 22:24:36,2025-09-29 20:34:55,2025-09-29 20:34:55,false
12835,af5db99c-85f3-cb12-4a4a-5612243a7f53,224,1004,Deal 12835,won,4500000,,,,Course A - Foundation,Hybrid,A06,,EARLYBIRD,,,,,,,,,,,email,newsletter,campaign_10,,,2025-11-02 18:38:15,2025-12-16 17:11:56,2025-12-16 17:11:56,false
12836,0244bc44-b25c-5b50-9794-b38937c23f27,76,1005,Deal 12836,won,2250000.0,,,,Course F - Short course,Hybrid,F03,Demo expectation,,,,,,,,,,,,,,,,,2025-04-03 23:45:42,2025-04-22 13:25:16,2025-04-22 13:25:16,false
12837,49a1f7a1-8571-3253-9956-ad9b3dc87f79,76,1008,Deal 12837,won,8000000,,,,Course D - Advanced,Hybrid,D08,Demo expectation,,,,,,,,,,,,facebook,cpc,campaign_05,,,2026-03-25 18:20:10,2026-04-14 06:53:57,2026-04-14 06:53:57,false
12838,f9722cc1-349e-f4a9-54c2-9d5c19ec0829,91,1004,Deal 12838,lost,,,,,Course B - Foundation,Offline,B11,,,,,,,,,,,Bad Timing: No Immediate Priority,,,,,,,2026-07-28 22:34:23,2026-08-26 07:23:19,2026-08-26 07:23:19,false
12839,14611ef1-42bf-18d2-2a17-879a67a79886,77,1003,Deal 12839,lost,,,,,Course A - Foundation,Online,A11,Demo expectation,,,,,,,,,,Communication: Not Connected: Không liên hệ được,,facebook,cpc,campaign_11,,,2026-09-27 11:00:00,2026-09-27 12:00:00,2026-09-27 12:00:00,false
12840,2c1e86bb-aac0-16bd-9140-a95d62cef959,77,1004,Deal 12840,lost,,,,,Course B - Foundation,Hybrid,,,REFERRAL,,,,,,,,,Communication: Invalid Contact,,facebook,fanpage,campaign_02,,,2025-11-18 02:08:16,2025-11-21 07:08:16,2025-11-21 07:08:16,false
12841,e3a060f1-0cd1-9e0c-5dfa-893375d2fda9,92,1003,Deal 12841,lost,,,,,Course F - Short course,Hybrid,F12,,,,,,,,,,,Choose Competitor: Không học online,,google,cpc,campaign_12,,,2026-08-30 19:17:19,2026-09-25 14:15:06,2026-09-25 14:15:06,false
12842,66f29d1d-03d6-af3f-2c72-767552c83bfc,77,1003,Deal 12842,lost,,,,,Course E - Specialist,Offline,E07,Demo expectation,,,,,,,,,,Trash: Đăng ký trùng deal,,,,,,,2025-12-10 00:48:51,2025-12-13 02:48:51,2025-12-13 02:48:51,false
12843,5115d7ee-3b90-908e-7ce3-456320363a73,79,1003,Deal 12843,lost,,,,,Course C - Advanced,Online,C10,,,,,,,,,,,Bad Timing: Không sắp xếp được thời gian học,,facebook,cpc,campaign_01,,,2026-05-29 04:23:26,2026-06-06 09:32:26,2026-06-06 09:32:26,false
12844,ddcff347-b5d8-4cae-b381-e8b038ca4da7,78,1002,Deal 12844,lost,,,,,Course B - Foundation,Online,,,REFERRAL,,,,,,,,,Trash: Không có nhu cầu,,facebook,fanpage,campaign_06,,,2025-08-25 18:40:20,2025-08-28 19:39:51,2025-08-28 19:39:51,false
12845,8bf9a66d-7782-e83f-29a9-b2d74e681465,77,1002,Deal 12845,lost,,,,,Course B - Foundation,Online,B03,,,,,,,,,,,Communication: Invalid Contact,,facebook,cpc,campaign_09,,,2025-04-23 12:47:58,2025-04-28 16:47:58,2025-04-28 16:47:58,false
12846,7ee6990b-932d-6b2f-cfc0-426b843efe2f,80,1004,Deal 12846,lost,,,Cựu học viên,,Course F - Short course,Hybrid,F02,,,,,,,,,,,Relevance: Use Case Misfit: Nhu cầu không đúng với sản phẩm,,facebook,cpc,campaign_03,,,2025-03-15 15:05:52,2025-03-25 00:19:23,2025-03-25 00:19:23,false
12847,152ad178-3eee-a86d-488e-1dbf0b31b3f2,78,1001,Deal 12847,lost,,,,,Course D - Advanced,Hybrid,D03,,,,,,,,,,,Communication: Not Connected: Không liên hệ được,,google,cpc,campaign_03,,,2025-04-28 22:38:17,2025-05-02 21:15:45,2025-05-02 21:15:45,false
12848,b61e9e5d-873e-21b2-a50c-b05b8b87760e,80,1001,Deal 12848,lost,,,,,Course E - Specialist,Hybrid,E05,,,,,,,,,,,Choose Competitor: Đã đi học bên khác,,facebook,cpc,campaign_04,,,2025-08-31 17:11:44,2025-09-07 23:52:15,2025-09-07 23:52:15,false
12849,7801792b-a53a-43d6-1ef5-40d6f5d98936,78,1004,Deal 12849,lost,,,,,Course E - Specialist,Online,E10,Demo expectation,,,,,,,,,,Communication: Not Connected: Không liên hệ được,,facebook,fanpage,campaign_10,,,2026-06-27 22:35:09,2026-07-04 04:11:29,2026-07-04 04:11:29,false
12850,b8344070-e0e5-f6e5-04c4-4853a33b3dfd,78,1003,Deal 12850,lost,,,,,Combo: Course A + Course C,Offline,,,,,,,,,,,,Sales Process: Sales không follow-up khách,,blog,organic,campaign_01,,,2026-06-17 18:30:45,2026-06-24 21:33:31,2026-06-24 21:33:31,false
12851,fb1fb5e8-6c9e-7b87-63a6-b06fed871e96,78,1001,Deal 12851,lost,,,Cựu học viên,,Course A - Foundation,Hybrid,A03,,,,,,,,,,,Sales Process: Sales không follow-up khách,,facebook,cpc,campaign_10,,,2025-06-10 03:28:36,2025-06-13 11:28:07,2025-06-13 11:28:07,false
12852,cc445778-f86e-92d6-1456-a858df63bcb2,78,1001,Deal 12852,lost,,,,,Course E - Specialist,Hybrid,E10,,,,,,,,,,,Communication: Not Connected: Không liên hệ được,,google,cpc,campaign_10,,,2026-06-22 12:26:03,2026-07-04 04:41:47,2026-07-04 04:41:47,false
12853,d7e58438-2357-6198-ed6f-37cbe292939c,79,1003,Deal 12853,lost,,,,,Course E - Specialist,Offline,E10,Demo expectation,EARLYBIRD,,,,,,,,,Budget: Giá quá cao,,facebook,fanpage,campaign_03,,,2026-06-08 04:00:17,2026-06-20 19:41:32,2026-06-20 19:41:32,false
12854,ff5c3815-9451-6729-7312-3d26ba22d6d5,78,1003,Deal 12854,lost,,,,,Course F - Short course,Offline,F07,Demo expectation,EARLYBIRD,,,,,,,,,Trash: Không có nhu cầu,,facebook,fanpage,campaign_12,,,2025-12-16 21:00:09,2025-12-23 11:19:25,2025-12-23 11:19:25,false
12855,0c2fded5-1f74-c09c-b01c-5226e3786121,76,1007,Deal 12855,won,5000000,,,,Course B - Foundation,Hybrid,B02,,,,,,,,,,,,,google,cpc,campaign_12,,,2025-02-05 02:32:51,2025-02-28 17:30:04,2025-02-28 17:30:04,false
12856,f57cefc8-2f5d-6fd6-0de2-01b231fb18bc,222,1001,Deal 12856,won,4050000.0,,,,Course A - Foundation,Online,A10,,EARLYBIRD,,,,,,,,,,,,,,,,2026-08-26 15:35:45,2026-09-27 12:00:00,2026-09-27 12:00:00,false
12857,9fd60efb-fa11-f0e7-566d-56e81c86cf6f,78,1002,Deal 12857,lost,,,,,Course E - Specialist,Online,E02,Demo expectation,,,,,,,,,,Communication: Not Connected: Không liên hệ được,,homepage,organic,campaign_09,,,2025-03-04 23:07:22,2025-03-14 02:02:16,2025-03-14 02:02:16,false
12858,c1a6bcf9-dbba-f54d-7f49-4f83b12756fd,92,1002,Deal 12858,open,,,,,Course C - Advanced,Online,C07,Demo expectation,,,,,,,,,,,,facebook,cpc,campaign_06,,,2026-01-03 10:11:02,2026-01-17 05:16:53,,false
12859,d880be2a-9ae2-2856-4291-c441954ad961,224,1001,Deal 12859,won,8075000.0,,,,Course E - Specialist,Offline,,Demo expectation,EARLYBIRD,,,,,,,,,,,facebook,fanpage,campaign_03,,,2025-12-22 17:33:54,2026-01-07 18:38:06,2026-01-07 18:38:06,false
12860,ac553173-62a7-3ff5-e498-d1a89c028ab7,224,1003,Deal 12860,won,2500000,,,,Course F - Short course,Offline,F09,,,,,,,,,,,,,google,cpc,campaign_07,,,2026-03-25 19:14:09,2026-04-20 15:51:17,2026-04-20 15:51:17,false
12861,1f7e09de-b799-08b6-8095-fa69db07a2a9,77,1004,Deal 12861,lost,,,,,Course E - Specialist,Offline,E07,Demo expectation,,,,,,,,,,Trash: Đăng ký trùng deal,,facebook,cpc,campaign_06,,,2025-11-19 21:39:50,2025-11-23 03:39:50,2025-11-23 03:39:50,false
12862,9a6c0db9-5217-1c88-4ce9-53a722d90db3,77,1004,Deal 12862,lost,,,,,Program G - Professional,Online,G06,,,,,,,,,,,Trash: Đăng ký trùng deal,,homepage,organic,campaign_05,,,2025-11-07 10:50:21,2025-11-09 18:50:21,2025-11-09 18:50:21,false
12863,025c9425-c557-13d3-09d7-cc9c6af98a8b,80,1001,Deal 12863,lost,,,,,Course C - Advanced,Hybrid,C02,Demo expectation,,,,,,,,,,Budget: Not willing to pay,,,,,,,2025-04-07 14:36:01,2025-04-21 03:59:30,2025-04-21 03:59:30,false
12864,8be15610-b234-8948-e4f2-ae4cf016716b,224,1002,Deal 12864,won,6375000.0,,,,Course C - Advanced,Hybrid,C09,,,,,,,,,,,,,blog,organic,campaign_12,,,2026-04-19 00:12:07,2026-05-19 21:18:33,2026-05-19 21:18:33,false
12865,a1acb03b-b5c7-6204-902a-459a224e11ba,224,1002,Deal 12865,won,11000000,,,,Combo: Course A + Course C,Online,Course07,Demo expectation,,,,,,,,,,,,homepage,organic,campaign_08,,,2026-01-01 15:30:49,2026-01-19 19:00:56,2026-01-19 19:00:56,false
12866,8159ace5-fca9-1028-6c39-12efb9fc829f,80,1001,Deal 12866,lost,,,,,Combo: Course A + Course C,Online,Course10,,,,,,,,,,,Relevance: Not ICP fit,,facebook,cpc,campaign_08,,,2026-06-09 02:33:50,2026-06-24 23:38:26,2026-06-24 23:38:26,false
12867,07e3c39a-a925-2745-d276-9c9665262474,91,1003,Deal 12867,open,,lead cks,,,Course C - Advanced,Offline,C11,Demo expectation,,,,,,,,,,,,homepage,organic,campaign_01,,,2026-08-28 04:27:31,2026-09-16 12:56:31,,false
12868,2148c1f4-1f8a-3673-5b8b-0b44fd04e5e7,80,1003,Deal 12868,lost,,,Cựu học viên,,Course A - Foundation,Offline,A07,Demo expectation,,,,,,,,,,Choose Competitor: Đã đi học bên khác,,facebook,fanpage,campaign_08,,,2026-01-25 08:56:34,2026-02-04 21:55:30,2026-02-04 21:55:30,false
12869,e05bfdf3-a695-28e9-2e3e-ca904631c9fd,224,1004,Deal 12869,won,11000000,,,,Combo: Course A + Course C,Offline,Course10,Demo expectation,REFERRAL,,,,,,,,,,,blog,organic,campaign_10,,,2026-06-10 06:15:29,2026-07-26 11:36:28,2026-07-26 11:36:28,false
12870,02c27f97-af6c-9a31-57a9-b67fe35f41db,224,1004,Deal 12870,won,7500000,,,,Course C - Advanced,Online,C10,Demo expectation,,,,,,,,,,,,facebook,cpc,campaign_10,,,2026-07-25 04:02:12,2026-08-28 09:56:50,2026-08-28 09:56:50,false
12871,863ecbe2-a8d9-9292-4a85-e4433ba878d9,78,1001,Deal 12871,open,,,,,Course F - Short course,Hybrid,F07,,REFERRAL,,,,,,,,,,,facebook,cpc,campaign_01,,,2025-11-16 12:55:19,2025-11-22 12:51:15,,false
12872,cfa4e764-8a39-dfaf-21b8-4e48a96de595,224,1003,Deal 12872,won,2500000,,,,Course F - Short course,Online,,,,,,,,,,,,,,facebook,fanpage,campaign_05,,,2025-03-23 10:55:56,2025-04-14 02:43:34,2025-04-14 02:43:34,false
12873,dcd28b97-33ca-9a6b-ccd3-af7caf1dcfb8,224,1003,Deal 12873,won,2500000,,,,Course F - Short course,Hybrid,F12,,,,,,,,,,,,,facebook,cpc,campaign_10,,,2026-08-22 17:21:28,2026-09-27 12:00:00,2026-09-27 12:00:00,false
12874,064e97f5-883e-54a9-bdf7-1fc7f5a7d23e,224,1003,Deal 12874,won,7500000,,,,Course C - Advanced,Online,C09,Demo expectation,,,,,,,,,,,,,,,,,2026-05-11 15:13:16,2026-06-22 13:52:51,2026-06-22 13:52:51,false
12875,156fd7cf-3f59-92e6-22ca-4d6d3ebc5194,76,1008,Deal 12875,won,4500000,,,,Course A - Foundation,Hybrid,A10,Demo expectation,,,,,,,,,,,,,,,,,2026-08-16 21:02:28,2026-09-06 16:46:01,2026-09-06 16:46:01,false
12876,81b9e7dd-6c6e-7717-3d1d-caab9b887152,224,1003,Deal 12876,won,4500000.0,,,,Course B - Foundation,Hybrid,,,,,,,,,,,,,,,,,,,2025-10-22 13:30:05,2025-11-19 23:47:27,2025-11-19 23:47:27,false
12877,a41bc4c2-4ecc-b0ab-7d53-38ca625046c0,224,1002,Deal 12877,won,18000000,,,,Program G - Professional,Hybrid,G04,Demo expectation,REFERRAL,,,,,,,,,,,google,cpc,campaign_01,,,2025-06-10 03:47:59,2025-08-07 23:59:42,2025-08-07 23:59:42,false
12878,dbc4da67-9ed5-30f7-7dd1-0830c0271c77,224,1002,Deal 12878,won,4500000.0,,,,Course B - Foundation,Offline,B12,Demo expectation,EARLYBIRD,,,,,,,,,,,facebook,cpc,campaign_09,,,2026-08-22 13:45:01,2026-09-27 12:00:00,2026-09-27 12:00:00,false
12879,b109e971-8ad5-7402-ff75-659e4f3ae530,222,1001,Deal 12879,won,4050000.0,,,,Course A - Foundation,Online,,,REFERRAL,,,,,,,,,,,,,,,,2025-10-09 11:55:19,2025-11-17 10:34:41,2025-11-17 10:34:41,false
12880,a52680b3-e8bc-d007-747c-76903ec8f48e,80,1004,Deal 12880,lost,,,,,Course D - Advanced,Offline,D05,Demo expectation,,,,,,,,,,Relevance: Not ICP fit,,facebook,cpc,campaign_05,,,2025-08-13 23:03:43,2025-09-18 20:24:10,2025-09-18 20:24:10,false
12881,ef2a2bd7-10a4-23de-cf08-ac06b87d6e7a,77,1002,Deal 12881,lost,,,,,Course F - Short course,Offline,F07,,,,,,,,,,,Communication: Invalid Contact,,facebook,cpc,campaign_05,,,2025-12-23 01:12:47,2025-12-26 06:12:47,2025-12-26 06:12:47,false
12882,7d70c952-267f-59bc-3365-4e7661f73d23,79,1004,Deal 12882,lost,,,,,Program G - Professional,Offline,G10,Demo expectation,REFERRAL,,,,,,,,,Communication: No Response,,facebook,fanpage,campaign_09,,,2026-05-09 07:42:23,2026-05-17 14:37:36,2026-05-17 14:37:36,false
12883,5953b5d4-2e85-9607-6f62-752490ac7063,75,1007,Deal 12883,lost,,,,,Course A - Foundation,Hybrid,A02,Demo expectation,,,,,,,,,,Communication: No Response,,blog,organic,campaign_02,,,2025-02-26 21:12:35,2025-03-10 14:59:14,2025-03-10 14:59:14,false
12884,bc0a6a5d-6e99-6e3e-e3b1-37fc0a3450fc,224,1003,Deal 12884,won,4250000.0,,,,Course B - Foundation,Online,B11,,EARLYBIRD,,,,,,,,,,,zalo,oa,campaign_03,,,2026-08-14 19:23:56,2026-09-27 12:00:00,2026-09-27 12:00:00,false
12885,b4973f68-6007-9b3d-7b69-39aadee94590,77,1002,Deal 12885,lost,,,,,Course E - Specialist,Offline,E07,,EARLYBIRD,,,,,,,,,Communication: Invalid Contact,,facebook,fanpage,campaign_06,,,2025-11-09 23:01:12,2025-11-10 01:01:12,2025-11-10 01:01:12,false
12886,a2b6da97-0e8b-a9bd-74cf-633f1ebb649f,222,1001,Deal 12886,won,7500000,,,,Course C - Advanced,Offline,C03,Demo expectation,,,,,,,,,,,,blog,organic,campaign_08,,,2025-05-14 23:28:29,2025-06-10 17:39:19,2025-06-10 17:39:19,false
12887,81f4d97b-842e-de07-25b5-ca9a75281c2c,77,1004,Deal 12887,lost,,,,,Course B - Foundation,Online,B12,,,,,,,,,,,Communication: Invalid Contact,,facebook,cpc,campaign_10,,,2026-09-27 11:00:00,2026-09-27 12:00:00,2026-09-27 12:00:00,false
12888,58b5dfed-f2b4-7627-c0c6-2677308b5be9,79,1004,Deal 12888,lost,,,,,Combo: Course A + Course C,Hybrid,,,REFERRAL,,,,,,,,,Communication: No Response,,,,,,,2025-12-03 09:57:41,2025-12-20 17:43:13,2025-12-20 17:43:13,false
12889,a3506764-37af-c63b-02ac-1c61c9eaa5b9,76,1005,Deal 12889,won,4500000,,,,Course A - Foundation,Offline,,,,,,,,,,,,,,google,cpc,campaign_11,,,2025-05-13 21:22:22,2025-05-30 23:59:44,2025-05-30 23:59:44,false
12890,1d7216bf-389e-0e30-2690-9126c9bc5d2c,91,1004,Deal 12890,open,,,,,Course D - Advanced,Offline,,Demo expectation,,,,,,,,,,,,facebook,cpc,campaign_08,,,2026-09-24 14:01:46,2026-09-27 11:00:00,,false
12891,d96688c9-8623-d81e-8224-da50bd10f69f,76,1007,Deal 12891,won,7500000,,,,Course C - Advanced,Online,C06,,,,,,,,,,,,,email,newsletter,campaign_07,,,2025-11-19 17:30:37,2025-12-06 06:45:26,2025-12-06 06:45:26,false
12892,83601fb5-b45b-bad3-f7d0-eea0211f632b,79,1004,Deal 12892,open,,lead cks,,,Course A - Foundation,Online,A11,Demo expectation,,,,,,,,,,,,email,newsletter,campaign_04,,,2026-09-03 14:18:43,2026-09-09 15:03:49,,false
12893,9ea87552-c475-66bf-8f66-0bbd54fc286f,79,1001,Deal 12893,open,,,,,Course C - Advanced,Offline,C11,,REFERRAL,,,,,,,,,,,facebook,cpc,campaign_01,,,2026-09-16 13:11:56,2026-09-20 23:04:44,,false
12894,e4f9eeff-3b8e-8a91-deb1-289adcc3645f,77,1002,Deal 12894,lost,,,,,Course D - Advanced,Offline,D02,Demo expectation,,,,,,,,,,Trash: Đăng ký trùng deal,,google,cpc,campaign_05,,,2025-01-24 13:54:41,2025-01-27 19:54:41,2025-01-27 19:54:41,false
12895,b320c670-c282-fd05-d6e9-e7658edbe792,78,1002,Deal 12895,lost,,,,,Course A - Foundation,Online,A03,Demo expectation,,,,,,,,,,Sales Process: Sales không follow-up khách,,email,newsletter,campaign_10,,,2025-06-08 12:08:21,2025-06-22 06:06:41,2025-06-22 06:06:41,false
12896,a61bdc7d-0511-2d7f-12ec-af248bab4c1b,78,1003,Deal 12896,lost,,,,,Course F - Short course,Offline,F02,,EARLYBIRD,,,,,,,,,Sales Process: Sales không follow-up khách,,facebook,cpc,campaign_12,,,2025-02-09 05:40:33,2025-02-26 05:28:16,2025-02-26 05:28:16,false
12897,be07d0c9-7154-5572-7aac-3fd3bc376bf5,224,1003,Deal 12897,won,9500000,,,,Course E - Specialist,Online,,,REFERRAL,,,,,,,,,,,facebook,cpc,campaign_05,,,2025-04-26 10:43:46,2025-05-22 17:20:52,2025-05-22 17:20:52,false
12898,e0a1ff32-f089-d324-bfa2-23dab26d6078,224,1003,Deal 12898,won,9900000.0,,,,Combo: Course A + Course C,Hybrid,Course10,Demo expectation,,,,,,,,,,,,facebook,cpc,campaign_09,,,2026-05-30 17:20:04,2026-07-05 11:22:43,2026-07-05 11:22:43,false
12899,651076d6-c761-0e83-84d9-94518f188e72,224,1003,Deal 12899,won,7500000,,,,Course C - Advanced,Online,,Demo expectation,,,,,,,,,,,,facebook,cpc,campaign_11,,,2026-03-17 06:51:30,2026-03-30 23:43:40,2026-03-30 23:43:40,false
12900,f4d62658-139b-4c16-fbca-ebdc46abfedd,79,1004,Deal 12900,lost,,,,,Combo: Course A + Course C,Online,Course04,,,,,,,,,,,Budget: Giá quá cao,,,,,,,2025-07-10 14:37:56,2025-07-29 17:37:30,2025-07-29 17:37:30,false
12901,7208838e-7d57-ef69-332a-c35a833d3df1,79,1003,Deal 12901,lost,,,,,Course E - Specialist,Hybrid,E06,,,,,,,,,,,Bad Timing: Không sắp xếp được thời gian học,,google,cpc,campaign_06,,,2025-10-22 12:49:55,2025-10-27 01:18:57,2025-10-27 01:18:57,false
12902,408669bb-4721-194b-c8a4-ae21d9f850e9,92,1004,Deal 12902,lost,,,,,Program G - Professional,Hybrid,G11,Demo expectation,,,,,,,,,,Budget: Giá quá cao,,homepage,organic,campaign_10,,,2026-08-05 14:22:27,2026-08-27 03:22:36,2026-08-27 03:22:36,false
12903,5b76b287-f998-d44f-c7ff-eb5bda73f900,224,1001,Deal 12903,won,2500000,,,,Course F - Short course,Offline,F01,Demo expectation,,,,,,,,,,,,email,newsletter,campaign_03,,,2025-01-14 10:23:42,2025-02-16 05:16:29,2025-02-16 05:16:29,false
12904,8eeb2a03-f676-831f-e498-446d38e61f15,78,1003,Deal 12904,lost,,,,,Course F - Short course,Online,F04,Demo expectation,EARLYBIRD,,,,,,,,,Communication: Not Connected: Không liên hệ được,,facebook,cpc,campaign_11,,,2025-06-19 00:41:19,2025-06-23 05:36:44,2025-06-23 05:36:44,false
12905,d5ee2587-6c98-fd9b-af76-b6c2dd6d6b41,92,1001,Deal 12905,lost,,,,,Course F - Short course,Online,,Demo expectation,,,,,,,,,,Choose Competitor: Không học online,,facebook,cpc,campaign_11,,,2025-11-04 13:25:31,2025-11-19 13:21:12,2025-11-19 13:21:12,false
12906,f94344b1-826a-9f3f-fce4-34484c956e1e,224,1002,Deal 12906,won,4500000,,,,Course A - Foundation,Online,A04,,EARLYBIRD,,,,,,,,,,,,,,,,2025-08-05 11:40:10,2025-09-03 15:45:09,2025-09-03 15:45:09,false
12907,9a307096-d977-66be-a71c-8948bf67de42,78,1004,Deal 12907,lost,,,,,Course D - Advanced,Offline,D11,Demo expectation,EARLYBIRD,,,,,,,,,Trash: Không có nhu cầu,,facebook,cpc,campaign_04,,,2026-08-26 18:00:41,2026-09-02 14:25:17,2026-09-02 14:25:17,false
12908,1d791295-bd4c-a96c-95cf-e765481f1fdc,78,1004,Deal 12908,lost,,,,,Course C - Advanced,Online,C07,Demo expectation,REFERRAL,,,,,,,,,Trash: Không có nhu cầu,,facebook,cpc,campaign_03,,,2025-12-24 09:49:06,2026-01-05 23:40:59,2026-01-05 23:40:59,false
12909,6ad09369-e0d3-f7c1-d45d-91e17979fbb2,80,1003,Deal 12909,open,,,,,Course A - Foundation,Online,,,,,,,,,,,,,,,,,,,2026-09-27 11:00:00,2026-09-27 11:00:00,,false
12910,dc954d75-944f-12fc-22f1-e7d4e2f7da51,79,1001,Deal 12910,lost,,,,,Course E - Specialist,Hybrid,E10,Demo expectation,EARLYBIRD,,,,,,,,,Bad Timing: Không sắp xếp được thời gian học,,google,cpc,campaign_07,,,2026-06-12 15:13:11,2026-06-26 19:34:07,2026-06-26 19:34:07,false
12911,2191990c-3c86-1a6a-f55d-b8b9129f9fa5,224,1001,Deal 12911,won,6750000.0,,,,Course C - Advanced,Offline,C08,,,,,,,,,,,,,email,newsletter,campaign_12,,,2026-04-01 12:03:13,2026-04-23 22:46:44,2026-04-23 22:46:44,false
12912,35145890-84c8-6c46-2359-5fa4b4adaf89,80,1003,Deal 12912,lost,,,,,Program G - Professional,Online,G05,Demo expectation,EARLYBIRD,,,,,,,,,Relevance: Use Case Misfit: Nhu cầu không đúng với sản phẩm,,zalo,oa,campaign_01,,,2025-09-11 02:17:10,2025-09-18 11:25:51,2025-09-18 11:25:51,false
12913,781e2d35-2fa1-f2bc-b4ce-5f319aff48af,224,1001,Deal 12913,won,4050000.0,,,,Course A - Foundation,Offline,A08,Demo expectation,,,,,,,,,,,,facebook,fanpage,campaign_05,,,2026-03-23 09:32:45,2026-04-12 15:12:22,2026-04-12 15:12:22,false
12914,db4862c2-d5ff-2a1f-370b-9a290a530df9,79,1004,Deal 12914,lost,,,,,Course C - Advanced,Online,,Demo expectation,REFERRAL,,,,,,,,,Communication: Ghosted After Demo/Call,,facebook,fanpage,campaign_01,,,2025-08-05 06:53:43,2025-08-15 02:59:56,2025-08-15 02:59:56,false
12915,33baba88-36c7-d6fa-7aa4-f052bf519362,91,1003,Deal 12915,lost,,,,,Course C - Advanced,Online,C08,Demo expectation,,,,,,,,,,Bad Timing: No Immediate Priority,,,,,,,2026-02-17 02:41:24,2026-02-27 18:29:14,2026-02-27 18:29:14,false
12916,df223246-e6fb-61d3-fba2-6c214264e318,76,1007,Deal 12916,won,5000000,,,,Course B - Foundation,Offline,B05,Demo expectation,EARLYBIRD,,,,,,,,,,,facebook,cpc,campaign_02,,,2025-08-02 15:03:05,2025-08-21 01:33:24,2025-08-21 01:33:24,false
12917,3d67d2df-5c31-b745-1e45-f86ecfde0fd1,224,1003,Deal 12917,won,4500000,,,,Course A - Foundation,Offline,A07,Demo expectation,,,,,,,,,,,,,,,,,2026-02-01 03:06:49,2026-02-16 21:41:37,2026-02-16 21:41:37,false
12918,379d58f9-dc26-8108-7140-11a1afc2ccfc,79,1004,Deal 12918,lost,,,,,Course F - Short course,Offline,F04,Demo expectation,,,,,,,,,,Budget: Giá quá cao,,facebook,cpc,campaign_11,,,2025-06-06 12:03:26,2025-06-13 01:59:50,2025-06-13 01:59:50,false
12919,49058e12-0277-f141-3240-ab1579a7e05a,77,1002,Deal 12919,open,,,,,Course F - Short course,Online,F12,Demo expectation,,,,,,,,,,,,facebook,cpc,campaign_08,,,2026-09-13 22:45:20,2026-09-13 22:45:20,,false
12920,b901aec9-51be-d16c-0dee-17619561dee0,78,1004,Deal 12920,lost,,,,,Course B - Foundation,Online,B06,Demo expectation,,,,,,,,,,Sales Process: Sales không follow-up khách,,facebook,cpc,campaign_03,,,2025-10-19 16:38:34,2025-10-22 02:58:26,2025-10-22 02:58:26,false
12921,eab83685-5569-b82e-df50-607fe01e4236,80,1001,Deal 12921,lost,,,,,Course F - Short course,Offline,F08,,,,,,,,,,,Budget: Not willing to pay,,zalo,oa,campaign_01,,,2026-01-21 12:55:46,2026-02-07 14:34:16,2026-02-07 14:34:16,false
12922,1f643c0d-4d7d-9c5e-d41b-b559c9af2794,224,1001,Deal 12922,won,8075000.0,,,,Course E - Specialist,Hybrid,E06,,,,,,,,,,,,,,,,,,2025-09-24 08:33:01,2025-10-29 10:18:00,2025-10-29 10:18:00,false
12923,dbe83664-302f-420e-f874-05cab22f2e91,76,1007,Deal 12923,won,8000000,,,,Course D - Advanced,Offline,,Demo expectation,REFERRAL,,,,,,,,,,,facebook,cpc,campaign_12,,,2025-11-11 00:40:57,2025-12-02 21:21:49,2025-12-02 21:21:49,false
12924,eedf4f78-dc99-4976-008e-c990c9f279a8,224,1002,Deal 12924,won,11000000,,,,Combo: Course A + Course C,Offline,Course06,Demo expectation,,,,,,,,,,,,facebook,cpc,campaign_06,,,2025-11-11 02:59:09,2025-11-30 06:30:43,2025-11-30 06:30:43,false
12925,9a3b0319-32f5-7510-24ee-b4a6c14565c7,78,1001,Deal 12925,lost,,,,,Course C - Advanced,Offline,C10,,,,,,,,,,,Trash: Không có nhu cầu,,facebook,cpc,campaign_06,,,2026-06-02 07:43:11,2026-06-26 06:28:23,2026-06-26 06:28:23,false
12926,b5342b64-5a3f-3952-4e4e-e13dee6e8127,224,1001,Deal 12926,won,8000000,,,,Course D - Advanced,Online,D06,Demo expectation,REFERRAL,,,,,,,,,,,,,,,,2025-09-27 21:39:15,2025-10-30 14:25:08,2025-10-30 14:25:08,false
12927,29c3d598-d0c2-4f21-71bf-5c97e473b0b0,78,1002,Deal 12927,open,,,,,Course F - Short course,Online,,,,,,,,,,,,,,,,,,,2026-09-10 06:31:01,2026-09-19 19:48:31,,false
12928,0d92736a-8dac-08c7-93b1-2009f9ddc52d,224,1004,Deal 12928,won,8000000,,,,Course D - Advanced,Online,D11,,,,,,,,,,,,,,,,,,2026-07-26 10:00:19,2026-08-13 09:13:26,2026-08-13 09:13:26,false
12929,26633334-b4a1-7f7a-7092-40bc53c00a59,77,1003,Deal 12929,lost,,,,,Course B - Foundation,Online,B07,Demo expectation,REFERRAL,,,,,,,,,Trash: Không có nhu cầu,,homepage,organic,campaign_07,,,2025-12-02 23:18:28,2025-12-04 01:18:28,2025-12-04 01:18:28,false
12930,037be86e-f9e9-c0da-3b6a-31ce5d015d97,78,1001,Deal 12930,lost,,,,,Combo: Course A + Course C,Online,Course09,Demo expectation,REFERRAL,,,,,,,,,Sales Process: Sales không follow-up khách,,google,cpc,campaign_08,,,2026-03-26 13:21:07,2026-03-27 03:14:16,2026-03-27 03:14:16,false
12931,b9dd378e-d3e7-acd9-7b16-34537042eb9e,78,1002,Deal 12931,lost,,,,,Course E - Specialist,Online,,,REFERRAL,,,,,,,,,Sales Process: Sales không follow-up khách,,google,cpc,campaign_06,,,2026-05-01 21:46:09,2026-05-09 18:41:12,2026-05-09 18:41:12,false
12932,2888c573-f3fd-80f2-0423-793fde3a564a,80,1003,Deal 12932,open,,lead cks,,,Course D - Advanced,Offline,D11,Demo expectation,REFERRAL,,,,,,,,,,,homepage,organic,campaign_06,,,2026-09-03 17:14:36,2026-09-16 12:40:30,,false
12933,b3ab800b-8523-d070-945b-37110a858722,80,1003,Deal 12933,lost,,,Cựu học viên,,Course E - Specialist,Offline,E09,Demo expectation,,,,,,,,,,Budget: Not willing to pay,,,,,,,2026-04-14 09:22:00,2026-04-25 21:48:11,2026-04-25 21:48:11,false
12934,6d1fc3ca-0aaa-d6ae-7cc8-18d98cc39180,224,1001,Deal 12934,won,2250000.0,,,,Course F - Short course,Online,F08,Demo expectation,,,,,,,,,,,,facebook,cpc,campaign_10,,,2026-02-27 17:48:15,2026-03-17 19:07:06,2026-03-17 19:07:06,false
12935,e7820d38-1621-7342-66d6-37743384e0ed,78,1002,Deal 12935,lost,,,,,Course D - Advanced,Online,D09,Demo expectation,EARLYBIRD,,,,,,,,,Trash: Không có nhu cầu,,blog,organic,campaign_05,,,2026-04-05 17:45:09,2026-04-08 03:30:05,2026-04-08 03:30:05,false
12936,56adbd1c-2d0f-af7a-85b2-6663ae3fdd5f,224,1002,Deal 12936,won,2250000.0,,,,Course F - Short course,Hybrid,,Demo expectation,EARLYBIRD,,,,,,,,,,,email,newsletter,campaign_08,,,2025-11-16 02:34:05,2025-12-26 16:51:46,2025-12-26 16:51:46,false
12937,d48f5ba3-0d87-bc72-bce0-5a63197f9b8d,80,1002,Deal 12937,lost,,,,,Course D - Advanced,Offline,D09,,,,,,,,,,,Relevance: Use Case Misfit: Nhu cầu không đúng với sản phẩm,,facebook,fanpage,campaign_07,,,2026-05-13 13:25:59,2026-05-17 08:59:35,2026-05-17 08:59:35,false
12938,c4bd23eb-a7cc-4274-4780-8b87beb5ba0f,224,1001,Deal 12938,won,9500000,,,,Course E - Specialist,Online,E05,Demo expectation,,,,,,,,,,,,facebook,fanpage,campaign_05,,,2025-07-04 05:32:39,2025-07-26 08:10:32,2025-07-26 08:10:32,false
12939,f02a2956-b8b7-58b8-22d8-c08b52696eeb,224,1004,Deal 12939,won,4500000,,,,Course A - Foundation,Online,,Demo expectation,REFERRAL,,,,,,,,,,,blog,organic,campaign_03,,,2026-07-10 08:13:20,2026-07-29 11:30:54,2026-07-29 11:30:54,false
12940,8e241f29-2721-9bbb-fd72-c77d562dbc19,79,1003,Deal 12940,lost,,,,,Course E - Specialist,Offline,E02,,,,,,,,,,,Communication: Ghosted After Demo/Call,,facebook,fanpage,campaign_09,,,2025-01-22 04:36:35,2025-02-02 17:36:36,2025-02-02 17:36:36,false
12941,b09a96e3-c00d-ec5e-1b60-46ee3d9ea33b,78,1004,Deal 12941,lost,,,,,Course C - Advanced,Hybrid,C08,,EARLYBIRD,,,,,,,,,Communication: Not Connected: Không liên hệ được,,,,,,,2026-04-10 16:28:11,2026-04-18 01:54:20,2026-04-18 01:54:20,false
12942,5ef6840e-9ef8-b5a9-b792-ff6567f7aba4,77,1002,Deal 12942,lost,,,,,Combo: Course A + Course C,Hybrid,Course02,,REFERRAL,,,,,,,,,Communication: Not Connected: Không liên hệ được,,facebook,cpc,campaign_05,,,2025-01-30 14:53:15,2025-01-30 20:53:15,2025-01-30 20:53:15,false
12943,ddcff347-b5d8-4cae-b381-e8b038ca4da7,78,1004,Deal 12943,lost,,,,,Course A - Foundation,Hybrid,A05,,EARLYBIRD,,,,,,,,,Sales Process: Sales không follow-up khách,,facebook,fanpage,campaign_05,,,2025-09-16 05:06:55,2025-09-21 21:52:24,2025-09-21 21:52:24,false
12944,c24e1ca5-9555-8207-cb3e-bc4ccad028bc,77,1002,Deal 12944,lost,,,,,Course D - Advanced,Online,D07,,,,,,,,,,,Communication: Invalid Contact,,homepage,organic,campaign_06,,,2025-12-04 04:06:24,2025-12-08 07:06:24,2025-12-08 07:06:24,false
12945,0d6918c5-7903-7f06-745b-08a93774d2d5,76,1005,Deal 12945,won,4250000.0,,,,Course B - Foundation,Hybrid,,,EARLYBIRD,,,,,,,,,,,email,newsletter,campaign_09,,,2026-04-21 21:45:24,2026-05-02 09:01:54,2026-05-02 09:01:54,false
12946,40cbe188-c3f0-fac3-9f60-1d1700e78824,224,1003,Deal 12946,won,2500000,,,,Course F - Short course,Hybrid,F04,Demo expectation,EARLYBIRD,,,,,,,,,,,homepage,organic,campaign_08,,,2025-06-24 18:41:17,2025-07-25 23:16:54,2025-07-25 23:16:54,false
12947,0e807f03-9e5f-8378-6633-427e4feeea91,77,1002,Deal 12947,lost,,,,,Course D - Advanced,Offline,D06,Demo expectation,,,,,,,,,,Trash: Đăng ký trùng deal,,,,,,,2025-10-10 23:35:14,2025-10-13 06:35:14,2025-10-13 06:35:14,false
12948,75a5f6e6-a9b3-8709-bd10-211eef0a4c5b,78,1002,Deal 12948,open,,,,,Course A - Foundation,Hybrid,A07,,,,,,,,,,,,,,,,,,2026-02-06 03:15:52,2026-02-07 02:06:29,,false
12949,8fb098f9-4c8d-03f6-2efb-118eea2c6b95,222,1003,Deal 12949,won,7200000.0,,,,Course D - Advanced,Online,D09,Demo expectation,EARLYBIRD,,,,,,,,,,,facebook,cpc,campaign_04,,,2026-04-06 05:02:09,2026-05-24 17:10:33,2026-05-24 17:10:33,false
12950,d05247cc-808d-21ad-2b36-e4fa6556cadf,224,1004,Deal 12950,won,7500000,,,,Course C - Advanced,Hybrid,C08,,EARLYBIRD,,,,,,,,,,,,,,,,2026-03-20 17:40:48,2026-04-19 17:09:40,2026-04-19 17:09:40,false
12951,381958f2-2b25-8bdf-2879-1fa47a80fdd0,78,1001,Deal 12951,lost,,,,,Program G - Professional,Offline,G07,Demo expectation,REFERRAL,,,,,,,,,Trash: Không có nhu cầu,,,,,,,2025-12-24 19:28:14,2025-12-29 14:19:17,2025-12-29 14:19:17,false
12952,36ea525d-e0d7-68bb-080b-f99ff00c4cc5,224,1003,Deal 12952,won,9350000.0,,,,Combo: Course A + Course C,Online,Course02,Demo expectation,,,,,,,,,,,,homepage,organic,campaign_08,,,2025-03-08 05:02:36,2025-03-30 17:50:49,2025-03-30 17:50:49,false
12953,1c5f3cba-150d-28eb-9368-3dd65050127e,92,1003,Deal 12953,open,,,,,Course B - Foundation,Online,,,EARLYBIRD,,,,,,,,,,,,,,,,2026-09-27 11:00:00,2026-09-27 11:00:00,,false
12954,d18183d1-ac2b-0cfc-c5c5-1060991121e7,78,1003,Deal 12954,lost,,,,,Course F - Short course,Online,F02,Demo expectation,EARLYBIRD,,,,,,,,,Sales Process: Sales không follow-up khách,,,,,,,2025-02-28 08:44:17,2025-03-03 15:20:53,2025-03-03 15:20:53,false
12955,126c4e50-dd4f-4af2-8bec-b8cc917bc866,222,1004,Deal 12955,won,2500000,,,,Course F - Short course,Online,F05,Demo expectation,REFERRAL,,,,,,,,,,,zalo,oa,campaign_02,,,2025-07-30 08:21:45,2025-08-22 05:19:47,2025-08-22 05:19:47,false
12956,faecfb4c-8a24-0d57-c42c-40ce24ec755d,91,1003,Deal 12956,lost,,,,,Course E - Specialist,Hybrid,E08,,EARLYBIRD,,,,,,,,,Bad Timing: Không sắp xếp được thời gian học,,google,cpc,campaign_02,,,2026-02-11 15:26:55,2026-02-23 19:10:36,2026-02-23 19:10:36,false
12957,0964fbbf-8cd3-21b0-c2b0-1cfdd045dd1c,77,1004,Deal 12957,lost,,,,,Course A - Foundation,Online,A08,Demo expectation,REFERRAL,,,,,,,,,Communication: Invalid Contact,,facebook,cpc,campaign_04,,,2026-04-29 09:03:16,2026-05-03 10:03:16,2026-05-03 10:03:16,false
12958,6dbbf0f8-964f-05a1-a68e-851a0bcfed34,78,1001,Deal 12958,lost,,,,,Course A - Foundation,Online,A03,Demo expectation,REFERRAL,,,,,,,,,Communication: Not Connected: Không liên hệ được,,,,,,,2025-05-07 10:36:21,2025-05-15 20:40:36,2025-05-15 20:40:36,false
12959,c69dd06e-1fcb-92b0-20ec-540aea447359,91,1002,Deal 12959,lost,,,,,Course F - Short course,Online,F10,,,,,,,,,,,Bad Timing: Không sắp xếp được thời gian học,,facebook,cpc,campaign_04,,,2026-06-03 16:52:04,2026-06-08 23:53:55,2026-06-08 23:53:55,false
12960,cac29f1d-c72c-3764-0570-ea72a16700f7,79,1001,Deal 12960,lost,,,,,Course D - Advanced,Hybrid,D06,,REFERRAL,,,,,,,,,Communication: No Response,,facebook,cpc,campaign_07,,,2025-10-03 01:14:38,2025-10-13 11:30:41,2025-10-13 11:30:41,false
12961,c4341bc0-0015-36f0-bfcc-1b3450cea9b7,77,1001,Deal 12961,open,,,,,Course B - Foundation,Offline,B12,Demo expectation,,,,,,,,,,,,facebook,fanpage,campaign_05,,,2026-09-10 00:53:56,2026-09-10 00:53:56,,false
12962,d96688c9-8623-d81e-8224-da50bd10f69f,224,1004,Deal 12962,won,5000000,,,,Course B - Foundation,Online,B06,Demo expectation,EARLYBIRD,,,,,,,,,,,google,cpc,campaign_06,,,2025-11-17 03:12:53,2025-12-01 18:31:56,2025-12-01 18:31:56,false
12963,378a9213-abb3-1204-11f2-4fd82771c5f8,224,1004,Deal 12963,won,6800000.0,,,,Course D - Advanced,Online,D08,Demo expectation,REFERRAL,,,,,,,,,,,facebook,cpc,campaign_09,,,2026-02-03 18:01:23,2026-02-20 04:28:52,2026-02-20 04:28:52,false
12964,727fc72b-d2ad-4cf7-09be-c81554b2b5ab,77,1003,Deal 12964,open,,,,,Combo: Course A + Course C,Online,Course12,Demo expectation,EARLYBIRD,,,,,,,,,,,facebook,cpc,campaign_11,,,2026-09-21 16:14:57,2026-09-21 16:14:57,,false
12965,de4b2801-38be-318f-96d0-d89df2314c7d,91,1002,Deal 12965,lost,,,,,Course A - Foundation,Offline,A06,Demo expectation,REFERRAL,,,,,,,,,Bad Timing: No Immediate Priority,,,,,,,2025-12-15 04:05:49,2025-12-23 16:36:40,2025-12-23 16:36:40,false
12966,d14d4890-f5db-ed2c-3d4c-af01243191eb,80,1001,Deal 12966,lost,,,,,Course E - Specialist,Online,E07,Demo expectation,,,,,,,,,,Choose Competitor: Đã đi học bên khác,,facebook,cpc,campaign_01,,,2025-12-14 19:47:04,2025-12-25 01:54:52,2025-12-25 01:54:52,false
12967,d385d453-c7ea-7fd1-ff4f-38081a9d7acc,78,1001,Deal 12967,lost,,,,,Course F - Short course,Offline,F06,,EARLYBIRD,,,,,,,,,Sales Process: Sales không follow-up khách,,homepage,organic,campaign_10,,,2025-10-19 02:04:46,2025-11-04 12:39:58,2025-11-04 12:39:58,false
12968,48e80f79-58eb-a462-1976-a39a507a61a9,92,1002,Deal 12968,lost,,,,,Course A - Foundation,Hybrid,A08,Demo expectation,,,,,,,,,,Choose Competitor: Không học online,,email,newsletter,campaign_09,,,2026-03-14 13:58:00,2026-04-11 09:31:12,2026-04-11 09:31:12,false
12969,d50913c0-4d48-870d-2ff7-e6a96264a5ff,91,1002,Deal 12969,lost,,,Cựu học viên,,Combo: Course A + Course C,Offline,Course10,Demo expectation,,,,,,,,,,Bad Timing: No Immediate Priority,,google,cpc,campaign_05,,,2026-06-13 22:59:10,2026-06-29 00:56:13,2026-06-29 00:56:13,false
12970,44b74a0b-eb08-fc43-80dd-7f644acc2c22,224,1004,Deal 12970,won,11000000,,,,Combo: Course A + Course C,Hybrid,Course09,,,,,,,,,,,,,blog,organic,campaign_08,,,2026-03-23 22:09:59,2026-04-20 11:47:44,2026-04-20 11:47:44,false
12971,dfefe149-c93e-1531-a87a-90a75e1e57ee,78,1003,Deal 12971,lost,,,,,Course B - Foundation,Offline,B08,Demo expectation,,,,,,,,,,Trash: Không có nhu cầu,,facebook,cpc,campaign_05,,,2026-01-29 07:04:41,2026-02-02 03:44:55,2026-02-02 03:44:55,false
12972,f94344b1-826a-9f3f-fce4-34484c956e1e,224,1003,Deal 12972,won,9900000.0,,,,Combo: Course A + Course C,Hybrid,Course04,Demo expectation,,,,,,,,,,,,facebook,cpc,campaign_03,,,2025-08-02 06:41:32,2025-09-08 04:08:00,2025-09-08 04:08:00,false
12973,5bd20c98-a513-5ea0-fa53-e34de6d5901d,224,1002,Deal 12973,won,6375000.0,,,,Course C - Advanced,Online,C06,,,,,,,,,,,,,facebook,cpc,campaign_05,,,2025-10-29 15:43:45,2025-11-15 15:49:27,2025-11-15 15:49:27,false
12974,81dec9db-0abe-8257-8ffe-38c9d2d81eb3,78,1004,Deal 12974,open,,,,,Course C - Advanced,Offline,C11,Demo expectation,,,,,,,,,,,,google,cpc,campaign_10,,,2026-09-27 11:00:00,2026-09-27 11:00:00,,false
12975,452319ae-45ec-257f-8eb4-b40eb1e62f11,78,1002,Deal 12975,lost,,,,,Course D - Advanced,Offline,D09,Demo expectation,,,,,,,,,,Trash: Không có nhu cầu,,,,,,,2026-04-28 13:26:15,2026-05-11 11:44:02,2026-05-11 11:44:02,false
12976,683164ff-4b9a-44b6-5510-c77aa4dda659,216,1003,Deal 12976,open,,,,,Course D - Advanced,Online,D11,Demo expectation,,,,,,,,,,,,facebook,cpc,campaign_08,,,2026-07-31 10:04:29,2026-07-31 10:04:29,,false
12977,a3fb6609-334b-92a2-f9fc-9c3f32063388,224,1001,Deal 12977,won,4500000,,,,Course A - Foundation,Hybrid,A01,,EARLYBIRD,,,,,,,,,,,google,cpc,campaign_09,,,2025-01-23 00:41:27,2025-02-21 00:47:41,2025-02-21 00:47:41,false
12978,4f3949a8-3d3a-2582-88b4-f4743be79df4,224,1004,Deal 12978,won,16200000.0,,,,Program G - Professional,Online,G04,Demo expectation,EARLYBIRD,,,,,,,,,,,facebook,fanpage,campaign_03,,,2025-07-02 17:11:02,2025-07-18 01:41:33,2025-07-18 01:41:33,false
12979,9bbf5afa-2443-cd79-4205-2edf7cb35809,224,1003,Deal 12979,won,2500000,,,,Course F - Short course,Online,F09,Demo expectation,,,,,,,,,,,,facebook,cpc,campaign_12,,,2026-04-28 23:48:31,2026-05-29 17:17:16,2026-05-29 17:17:16,false
12980,d02b4c3a-6610-ba20-f0b0-c031098aef72,78,1002,Deal 12980,lost,,,,,Course F - Short course,Offline,,,,,,,,,,,,Sales Process: Sales không follow-up khách,,facebook,cpc,campaign_09,,,2026-09-02 03:52:09,2026-09-05 13:35:13,2026-09-05 13:35:13,false
12981,db38c2f2-7bdd-42e3-26e8-5cb6ebb7e6cc,80,1002,Deal 12981,lost,,,,,Course E - Specialist,Online,,Demo expectation,,,,,,,,,,Budget: Not willing to pay,,,,,,,2026-01-24 04:04:55,2026-02-16 00:01:46,2026-02-16 00:01:46,false
12982,1916f984-c510-c97a-89fd-09b5c0bf3b37,77,1001,Deal 12982,lost,,,,,Course C - Advanced,Offline,C11,,,,,,,,,,,Communication: Not Connected: Không liên hệ được,,facebook,cpc,campaign_05,,,2026-09-19 19:03:34,2026-09-23 22:03:34,2026-09-23 22:03:34,false
12983,a08f1019-0182-ea71-07f4-d1b32e2d6b83,224,1003,Deal 12983,won,2125000.0,,,,Course F - Short course,Offline,F06,,,,,,,,,,,,,facebook,cpc,campaign_02,,,2025-09-14 06:22:07,2025-10-15 16:52:07,2025-10-15 16:52:07,false
12984,acd819c6-11ba-33d4-3ef3-ba2121cdbab6,77,1003,Deal 12984,lost,,,,,Course D - Advanced,Online,,Demo expectation,REFERRAL,,,,,,,,,Trash: Đăng ký trùng deal,,,,,,,2026-07-25 22:05:37,2026-07-27 05:05:37,2026-07-27 05:05:37,false
12985,96b525c7-fb81-519b-ddc9-69b0689e77e5,79,1002,Deal 12985,lost,,,,,Course A - Foundation,Hybrid,,Demo expectation,,,,,,,,,,Communication: Ghosted After Demo/Call,,,,,,,2025-11-25 00:46:43,2025-12-04 06:10:05,2025-12-04 06:10:05,false
12986,066803ee-78b2-b549-3bdb-c09eacc216a0,224,1003,Deal 12986,won,4500000,,,,Course A - Foundation,Hybrid,A07,Demo expectation,,,,,,,,,,,,google,cpc,campaign_04,,,2026-02-11 06:14:34,2026-03-12 05:07:53,2026-03-12 05:07:53,false
12987,cfb988f6-5d1a-71a6-f34b-182071603b59,76,1008,Deal 12987,won,2125000.0,,,,Course F - Short course,Hybrid,F02,Demo expectation,,,,,,,,,,,,facebook,cpc,campaign_03,,,2025-03-05 22:41:37,2025-04-07 14:45:57,2025-04-07 14:45:57,false
12988,c8b190e1-089a-9f4f-31da-e8174937b90f,92,1001,Deal 12988,lost,,,,,Course B - Foundation,Hybrid,,Demo expectation,,,,,,,,,,Budget: Giá quá cao,,,,,,,2025-02-19 22:38:48,2025-03-21 15:08:06,2025-03-21 15:08:06,false
12989,17467451-d772-aea9-ec14-785594d96516,78,1001,Deal 12989,lost,,,,,Course F - Short course,Online,F07,Demo expectation,EARLYBIRD,,,,,,,,,Sales Process: Sales không follow-up khách,,homepage,organic,campaign_09,,,2025-12-22 21:04:39,2025-12-30 01:44:03,2025-12-30 01:44:03,false
12990,4a36a7c0-f0cc-4f56-d242-89ea39597465,78,1001,Deal 12990,lost,,,,,Course F - Short course,Hybrid,F02,,,,,,,,,,,Communication: Not Connected: Không liên hệ được,,homepage,organic,campaign_05,,,2025-03-29 14:24:13,2025-04-04 08:49:23,2025-04-04 08:49:23,false
12991,a5234b3c-b5e0-6b0e-ab0d-7e8fdd0cffdf,224,1004,Deal 12991,won,9500000,,,,Course E - Specialist,Online,E07,,EARLYBIRD,,,,,,,,,,,,,,,,2025-11-23 05:47:21,2025-12-31 01:51:46,2025-12-31 01:51:46,false
12992,377c15a4-0c7d-5796-e0b5-ddd08a77fcc0,224,1001,Deal 12992,won,4050000.0,,,,Course A - Foundation,Hybrid,A01,Demo expectation,,,,,,,,,,,,facebook,cpc,campaign_06,,,2025-01-16 06:36:20,2025-02-20 12:20:31,2025-02-20 12:20:31,false
12993,f05ad4ec-33f9-6264-de5e-d279cd2c614b,224,1003,Deal 12993,won,8000000,,,,Course D - Advanced,Hybrid,D10,,,,,,,,,,,,,facebook,cpc,campaign_05,,,2026-07-03 12:02:37,2026-07-29 16:38:48,2026-07-29 16:38:48,false
12994,0d0b1341-a081-662d-7ea2-1411297b3699,224,1002,Deal 12994,won,3825000.0,,,,Course A - Foundation,Hybrid,A11,,EARLYBIRD,,,,,,,,,,,,,,,,2026-09-03 10:03:10,2026-09-27 12:00:00,2026-09-27 12:00:00,false
12995,bc35bc9a-521a-21a4-254c-50288a6fb508,78,1001,Deal 12995,lost,,,,,Combo: Course A + Course C,Hybrid,Course10,Demo expectation,,,,,,,,,,Trash: Không có nhu cầu,,facebook,fanpage,campaign_06,,,2026-06-10 22:32:53,2026-06-13 17:13:50,2026-06-13 17:13:50,false
12996,025c9425-c557-13d3-09d7-cc9c6af98a8b,227,1003,Deal 12996,lost,,,,,Course D - Advanced,Online,D03,,EARLYBIRD,,,,,,,,,Bad Timing: No Immediate Priority,,facebook,cpc,campaign_02,,,2025-04-10 06:28:42,2025-04-15 19:22:58,2025-04-15 19:22:58,false
12997,fc46b071-9ada-d16b-309b-8c2ceebafafd,78,1001,Deal 12997,lost,,,,,Course F - Short course,Online,,Demo expectation,REFERRAL,,,,,,,,,Trash: Không có nhu cầu,,facebook,cpc,campaign_12,,,2026-02-04 07:55:59,2026-02-12 02:50:19,2026-02-12 02:50:19,false
12998,afbd8d23-6292-1f81-9588-ff3c53ee8077,224,1004,Deal 12998,won,11000000,,,,Combo: Course A + Course C,Hybrid,Course02,Demo expectation,REFERRAL,,,,,,,,,,,,,,,,2025-03-13 11:10:15,2025-04-07 23:44:51,2025-04-07 23:44:51,false
12999,e5d25bc3-3c38-26aa-b979-38acead22702,91,1002,Deal 12999,lost,,,,,Course D - Advanced,Offline,D11,,,,,,,,,,,Bad Timing: No Immediate Priority,,homepage,organic,campaign_07,,,2026-09-06 22:18:26,2026-09-18 17:00:55,2026-09-18 17:00:55,false
13000,ea489dae-2b99-f902-836d-943faad29f81,91,1003,Deal 13000,open,,,,,Course D - Advanced,Hybrid,D09,Demo expectation,REFERRAL,,,,,,,,,,,facebook,cpc,campaign_11,,,2026-04-23 07:58:55,2026-05-03 05:26:04,,false
